item_id,volume,issue,year,title,suggested,topics,checked,note,matched words
JUNE-01-1-02,1,1,2002,The Emergence of Non-Match-to-Sample Behavior in the Developing Rat Pup,,,,,
JUNE-01-1-03,1,1,2002,And The Winner Is: Inviting Hollywood into the Neuroscience Classroom,Active learning & teaching strategies; Writing & primary literature,,,,"Active learning & teaching strategies: critical thinking | Writing & primary literature: primary literature, writing"
JUNE-01-1-04,1,1,2002,Exploring Neurogenesis in Crustaceans,,,,,
JUNE-01-1-05,1,1,2002,Action Potentials in a Giant Algal Cell: A Comparative Approach to Mechanisms and Evolution of Excitability,Electrophysiology labs,,,,"Electrophysiology labs: action potential, action potentials, intracellular"
JUNE-01-2-03,1,2,2003,Teaching Neuroscience at a Religious Institution: Pedagogical Models for Handling Neuroscience and Theology,Curriculum & program design,,,,Curriculum & program design: interdisciplinary
JUNE-01-2-04,1,2,2003,Testing the Relationship Between Levels of Endogenous Testosterone and Physiological Responses to Facial Expressions in Men: An Experiment Conducted by Students in an Undergraduate Behavioral Neuroscience Class,Human cognitive & physiological labs; Animal behavior,,,,"Human cognitive & physiological labs: electromyogra, emg, heart rate, skin conductance | Animal behavior: aggressive behavio, social behavio"
JUNE-01-2-05,1,2,2003,Integrated Undergraduate Research Experience for the Study of Brain Injury,Active learning & teaching strategies; Writing & primary literature; CUREs & undergraduate research,,,,Active learning & teaching strategies: critical thinking | Writing & primary literature: writing | CUREs & undergraduate research: undergraduate research
JUNE-01-2-06,1,2,2003,Mentoring Undergraduate Students in Neuroscience Research: A Model System at Baldwin-Wallace College,Faculty professional development; Curriculum & program design; Writing & primary literature,,,,"Faculty professional development: primarily undergraduate institution, pui | Curriculum & program design: interdisciplinary | Writing & primary literature: writing"
JUNE-02-1-02,2,1,2003,"Experimental Methods in Neuroscience: An Undergraduate Neuroscience Laboratory Course for Teaching Ethical Issues, Laboratory Techniques, Experimental Design, and Analysis",Curriculum & program design; Animal behavior; Writing & primary literature,,,,"Curriculum & program design: neuroscience major, neuroscience program | Animal behavior: mazes, open field | Writing & primary literature: writing"
JUNE-02-1-03,2,1,2003,An Online Multimedia Resource in Behavioral Neuroscience,Modeling the nervous system,,,,Modeling the nervous system: simulat
JUNE-02-1-04,2,1,2003,An Online Lab Manual for Neurophysiology,Online & remote teaching,,,,Online & remote teaching: online lab
JUNE-02-1-05,2,1,2003,Evaluation of an Undergraduate Neuroscience Research Program at the University of Kentucky,DEI; Curriculum & program design; Graduate training & careers; CUREs & undergraduate research,,,,"DEI: first generation, minorities, minority, underrepresented | Curriculum & program design: interdisciplinary | Graduate training & careers: graduate programs, graduate students, postdoc | CUREs & undergraduate research: research experience, summer research"
JUNE-02-1-06,2,1,2003,Sex Differences and Organizational Effects of Androgen in Spinal Cord Motor Nuclei,,,,,
JUNE-02-2-03,2,2,2004,Technical Note: Distributing Digital Video to Multiple Computers,,,,,
JUNE-02-2-04,2,2,2004,Ultrasonic Courtship Vocalizations of Adult Male Mice: A Laboratory Exercise Illustrating Comparable Activation by either Estradiol or Testosterone,Animal behavior,,,,Animal behavior: courtship
JUNE-02-2-05,2,2,2004,Measuring Salivary Cortisol in the Behavioral Neuroscience Laboratory,Human cognitive & physiological labs; Electrophysiology labs,,,,Human cognitive & physiological labs: eeg | Electrophysiology labs: electrophysiolog
JUNE-02-2-06,2,2,2004,"Northeast Under/graduate Organization for Neuroscience, A Regional Neuroscience Meeting for Undergraduates, Graduate Students, and Faculty",Graduate training & careers; CUREs & undergraduate research,,,,"Graduate training & careers: careers in, graduate students | CUREs & undergraduate research: undergraduate research"
JUNE-03-1-02,3,1,2004,An Inexpensive Alternative to Commercial Infrared Sensors,Animal behavior,,,,Animal behavior: maze
JUNE-03-1-03,3,1,2004,Reconstructing the Paradigm: Teaching Across the Disciplines,DEI; Curriculum & program design; Writing & primary literature,,,,DEI: diversity | Curriculum & program design: interdisciplinary | Writing & primary literature: writing
JUNE-03-1-04,3,1,2004,"Emotional Arousal, Blood Glucose Levels, and Memory Modulation: Three Laboratory Exercises in Cognitive Neuroscience",Human cognitive & physiological labs,,,,Human cognitive & physiological labs: cognitive neuroscience
JUNE-03-1-05,3,1,2004,Tools for Physiology Labs: Inexpensive Equipment for Physiological Stimulation,,,,,
JUNE-03-1-06,3,1,2004,Allegheny College Hosts Neuroscience and Humanities Summer Institute,Curriculum & program design,,,,Curriculum & program design: interdisciplinary
JUNE-03-1-07,3,1,2004,Helping Students Get Into Graduate School,Graduate training & careers,,,,"Graduate training & careers: admissions, graduate program, graduate school"
JUNE-03-2-03,3,2,2005,A Laboratory Exercise Demonstrating the Limited Circumstances in which the Cerebral Cortex is Engaged in Over Ground Locomotion,Animal behavior,,,,Animal behavior: locomot
JUNE-03-2-04,3,2,2005,The Clinical Neuroscience Course: Viewing Mental Health from Neurobiological Perspectives,,,,,
JUNE-03-2-05,3,2,2005,Promoting Information Competency in Biological Psychology,Active learning & teaching strategies; Writing & primary literature,,,,Active learning & teaching strategies: critical thinking | Writing & primary literature: writing
JUNE-03-2-06,3,2,2005,Use of the Herb Gymnema sylvestre to Illustrate the Principles of Gustatory Sensation: An Undergraduate Neuroscience Laboratory Exercise,Sensation & perception labs,,,,"Sensation & perception labs: gustat, gymnema, sensation, sensory, taste, tastes"
JUNE-03-2-07,3,2,2005,Column Chromatography Analysis of Brain Tissue: An Advanced Laboratory Exercise for Neuroscience Majors,Curriculum & program design,,,,Curriculum & program design: neuroscience majors
JUNE-04-1-04,4,1,2005,A Rationale and Outline for an Undergraduate Course on the Philosophy and History of Science for Life Science Students,DEI,,,,DEI: racism
JUNE-04-1-05,4,1,2005,Demonstrating the Temperature Sensitivity of Synaptic Transmission in a Drosophila Mutant,Genetic model organisms & modern tools,,,,"Genetic model organisms & modern tools: drosophila, mutant"
JUNE-04-1-06,4,1,2005,ols for Physiology Labs: An Inexpensive Means of Temperature Control,Genetic model organisms & modern tools,,,,Genetic model organisms & modern tools: fruit fly
JUNE-04-1-07,4,1,2005,An Investigative Laboratory Exercise Examining the Cell Signaling and Regulatory Properties of Neurons in the Regenerating Forelimbs of the Axolotl Ambystoma mexicanum,Animal behavior,,,,Animal behavior: behavioral assay
JUNE-04-1-08,4,1,2005,Get the Rhythm: Modeling Neuronal Activity,Modeling the nervous system; Electrophysiology labs,,,,"Modeling the nervous system: computational model, models of neuron, simulat | Electrophysiology labs: action potential, action potentials, current-clamp, voltage-clamp"
JUNE-04-1-09,4,1,2005,Writing to Learn: An Evaluation of the Calibrated Peer Review™ Program in Two Neuroscience Courses,Active learning & teaching strategies; Curriculum & program design; Writing & primary literature; Sensation & perception labs,,,,"Active learning & teaching strategies: critical thinking | Curriculum & program design: program design | Writing & primary literature: peer review, primary research articles, writing | Sensation & perception labs: sensation"
JUNE-04-2-04,4,2,2006,Teaching Basic Principles of Neuroscience with Computer Simulations,Online & remote teaching; Modeling the nervous system; Electrophysiology labs,,,,"Online & remote teaching: virtual lab | Modeling the nervous system: hodgkin, neural networks, simulat | Electrophysiology labs: action potential, intracellular"
JUNE-04-2-05,4,2,2006,Responses to Sounds in the Central Auditory System of the Frog: An Advanced Electrophysiology Laboratory in Sensory Processing,Open data & programming; Animal behavior; Electrophysiology labs; Sensation & perception labs,,,,"Open data & programming: coding | Animal behavior: etholog | Electrophysiology labs: action potentials, electrophysiolog | Sensation & perception labs: auditory, sensory"
JUNE-04-2-06,4,2,2006,An Undergraduate Course on Publishing in Neuroscience,Curriculum & program design; Graduate training & careers; Writing & primary literature,,,,"Curriculum & program design: course design, syllabus | Graduate training & careers: careers in | Writing & primary literature: peer review, scientific communication, writing"
JUNE-04-2-07,4,2,2006,Using Extracellular Single-unit Electrophysiological Data as a Substrate for Investigative Laboratory Exercises,Active learning & teaching strategies; Electrophysiology labs,,,,"Active learning & teaching strategies: problem-based learning | Electrophysiology labs: electrophysiolog, extracellular"
JUNE-04-2-08,4,2,2006,MATLAB-based Simulation of Whole-Cell and Single-Channel Currents,Open data & programming; Modeling the nervous system; Electrophysiology labs,,,,"Open data & programming: matlab | Modeling the nervous system: hodgkin, simulat | Electrophysiology labs: electrophysiolog, voltage clamp, voltage-clamp"
JUNE-05-1-03,5,1,2006,Functional Magnetic Resonance Imaging (fMRI): A Brief Exercise for an Undergraduate Laboratory Course,Active learning & teaching strategies; Human cognitive & physiological labs; Open data & programming; Writing & primary literature,,,,"Active learning & teaching strategies: critical thinking | Human cognitive & physiological labs: fmri, functional magnetic | Open data & programming: neuroinformatics | Writing & primary literature: writing"
JUNE-05-1-04,5,1,2006,Collaborative Research in Teaching: Collaboration between Laboratory Courses at Neighboring Institutions,Curriculum & program design; Writing & primary literature; CUREs & undergraduate research,,,,Curriculum & program design: course design | Writing & primary literature: scientific communication | CUREs & undergraduate research: independent research
JUNE-05-1-05,5,1,2006,"Cultivation of an Interdisciplinary, Research-Based Neuroscience Minor at Hope College",Curriculum & program design,,,,"Curriculum & program design: curriculum development, interdisciplinary, neuroscience minor"
JUNE-05-1-06,5,1,2006,Using Biographies to Illustrate the Intrapersonal and Interpersonal Dynamics of Science,DEI,,,,DEI: women in
JUNE-05-2-06,5,2,2007,Teaching About the Brain and Reaching the Community: Undergraduates in the Pipeline Neuroscience Program at the University of Pennsylvania,DEI; Curriculum & program design; Outreach & community engagement; Case studies,,,,"DEI: underrepresented | Curriculum & program design: neuroscience program | Outreach & community engagement: high school, service learning | Case studies: case-based"
JUNE-05-2-07,5,2,2007,Methods for Handling Missing Data in the Behavioral Neurosciences: Don’t Throw the Baby Rat out with the Bath Water,CUREs & undergraduate research,,,,CUREs & undergraduate research: undergraduate research
JUNE-05-2-08,5,2,2007,The Use of Case Studies in Teaching Undergraduate Neuroscience,Active learning & teaching strategies; Writing & primary literature; Case studies,,,,Active learning & teaching strategies: critical thinking | Writing & primary literature: literature review | Case studies: case stud
JUNE-05-2-09,5,2,2007,An Undergraduate Neuroscience Seminar Based on the Annual Meeting of the Society for Neuroscience,Writing & primary literature,,,,Writing & primary literature: primary literature
JUNE-05-2-10,5,2,2007,"IFEL TOUR: A Description of the Introduction to FUN Electrophysiology Labs Workshop at Bowdoin College, July 27-30, and the Resultant Faculty Learning Community",Faculty professional development; Electrophysiology labs,,,,Faculty professional development: junior faculty | Electrophysiology labs: electrophysiolog
JUNE-05-2-11,5,2,2007,Use of the Pyrithiamine-Induced Thiamine Deficient Animal Model of Korskoff’s Syndrome for Exploratory Research Activities in Undergraduate Physiological Psychology,Active learning & teaching strategies; Animal behavior,,,,"Active learning & teaching strategies: critical thinking | Animal behavior: locomot, maze"
JUNE-05-2-12,5,2,2007,Utility and Versatility of Extracellar Recordings from the Cockroach for Neurophysiological Instruction and Demonstration,Open data & programming; Electrophysiology labs; Sensation & perception labs,,,,"Open data & programming: coding | Electrophysiology labs: action potentials, extracellular | Sensation & perception labs: sensory"
JUNE-06-1-04,6,1,2007,DataView: A Tutorial Tool for Data Analysis. Template-based Spike Sorting and Frequency Analysis.,Electrophysiology labs,,,,Electrophysiology labs: spike sort
JUNE-06-1-05,6,1,2007,"Novel in silico Method for Teaching Cytoarchitecture, Cellular Diversity, and Gene Expression in the Mammalian Brain",Open data & programming,,,,"Open data & programming: allen brain, database"
JUNE-06-1-06,6,1,2007,Technical Note: Construction of a Simple Suction Electrode for Extracellular Recording and Stimulation,Electrophysiology labs; Sensation & perception labs,,,,"Electrophysiology labs: action potential, action potentials, extracellular, nerve recording, suction electrode | Sensation & perception labs: sensory"
JUNE-06-1-07,6,1,2007,NorthEast Under/graduate Research Organization for Neuroscience (NEURON): Our Third New York City Meeting,DEI; CUREs & undergraduate research,,,,"DEI: diversity, minority | CUREs & undergraduate research: undergraduate research"
JUNE-06-1-08,6,1,2007,Dual Format Course Design: Neuroanatomy and Neurophysiology for Adult Learners,Curriculum & program design; Online & remote teaching; Case studies,,,,"Curriculum & program design: course design, course development | Online & remote teaching: online course, online format, online instruction | Case studies: case stud"
JUNE-06-2-02,6,2,2008,Undergraduate Neuroscience Education: Blueprints for the 21st Century,Curriculum & program design,,,,"Curriculum & program design: blueprint, interdisciplinary"
JUNE-06-2-03,6,2,2008,Using a Paradigm Shift to Teach Neurobiology and the Nature of Science—a C.R.E.A.T.E.-based Approach,,,,,
JUNE-06-2-04,6,2,2008,Demonstrating Cerebral Vascular Networks: A Comparison of Methods for the Teaching Laboratory,DEI,,,,DEI: underrepresented
JUNE-06-2-05,6,2,2008,Crayfish Aggression and the Androgenic Gland in a Behavior Lab for Non-Majors,,,,,
JUNE-06-2-06,6,2,2008,Effective Use of Computer Simulations in an Introductory Neuroscience Laboratory,Modeling the nervous system,,,,Modeling the nervous system: simulat
JUNE-06-2-07,6,2,2008,Online Multimedia Teaching Tool for Parkinson’s Disease,Sensation & perception labs; Case studies,,,,Sensation & perception labs: sensory | Case studies: patient case
JUNE-06-2-08,6,2,2008,Adapting the Learning-Cycle to Enrich Undergraduate Neuroscience Education for All Students,Active learning & teaching strategies,,,,Active learning & teaching strategies: problem-based learning
JUNE-07-1-02,7,1,2008,SWIMMY: Free Software for Teaching Neurophysiology of Neuronal Circuits,Active learning & teaching strategies; Online & remote teaching; Modeling the nervous system,,,,"Active learning & teaching strategies: inquiry-based | Online & remote teaching: distance learning | Modeling the nervous system: simulat, swimmy"
JUNE-07-1-03,7,1,2008,The Digital Microscope: A Tool for Teaching Laboratory Skills in Distance Learning Courses,Online & remote teaching,,,,Online & remote teaching: distance learning
JUNE-07-1-04,7,1,2008,Experiencing Visuo-Motor Plasticity by Prism Adaptation in a Classroom Setting,Sensation & perception labs,,,,Sensation & perception labs: sensory
JUNE-07-1-05,7,1,2008,Virtual EEG: A Software-Based Electroencephalogram Designed for Undergraduate Neuroscience-Related Courses,Human cognitive & physiological labs; Open data & programming,,,,"Human cognitive & physiological labs: eeg, electroencephalogra, erps, event related potential | Open data & programming: database"
JUNE-07-1-06,7,1,2008,"A Laboratory Exercise for a College-Level, Introductory Neuroscience Course Demonstrating Effects of Housing Environment on Anxiety and Psychostimulant Sensitivity",Animal behavior,,,,"Animal behavior: anxiety-like, locomot, maze, open field"
JUNE-07-1-07,7,1,2008,"Constructing Inexpensive, Flexible, and Versatile Microdialysis Probes in an Undergraduate Microdialysis Research Lab",,,,,
JUNE-07-2-04,7,2,2009,The Flatworm Planaria as a Toxicology and Behavioral Pharmacology Animal Model in Undergraduate Research Experiences,CUREs & undergraduate research,,,,"CUREs & undergraduate research: research experience, undergraduate research"
JUNE-07-2-05,7,2,2009,Every Cell Counts: An Inquiry-Based Approach to Address a Novel Research Question in an Undergraduate Neuroscience Lab,Active learning & teaching strategies; Curriculum & program design; CUREs & undergraduate research,,,,"Active learning & teaching strategies: critical thinking, inquiry-based | Curriculum & program design: neuroscience programs | CUREs & undergraduate research: independent research"
JUNE-07-2-06,7,2,2009,Northeast Under/graduate Research Organization for Neuroscience (NEURON): Our Thirteenth Conference for Neuroscience Trainees and Educators,DEI; Graduate training & careers; Outreach & community engagement,,,,DEI: minority | Graduate training & careers: graduate education | Outreach & community engagement: outreach
JUNE-07-2-07,7,2,2009,Successful Integration of Interactive Neuroscience Simulations into a Non-Laboratory Sensation & Perception Course,Curriculum & program design; Human cognitive & physiological labs; Modeling the nervous system; Sensation & perception labs,,,,Curriculum & program design: neuroscience programs | Human cognitive & physiological labs: cognitive neuroscience | Modeling the nervous system: simulat | Sensation & perception labs: sensation
JUNE-07-2-08,7,2,2009,"Interactive Methods for Teaching Action Potentials, an Example of Teaching Innovation from Neuroscience Postdoctoral Fellows in the Fellowships in Research and Science Teaching (FIRST) Program",Faculty professional development; Curriculum & program design; Graduate training & careers; Electrophysiology labs; CUREs & undergraduate research,,,,"Faculty professional development: new faculty | Curriculum & program design: course development, interdisciplinary | Graduate training & careers: postdoc | Electrophysiology labs: action potential, action potentials | CUREs & undergraduate research: research experience"
JUNE-07-2-09,7,2,2009,The Student Surgeon: A Behavioral Neuroendocrinology Laboratory Exercise in Rats,Active learning & teaching strategies,,,,Active learning & teaching strategies: critical thinking
JUNE-08-1-01,8,1,2009,"Introduction to Papers from the FUN 2008 Macalester Workshops Proceedings of the 2008 Faculty for Undergraduate Neuroscience Workshops at Macalester College, St. Paul, MN, July 17 to July 20, 2008",,,,,
JUNE-08-1-02,8,1,2009,Jeanne Narum: A Lifetime of Achievement,,,,,
JUNE-08-1-03,8,1,2009,"Sex, Gender, and the Brain: A Non-Majors Course Linking Neuroscience and Women’s Studies",DEI; Writing & primary literature; Case studies; CUREs & undergraduate research,,,,DEI: gender | Writing & primary literature: primary literature | Case studies: case stud | CUREs & undergraduate research: independent research
JUNE-08-1-04,8,1,2009,Vision and Art: An Interdisciplinary Approach to Neuroscience Education,Active learning & teaching strategies; Curriculum & program design; Modeling the nervous system; Outreach & community engagement; Sensation & perception labs,,,,"Active learning & teaching strategies: critical thinking, problem-based learning | Curriculum & program design: interdisciplinary, syllabus | Modeling the nervous system: computational neuroscience | Outreach & community engagement: high school | Sensation & perception labs: vision"
JUNE-08-1-05,8,1,2009,Building Neural Networks Within the Academy: Connecting Neuroscience to Other Disciplines,Curriculum & program design; Modeling the nervous system,,,,Curriculum & program design: interdisciplinary | Modeling the nervous system: neural networks
JUNE-08-1-06,8,1,2009,A Self-Study Tutorial using the Allen Brain Explorer and Brain Atlas to Teach Concepts of Mammalian Neuroanatomy and Brain Function,Open data & programming; Sensation & perception labs,,,,"Open data & programming: allen brain, allen institute, database | Sensation & perception labs: olfact"
JUNE-08-1-07,8,1,2009,Modular Digital Course in Undergraduate Neuroscience Education (MDCUNE): A Website Offering Free Digital Tools for Neuroscience Educators,Active learning & teaching strategies; Curriculum & program design; Open data & programming; Modeling the nervous system; Electrophysiology labs,,,,"Active learning & teaching strategies: inquiry based | Curriculum & program design: curricular best practices | Open data & programming: bioinformatics, neuroinformatics | Modeling the nervous system: simulat, swimmy | Electrophysiology labs: electrophysiolog"
JUNE-08-1-08,8,1,2009,Teaching Neurophysiology to Undergraduates using Neurons in Action,Modeling the nervous system; Electrophysiology labs,,,,"Modeling the nervous system: neurons in action, simulat | Electrophysiology labs: action potential"
JUNE-08-1-09,8,1,2009,Developing a Project-Oriented Introduction to Neuroscience Lab at Hope College,Assessment; Animal behavior; Writing & primary literature,,,,"Assessment: assessment of learning | Animal behavior: maze | Writing & primary literature: primary literature, writing"
JUNE-08-1-10,8,1,2009,Teaching Laboratory Neuroscience at Bowdoin: The Laboratory Instructor Perspective,Curriculum & program design; Animal behavior; Graduate training & careers; CUREs & undergraduate research,,,,Curriculum & program design: neuroscience major | Animal behavior: social behavio | Graduate training & careers: careers in | CUREs & undergraduate research: research experience
JUNE-08-1-11,8,1,2009,"g-PRIME: A Free, Windows Based Data Acquisition and Event Analysis Software Package for Physiology in Classrooms and Research Labs",Open data & programming,,,,Open data & programming: matlab
JUNE-08-1-12,8,1,2009,Teaching Undergraduate Neuroscience in the Digital Age,,,,,
JUNE-08-1-13,8,1,2009,Higher Education and the Society for Neuroscience: a website proposal that helped catalyze a change in policy.,,,,,
JUNE-08-1-14,8,1,2009,Brain Awareness Week and Beyond: Encouraging the Next Generation,Graduate training & careers; Outreach & community engagement,,,,"Graduate training & careers: careers in | Outreach & community engagement: brain awareness, brain bee, k-12, outreach"
JUNE-08-1-15,8,1,2009,New(er) Kids on the Block – Voices of Junior FUN Faculty,Faculty professional development; Writing & primary literature,,,,Faculty professional development: junior faculty | Writing & primary literature: writing
JUNE-08-1-16,8,1,2009,SOMAS-URM: The Evolution of a Mentoring and Summer Research Program,DEI; Faculty professional development; Graduate training & careers; CUREs & undergraduate research,,,,"DEI: underrepresented, urm | Faculty professional development: faculty mentor, junior faculty | Graduate training & careers: graduate school | CUREs & undergraduate research: summer research"
JUNE-08-1-17,8,1,2009,Facilities Planning for the Neuroscience Curriculum at a Primarily Undergraduate Institution: St. Olaf College’s Regents Hall of Natural and Mathematical Sciences,Faculty professional development; Curriculum & program design; Sensation & perception labs,,,,Faculty professional development: primarily undergraduate institution | Curriculum & program design: neuroscience program | Sensation & perception labs: vision
JUNE-08-1-18,8,1,2009,"The Journal of Undergraduate Neuroscience Education: History, Challenges, and Future Developments",Sensation & perception labs,,,,Sensation & perception labs: vision
JUNE-08-1-19,8,1,2009,Establishing a New Paradigm for Diversity: A Case for Restructuring the Academic Training Environment,DEI,,,,DEI: diversity
JUNE-08-2-03,8,2,2010,Laboratory Class Project: Using a Cichlid Fish display Tank to Teach Students about Complex Behavioral Systems,Curriculum & program design,,,,"Curriculum & program design: learning outcomes, neuroscience majors"
JUNE-08-2-04,8,2,2010,Narratives and Neurons: Stories of Damaged Brains,Writing & primary literature; Case studies,,,,Writing & primary literature: writing | Case studies: case stud
JUNE-08-2-05,8,2,2010,Undergraduate Neuroscience Faculty: Results from a Survey of Faculty for Undergraduate Neuroscience Members,Faculty professional development; Curriculum & program design; Graduate training & careers; CUREs & undergraduate research,,,,"Faculty professional development: faculty development, primarily undergraduate institution, puis | Curriculum & program design: neuroscience programs | Graduate training & careers: doctoral | CUREs & undergraduate research: undergraduate research"
JUNE-08-2-06,8,2,2010,FUN Survey 2009,,,,,
JUNE-08-2-07,8,2,2010,Exploration of Gerontogenes in the Nervous System: A Multi-Level Neurogenomics Laboratory Module for an Intermediate Neuroscience and Behavior Course,Active learning & teaching strategies; Open data & programming; Genetic model organisms & modern tools,,,,"Active learning & teaching strategies: role play | Open data & programming: bioinformatics, database | Genetic model organisms & modern tools: c. elegans, caenorhabditis, mutant"
JUNE-08-2-08,8,2,2010,Demonstrations of Neural Network Computations Involving Students,Human cognitive & physiological labs; Modeling the nervous system,,,,"Human cognitive & physiological labs: cognitive neuroscience | Modeling the nervous system: neural network, neural networks"
JUNE-08-2-09,8,2,2010,Social Neuroscience at the College of Saint Rose: The Art of Team Teaching in Emerging Areas of Psychological Science,Assessment,,,,Assessment: student survey
JUNE-09-1-03,9,1,2010,Benefits of a Professional Training Year for Undergraduates on a Neuroscience Degree Scheme,Curriculum & program design; Graduate training & careers,,,,"Curriculum & program design: neuroscience degree | Graduate training & careers: masters, phd"
JUNE-09-1-04,9,1,2010,Using Neurogenetics and the Warmth-Gated Ion Channel TRPA1 to Study the Neural Basis of Behavior in Drosophila,Animal behavior; Sensation & perception labs; Genetic model organisms & modern tools,,,,"Animal behavior: animal behavio, etholog | Sensation & perception labs: sensory | Genetic model organisms & modern tools: drosophila, gal4, genetic tools, genetics"
JUNE-09-1-05,9,1,2010,A Visually-Induced Eyelid Droop Illusion as a Classroom Demonstration of Cross-Modality,Sensation & perception labs,,,,"Sensation & perception labs: illusion, proprioce, psychophysic, sensory, smell, touch, vision"
JUNE-09-1-06,9,1,2010,Teaching Basic Neurophysiology Using Intact Earthworms,Modeling the nervous system; Electrophysiology labs,,,,"Modeling the nervous system: simulat | Electrophysiology labs: action potential, action potentials, extracellular"
JUNE-09-1-07,9,1,2010,Meeting the Challenge of Preparing Undergraduates for Careers in Cognitive Neuroscience,Faculty professional development; Human cognitive & physiological labs; Graduate training & careers,,,,"Faculty professional development: pui | Human cognitive & physiological labs: cognitive neuroscience, eeg, electroencephalogra, fmri, functional magnetic | Graduate training & careers: careers in"
JUNE-09-1-08,9,1,2010,Dissection of the Hippocampus Proper and the Associated Structures in Preserved Horse Brains,,,,,
JUNE-09-1-09,9,1,2010,Exploring the Complexities of Experimental Design: Using an On-line Reaction Time Program,Active learning & teaching strategies; Curriculum & program design; Human cognitive & physiological labs,,,,Active learning & teaching strategies: inquiry-based | Curriculum & program design: neuroscience majors | Human cognitive & physiological labs: reaction time
JUNE-09-1-10,9,1,2010,Design and Construction of a Two-Temperature Preference Behavioral Assay,Animal behavior,,,,Animal behavior: behavioral assay
JUNE-09-1-11,9,1,2010,Neural Networks: Making Connections about the Brain and about College,DEI; Active learning & teaching strategies; Modeling the nervous system; Outreach & community engagement; Sensation & perception labs,,,,"DEI: gender | Active learning & teaching strategies: game | Modeling the nervous system: neural networks | Outreach & community engagement: brain awareness, outreach | Sensation & perception labs: olfact, taste"
JUNE-09-2-04,9,2,2011,Volunteerism is Key to Offering Successful Neuroscience Outreach with Limited Resources,Outreach & community engagement,,,,"Outreach & community engagement: brain awareness, outreach"
JUNE-09-2-05,9,2,2011,Undergraduate Neuroscience Education in the U.S.: An Analysis using Data from the National Center for Education Statistics,Curriculum & program design,,,,"Curriculum & program design: neuroscience major, neuroscience programs"
JUNE-09-2-06,9,2,2011,An Undergraduate Laboratory Exercise to Study Weber’s Law,Sensation & perception labs,,,,Sensation & perception labs: sensory
JUNE-09-2-07,9,2,2011,"SYNAPSE, Symposium for Young Neuroscientists and Professors of the Southeast: A One-day, Regional Neuroscience Meeting Focusing on Undergraduate Research",Graduate training & careers; CUREs & undergraduate research,,,,Graduate training & careers: career options | CUREs & undergraduate research: undergraduate research
JUNE-09-2-08,9,2,2011,Incorporating Scientific Publishing into an Undergraduate Neuroscience Course: A Case Study Using IMPULSE,Curriculum & program design; Writing & primary literature; Case studies,,,,"Curriculum & program design: syllabus | Writing & primary literature: peer review, writing | Case studies: case stud"
JUNE-09-2-09,9,2,2011,Music and the Mind: A New Interdisciplinary Course on the Science of Musical Experience,Curriculum & program design; Sensation & perception labs,,,,"Curriculum & program design: interdisciplinary, learning objectives | Sensation & perception labs: auditory, hearing"
JUNE-10-1-03,10,1,2011,Strategies For Fostering Synergy between Neuroscience Programs and Chemistry Departments,Curriculum & program design,,,,"Curriculum & program design: neuroscience program, neuroscience programs"
JUNE-10-1-04,10,1,2011,A Mechanism for Multidisciplinary Dialogue: The Memory & … Series,,,,,
JUNE-10-1-05,10,1,2011,The Use of “Non-Fiction Novels” in a Sensation and Perception Course,Sensation & perception labs,,,,"Sensation & perception labs: sensation, sensory"
JUNE-10-1-06,10,1,2011,Human Brains Engaged in Rat Brains: Student-driven Neuroanatomy Research in an Introductory Biology Lab Course,Active learning & teaching strategies; Sensation & perception labs,,,,Active learning & teaching strategies: inquiry-based | Sensation & perception labs: auditory
JUNE-10-1-07,10,1,2011,Decreasing Neuroscience Anxiety in an Introductory Neuroscience Course: An Analysis Using Data from a Modified Science Anxiety Scale,,,,,
JUNE-10-1-08,10,1,2011,Integrating Community Outreach into the Undergraduate Neuroscience Classroom,Human cognitive & physiological labs; Outreach & community engagement,,,,"Human cognitive & physiological labs: cognitive neuroscience | Outreach & community engagement: k-12, outreach, service learning"
JUNE-10-1-09,10,1,2011,“Writing in Neuroscience”: A Course Designed for Neuroscience Undergraduate Students,Curriculum & program design; Assessment; Writing & primary literature,,,,"Curriculum & program design: course design | Assessment: formative assessment | Writing & primary literature: literature review, writing"
JUNE-10-1-10,10,1,2011,Practical Experience with Age-related Dementia: Implementation and Outcomes of a Semester-long Service Learning Project in Neuropsychology,DEI; Curriculum & program design; Outreach & community engagement,,,,DEI: disabilit | Curriculum & program design: learning objectives | Outreach & community engagement: service learning
JUNE-10-1-11,10,1,2011,Use of Personal EEG Monitors in a Behavioral Neuroscience Course to Investigate Natural Setting Sleep Patterns and the Factors Affecting Them in College Students,Active learning & teaching strategies; Human cognitive & physiological labs; Writing & primary literature,,,,"Active learning & teaching strategies: active learning | Human cognitive & physiological labs: eeg, electroencephalogra | Writing & primary literature: writing"
JUNE-10-1-12,10,1,2011,A Conceptual Framework for Interdisciplinary Curriculum Design: A Case Study in Neuroscience,Curriculum & program design; Case studies,,,,"Curriculum & program design: curriculum design, interdisciplinary | Case studies: case stud"
JUNE-10-1-13,10,1,2011,Design Plans for an Inexpensive Tail Flick Analgesia Meter,Open data & programming,,,,Open data & programming: arduino
JUNE-10-1-14,10,1,2011,A Modified Golgi-Cox Procedure for use in Undergraduate Courses,,,,,
JUNE-10-2-03,10,2,2012,Assessing Development of an Interdisciplinary Perspective in an Undergraduate Neuroscience Course,Curriculum & program design; Assessment; Sensation & perception labs,,,,"Curriculum & program design: interdisciplinary, learning outcomes, neuroscience program | Assessment: assessment instruments | Sensation & perception labs: taste"
JUNE-10-2-04,10,2,2012,Characterizing Mystery Cell Lines: Student-driven Research Projects in an Undergraduate Neuroscience Laboratory Course,Active learning & teaching strategies,,,,Active learning & teaching strategies: inquiry-based
JUNE-10-2-05,10,2,2012,"Drugs, the Brain, and Behavior: A Graduate Student-run Comprehensive Course in Neuroscience",Curriculum & program design; Graduate training & careers; Writing & primary literature,,,,"Curriculum & program design: interdisciplinary | Graduate training & careers: graduate student, graduate students, ph.d | Writing & primary literature: primary literature"
JUNE-10-2-06,10,2,2012,Using In Vivo Voltammetry to Demonstrate Drug Action: A Student Laboratory Experience in Neurochemistry,Electrophysiology labs,,,,Electrophysiology labs: extracellular
JUNE-10-2-07,10,2,2012,Bio-amplifier with Driven Shield Inputs to Reduce Electrical Noise and its Application to Laboratory Teaching of Electrophysiology,Human cognitive & physiological labs; Electrophysiology labs; Sensation & perception labs,,,,"Human cognitive & physiological labs: eeg, electroencephalogra, electromyogra, emg | Electrophysiology labs: action potential, electrophysiolog | Sensation & perception labs: sensory"
JUNE-10-2-08,10,2,2012,Using Equivalence-Based Instruction to Increase Efficiency in Teaching Neuroanatomy,,,,,
JUNE-10-2-09,10,2,2012,An Undergraduate Laboratory Exercise Examining the Psychomotor Stimulant Effects of Caffeine in Laboratory Rats,Animal behavior,,,,Animal behavior: open field
JUNE-11-1-02,11,1,2012,Wikipedia Neuroscience Stub Editing in an Introductory Undergraduate Neuroscience Course,Writing & primary literature; Outreach & community engagement,,,,Writing & primary literature: writing | Outreach & community engagement: outreach
JUNE-11-1-03,11,1,2012,Elevating Student Potential: Creating Digital Video to Teach Neurotransmission,,,,,
JUNE-11-1-04,11,1,2012,Developing at Team-taught Capstone Course in Neuroscience,Curriculum & program design,,,,"Curriculum & program design: interdisciplinary, neuroscience programs"
JUNE-11-1-05,11,1,2012,An Undergraduate taught Course on Consciousness and Mind,Curriculum & program design,,,,Curriculum & program design: neuroscience program
JUNE-11-1-07,11,1,2012,"Vision and Change in Undergraduate Biology Education: A Call to Action Presentation to Faculty for Undergraduate Neuroscience, July 2011",Faculty professional development; Curriculum & program design; Sensation & perception labs,,,,"Faculty professional development: professional development | Curriculum & program design: core competenc, curriculum reform | Sensation & perception labs: vision"
JUNE-11-1-08,11,1,2012,Identifying and Using ‘Core Competencies’ to Help Design and Assess Undergraduate Neuroscience Curricula,Curriculum & program design; Case studies,,,,"Curriculum & program design: core competenc, learning objectives, neuroscience major | Case studies: case stud"
JUNE-11-1-09,11,1,2012,Working with your Administration to Garner Support for Neuroscience Programs,Curriculum & program design,,,,"Curriculum & program design: interdisciplinary, neuroscience programs"
JUNE-11-1-10,11,1,2012,"External Reviews, Internal Influences: Consultations and the Undergraduate Neuroscience Curriculum",DEI; Faculty professional development,,,,DEI: minority | Faculty professional development: professional development
JUNE-11-1-11,11,1,2012,Cultivating Diversity and Competency in STEM: Challenges and Remedies for Removing Virtual Barriers to Constructing Diverse Higher Education Communities of Success,DEI,,,,"DEI: diversity, historically black, minorities, minority, urm, urms"
JUNE-11-1-12,11,1,2012,OPINION: Diversity in Neuroscience. We Know the Problem. Are We Really Still Debating the Solutions?,DEI; Faculty professional development; Outreach & community engagement,,,,"DEI: diversity, minorities, minority, racial, urm | Faculty professional development: junior faculty | Outreach & community engagement: k-12"
JUNE-11-1-13,11,1,2012,The Intentional Mentor: Effective Mentorship of Undergraduate Science Students,,,,,
JUNE-11-1-14,11,1,2012,Classroom Activities: Simple Strategies to Incorporate Student-Centered Activities within Undergraduate Science Lectures,Active learning & teaching strategies,,,,"Active learning & teaching strategies: active learning, jigsaw, think-pair-share"
JUNE-11-1-15,11,1,2012,Creating Cross-disciplinary Courses,Curriculum & program design,,,,"Curriculum & program design: interdisciplinary, neuroscience program"
JUNE-11-1-16,11,1,2012,Accelerated Integrated Science Sequence: An Interdisciplinary Introductory Course for Science Majors,Curriculum & program design,,,,Curriculum & program design: interdisciplinary
JUNE-11-1-17,11,1,2012,Collaborative Online Writing Assignments to Foster Active Learning,Active learning & teaching strategies; Writing & primary literature,,,,Active learning & teaching strategies: active learning | Writing & primary literature: writing
JUNE-11-1-18,11,1,2012,Service Learning in Neuroscience Courses,Outreach & community engagement,,,,Outreach & community engagement: service learning
JUNE-11-1-19,11,1,2012,The Value of Partnerships in Science Education: A Win-Win Situation,DEI; Outreach & community engagement,,,,"DEI: minorities, minority | Outreach & community engagement: k-12, outreach"
JUNE-11-1-20,11,1,2012,Neuroscience Study Abroad: Developing a Short-Term Summer Course,Curriculum & program design; Graduate training & careers; Writing & primary literature,,,,"Curriculum & program design: course development, learning outcomes | Graduate training & careers: graduate school | Writing & primary literature: primary research papers"
JUNE-11-1-21,11,1,2012,Shared Innovations in Education: Writing and Reviewing for the Undergraduate Neuroscience Community,Faculty professional development; Writing & primary literature,,,,"Faculty professional development: professional development | Writing & primary literature: peer review, writing"
JUNE-11-1-22,11,1,2012,Planning and Designing Spaces for the Sciences,,,,,
JUNE-11-1-23,11,1,2012,Teaching Neuroinformatics with an Emphasis on Quantitative Locus Analysis,Open data & programming; Online & remote teaching; Genetic model organisms & modern tools,,,,"Open data & programming: bioinformatics, neuroinformatics | Online & remote teaching: online learning | Genetic model organisms & modern tools: genetics"
JUNE-11-1-24,11,1,2012,Exploring Sensory Neuroscience Through Experience and Experiment,Sensation & perception labs,,,,"Sensation & perception labs: illusion, sensory"
JUNE-11-1-25,11,1,2012,A Structured-Inquiry Approach to Teaching Neurophysiology Using Computer Simulation,Active learning & teaching strategies; Open data & programming; Writing & primary literature; Modeling the nervous system,,,,"Active learning & teaching strategies: critical thinking, inquiry-based | Open data & programming: database | Writing & primary literature: writing | Modeling the nervous system: computational model, metaneuron, simulat"
JUNE-11-1-26,11,1,2012,The Fundamentals of Flying: Simple and Inexpensive Strategies for Employing Drosophila Genetics in Neuroscience Teaching Laboratories,Curriculum & program design; Animal behavior; Genetic model organisms & modern tools,,,,"Curriculum & program design: blueprint | Animal behavior: animal behavio, etholog | Genetic model organisms & modern tools: drosophila, fruit flies, fruit fly, genetics, transgenic"
JUNE-11-1-27,11,1,2012,Electroretinograms in Drosophila: A Robust and Genetically Accessible Electrophysiological System for the Undergraduate Laboratory,Active learning & teaching strategies; Electrophysiology labs; Sensation & perception labs; Genetic model organisms & modern tools,,,,"Active learning & teaching strategies: inquiry-based | Electrophysiology labs: electrophysiolog, extracellular, intracellular | Sensation & perception labs: visual system | Genetic model organisms & modern tools: drosophila, fruit fly, genetic tools, genetics, mutant, transgenic"
JUNE-11-1-28,11,1,2012,Classic Clinical Technique Adapted to Demonstrate Autonomic Nervous System Physiology in an Undergraduate Laboratory Course,,,,,
JUNE-11-1-29,11,1,2012,The Homemade Alternative: Teaching Human Neurophysiology with Instrumentation Made (Almost) from Scratch,Human cognitive & physiological labs,,,,Human cognitive & physiological labs: electrocardiogra
JUNE-11-2-02,11,2,2013,An Undergraduate Laboratory Exercise to Study Sensory Inhibition,Animal behavior; Sensation & perception labs,,,,"Animal behavior: conditioning | Sensation & perception labs: sensory, somatosens, touch"
JUNE-11-2-03,11,2,2013,Da Vinci Coding? Using Renaissance Artists’ Depictions of the Brain to Engage Student Interest in Neuroanatomy,Open data & programming,,,,Open data & programming: coding
JUNE-11-2-04,11,2,2013,Using Chick Forebrain Neurons to Model Neurodegeneration and Protection in an Undergraduate Neuroscience Laboratory Course,Writing & primary literature; Electrophysiology labs; CUREs & undergraduate research,,,,"Writing & primary literature: journal club, scientific literature | Electrophysiology labs: intracellular | CUREs & undergraduate research: research experience"
JUNE-12-1-04,12,1,2013,Three Colossal Neurons: A New Approach to an Old Classroom Demonstration,Active learning & teaching strategies; Modeling the nervous system,,,,Active learning & teaching strategies: active learning | Modeling the nervous system: neural network
JUNE-12-1-05,12,1,2013,Engaging the Audience: Developing Presentation Skills in Science Students,Curriculum & program design,,,,Curriculum & program design: interdisciplinary
JUNE-12-1-06,12,1,2013,MetaNeuron: A Free Neuron Simulation Program for Teaching Cellular Neurophysiology,Modeling the nervous system; Electrophysiology labs,,,,"Modeling the nervous system: metaneuron, simulat | Electrophysiology labs: action potential, membrane potential, voltage clamp, voltage-clamp"
JUNE-12-1-07,12,1,2013,Using Case Studies as a Semester-Long Tool to Teach Neuroanatomy and Structure-Function Relationships to Undergraduates,Active learning & teaching strategies; Case studies,,,,Active learning & teaching strategies: active learning | Case studies: case stud
JUNE-12-1-08,12,1,2013,Can You Change a Student’s Mind in a Course about the Brain? Belief Change Following an Introductory Course in Biological Psychology,Assessment,,,,Assessment: post-test
JUNE-12-1-09,12,1,2013,Pleasure and Pain: Teaching Neuroscientific Principles of Hedonism in a Large General Education Undergraduate Course,Human cognitive & physiological labs; Graduate training & careers; Writing & primary literature; CUREs & undergraduate research,,,,"Human cognitive & physiological labs: event-related potential, fmri, functional magnetic | Graduate training & careers: graduate student, teaching assistants | Writing & primary literature: writing | CUREs & undergraduate research: independent study"
JUNE-12-1-10,12,1,2013,The Use of Haiku to Convey Complex Concepts in Neuroscience,Writing & primary literature,,,,"Writing & primary literature: science communication, writing"
JUNE-12-1-11,12,1,2013,Basic Neuron Model Electrical Equivalent Circuit: An Undergraduate Laboratory Exercise,,,,,
JUNE-12-1-12,12,1,2013,Community-Based Experiential Learning for Second Year Neuroscience Undergraduates,Curriculum & program design; Graduate training & careers; Outreach & community engagement,,,,Curriculum & program design: neuroscience majors | Graduate training & careers: career paths | Outreach & community engagement: service learning
JUNE-12-1-13,12,1,2013,Studying Temporal Properties of Stimulus-Evoked Responses in the Ventral Nerve Cord of Insects,Electrophysiology labs; Sensation & perception labs,,,,"Electrophysiology labs: action potentials, electrophysiolog | Sensation & perception labs: sensory"
JUNE-12-1-14,12,1,2013,Using Crickets to Introduce Neurophysiology to Early Undergraduate Students,Open data & programming; Electrophysiology labs; Sensation & perception labs,,,,"Open data & programming: coding | Electrophysiology labs: action potential, electrophysiolog, extracellular | Sensation & perception labs: sensory"
JUNE-12-1-15,12,1,2013,The Use of Mock NSF-type Grant Proposals and Blind Peer Review as the Capstone Assignment in Upper-Level Neurobiology and Cell Biology Courses,Writing & primary literature,,,,"Writing & primary literature: literature review, peer review, writing"
JUNE-12-1-16,12,1,2013,Engaging Undergraduates in a Unique Neuroscience Research Opportunity: A Collaborative Research Experience Between a Primarily Undergraduate Institution (PUI) and a Major Research Institution,Faculty professional development; Graduate training & careers; Electrophysiology labs; CUREs & undergraduate research,,,,"Faculty professional development: primarily undergraduate institution, pui | Graduate training & careers: graduate students | Electrophysiology labs: electrophysiolog, extracellular | CUREs & undergraduate research: research experience, summer research, undergraduate research"
JUNE-12-2-02,12,2,2014,The Student as Teacher: Reflections on Collaborative Learning in a Senior Seminar,Active learning & teaching strategies; Curriculum & program design,,,,Active learning & teaching strategies: collaborative learning | Curriculum & program design: learning objectives
JUNE-12-2-03,12,2,2014,A Mind of Their Own: Using Inquiry-based Teaching to Build Critical Thinking Skills and Intellectual Engagement in an Undergraduate Neuroanatomy Course,Active learning & teaching strategies; Curriculum & program design; Case studies,,,,"Active learning & teaching strategies: active learning, critical thinking, inquiry-based | Curriculum & program design: learning outcomes | Case studies: clinical case"
JUNE-12-2-04,12,2,2014,Behavioral Observation of Xenopus Tadpole Swimming for Neuroscience Labs,Sensation & perception labs,,,,Sensation & perception labs: touch
JUNE-12-2-05,12,2,2014,Positron Emission Tomography (PET) and Graphical Kinetic Data Analysis of the Dopamine Neurotransmitter System: An Exercise for an Undergraduate Laboratory Course,Active learning & teaching strategies,,,,Active learning & teaching strategies: active learning
JUNE-12-2-06,12,2,2014,NeuroLab: A Set of Graphical Computer Simulations to Support Neuroscience Instruction at the High School and Undergraduate Level,Modeling the nervous system; Outreach & community engagement,,,,Modeling the nervous system: simulat | Outreach & community engagement: high school
JUNE-12-2-07,12,2,2014,Complementing Neurophysiology Education for Developing Countries via Cost-Effective Virtual Labs: Case Studies and Classroom Scenarios,Active learning & teaching strategies; Online & remote teaching; Modeling the nervous system; Case studies,,,,"Active learning & teaching strategies: active learning | Online & remote teaching: distance education, virtual lab, virtual labs | Modeling the nervous system: simulat | Case studies: case stud"
JUNE-12-2-08,12,2,2014,Application of a Spike Sorting Procedure to Analyze Recordings in the Crayfish Ventral Superficial Flexor Preparation: A High Resolution Approach to the Study of Neuromodulators on Axons and Synapses,DEI; Electrophysiology labs,,,,"DEI: accessibility | Electrophysiology labs: action potential, action potentials, electrophysiolog, spike sort"
JUNE-12-2-09,12,2,2014,Classroom Demonstration of the Visual Effects of Eye Diseases,Modeling the nervous system; Sensation & perception labs,,,,"Modeling the nervous system: simulat | Sensation & perception labs: vision, visual system"
JUNE-12-2-10,12,2,2014,Attitudes Toward Animal Research: Revisiting Gallup and Beckstead (1988),Assessment,,,,Assessment: attitudes toward
JUNE-12-2-11,12,2,2014,Controversies in Neuroscience: A Literature-Based Course for First year Undergraduates that Improves Scientific Confidence While Teaching Concepts,Active learning & teaching strategies; Writing & primary literature,,,,"Active learning & teaching strategies: active learning | Writing & primary literature: primary literature, scientific literature, scientific papers"
JUNE-13-1-02,13,1,2014,Developing a New Experimental System for an Undergraduate Laboratory Exercise to Teach Theories of Visuomotor Learning,Open data & programming; Modeling the nervous system,,,,Open data & programming: programming | Modeling the nervous system: computational model
JUNE-13-1-03,13,1,2014,K-12 Neuroscience Education Outreach Program: Interactive Activities for Educating Students about Neuroscience,Curriculum & program design; Outreach & community engagement,,,,"Curriculum & program design: curriculum design | Outreach & community engagement: elementary, high school, k-12, outreach"
JUNE-13-1-04,13,1,2014,Students Apply Research Methods to Consumer Decisions About Cognitive Enhancing Drinks,Human cognitive & physiological labs; Sensation & perception labs; CUREs & undergraduate research,,,,"Human cognitive & physiological labs: eeg, reaction time | Sensation & perception labs: taste | CUREs & undergraduate research: research experience"
JUNE-13-1-05,13,1,2014,“Thinking like a Neuroscientist”: Using Scaffolded Grant Proposals to Foster Scientific Thinking in a Freshman Neuroscience Course,Active learning & teaching strategies; Curriculum & program design; Human cognitive & physiological labs,,,,Active learning & teaching strategies: critical thinking | Curriculum & program design: learning outcomes | Human cognitive & physiological labs: cognitive neuroscience
JUNE-13-1-06,13,1,2014,A Proposal for Undergraduate Students’ Inclusion in Brain Awareness Week: Promoting Interest in Curricular Neuroscience Components,DEI; Human cognitive & physiological labs; Graduate training & careers; Outreach & community engagement,,,,DEI: inclusion | Human cognitive & physiological labs: reaction time | Graduate training & careers: graduate students | Outreach & community engagement: brain awareness
JUNE-13-1-07,13,1,2014,Engaging Undergraduate Summer Research Students and Faculty in a Regional Neuroscience Network,Faculty professional development; CUREs & undergraduate research,,,,"Faculty professional development: professional development | CUREs & undergraduate research: research experience, summer research, undergraduate research"
JUNE-13-1-08,13,1,2014,Recording Field Potentials From Zebrafish Larvae During Escape Responses,Human cognitive & physiological labs; Writing & primary literature; Electrophysiology labs; Sensation & perception labs; Genetic model organisms & modern tools,,,,"Human cognitive & physiological labs: electromyogra, emg | Writing & primary literature: writing | Electrophysiology labs: action potential, electrophysiolog | Sensation & perception labs: sensory, touch | Genetic model organisms & modern tools: zebrafish"
JUNE-13-2-03,13,2,2015,Dark Adaptation and Purkinje Shift: A Laboratory Exercise in Perceptual Neuroscience,Sensation & perception labs,,,,"Sensation & perception labs: proprioce, sensory, touch, vision"
JUNE-13-2-04,13,2,2015,Brain Literate: Making Neuroscience Accessible to a Wider Audience of Undergraduates,Active learning & teaching strategies; Curriculum & program design; Writing & primary literature,,,,Active learning & teaching strategies: critical thinking | Curriculum & program design: interdisciplinary | Writing & primary literature: writing
JUNE-13-2-05,13,2,2015,A Classic Improved: Minor Tweaks Yield Major Benefits in Crayfish Slow-Flexor Preparations,Electrophysiology labs,,,,"Electrophysiology labs: action potentials, extracellular"
JUNE-13-2-06,13,2,2015,"Mad Dogs, Vampires, and Zombie Ants: A Multidisciplinary Approach to Teaching Neuroscience, Behavior, and Microbiology",Animal behavior; Writing & primary literature,,,,"Animal behavior: animal behavio, conditioning | Writing & primary literature: primary literature"
JUNE-13-2-07,13,2,2015,Undergraduate Neuropharmacology: A Model for Delivering College-Level Neuroscience to High School Students in situ,Curriculum & program design; Assessment; Outreach & community engagement,,,,"Curriculum & program design: course design | Assessment: assessment strateg, learning gains | Outreach & community engagement: high school"
JUNE-13-2-08,13,2,2015,"Exercises in Anatomy, Connectivity, and Morphology using Neuromorpho.org and the Allen Brain Atlas",Open data & programming,,,,"Open data & programming: allen brain, database, neuromorpho"
JUNE-13-2-09,13,2,2015,Teaching Science Writing in an Introductory Lab Course,Writing & primary literature,,,,"Writing & primary literature: peer review, writing"
JUNE-13-2-10,13,2,2015,Active Learning in a Neuroethics Course Positively Impacts Moral Judgment Development in Undergraduates,Active learning & teaching strategies; Writing & primary literature,,,,Active learning & teaching strategies: active learning | Writing & primary literature: writing
JUNE-13-3-03,13,3,2015,VideoHacking: Automated Tracking and Quantification of Locomotor Behavior with Open Source Software and Off-the-Shelf Video Equipment,Open data & programming; Animal behavior; Genetic model organisms & modern tools,,,,"Open data & programming: python | Animal behavior: locomot | Genetic model organisms & modern tools: danio, zebrafish"
JUNE-13-3-04,13,3,2015,ERIN: A Portal to Resources for Higher Education in Neuroscience,,,,,
JUNE-13-3-05,13,3,2015,Documenting Laboratory Procedures with Video,,,,,
JUNE-13-3-06,13,3,2015,Retention of Underrepresented Minority Faculty: Strategic Initiatives for Institutional Value Proposition Based on Perspectives from a Range of Academic Institutions,DEI,,,,"DEI: diversity, minorities, minority, racial, underrepresented, urm, urms"
JUNE-13-3-07,13,3,2015,Intentional Excellence in the Baldwin Wallace University Neuroscience Program,Curriculum & program design; CUREs & undergraduate research,,,,"Curriculum & program design: neuroscience major, neuroscience program | CUREs & undergraduate research: senior theses, senior thesis"
JUNE-13-3-08,13,3,2015,Best Practices: The Neuroscience Program at Central Michigan University,Active learning & teaching strategies; Curriculum & program design; Graduate training & careers; CUREs & undergraduate research,,,,Active learning & teaching strategies: inquiry-based | Curriculum & program design: neuroscience program | Graduate training & careers: graduate student | CUREs & undergraduate research: research experience
JUNE-13-3-09,13,3,2015,Career Transitions for Faculty Members Committed to Undergraduate Neuroscience Education,DEI; Faculty professional development; Graduate training & careers; Writing & primary literature,,,,"DEI: gender, minorities | Faculty professional development: new faculty, tenure | Graduate training & careers: career development, career options, graduate school, postdoc | Writing & primary literature: writing"
JUNE-13-3-10,13,3,2015,Techniques and Technology to Revise Content Delivery and Model Critical Thinking in the Neuroscience Classroom,Active learning & teaching strategies; Curriculum & program design; Online & remote teaching,,,,"Active learning & teaching strategies: clicker, critical thinking | Curriculum & program design: interdisciplinary, learning outcomes, syllabus | Online & remote teaching: hybrid"
JUNE-13-3-11,13,3,2015,Light Activated Escape Circuits: A Behavior and Neurophysiology Lab Module using Drosophila Optogenetics,Assessment; Animal behavior; Modeling the nervous system; Electrophysiology labs; Sensation & perception labs; Genetic model organisms & modern tools,,,,"Assessment: attitudes toward | Animal behavior: etholog | Modeling the nervous system: neural networks | Electrophysiology labs: action potential, electrophysiolog, intracellular | Sensation & perception labs: sensory | Genetic model organisms & modern tools: channelrhodopsin, drosophila, optogenetic"
JUNE-13-3-12,13,3,2015,Gel Scramble: An E-Tool for Teaching Molecular Neuroscience,Active learning & teaching strategies; Online & remote teaching,,,,"Active learning & teaching strategies: critical thinking | Online & remote teaching: distance education, virtual lab"
JUNE-13-3-13,13,3,2015,Neuroscience and Global Learning,Curriculum & program design,,,,Curriculum & program design: curricular development
JUNE-13-3-14,13,3,2015,How to Successfully Incorporate Undergraduate Researchers Into a Complex Research Program at a Large Institution,CUREs & undergraduate research,,,,CUREs & undergraduate research: undergraduate research
JUNE-13-3-15,13,3,2015,"Mission-Driven, Manageable and Meaningful Assessment of an Undergraduate Neuroscience Program",Curriculum & program design,,,,"Curriculum & program design: curriculum mapping, learning outcomes, neuroscience program"
JUNE-13-3-16,13,3,2015,In Situ Teaching: Fusing Labs & Lectures in Undergraduate Science Courses to Enhance Immersion in Scientific Research,,,,,
JUNE-13-3-17,13,3,2015,"In Vivo Time-Lapse Imaging in the Zebrafish Lateral Line: A Flexible, Open-Ended Research Project for an Undergraduate Neurobiology Laboratory Course",Sensation & perception labs; Genetic model organisms & modern tools,,,,"Sensation & perception labs: sensory, vision | Genetic model organisms & modern tools: zebrafish"
JUNE-13-3-18,13,3,2015,Using the Humanities to Teach Neuroscience to Non-majors,,,,,
JUNE-13-3-19,13,3,2015,Electrophysiology Meets Ecology: Investigating How Vision is Tuned to the Life Style of an Animal using Electroretinography,Electrophysiology labs; Sensation & perception labs; CUREs & undergraduate research,,,,"Electrophysiology labs: electrophysiolog, extracellular | Sensation & perception labs: sensory, vision, visual system | CUREs & undergraduate research: authentic research"
JUNE-13-3-20,13,3,2015,Student Friendly Technique to Demonstrate Coordination between Postural (Involuntary) and Voluntary Muscle Contractions,Human cognitive & physiological labs; Sensation & perception labs,,,,Human cognitive & physiological labs: electromyogra | Sensation & perception labs: sensory
JUNE-14-1-03,14,1,2015,Psychoactive Substances Bill and Act of New Zealand: A Chance to Engage Undergraduate Scientists with Society using a Transfer Learning Paradigm,Sensation & perception labs,,,,Sensation & perception labs: two point
JUNE-14-1-04,14,1,2015,Snack Cake ‘Dissection’: A Flipped Classroom Exercise to Engage Undergraduates with Basic Neuroanatomy,Active learning & teaching strategies,,,,Active learning & teaching strategies: flipped
JUNE-14-1-05,14,1,2015,Pencil-and-Paper Neural Networks: An Undergraduate Laboratory Exercise in Computational Neuroscience,Assessment; Writing & primary literature; Modeling the nervous system,,,,"Assessment: learning gains | Writing & primary literature: writing | Modeling the nervous system: computational neuroscience, neural networks"
JUNE-14-1-06,14,1,2015,Developing the Next Generation of Civic-Minded Neuroscience Scholars: Incorporating Service Learning and Advocacy Throughout a Neuroscience Program,Curriculum & program design; Open data & programming; Writing & primary literature; Outreach & community engagement,,,,"Curriculum & program design: neuroscience program | Open data & programming: programming | Writing & primary literature: writing | Outreach & community engagement: brain awareness, outreach, service learning"
JUNE-14-1-07,14,1,2015,Extracellular Recording of Light Responses from Optic Nerve Fibers and the Caudal Photoreceptor in the Crayfish,Electrophysiology labs; Sensation & perception labs,,,,"Electrophysiology labs: electrophysiolog, extracellular | Sensation & perception labs: sensory"
JUNE-14-1-08,14,1,2015,Non-Fiction Memoirs in the Neuroscience Classroom: A Window into the Minds of Those Affected by Addiction,Writing & primary literature; Outreach & community engagement,,,,Writing & primary literature: writing | Outreach & community engagement: high school
JUNE-14-1-09,14,1,2015,Using Tinbergen’s Four Questions as the Framework for a Neuroscience Capstone Course,Writing & primary literature,,,,Writing & primary literature: primary literature
JUNE-14-1-10,14,1,2015,Undergraduate Biocuration: Developing Tomorrow’s Researchers While Mining Today’s Data,Open data & programming; Graduate training & careers; Case studies; CUREs & undergraduate research; Genetic model organisms & modern tools,,,,"Open data & programming: big data, bioinformatics, data science, database, neuroinformatics | Graduate training & careers: ph.d | Case studies: case stud | CUREs & undergraduate research: undergraduate research | Genetic model organisms & modern tools: transgenic"
JUNE-14-1-11,14,1,2015,The Cognitive Neuroscience of Sign Language: Engaging Undergraduate Students’ Critical Thinking Skills Using the Primary Literature,Active learning & teaching strategies; Human cognitive & physiological labs; Writing & primary literature,,,,"Active learning & teaching strategies: critical thinking | Human cognitive & physiological labs: cognitive neuroscience, fmri, functional magnetic | Writing & primary literature: primary literature"
JUNE-14-1-12,14,1,2015,A Series of Computational Neuroscience Labs Increases Comfort with MATLAB,Open data & programming; Modeling the nervous system,,,,"Open data & programming: matlab, programming | Modeling the nervous system: computational neuroscience, hodgkin, simulat"
JUNE-14-1-13,14,1,2015,Excitable Membranes and Action Potentials in Paramecia: An Analysis of the Electrophysiology of Ciliates,Electrophysiology labs,,,,"Electrophysiology labs: action potential, action potentials, electrophysiolog, extracellular, intracellular, membrane potential"
JUNE-14-2-07,14,2,2016,A Quantitative Examination of Undergraduate Neuroscience Majors Applying and Matriculating to Osteopathic Medical School,Curriculum & program design; Graduate training & careers,,,,"Curriculum & program design: neuroscience majors, neuroscience programs | Graduate training & careers: careers in"
JUNE-14-2-08,14,2,2016,Incorporating an ERP Project into Undergraduate Instruction,DEI; Human cognitive & physiological labs; Open data & programming; CUREs & undergraduate research,,,,"DEI: accessibility | Human cognitive & physiological labs: cognitive neuroscience, eeg, electroencephalogra, erp, erps, event-related potential | Open data & programming: publicly available data | CUREs & undergraduate research: research experience"
JUNE-14-2-09,14,2,2016,The BRAIN Initiative Provides a Unifying Context for Integrating Core STEM Competencies into a Neurobiology Course,Writing & primary literature; Sensation & perception labs,,,,"Writing & primary literature: primary literature, scientific communication | Sensation & perception labs: vision"
JUNE-14-2-10,14,2,2016,“C.R.E.A.T.E.”-ing Unique Primary-Source Research Paper Assignments for a Pleasure and Pain Course Teaching Neuroscientific Principles in a Large General Education Undergraduate Course,Human cognitive & physiological labs,,,,Human cognitive & physiological labs: fmri
JUNE-14-2-11,14,2,2016,Illuminating the Undergraduate Behavioral Neuroscience Laboratory: A Guide for the in vivo Application of Optogenetics in Mammalian Model Organisms,Open data & programming; Animal behavior; CUREs & undergraduate research; Genetic model organisms & modern tools,,,,"Open data & programming: arduino | Animal behavior: behavioral assay | CUREs & undergraduate research: independent research, undergraduate research | Genetic model organisms & modern tools: channelrhodopsin, optogenetic, transgenic"
JUNE-14-2-12,14,2,2016,Evaluation of Changes in Ghanaian Students’ Attitudes Towards Science Following Neuroscience Outreach Activities: A Means to Identify Effective Ways to Inspire Interest in Science Careers,Assessment; Graduate training & careers; Outreach & community engagement,,,,"Assessment: attitudes toward | Graduate training & careers: career development, teaching assistants | Outreach & community engagement: high school, outreach"
JUNE-14-2-13,14,2,2016,Breadboard Amplifier: Building and Using Simple Electrophysiology Equipment,Human cognitive & physiological labs; Online & remote teaching; Electrophysiology labs,,,,"Human cognitive & physiological labs: electromyogra, emg | Online & remote teaching: remote lab, remote learning | Electrophysiology labs: electrophysiolog"
JUNE-14-2-14,14,2,2016,Using Cultured Mammalian Neurons to Study Cellular Processes and Neurodegeneration: A Suite of Undergraduate Lab Exercises,,,,,
JUNE-14-2-15,14,2,2016,Lights! Camera! Action Projects! Engaging Psychopharmacology Students in Service-based Action Projects Focusing on Student Alcohol Abuse,Outreach & community engagement,,,,Outreach & community engagement: outreach
JUNE-14-2-16,14,2,2016,Nora’s Medulla: A Problem-Based Learning Case for Neuroscience Fundamentals,Active learning & teaching strategies; Outreach & community engagement; Case studies,,,,"Active learning & teaching strategies: active learning, problem-based learning | Outreach & community engagement: high school | Case studies: case stud"
JUNE-15-1-04,15,1,2016,Undergraduate Neuroscience Education in the U.S.: Quantitative Comparisons of Programs and Graduates in the Broader Context of Undergraduate Life Sciences Education,Curriculum & program design,,,,"Curriculum & program design: neuroscience majors, neuroscience programs"
JUNE-15-1-05,15,1,2016,A Model for Teaching Advanced Neuroscience Methods: A Student-Run Seminar to Increase Practical Understanding and Confidence,Curriculum & program design; Graduate training & careers; Writing & primary literature,,,,"Curriculum & program design: interdisciplinary | Graduate training & careers: doctoral, graduate students | Writing & primary literature: primary articles, primary research articles"
JUNE-15-1-06,15,1,2016,Simulated in vivo Electrophysiology Experiments Provide Previously Inaccessible Insights into Visual Physiology,Online & remote teaching; Modeling the nervous system; Electrophysiology labs; Sensation & perception labs,,,,"Online & remote teaching: online learning | Modeling the nervous system: simulat | Electrophysiology labs: action potential, electrophysiolog, extracellular | Sensation & perception labs: sensory, vision"
JUNE-15-1-07,15,1,2016,"The Influence of Assay Design, Blinding, and Gymnema sylvestre on Sucrose Detection by Humans",Sensation & perception labs,,,,"Sensation & perception labs: gymnema, sensory, taste, tastes"
JUNE-15-1-08,15,1,2016,An Undergraduate Laboratory Exercise that Demonstrates the Difference Between Peripherally and Centrally Mediated Measures,Sensation & perception labs,,,,Sensation & perception labs: sensory
JUNE-15-1-09,15,1,2016,Are Electrode Caps Worth the Investment? An Evaluation of EEG Methods in Undergraduate Neuroscience Laboratory Courses and Research,Curriculum & program design; Human cognitive & physiological labs; CUREs & undergraduate research,,,,"Curriculum & program design: learning objectives | Human cognitive & physiological labs: eeg, electroencephalogra, fmri | CUREs & undergraduate research: research experience"
JUNE-15-1-10,15,1,2016,Use of Structural Assessment of Knowledge for Outcomes Assessment in the Neuroscience Classroom,Curriculum & program design; Assessment,,,,Curriculum & program design: core competenc | Assessment: outcomes assessment
JUNE-15-1-11,15,1,2016,An Inquiry-Based Approach to Study the Synapse: Student-Driven Experiments Using C. elegans,Active learning & teaching strategies; Genetic model organisms & modern tools,,,,"Active learning & teaching strategies: active learning, inquiry-based | Genetic model organisms & modern tools: c. elegans, caenorhabditis, genetics, mutant"
JUNE-15-1-12,15,1,2016,The Miracle Fruit: An Undergraduate Laboratory Exercise in Taste Sensation and Perception,Sensation & perception labs,,,,"Sensation & perception labs: miracle fruit, perception of taste, sensation, sensory, taste, tastes"
JUNE-15-1-13,15,1,2016,The Establishment of an On-Campus Neurotraining Center at a Small University: Internship Experience Using Neuropsychological Techniques,Curriculum & program design,,,,"Curriculum & program design: neuroscience majors, neuroscience program"
JUNE-15-1-14,15,1,2016,Using a Pop-Science Book to Teach Introductory Neuroscience: Advantages for Science Majors and Non-Science Majors Alike,Curriculum & program design; Case studies,,,,Curriculum & program design: neuroscience minor | Case studies: case stud
JUNE-15-1-15,15,1,2016,From Botox to Behavior: Neuroscience for Non-scientists at Emory,Active learning & teaching strategies,,,,"Active learning & teaching strategies: active learning, problem based learning"
JUNE-15-1-16,15,1,2016,Word Origins of Common Neuroscience Terms for Use in an Undergraduate Classroom,,,,,
JUNE-15-1-17,15,1,2016,Using Rubrics as a Scientific Writing Instructional Method in Early Stage Undergraduate Neuroscience Study,Active learning & teaching strategies; Assessment; Writing & primary literature; CUREs & undergraduate research,,,,"Active learning & teaching strategies: inquiry-based | Assessment: attitudes toward, rubric | Writing & primary literature: peer review, scientific papers, writing | CUREs & undergraduate research: independent research"
JUNE-15-1-18,15,1,2016,“Social” Neuroscience: Leveraging Social Media to Increase Student Engagement and Public Understanding of Neuroscience,Outreach & community engagement,,,,"Outreach & community engagement: community engagement, the public"
JUNE-15-1-19,15,1,2016,The Woman Born Without a Cerebellum: A Real-Life Case Adapted for Use in an Undergraduate Developmental and Systems Neuroscience Course,Active learning & teaching strategies; Case studies,,,,"Active learning & teaching strategies: active learning, collaborative learning, flipped | Case studies: case-based"
JUNE-15-1-20,15,1,2016,Professor Eric Can’t See: A Project-Based Learning Case for Neurobiology Students,Active learning & teaching strategies; Writing & primary literature; Sensation & perception labs; Case studies,,,,"Active learning & teaching strategies: active learning, problem-based learning | Writing & primary literature: primary literature | Sensation & perception labs: sensory, visual system | Case studies: case stud"
JUNE-15-2-05,15,2,2017,"Neurogaming Technology Meets Neuroscience Education: A Cost-Effective, Scalable, and Highly Portable Undergraduate Teaching Laboratory for Neuroscience",Human cognitive & physiological labs; CUREs & undergraduate research,,,,"Human cognitive & physiological labs: cognitive neuroscience, eeg, electroencephalogra, erp, event-related potential | CUREs & undergraduate research: research experience"
JUNE-15-2-06,15,2,2017,A Protocol Demonstrating 60 Different Drosophila Behaviors in One Assay,Genetic model organisms & modern tools,,,,"Genetic model organisms & modern tools: drosophila, fruit fly, genetics"
JUNE-15-2-07,15,2,2017,An Algebra-Based Introductory Computational Neuroscience Course with Lab,Open data & programming; Modeling the nervous system,,,,"Open data & programming: matlab, programming | Modeling the nervous system: computational neuroscience, models of neural"
JUNE-15-2-08,15,2,2017,Recognition Without Words: Using Taste to Explore Survival Processing,Sensation & perception labs,,,,Sensation & perception labs: taste
JUNE-15-2-09,15,2,2017,Don’t Believe the Gripe! Increasing Course Structure in a Large Non-majors Neuroscience Course,Active learning & teaching strategies; Online & remote teaching; Writing & primary literature; Case studies,,,,"Active learning & teaching strategies: active learning, course structure | Online & remote teaching: hybrid, remote learning | Writing & primary literature: peer review | Case studies: case stud, case-based"
JUNE-15-2-10,15,2,2017,Redesigning a Neuroscience Laboratory Course for Multiple Sections: An Action Research Project to Engage Students,Curriculum & program design; Graduate training & careers,,,,Curriculum & program design: syllabus | Graduate training & careers: teaching assistants
JUNE-15-2-11,15,2,2017,A Rat Model of Fetal Alcohol Syndrome: A Series of Undergraduate Laboratory Exercises for Biopsychology Courses,Animal behavior; Writing & primary literature,,,,"Animal behavior: maze, open field | Writing & primary literature: writing"
JUNE-15-2-12,15,2,2017,"The Use of Modular, Electronic Neuron Simulators for Neural Circuit Construction Produces Learning Gains in an Undergraduate Anatomy and Physiology Course",Assessment; Modeling the nervous system; Electrophysiology labs,,,,"Assessment: learning gains, post-test, pre/post | Modeling the nervous system: simulat | Electrophysiology labs: electrophysiolog"
JUNE-15-2-13,15,2,2017,A Critical Thinking Activity on Drug Tolerance for Undergraduate Neuroscience Courses,Active learning & teaching strategies,,,,"Active learning & teaching strategies: active learning, critical thinking"
JUNE-15-2-14,15,2,2017,Grasshopper DCMD: An Undergraduate Electrophysiology Lab for Investigating Single-Unit Responses to Behaviorally-Relevant Stimuli,Animal behavior; Modeling the nervous system; Electrophysiology labs; Sensation & perception labs,,,,"Animal behavior: etholog | Modeling the nervous system: simulat | Electrophysiology labs: backyard brains, electrophysiolog, extracellular, spikerbox | Sensation & perception labs: vision"
JUNE-15-2-15,15,2,2017,Locate the Lesion: A Project-Based Learning Case that Stimulates Comprehension and Application of Neuroanatomy,Active learning & teaching strategies; Case studies,,,,"Active learning & teaching strategies: active learning, flipped, problem based learning, problem-based learning | Case studies: case stud"
JUNE-15-2-16,15,2,2017,Drugs & the Brain: Case-Based Instruction for an Undergraduate Neuropharmacology Course,Active learning & teaching strategies; Curriculum & program design; Writing & primary literature; Case studies,,,,"Active learning & teaching strategies: active learning, course structure | Curriculum & program design: learning outcomes | Writing & primary literature: peer review | Case studies: case stud, case-based"
JUNE-16-1-05,16,1,2017,An Interactive Simulation Program for Exploring Computational Models of Auto-Associative Memory,Modeling the nervous system,,,,"Modeling the nervous system: computational model, computational neuroscience, neural networks, simulat"
JUNE-16-1-06,16,1,2017,"Diversity of Graduates from Bachelor’s, Master’s and Doctoral Degree Neuroscience Programs in the United States",DEI; Curriculum & program design; Graduate training & careers,,,,"DEI: diversity, gender, minorities, underrepresented | Curriculum & program design: neuroscience degree, neuroscience programs | Graduate training & careers: doctoral, master's"
JUNE-16-1-07,16,1,2017,A Case Study in the Use of Primary Literature in the Context of Authentic Learning Pedagogy in the Undergraduate Neuroscience Classroom,Active learning & teaching strategies; Writing & primary literature; Case studies,,,,Active learning & teaching strategies: flipped | Writing & primary literature: primary literature | Case studies: case stud
JUNE-16-1-08,16,1,2017,Measuring Salivary Alpha-Amylase in the Undergraduate Neuroscience Laboratory,Human cognitive & physiological labs,,,,"Human cognitive & physiological labs: galvanic skin, heart rate"
JUNE-16-1-09,16,1,2017,An Attitudinal Survey of Undergraduate Neuroscience Students Regarding Their Views on the Relevance of Lectures to their Education,Case studies,,,,Case studies: case stud
JUNE-16-1-10,16,1,2017,Using the Tools of Behavioral Neuroscience to Determine the Identity of Different Mouse Strains in a Laboratory Course,Active learning & teaching strategies; Animal behavior,,,,"Active learning & teaching strategies: course structure | Animal behavior: maze, open field"
JUNE-16-1-11,16,1,2017,Cartoon Network: A Tool for Open-Ended Exploration of Neural Circuits,Open data & programming; Modeling the nervous system; Outreach & community engagement; Sensation & perception labs,,,,"Open data & programming: programming | Modeling the nervous system: cartoon network, neural network, neural networks, simulat | Outreach & community engagement: elementary | Sensation & perception labs: sensory, touch"
JUNE-16-1-12,16,1,2017,“Brevity is the Soul of Wit”: Use of a Stepwise Project to Teach Concise Scientific Writing,Writing & primary literature,,,,"Writing & primary literature: peer review, writing"
JUNE-16-1-13,16,1,2017,Using Action-Mapping to Design a Non-Majors Neuroeconomics Course to Teach First-Year Collegiate Skills,Curriculum & program design,,,,Curriculum & program design: course design
JUNE-16-1-14,16,1,2017,Characterizing the Undergraduate Neuroscience Major in the U. S.: An Examination of Course Requirements and Institution-Program Associations,Curriculum & program design; Open data & programming; CUREs & undergraduate research,,,,"Curriculum & program design: interdisciplinary, neuroscience degree, neuroscience major, neuroscience program, neuroscience programs | Open data & programming: database | CUREs & undergraduate research: undergraduate research"
JUNE-16-1-15,16,1,2017,Teaching with Big Data: Report from the 2016 Society for Neuroscience Teaching Workshop,Faculty professional development; Open data & programming; Modeling the nervous system,,,,"Faculty professional development: primarily undergraduate institution, teaching workshop | Open data & programming: allen brain, big data, neuroinformatics, open data | Modeling the nervous system: computational model"
JUNE-16-1-16,16,1,2017,Integrating Brain Science into Health Studies: An Interdisciplinary Course in Contemplative Neuroscience and Yoga,Curriculum & program design; Assessment,,,,Curriculum & program design: interdisciplinary | Assessment: pre/post
JUNE-16-1-17,16,1,2017,Learning Experimental Design through Targeted Student-Centric Journal Club with Screencasting,Writing & primary literature,,,,"Writing & primary literature: journal club, scientific literature"
JUNE-16-1-18,16,1,2017,Interviewing Neuroscientists for an Undergraduate Honors Project,Curriculum & program design; Assessment; Graduate training & careers; Outreach & community engagement,,,,Curriculum & program design: learning objectives | Assessment: rubric | Graduate training & careers: career paths | Outreach & community engagement: service learning
JUNE-16-1-19,16,1,2017,Front and Back Flipping for Neurobiology! Developing a Hybrid Upper-Division Lab Course,Active learning & teaching strategies; Assessment; Online & remote teaching; Graduate training & careers,,,,"Active learning & teaching strategies: active learning, flipped | Assessment: student survey | Online & remote teaching: hybrid, online instruction | Graduate training & careers: graduate student, teaching assistants"
JUNE-16-1-20,16,1,2017,An Integrative Approach to STEM Concepts in an Introductory Neuroscience Course: Gains in Interdisciplinary Awareness,DEI; Active learning & teaching strategies; Curriculum & program design,,,,"DEI: diversity, inclusion | Active learning & teaching strategies: flipped | Curriculum & program design: interdisciplinary"
JUNE-16-1-21,16,1,2017,Using Case Studies to Promote Student Engagement in Primary Literature Data Analysis and Evaluation,Active learning & teaching strategies; Writing & primary literature; Case studies,,,,Active learning & teaching strategies: active learning | Writing & primary literature: primary literature | Case studies: case stud
JUNE-16-2-04,16,2,2018,Clinical Neuroscience in Practice: An Experiential Learning Course for Undergraduates Offered by Neurosurgeons and Neuroscientists,Graduate training & careers,,,,Graduate training & careers: graduate school
JUNE-16-2-05,16,2,2018,Using Blogs as Practice Writing About Original Neuroscience Papers Enhances Students’ Confidence in Their Critical Analysis of Research,Assessment; Writing & primary literature,,,,"Assessment: self-efficacy | Writing & primary literature: primary literature, scientific literature, writing"
JUNE-16-2-06,16,2,2018,A Simple Method for Teaching Bayesian Hypothesis Testing in the Brain and Behavioral Sciences,,,,,
JUNE-16-2-07,16,2,2018,"The Design, Implementation, and Assessment of an Undergraduate Neurobiology Course using a Project-Based Approach",Assessment,,,,"Assessment: self-efficacy, student attitudes"
JUNE-16-2-08,16,2,2018,A Low-Cost Morris Water Maze for Undergraduate Research: Construction and Demonstration in a Rat Model of Obesity-Induced Diabetes,Animal behavior; CUREs & undergraduate research,,,,Animal behavior: maze | CUREs & undergraduate research: undergraduate research
JUNE-16-2-09,16,2,2018,Using Optogenetics to Understand Neuronal Mechanisms Underlying Behavior in C. elegans,Animal behavior; CUREs & undergraduate research; Genetic model organisms & modern tools,,,,"Animal behavior: behavioral assay | CUREs & undergraduate research: independent research | Genetic model organisms & modern tools: c. elegans, caenorhabditis, channelrhodopsin, genetics, mutant, optogenetic"
JUNE-16-2-10,16,2,2018,Partnerships in Neuroscience Research Between Small Colleges and Large Institutions: A Case Study,Graduate training & careers; Case studies; CUREs & undergraduate research,,,,"Graduate training & careers: graduate school | Case studies: case stud | CUREs & undergraduate research: research experience, undergraduate research"
JUNE-16-2-11,16,2,2018,The Olfactory Proboscis Extension Response in the Honey Bee: A Laboratory Exercise in Classical Conditioning,Animal behavior; Sensation & perception labs,,,,Animal behavior: conditioning | Sensation & perception labs: olfact
JUNE-16-2-12,16,2,2018,Aversive and Appetitive Learning in Drosophila Larvae: A Simple and Powerful Suite of Laboratory Modules for Classroom or Open-ended Research Projects,Animal behavior; Writing & primary literature; Outreach & community engagement; CUREs & undergraduate research; Genetic model organisms & modern tools,,,,"Animal behavior: behavioral assay | Writing & primary literature: literature review | Outreach & community engagement: high school, outreach | CUREs & undergraduate research: independent research | Genetic model organisms & modern tools: drosophila"
JUNE-16-2-13,16,2,2018,Using ImageJ to Assess Neurite Outgrowth in Mammalian Cell Cultures: Research Data Quantification Exercises in Undergraduate Neuroscience Lab,,,,,
JUNE-16-2-14,16,2,2018,Epilepsy and the Action Potential: Using Case Based Instruction and Primary Literature in a Neurobiology Course,Active learning & teaching strategies; Writing & primary literature; Electrophysiology labs; Case studies,,,,"Active learning & teaching strategies: active learning | Writing & primary literature: primary literature | Electrophysiology labs: action potential | Case studies: case based, case stud"
JUNE-16-3-05,16,3,2018,Cartoon Network Update: New features for exploring of neural circuits,Modeling the nervous system,,,,"Modeling the nervous system: cartoon network, neural network, simulat"
JUNE-16-3-06,16,3,2018,Open Source Software Tools for Teaching Neuroscience,Curriculum & program design; Graduate training & careers; Modeling the nervous system; Electrophysiology labs,,,,Curriculum & program design: interdisciplinary | Graduate training & careers: careers in | Modeling the nervous system: computational neuroscience | Electrophysiology labs: electrophysiolog
JUNE-16-3-07,16,3,2018,Demystifying Graduate School: Navigating a PhD in Neuroscience and Beyond,Graduate training & careers,,,,"Graduate training & careers: graduate program, graduate programs, graduate school, graduate training, phd"
JUNE-16-3-08,16,3,2018,Recording EMG Signals on a Computer Sound Card,Human cognitive & physiological labs; Open data & programming,,,,Human cognitive & physiological labs: emg | Open data & programming: python
JUNE-16-3-09,16,3,2018,“Doing” the Reading: What Neuroscience Instructors Should Know about Reading Compliance and Comprehension in College,Writing & primary literature,,,,Writing & primary literature: primary literature
JUNE-16-3-10,16,3,2018,Specific Aims Workshop: Your Grant in a Sound Bite,Writing & primary literature,,,,Writing & primary literature: writing
JUNE-16-3-11,16,3,2018,Demonstrating Connections Between Neuron Signaling and Behavior using C. elegans Learning Assays and Optogenetics in a Laboratory Class,Animal behavior; Sensation & perception labs; Genetic model organisms & modern tools,,,,"Animal behavior: behavioral assay, worm behavio | Sensation & perception labs: gustat, touch | Genetic model organisms & modern tools: c. elegans, caenorhabditis, channelrhodopsin, optogenetic"
JUNE-16-3-12,16,3,2018,NeuroBytes Electronic Neuron Simulators and the 2017 FUN Summer Workshop,Modeling the nervous system,,,,Modeling the nervous system: simulat
JUNE-16-3-13,16,3,2018,Using Online Images to Teach Quantitative Skills via Comparative Neuroanatomy: Applying the Directives of Vision and Change,Curriculum & program design; Assessment; Sensation & perception labs,,,,"Curriculum & program design: neuroscience majors | Assessment: posttest, pretest | Sensation & perception labs: vision"
JUNE-16-3-14,16,3,2018,The New Blueprints: Undergraduate Neuroscience Education in the Twenty-First Century,Curriculum & program design,,,,"Curriculum & program design: blueprint, core competenc, neuroscience major, neuroscience minor"
JUNE-16-3-15,16,3,2018,A Discussion of Diversity and Inclusivity at the Institutional Level: The Need For a Strategic Plan,DEI,,,,"DEI: diversity, inclusion, inclusive, inclusivity"
JUNE-16-3-16,16,3,2018,The Allen Brain Atlas as a Resource for Teaching Undergraduate Neuroscience,Open data & programming; Graduate training & careers,,,,"Open data & programming: allen brain, allen institute, open data | Graduate training & careers: graduate students"
JUNE-16-3-17,16,3,2018,Building an Inclusive Classroom,DEI; Active learning & teaching strategies,,,,"DEI: diverse population, equitable, inclusive, underrepresented | Active learning & teaching strategies: active learning, course structure"
JUNE-16-3-18,16,3,2018,Expanding Collaborations between the Neuroscience Training Committee of the Society for Neuroscience and the Faculty for Undergraduate Neuroscience,Curriculum & program design; Assessment; Graduate training & careers,,,,Curriculum & program design: curriculum development | Assessment: assessment tools | Graduate training & careers: graduate school
JUNE-16-3-19,16,3,2018,Reducing the Cost of Electrophysiology in the Teaching Laboratory,Electrophysiology labs,,,,"Electrophysiology labs: electrophysiolog, extracellular, intracellular"
JUNE-16-3-20,16,3,2018,Muscle Spindles and Our Sense of Physical Self: Kinesthetic Illusions of Limb Position and Posture,Faculty professional development; Animal behavior; Sensation & perception labs,,,,"Faculty professional development: faculty workshop | Animal behavior: locomot | Sensation & perception labs: illusion, proprioce, sensory"
JUNE-16-3-21,16,3,2018,Probing Synaptic Transmission and Behavior in Drosophila with Optogenetics: A Laboratory Exercise,Animal behavior; Electrophysiology labs; CUREs & undergraduate research; Genetic model organisms & modern tools,,,,"Animal behavior: locomot | Electrophysiology labs: electrophysiolog | CUREs & undergraduate research: independent research | Genetic model organisms & modern tools: channelrhodopsin, drosophila, fruit fly, gal4, mutant, optogenetic, transgenic"
JUNE-17-1-03,17,1,2018,Analysis of Student Attitudes of a Neurobiology Themed Inquiry Based Research Experience in First Year Biology Labs,DEI; Active learning & teaching strategies; Assessment; CUREs & undergraduate research; Genetic model organisms & modern tools,,,,"DEI: diverse backgrounds | Active learning & teaching strategies: inquiry based, inquiry-based | Assessment: attitudes toward, learning gains, pre-and post, student attitudes | CUREs & undergraduate research: cure, research experience, research experiences | Genetic model organisms & modern tools: c. elegans"
JUNE-17-1-04,17,1,2018,Recommendations for Developing an EEG Laboratory at a Primarily Undergraduate Institution,Faculty professional development; Curriculum & program design; Human cognitive & physiological labs; Case studies,,,,"Faculty professional development: primarily undergraduate institution, pui, puis | Curriculum & program design: interdisciplinary, neuroscience programs | Human cognitive & physiological labs: cognitive neuroscience, eeg, electroencephalogra, erp, event-related potential | Case studies: case stud"
JUNE-17-1-05,17,1,2018,Neuroscience and Sustainability: An Online Module on “Environmental Neuroscience”,Curriculum & program design; Online & remote teaching; Writing & primary literature; Sensation & perception labs,,,,Curriculum & program design: interdisciplinary | Online & remote teaching: online teaching | Writing & primary literature: writing | Sensation & perception labs: sensory
JUNE-17-1-06,17,1,2018,Mystery Neurotransmitters! An Active Learning Activity on Synaptic Function for Undergraduate Students,Active learning & teaching strategies,,,,"Active learning & teaching strategies: active learning, critical thinking, team-based learning"
JUNE-17-1-07,17,1,2018,The Neuroscience Classroom Remodeled with Team-Based Learning,Active learning & teaching strategies; Sensation & perception labs,,,,"Active learning & teaching strategies: active learning, collaborative learning, critical thinking, flipped, team-based learning | Sensation & perception labs: hearing"
JUNE-17-1-08,17,1,2018,Teaching Dose-response Relationships Through Aminoglycoside Block of Mechanotransduction Channels in Lateral Line Hair Cells of Larval Zebrafish,Writing & primary literature; Genetic model organisms & modern tools,,,,Writing & primary literature: scientific papers | Genetic model organisms & modern tools: zebrafish
JUNE-17-1-09,17,1,2018,Raising Awareness About Prescription and Stimulant Abuse in College Students Through On-Campus Community Involvement Projects,,,,,
JUNE-17-1-10,17,1,2018,"A Report on the Qualities, Skills, and Characteristics Desired by Top Neuroscience Graduate Programs",Graduate training & careers; CUREs & undergraduate research,,,,"Graduate training & careers: graduate programs, graduate school | CUREs & undergraduate research: research experience"
JUNE-17-1-11,17,1,2018,Impact of Experiential Neuroscience of Meditation Course on Attitudes Toward Mediation and Science,Curriculum & program design; Assessment; Human cognitive & physiological labs,,,,Curriculum & program design: interdisciplinary | Assessment: attitudes toward | Human cognitive & physiological labs: electroencephalogra
JUNE-17-1-12,17,1,2018,Using iBiology as a Tool for Undergraduate Neuroscience Education,Faculty professional development; Active learning & teaching strategies; Graduate training & careers,,,,Faculty professional development: professional development | Active learning & teaching strategies: flipped | Graduate training & careers: career exploration
JUNE-17-1-13,17,1,2018,The Behavioral Effects of Oral Psychostimulant Ingestion on a Laboratory Rat Sample: An Undergraduate Research Experience,Animal behavior; CUREs & undergraduate research,,,,Animal behavior: maze | CUREs & undergraduate research: undergraduate research
JUNE-17-1-14,17,1,2018,Using a Contrast Illusion to Teach Principles of Neural Processing,Active learning & teaching strategies; Assessment; Sensation & perception labs,,,,"Active learning & teaching strategies: active learning | Assessment: assessment of student | Sensation & perception labs: illusion, psychophysic"
JUNE-17-1-15,17,1,2018,"Engaging, Entertaining, and Educating Under-Served and At-Risk Youth with STEM-Based Activities",Curriculum & program design; Outreach & community engagement,,,,"Curriculum & program design: neuroscience major, neuroscience program | Outreach & community engagement: service learning, service-learning"
JUNE-17-1-16,17,1,2018,Classroom-Based Research Experiences to Support Underserved STEM Student Success: From Introductory Inquiry to Optogenetics in the Embryonic Chicken,Active learning & teaching strategies; CUREs & undergraduate research; Genetic model organisms & modern tools,,,,"Active learning & teaching strategies: active learning | CUREs & undergraduate research: authentic research, cure, research experiences, summer research | Genetic model organisms & modern tools: optogenetic"
JUNE-17-1-17,17,1,2018,How to Train a Honey Bee,Animal behavior,,,,"Animal behavior: animal behavio, social behavio"
JUNE-17-2-03,17,2,2019,Long Term Potentiation in Mouse Hippocampal Slices in an Undergraduate Laboratory Course,Assessment; Electrophysiology labs,,,,Assessment: assessment tool | Electrophysiology labs: electrophysiolog
JUNE-17-2-04,17,2,2019,Hands-on Undergraduate Experiences Using Low-Cost Electroencephalography (EEG) Devices,Curriculum & program design; Human cognitive & physiological labs,,,,"Curriculum & program design: neuroscience majors | Human cognitive & physiological labs: cognitive neuroscience, eeg, electroencephalogra"
JUNE-17-2-05,17,2,2019,Development of an Introductory Neuroscience Teaching Experience for Undergraduates with a Low-Cost Neuroscience Summer Academy,Curriculum & program design; Graduate training & careers; Outreach & community engagement,,,,"Curriculum & program design: neuroscience programs | Graduate training & careers: graduate program, teaching assistants | Outreach & community engagement: high school, service learning, service-learning"
JUNE-17-2-06,17,2,2019,An Effective Model for Engaging Faculty and Undergraduate Students in Neuroscience Outreach with Middle Schoolers,DEI; Active learning & teaching strategies; Writing & primary literature; Outreach & community engagement; Sensation & perception labs,,,,"DEI: underrepresented | Active learning & teaching strategies: active learning | Writing & primary literature: science communication | Outreach & community engagement: brain awareness, middle school, outreach, the public | Sensation & perception labs: sensory"
JUNE-17-2-07,17,2,2019,"Motivation, Belongingness, and Anxiety in Neuroscience Undergraduates: Emphasizing First Generation College Students",DEI; Curriculum & program design,,,,"DEI: belonging, first generation, first-generation, gender | Curriculum & program design: neuroscience major, neuroscience majors, neuroscience programs"
JUNE-17-2-08,17,2,2019,Development of Low-Cost Tactile Neuroanatomy Learning Tools for Students with Visual-Impairmen,DEI; Active learning & teaching strategies; Curriculum & program design,,,,"DEI: disabilit, inclusive | Active learning & teaching strategies: cooperative learning | Curriculum & program design: neuroscience programs"
JUNE-17-2-09,17,2,2019,Neuroscience and Education Colleagues Collaborate to Design and Assess Effective Brain Outreach for Preschoolers,Curriculum & program design; Open data & programming; Outreach & community engagement,,,,"Curriculum & program design: develop a neuroscience curricul, interdisciplinary | Open data & programming: programming | Outreach & community engagement: elementary, high school, outreach"
JUNE-17-2-10,17,2,2019,Two Scientists Share Nobel Prize for the First Time! A Case Study Developed for Exploring the History of Neuroanatomy,Active learning & teaching strategies; Writing & primary literature; Case studies,,,,"Active learning & teaching strategies: collaborative learning | Writing & primary literature: reading primary | Case studies: case stud, case-based"
JUNE-17-2-11,17,2,2019,An Electrophysiological Investigation of Power-Amplification in the Ballistic Mantis Shrimp Punch,Human cognitive & physiological labs; Electrophysiology labs,,,,"Human cognitive & physiological labs: electromyogra, emg | Electrophysiology labs: electrophysiolog"
JUNE-18-1-02,18,1,2019,Student-led Recaps and Retrieval Practice: A Simple Classroom Activity Emphasizing Effective Learning Strategies,DEI; Faculty professional development; Active learning & teaching strategies; Open data & programming,,,,"DEI: inclusive | Faculty professional development: faculty development, professional development | Active learning & teaching strategies: active learning | Open data & programming: coding"
JUNE-18-1-03,18,1,2019,Cognitive and Non-Cognitive Outcomes Associated with Student Engagement in a Novel Brain Chemoarchitecture Mapping Course-Based Undergraduate Research Experience,Active learning & teaching strategies; Curriculum & program design; Writing & primary literature; CUREs & undergraduate research,,,,"Active learning & teaching strategies: active learning | Curriculum & program design: curriculum design | Writing & primary literature: science communication | CUREs & undergraduate research: authentic research, course-based undergraduate research, cure, cures"
JUNE-18-1-04,18,1,2019,Everyday Neuroscience: A Community Engagement Course,Active learning & teaching strategies; Outreach & community engagement; Sensation & perception labs,,,,"Active learning & teaching strategies: active learning, critical thinking | Outreach & community engagement: community engagement, high school, outreach, service learning | Sensation & perception labs: vision"
JUNE-18-1-05,18,1,2019,Quantitative Indicators of Continued Growth in Undergraduate Neuroscience Education in the US,Curriculum & program design,,,,"Curriculum & program design: neuroscience majors, neuroscience programs"
JUNE-18-1-06,18,1,2019,Modulating the Zebrafish Camouflage Response Pathway to Illustrate Neuroendocrine Control Over a Robust and Quantifiable Behavior,Animal behavior; Genetic model organisms & modern tools,,,,Animal behavior: animal behavio | Genetic model organisms & modern tools: zebrafish
JUNE-18-1-07,18,1,2019,Versatile Undergraduate Neurobiology Course-Based Research Experiences Using Open Access 3D Electron Microscopy Image Volumes,Active learning & teaching strategies; CUREs & undergraduate research,,,,"Active learning & teaching strategies: inquiry-based | CUREs & undergraduate research: course-based research, course-based undergraduate research, cure, cures"
JUNE-18-1-08,18,1,2019,The Mysterious Case of Patient X: A Case Study for Neuroscience Students,Active learning & teaching strategies; Graduate training & careers; Case studies,,,,"Active learning & teaching strategies: collaborative learning | Graduate training & careers: graduate students | Case studies: case stud, clinical case"
JUNE-18-1-09,18,1,2019,‘Without A Key’: A Classroom Case Study,Active learning & teaching strategies; Human cognitive & physiological labs; Electrophysiology labs; Case studies,,,,Active learning & teaching strategies: problem-based learning | Human cognitive & physiological labs: event-related potential | Electrophysiology labs: electrophysiolog | Case studies: case stud
JUNE-18-1-10,18,1,2019,3D Printing Neuron Equivalent Circuits: An Undergraduate Laboratory Exercise,Open data & programming; Modeling the nervous system,,,,"Open data & programming: arduino | Modeling the nervous system: hodgkin, simulat"
JUNE-18-2-03,18,2,2020,Interactive Student-Centered Neuroscience Workshops for Sixth Graders Enhance Science Knowledge and Education Attitudes,Assessment; Outreach & community engagement,,,,"Assessment: attitudes toward, post-test | Outreach & community engagement: elementary, outreach"
JUNE-18-2-04,18,2,2020,Chick Embryonic Primary Astrocyte Cultures Provide an Effective and Scalable Model for Authentic Research in a Laboratory Class,Assessment; CUREs & undergraduate research,,,,"Assessment: learning gains | CUREs & undergraduate research: authentic research, course-based undergraduate research, cure, cures, research experiences, undergraduate research"
JUNE-18-2-05,18,2,2020,Using Drosophila Motor Mutants to Teach Neurodevelopment in an Undergraduate Neurobiology Lab,Genetic model organisms & modern tools,,,,"Genetic model organisms & modern tools: drosophila, mutants"
JUNE-18-2-06,18,2,2020,Comparing Active Learning to Team-Based Learning in Undergraduate Neuroscience,Active learning & teaching strategies; Curriculum & program design,,,,"Active learning & teaching strategies: active learning, collaborative learning, team-based learning | Curriculum & program design: learning outcomes"
JUNE-18-2-07,18,2,2020,Cocktail Napkin Presentations: Design of an Activity to Enhance Undergraduate Communication and Critical Evaluation of Neuroscience Primary Literature,Writing & primary literature,,,,"Writing & primary literature: primary literature, reading primary, science communication"
JUNE-18-2-08,18,2,2020,Quantifying the Effects of Two Local Anesthetics on the Crayfish Stretch Receptor Organ: An Integrated Neurophysiology Lab,Electrophysiology labs; CUREs & undergraduate research,,,,"Electrophysiology labs: action potential | CUREs & undergraduate research: course-based undergraduate research, cure"
JUNE-18-2-09,18,2,2020,Undergraduate Participation in the Society for Neuroscience,Faculty professional development; Curriculum & program design; Graduate training & careers; Outreach & community engagement,,,,"Faculty professional development: professional development | Curriculum & program design: neuroscience majors, neuroscience programs | Graduate training & careers: careers in | Outreach & community engagement: outreach"
JUNE-18-2-10,18,2,2020,Meningitis in College Students: Using a Case Study to Expose Introductory Neuroscience Students to Primary Scientific Literature and Applications of Neuroscience,Curriculum & program design; Writing & primary literature; Case studies,,,,Curriculum & program design: learning objectives | Writing & primary literature: scientific literature | Case studies: case stud
JUNE-19-1-02,19,1,2020,Reproducible Quantitative Stimulation Allows New Analysis of Crayfish Muscle Receptor Organ Responses,Open data & programming; Electrophysiology labs; Sensation & perception labs,,,,"Open data & programming: arduino, coding, python | Electrophysiology labs: extracellular, suction electrode | Sensation & perception labs: sensory"
JUNE-19-1-03,19,1,2020,Dissecting the Molecular and Neural Circuit Bases of Behavior as an Introduction to Discovery-Driven Research: A Report on a Course-Based Undergraduate Research Experience,Active learning & teaching strategies; CUREs & undergraduate research; Genetic model organisms & modern tools,,,,"Active learning & teaching strategies: active learning | CUREs & undergraduate research: course-based undergraduate research, cure | Genetic model organisms & modern tools: drosophila, genetics, transgenic"
JUNE-19-1-04,19,1,2020,Evaluation of Students’ Conceptual Organization of Neuroscience May Depend on the Expert Referent,Curriculum & program design,,,,Curriculum & program design: interdisciplinary
JUNE-19-1-05,19,1,2020,"Physiologists Turned Geneticists: Identifying Transcripts and Genes for Neuronal Function in the Marbled Crayfish, Procambarus virginalis",Curriculum & program design; CUREs & undergraduate research; Genetic model organisms & modern tools,,,,"Curriculum & program design: interdisciplinary, learning objectives | CUREs & undergraduate research: undergraduate research | Genetic model organisms & modern tools: genetic tools"
JUNE-19-1-06,19,1,2020,Integrating Research into the Undergraduate Curriculum: 1. Early Research Experiences and Training,DEI; Faculty professional development; Active learning & teaching strategies; CUREs & undergraduate research,,,,"DEI: diversity, inclusion | Faculty professional development: professional development, puis | Active learning & teaching strategies: critical thinking | CUREs & undergraduate research: research experiences, undergraduate research"
JUNE-19-1-07,19,1,2020,Integrating Research into the Undergraduate Curriculum: 2. Scaffolding Research Skills and Transitioning toward Independent Research,DEI; Faculty professional development; Active learning & teaching strategies; Graduate training & careers; CUREs & undergraduate research,,,,"DEI: diversity, equity, inclusive, inclusivity, underrepresented | Faculty professional development: primarily undergraduate institution, pui, puis | Active learning & teaching strategies: active learning, critical thinking | Graduate training & careers: careers in, postbac | CUREs & undergraduate research: cure, independent research, research experience, undergraduate research"
JUNE-19-1-08,19,1,2020,Integrating Research into the Undergraduate Curriculum: 3. Research Training in the Upper-level Neuroscience Curriculum,DEI; Faculty professional development; CUREs & undergraduate research,,,,"DEI: inclusion, underrepresented | Faculty professional development: primarily undergraduate institution, pui, puis | CUREs & undergraduate research: honors thesis, senior thesis, undergraduate research"
JUNE-19-1-09,19,1,2020,A Capstone Course Where Students Present Contemporary Neuroscience Research to High School Students,Online & remote teaching; Outreach & community engagement,,,,Online & remote teaching: remote instruction | Outreach & community engagement: high school
JUNE-19-1-10,19,1,2020,Learning How to Code While Analyzing an Open Access Electrophysiology Dataset,Open data & programming; Electrophysiology labs,,,,"Open data & programming: allen institute, big data, coding, jupyter, programming, python | Electrophysiology labs: electrophysiolog, patch clamp"
JUNE-19-1-11,19,1,2020,Non-Disposable Assignments for Remote Neuroscience Laboratory Teaching Using Analysis of Human Data,Human cognitive & physiological labs; Open data & programming; Online & remote teaching,,,,"Human cognitive & physiological labs: fmri, functional magnetic, psychophysiolog | Open data & programming: database, rstudio | Online & remote teaching: remote teaching"
JUNE-19-1-12,19,1,2020,Highlighting Diversity in Neuroscience through Course Content,DEI; Curriculum & program design,,,,"DEI: belonging, diverse backgrounds, diversity, inclusion, underrepresented | Curriculum & program design: neuroscience majors"
JUNE-19-1-13,19,1,2020,Developing and Implementing Low-Cost Remote Laboratories for Undergraduate Biology and Neuroscience Courses,Assessment; Online & remote teaching,,,,"Assessment: self-efficacy | Online & remote teaching: distance learning, pandemic, remote lab, remote labs, remote learning, remote teaching"
JUNE-19-1-14,19,1,2020,Inexpensive Methods for Live Imaging of Central Pattern Generator Activity in the Drosophila Larval Locomotor System,Animal behavior; Modeling the nervous system; Electrophysiology labs; Sensation & perception labs; Genetic model organisms & modern tools,,,,Animal behavior: locomot | Modeling the nervous system: neural networks | Electrophysiology labs: electrophysiolog | Sensation & perception labs: sensory | Genetic model organisms & modern tools: drosophila
JUNE-19-1-15,19,1,2020,Building Your Own Neuroscience Equipment: A Precision Micromanipulator and an Epi-fluorescence Microscope for Calcium Imaging,Electrophysiology labs; Genetic model organisms & modern tools,,,,"Electrophysiology labs: action potential | Genetic model organisms & modern tools: drosophila, transgenic"
JUNE-19-2-02,19,2,2021,Effective Use of Student-Created Case Studies as Assessment in an Undergraduate Neuroscience,Active learning & teaching strategies; Curriculum & program design; Writing & primary literature; Case studies,,,,"Active learning & teaching strategies: active learning, collaborative learning, cooperative learning, flipped | Curriculum & program design: learning objectives | Writing & primary literature: primary literature, writing | Case studies: case stud"
JUNE-19-2-03,19,2,2021,Teaching Neuroimmunology to Undergraduate Students: Resource for Full Course or Modular Implementation,Active learning & teaching strategies; Writing & primary literature; Sensation & perception labs,,,,"Active learning & teaching strategies: active learning, critical thinking | Writing & primary literature: literature review, primary literature, primary papers, writing | Sensation & perception labs: taste"
JUNE-19-2-04,19,2,2021,Teaching Computation in Neuroscience: Notes on the 2019 Society for Neuroscience Professional Development Workshop on Teaching,Faculty professional development; Open data & programming; Modeling the nervous system,,,,"Faculty professional development: professional development, teaching workshop | Open data & programming: coding, matlab, programming, python | Modeling the nervous system: computational model, computational neuroscience"
JUNE-19-2-05,19,2,2021,Integrating Service Learning into a Neuropsychopharmacology Course,Active learning & teaching strategies; Open data & programming; Outreach & community engagement,,,,"Active learning & teaching strategies: critical thinking | Open data & programming: programming | Outreach & community engagement: service learning, service-learning"
JUNE-19-2-06,19,2,2021,Cooperative Group Learning in Undergraduate Neuroscience: Using Simulations to Complement Problem-Solving Assignments,Active learning & teaching strategies; Modeling the nervous system,,,,Active learning & teaching strategies: active learning | Modeling the nervous system: simulat
JUNE-19-2-07,19,2,2021,"Reading the Brain: An Interdisciplinary First-Year Seminar on the Intersection of Neuroscience, Literature, and Popular Culture",Curriculum & program design; Human cognitive & physiological labs,,,,Curriculum & program design: interdisciplinary | Human cognitive & physiological labs: cognitive neuroscience
JUNE-19-2-08,19,2,2021,"Assessment of Mapping the Brain , a Novel Research and Neurotechnology Based Approach for the Modern Neuroscience Classroom",Assessment; Graduate training & careers; Writing & primary literature; CUREs & undergraduate research; Genetic model organisms & modern tools,,,,"Assessment: pre/post | Graduate training & careers: graduate education, graduate students | Writing & primary literature: primary literature | CUREs & undergraduate research: authentic research, course based undergraduate research, course-based undergraduate research, cure, cures | Genetic model organisms & modern tools: chemogenetic"
JUNE-19-2-09,19,2,2021,A Course-Based Research Experience Using the Allen Brain Map: From Research Question to Poster Session,Open data & programming; CUREs & undergraduate research,,,,"Open data & programming: allen brain, allen institute, open data | CUREs & undergraduate research: course-based research, course-based undergraduate research, cure, cures"
JUNE-19-2-10,19,2,2021,Phantom Limb Pain: Feeling Sensation from a Limb That is No Longer Present and What it Can Reveal about Our Brain Anatomy,Human cognitive & physiological labs; Online & remote teaching; Writing & primary literature; Sensation & perception labs,,,,"Human cognitive & physiological labs: fmri | Online & remote teaching: hybrid | Writing & primary literature: primary literature | Sensation & perception labs: sensation, somatosens, two-point"
JUNE-20-1-04,20,1,2021,DRD4 Allele Frequency as a Lab Exercise in Neuroscience and Genetics Courses,Open data & programming; Outreach & community engagement; Genetic model organisms & modern tools,,,,Open data & programming: coding | Outreach & community engagement: high school | Genetic model organisms & modern tools: genetics
JUNE-20-1-05,20,1,2021,Pedagogical Activities for Assessing Human and Rat Taste-Related Behavioral Responses to Gymnema sylvestre,Sensation & perception labs,,,,"Sensation & perception labs: gymnema, taste"
JUNE-20-1-06,20,1,2021,Signal : A Neurotransmission Board Game,Active learning & teaching strategies; Electrophysiology labs,,,,"Active learning & teaching strategies: critical thinking, game | Electrophysiology labs: action potential, action potentials"
JUNE-20-1-07,20,1,2021,"The Spine Lab: A Short-Duration, Fully-Remote Course-Based Undergraduate Research Experience",DEI; Assessment; Open data & programming; CUREs & undergraduate research; Genetic model organisms & modern tools,,,,"DEI: inclusive | Assessment: attitudes about, post-test | Open data & programming: database | CUREs & undergraduate research: course-based undergraduate research, cure, cures | Genetic model organisms & modern tools: knockouts"
JUNE-20-1-08,20,1,2021,Race and the Ivory Tower: An Antiracism Exercise for an Undergraduate Neuroscience Classroom,DEI,,,,"DEI: antiracis, racism"
JUNE-20-1-09,20,1,2021,Class Size and Student Performance in a Team-Based Learning Course,Active learning & teaching strategies; Assessment,,,,"Active learning & teaching strategies: active learning, team-based learning | Assessment: summative assessment"
JUNE-20-1-10,20,1,2021,A Semester without Exams: Approaches in a Small And Large Course,Curriculum & program design; Online & remote teaching,,,,"Curriculum & program design: course design | Online & remote teaching: pandemic, remote learning"
JUNE-20-1-11,20,1,2021,Open-Ended Inquiry into Zebrafish Nerve Development Using Image Analysis,Online & remote teaching; Writing & primary literature; Sensation & perception labs; CUREs & undergraduate research; Genetic model organisms & modern tools,,,,"Online & remote teaching: remote learning | Writing & primary literature: scientific communication | Sensation & perception labs: sensory | CUREs & undergraduate research: authentic research | Genetic model organisms & modern tools: mutants, zebrafish"
JUNE-20-1-12,20,1,2021,The Open Neuroscience Initiative: A Free-to-Access and -Adopt Digital Textbook for Undergraduate Students of Introductory Neuroscience,DEI,,,,"DEI: accessibility, inclusivity"
JUNE-20-1-13,20,1,2021,Quantitative Characterization of Output from the Directionally Selective Visual Interneuron H1 in the Grey Flesh Fly Sarcophaga bullata,Electrophysiology labs; Sensation & perception labs,,,,"Electrophysiology labs: extracellular | Sensation & perception labs: sensory, visual system"
JUNE-20-1-14,20,1,2021,Pandemic Teaching: Using the Allen Cell Types Database for Final Semester Projects in an Undergraduate Neurophysiology Lab Course,Open data & programming; Online & remote teaching; Modeling the nervous system; Electrophysiology labs,,,,"Open data & programming: allen cell, allen institute, coding, database, jupyter, open access data, python | Online & remote teaching: pandemic, remote learning | Modeling the nervous system: simulat | Electrophysiology labs: action potential, electrophysiolog, extracellular, intracellular, patch clamp"
JUNE-20-1-15,20,1,2021,The Simpsons Neuron: A Case Study Exploring Neuronal Coding and the Scientific Method for Introductory and Advanced Neuroscience Courses,Open data & programming; Electrophysiology labs; Case studies,,,,Open data & programming: coding | Electrophysiology labs: action potential | Case studies: case stud
JUNE-20-2-05,20,2,2022,Video Microscopy for Teaching: Optimizing the Field of View,Online & remote teaching; Electrophysiology labs,,,,Online & remote teaching: zoom | Electrophysiology labs: electrophysiolog
JUNE-20-2-06,20,2,2022,Increasing Self-Compassion: Review of the Literature and Recommendations,,,,,
JUNE-20-2-07,20,2,2022,Podcasting Neuroscience: A Science Communication Assignment,Curriculum & program design; Online & remote teaching; Writing & primary literature; Outreach & community engagement,,,,"Curriculum & program design: blueprint, core competenc | Online & remote teaching: covid, pandemic | Writing & primary literature: communicate science, primary literature, science communication | Outreach & community engagement: general public"
JUNE-20-2-08,20,2,2022,Deep versus Shallow Processing: A Learning and Memory Experiment for Asynchronous and Synchronous Online Platforms,Online & remote teaching,,,,Online & remote teaching: remote instruction
JUNE-20-2-09,20,2,2022,Why Students Cheat and How Understanding This Can Help Reduce the Frequency of Academic Misconduct in Higher Education: A Literature Review,DEI; Writing & primary literature,,,,DEI: equity | Writing & primary literature: literature review
JUNE-20-2-10,20,2,2022,The Development of Core Concepts for Neuroscience Higher Education: From Beginning to Summer Virtual Meeting Satellite Session,Curriculum & program design; Open data & programming; Online & remote teaching,,,,"Curriculum & program design: core competenc, curricular development, neuroscience program | Open data & programming: coding | Online & remote teaching: virtual meeting"
JUNE-20-2-11,20,2,2022,FraidyRat: A Virtual Module Examining the Neural Circuitry Underlying Fear Conditioning,Active learning & teaching strategies; Assessment; Animal behavior; Online & remote teaching,,,,"Active learning & teaching strategies: critical thinking | Assessment: formative assessment | Animal behavior: conditioning | Online & remote teaching: distance learning, online learning, remote learning"
JUNE-20-2-12,20,2,2022,Enhancing Student Research Experiences with Open Data from the Allen Brain Map,Open data & programming; Online & remote teaching; CUREs & undergraduate research,,,,"Open data & programming: allen brain, allen institute, big data, coding, open data | Online & remote teaching: distance learning, online lab, online labs | CUREs & undergraduate research: independent research, research experiences"
JUNE-20-2-13,20,2,2022,Adapting Case Studies for Synchronous and Asynchronous Online Courses,Active learning & teaching strategies; Online & remote teaching; Case studies,,,,"Active learning & teaching strategies: active learning, problem based learning | Online & remote teaching: asynchronous online, online learning | Case studies: case stud"
JUNE-20-2-14,20,2,2022,Teaching About Sex and Gender in Neuroscience: More Than Meets the “XY”,DEI; Curriculum & program design; Case studies,,,,"DEI: gender, inclusive | Curriculum & program design: course design | Case studies: case stud"
JUNE-20-2-15,20,2,2022,"PROJECT DiViNe: DIVERSE VOICES IN NEUROSCIENCE: Profiles of Rita Levi-Montalcini, Ricardo Miledi, Simon LeVay, Erich Jarvis, and Steve Ramirez",DEI,,,,"DEI: diversity, equity, inclusion, inclusive, marginalized, underrepresented"
JUNE-20-2-16,20,2,2022,"Deceived, Confused, or Peer Reviewed? Critical Information Literacy in a First-year Neuroscience Course",Curriculum & program design; Open data & programming; Writing & primary literature,,,,Curriculum & program design: curriculum development | Open data & programming: database | Writing & primary literature: peer review
JUNE-20-2-17,20,2,2022,Virtual/Remote Labs for Fluorescent Immunocytochemistry or Western Blotting: The Next Best Thing to Being There,Online & remote teaching,,,,"Online & remote teaching: covid, pandemic, remote instruction, remote labs, virtual lab, virtual labs"
JUNE-20-2-18,20,2,2022,"Online Neuroscience Instruction: Insights, Lessons Learned, and Moving Forward",Curriculum & program design; Assessment; Online & remote teaching; Case studies,,,,"Curriculum & program design: learning objectives | Assessment: rubric | Online & remote teaching: covid, emergency remote, hybrid, online class, online course, online courses, online teaching, pandemic, zoom | Case studies: case stud"
JUNE-20-2-19,20,2,2022,"Designing a Simulation Lab: The Process that Led to Action Potentials Explored and Extended, Two Simulation-Based Neurobiology Labs",Active learning & teaching strategies; Modeling the nervous system; Electrophysiology labs,,,,Active learning & teaching strategies: inquiry-based | Modeling the nervous system: simulat | Electrophysiology labs: action potentials
JUNE-20-2-20,20,2,2022,Structured Worksheets: Simple Active Learning Strategies to Increase Transparency and Promote Communication,DEI; Active learning & teaching strategies; Online & remote teaching,,,,"DEI: inclusive, inclusivity | Active learning & teaching strategies: active learning | Online & remote teaching: covid, pandemic, remote learning"
JUNE-20-2-21,20,2,2022,Teaching to Empower: Leveraging the Neuroscience of Now to Help Students Become Self-Regulated Learners,Sensation & perception labs,,,,Sensation & perception labs: sensory
JUNE-20-2-22,20,2,2022,Digital Timeline Assignment of Key Opioid Research Articles Spanning Five Decades,DEI; Curriculum & program design; Online & remote teaching; Writing & primary literature,,,,"DEI: inclusive | Curriculum & program design: interdisciplinary | Online & remote teaching: remote instruction | Writing & primary literature: primary literature, reading primary, scientific literature, writing"
JUNE-20-2-23,20,2,2022,A Resource to Future Proof the Laboratory in Uncertain Times,Online & remote teaching,,,,"Online & remote teaching: covid, distance learning, hybrid, online environment, online labs, online learning, pandemic, remote learning"
JUNE-20-2-24,20,2,2022,TrainingSpace: Neuroscience Education without Borders,Open data & programming; Modeling the nervous system,,,,"Open data & programming: big data, data science, neuroinformatics, publicly available data | Modeling the nervous system: computational neuroscience"
JUNE-20-2-25,20,2,2022,Neurosim: Some Thoughts on Using Computer Simulation in Teaching Electrophysiology,Curriculum & program design; Modeling the nervous system; Electrophysiology labs,,,,"Curriculum & program design: program design | Modeling the nervous system: computational neuroscience, simulat | Electrophysiology labs: action potential, electrophysiolog, voltage clamp"
JUNE-20-2-26,20,2,2022,Meeting Behind the Seen: Synchronous Teaching without Virtual Meeting Fatigue,Online & remote teaching,,,,"Online & remote teaching: hybrid, online class, virtual meeting"
JUNE-20-2-27,20,2,2022,Neuroscience Ambassadors: Creating a Network of Academia-Community Partnerships,Curriculum & program design; Outreach & community engagement,,,,"Curriculum & program design: interdisciplinary, neuroscience minor | Outreach & community engagement: community partners, community-engaged, elementary, general public, high school, museum, the public"
JUNE-20-3-04,20,3,2022,Active Learning and Community Engagement: Pedagogical Synergy through the “Mobile Neuroscience Lab” Project,Active learning & teaching strategies; Assessment; Outreach & community engagement,,,,"Active learning & teaching strategies: active learning | Assessment: post-test, pre-test, student attitudes | Outreach & community engagement: community engaged, community engagement, middle school, outreach, service learning"
JUNE-20-3-05,20,3,2022,Effective Development of a Remote Full-Day Summer Neuroscience Program at the University of Pennsylvania,DEI; Curriculum & program design; Open data & programming; Online & remote teaching; Writing & primary literature,,,,"DEI: minorities | Curriculum & program design: neuroscience program | Open data & programming: programming | Online & remote teaching: covid, distance learning, pandemic, remote learning, virtual teaching | Writing & primary literature: journal club, reading scientific"
JUNE-20-3-06,20,3,2022,Feasibility and Utility of a Virtual Reality Laboratory Exercise in an Undergraduate Neuroscience Course,,,,,
JUNE-20-3-07,20,3,2022,An Online Course in Contemplative Neuroscience Increases Dispositional Mindfulness and Reduces Meditation Barriers,Assessment; Online & remote teaching,,,,"Assessment: attitudes toward | Online & remote teaching: asynchronous online, online class, online course, online instruction"
JUNE-20-3-08,20,3,2022,Opportunities to Discuss Diversity-Related Topics in Neuroscience Courses,DEI; Curriculum & program design,,,,"DEI: disabilit, diversity | Curriculum & program design: neuroscience programs"
JUNE-20-3-09,20,3,2022,Recording from Snail Motor Nerves to Investigate Central Pattern Generation,Animal behavior; Electrophysiology labs,,,,"Animal behavior: feeding behavio, locomot | Electrophysiology labs: extracellular"
JUNE-20-3-10,20,3,2022,The FUN Exchange: A Community-Driven Repository of Resources for Neuroscience Educators,Online & remote teaching; Modeling the nervous system,,,,"Online & remote teaching: covid, hybrid, pandemic | Modeling the nervous system: simulat"
JUNE-20-3-11,20,3,2022,Measuring Sex Differences in the Corpus Callosum by Undergraduates at a Small and a Large Institution,Open data & programming; Online & remote teaching; CUREs & undergraduate research,,,,"Open data & programming: big data, database | Online & remote teaching: covid, distance learning, online learning, pandemic | CUREs & undergraduate research: course-based undergraduate research, cures"
JUNE-21-1-02,21,1,2022,Promoting Scientific Exchange and Student Training through Scientific Meetings; Insights from a Joint Virtual Undergraduate Neuroscience Conference During the COVID-19 Pandemic,Faculty professional development; Online & remote teaching; CUREs & undergraduate research,,,,"Faculty professional development: professional development | Online & remote teaching: covid, pandemic, virtual meeting | CUREs & undergraduate research: undergraduate research"
JUNE-21-1-03,21,1,2022,"Teaching Neuroscience: Reviving Neuroanatomy, Notes on the 2022 Society for Neuroscience Professional Development Workshop on Teaching",Faculty professional development; Open data & programming; Online & remote teaching; CUREs & undergraduate research,,,,"Faculty professional development: professional development | Open data & programming: allen brain, allen institute, open data | Online & remote teaching: covid | CUREs & undergraduate research: course-based research, course-based undergraduate research, cure"
JUNE-21-1-04,21,1,2022,A Versatile Psychoneuroimmunology Course-based Undergraduate Research Experience,DEI; Assessment; CUREs & undergraduate research,,,,"DEI: belonging | Assessment: self-efficacy | CUREs & undergraduate research: course-based undergraduate research, cure, research experience, undergraduate research"
JUNE-21-1-05,21,1,2022,NeuroStudies: A Model of an Interdisciplinary Neuroscience Studies Minor,Curriculum & program design; Graduate training & careers,,,,"Curriculum & program design: blueprint, curriculum development, interdisciplinary, neuroscience programs | Graduate training & careers: ph.d"
JUNE-21-1-06,21,1,2022,The Mismatch Between Neuroscience Graduate Training and Professional Skill Sets,Open data & programming; Graduate training & careers,,,,"Open data & programming: coding | Graduate training & careers: career paths, graduate students, graduate training, phd"
JUNE-21-1-07,21,1,2022,The Creation of High-Resolution Brain Cross-sections for 3D Printing and Virtual Reality Applications,Assessment,,,,Assessment: post-test
JUNE-21-1-08,21,1,2022,A Course Design for Remote Teaching Advanced Topics in Neuroscience,Curriculum & program design; Online & remote teaching; Writing & primary literature,,,,"Curriculum & program design: course design | Online & remote teaching: covid, pandemic, remote learning, remote teaching | Writing & primary literature: science communication"
JUNE-21-1-09,21,1,2022,Using Zebrafish Embryos to Study Pharmacological Effects on Neural Development in Hands-On Neurobiology Laboratory Activities,Animal behavior; Genetic model organisms & modern tools,,,,Animal behavior: anxiety-like | Genetic model organisms & modern tools: zebrafish
JUNE-21-1-10,21,1,2022,Student Evaluation of a Learning Community Model Adapted to Student and Curriculum Needs,Faculty professional development; Outreach & community engagement,,,,Faculty professional development: new faculty | Outreach & community engagement: community partners
JUNE-21-1-11,21,1,2022,Pipette Olympics: An Engaging Exercise for Undergraduate Laboratory Training,Online & remote teaching,,,,"Online & remote teaching: covid, pandemic"
JUNE-21-2-04,21,2,2023,Cross-Course Harmonized Assignments in Neuroscience,Curriculum & program design,,,,"Curriculum & program design: course design, interdisciplinary, neuroscience programs"
JUNE-21-2-05,21,2,2023,An Affordable Three-Dimensional (3D) Printed Recording Chamber for Two-Electrode Voltage Clamp Electrophysiology,Electrophysiology labs; CUREs & undergraduate research,,,,"Electrophysiology labs: electrophysiolog, voltage clamp, voltage-clamp | CUREs & undergraduate research: research experiences"
JUNE-21-2-06,21,2,2023,The COVID-19 and Taste Lab: A Mini Course-based Undergraduate Research Experience on Taste Differences and COVID-19 Susceptibility,Assessment; Online & remote teaching; Sensation & perception labs; CUREs & undergraduate research,,,,"Assessment: attitudes about, post-test | Online & remote teaching: covid, pandemic | Sensation & perception labs: taste | CUREs & undergraduate research: course-based undergraduate research, cure, cures"
JUNE-21-2-07,21,2,2023,Sleepy Mice Case Study: Implementation and Assessment,Active learning & teaching strategies; Curriculum & program design; Open data & programming; Case studies,,,,"Active learning & teaching strategies: active learning, inquiry-based | Curriculum & program design: learning objectives | Open data & programming: allen institute, rstudio | Case studies: case stud"
JUNE-21-2-08,21,2,2023,Comparing Student Performance in Emergency Remote and Face-to-Face Collaborative Learning Courses,Active learning & teaching strategies; Online & remote teaching; Outreach & community engagement,,,,"Active learning & teaching strategies: active learning, collaborative learning | Online & remote teaching: covid, emergency remote, pandemic | Outreach & community engagement: k-12"
JUNE-21-2-09,21,2,2023,The NEURON Program: Utilizing Low-Cost Neuroscience for Remote Education Outreach,DEI; Active learning & teaching strategies; Online & remote teaching; Outreach & community engagement; Electrophysiology labs; CUREs & undergraduate research,,,,"DEI: hispanic serving, minority, underrepresented, urm | Active learning & teaching strategies: active learning | Online & remote teaching: covid, distance learning, pandemic | Outreach & community engagement: high school, outreach | Electrophysiology labs: backyard brains, electrophysiolog | CUREs & undergraduate research: undergraduate research"
JUNE-21-2-10,21,2,2023,An Undergraduate Laboratory Series Using C. elegans That Prepares Students for Independent Inquiry,Active learning & teaching strategies; Assessment; Animal behavior; CUREs & undergraduate research; Genetic model organisms & modern tools,,,,"Active learning & teaching strategies: active learning | Assessment: student survey | Animal behavior: behavioral assay | CUREs & undergraduate research: independent research | Genetic model organisms & modern tools: c. elegans, caenorhabditis"
JUNE-21-2-11,21,2,2023,Quantitative and Qualitative Representation of Introductory and Advanced EEG Concepts: An Exploration of Different EEG Setups,Human cognitive & physiological labs,,,,"Human cognitive & physiological labs: eeg, electroencephalogra"
JUNE-21-2-12,21,2,2023,Smartphone-enabled Web-based Simulation of Cellular Neurophysiology for Laboratory Course and its Effectiveness,Online & remote teaching; Modeling the nervous system; Electrophysiology labs,,,,"Online & remote teaching: covid | Modeling the nervous system: simulat | Electrophysiology labs: action potentials, membrane potential"
JUNE-21-2-13,21,2,2023,Effects of a Service-Learning Neuroscience Course on Mood and Intergroup Anxiety,Outreach & community engagement,,,,"Outreach & community engagement: community engagement, community partner, high school, outreach, service learning, service-learning"
JUNE-22-1-02,22,1,2023,A Versatile Semester-Long Course-Based Undergraduate Research Experience using Optogenetics and RNAi to Identify Genes Important for Synapse Function,DEI; Active learning & teaching strategies; CUREs & undergraduate research; Genetic model organisms & modern tools,,,,"DEI: accessibility | Active learning & teaching strategies: critical thinking | CUREs & undergraduate research: course-based undergraduate research, cure, cures, independent research | Genetic model organisms & modern tools: c. elegans, caenorhabditis, mutant, optogenetic, rnai"
JUNE-22-1-03,22,1,2023,PopScience: Teaching Students to Communicate Scientific Findings to the General Public,Active learning & teaching strategies; Writing & primary literature; Outreach & community engagement,,,,"Active learning & teaching strategies: critical thinking | Writing & primary literature: primary literature, scientific communication, scientific literature, writing | Outreach & community engagement: general public"
JUNE-22-1-04,22,1,2023,Early-Career Pedagogical Practice: The Value of Training Undergraduates to Teach,,,,,
JUNE-22-1-05,22,1,2023,Does Insomnia Cause Revenge Seeking Behavior? Using a Puzzle-Based Sleep Lab Educational Escape Room to Teach Circadian Rhythms in a Large Introductory Neuroscience Course,DEI; Active learning & teaching strategies; Assessment; Graduate training & careers,,,,"DEI: belonging, inclusivity | Active learning & teaching strategies: active learning, collaborative learning, critical thinking, flipped, gamif | Assessment: assessment tool | Graduate training & careers: teaching assistants"
JUNE-22-1-06,22,1,2023,Poppy Seed Consumption and Oral Fluid Opioids Detection: A Classroom Demonstration of Psychopharmacological Concepts,,,,,
JUNE-22-1-07,22,1,2023,Using Drosophila Two-Choice Assay to Study Optogenetics in Hands-On Neurobiology Laboratory Activities,Animal behavior; Sensation & perception labs; Genetic model organisms & modern tools,,,,"Animal behavior: behavioral assay | Sensation & perception labs: sensory | Genetic model organisms & modern tools: channelrhodopsin, drosophila, fruit flies, genetics, optogenetic"
JUNE-22-1-08,22,1,2023,Reducing Brain Injury Misconceptions and Willingness to Risk Concussion with a Three-Week Introductory-level Neuroscience Course,Outreach & community engagement,,,,Outreach & community engagement: general public
JUNE-22-1-09,22,1,2023,Primary Afferent Depolarization and the Gate Control Theory of Pain: A Tutorial Simulation,Modeling the nervous system; Sensation & perception labs,,,,"Modeling the nervous system: computational neuroscience, simulat | Sensation & perception labs: sensation, touch"
JUNE-22-1-10,22,1,2023,CASE STUDY: Mapping Human Neuronal Diversity in the Search for New Therapeutics: Using Real Human Neuron Data Sets to Build Student Quantitative Skills,Curriculum & program design; Open data & programming; Online & remote teaching; Electrophysiology labs; Case studies,,,,"Curriculum & program design: interdisciplinary, learning outcomes | Open data & programming: allen cell, allen institute, database | Online & remote teaching: hybrid | Electrophysiology labs: electrophysiolog | Case studies: case stud"
JUNE-22-1-11,22,1,2023,Teaching Scientific Literature Analysis: A Systematic Adoption of Skill-Building Methods to Enrich Research Training for Undergraduate Students,Active learning & teaching strategies; Writing & primary literature; CUREs & undergraduate research,,,,"Active learning & teaching strategies: peer instruction, role play | Writing & primary literature: create method, primary research articles, reading scientific, scientific literature | CUREs & undergraduate research: course-based undergraduate research, cure"
JUNE-22-2-06,22,2,2024,You’re Getting on my Nerves! A Board Game to Teach Action Potential Propagation and Cable Properties,Active learning & teaching strategies; Electrophysiology labs,,,,"Active learning & teaching strategies: game | Electrophysiology labs: action potential, electrophysiolog"
JUNE-22-2-07,22,2,2024,A Case for the Use of Open Data as a Tool to Incorporate Socioscientific Topics into Neuroscience Education,Curriculum & program design; Open data & programming; Case studies,,,,"Curriculum & program design: interdisciplinary | Open data & programming: allen institute, open data | Case studies: case stud"
JUNE-22-2-08,22,2,2024,Integrating Programming into Neuroscience Courses,Open data & programming,,,,"Open data & programming: coding, programming"
JUNE-22-2-09,22,2,2024,"Designing and Teaching Courses on Sex, Gender, and the Brain: Two Implementations in the Undergraduate Classroom",DEI; Active learning & teaching strategies; Curriculum & program design; Online & remote teaching,,,,"DEI: gender, inclusive | Active learning & teaching strategies: course structure | Curriculum & program design: course design, learning objectives | Online & remote teaching: covid, pandemic"
JUNE-22-2-10,22,2,2024,"microPublication Biology : An introduction to Publishing and Teaching with a Small-Format, Peer-Reviewed Journal",CUREs & undergraduate research,,,,"CUREs & undergraduate research: course-based research, course-based undergraduate research, cure, research experiences, undergraduate research"
JUNE-22-2-11,22,2,2024,Building Community and Developing Professionally through FUN Final Friday Sessions,DEI; Faculty professional development; Online & remote teaching,,,,"DEI: belonging, equity, inclusion | Faculty professional development: professional development | Online & remote teaching: pandemic"
JUNE-22-2-12,22,2,2024,Increasing Accessibility Through Popular Press Books into Neuroscience Coursework,DEI,,,,"DEI: accessibility, marginalized"
JUNE-22-2-13,22,2,2024,Mini-Symposium: Training the Trainers of the Next Generation of Neuroscience Advocates,Faculty professional development; Graduate training & careers; Writing & primary literature,,,,"Faculty professional development: professional development | Graduate training & careers: career paths, careers in | Writing & primary literature: science communication, scientific communication"
JUNE-22-2-14,22,2,2024,"Centering Diversity, Equity, and Inclusion in Graduate Admissions",DEI; Graduate training & careers; CUREs & undergraduate research,,,,"DEI: belonging, diversity, equity, inclusion, minority, underrepresented | Graduate training & careers: admissions, graduate admissions, graduate education, graduate programs, graduate school, phd, post-bac | CUREs & undergraduate research: research experience, research experiences"
JUNE-22-2-15,22,2,2024,Teaching the Nature of Science Improves Scientific Literacy Among Students Not Majoring in STEM,DEI; Curriculum & program design,,,,"DEI: equity, inclusion | Curriculum & program design: interdisciplinary"
JUNE-22-2-16,22,2,2024,Making an Effective Flipped Neuroscience Lab by Approaching Students from their Emoticons,Active learning & teaching strategies; Online & remote teaching,,,,"Active learning & teaching strategies: flipped, games | Online & remote teaching: pandemic"
JUNE-22-3-02,22,3,2024,Sherlock Holmes and the Neurophysiologists: Unraveling the “Mystery” of Active Learning Success,Active learning & teaching strategies,,,,"Active learning & teaching strategies: active learning, pogil"
JUNE-22-3-03,22,3,2024,Integrating Intercultural Competence into a Neuroscience Curriculum through a Short-Term Study Abroad Program,Curriculum & program design; Outreach & community engagement; Sensation & perception labs,,,,Curriculum & program design: learning objectives | Outreach & community engagement: museum | Sensation & perception labs: visual system
JUNE-22-3-04,22,3,2024,Use of Buzz Buttons to Illustrate Taste Perception Principles in a Sensation and Perception Laboratory Exercise,Sensation & perception labs,,,,"Sensation & perception labs: sensation, taste, touch"
JUNE-22-3-05,22,3,2024,Forbidden Neurds: A Neuroscience Word Game,Active learning & teaching strategies; Assessment,,,,"Active learning & teaching strategies: critical thinking, game | Assessment: post test"
JUNE-22-3-06,22,3,2024,Low-Cost Classroom and Laboratory Exercises for Investigating Both Wave and Event-Related Electroencephalogram Potentials,Human cognitive & physiological labs; Open data & programming; Modeling the nervous system; Electrophysiology labs; Sensation & perception labs,,,,"Human cognitive & physiological labs: cognitive neuroscience, eeg, electroencephalogra, erp, erps, event-related potential | Open data & programming: python | Modeling the nervous system: simulat | Electrophysiology labs: backyard brains, spikerbox | Sensation & perception labs: auditory, sensory"
JUNE-22-3-07,22,3,2024,Neurosimilator for Undergraduate Biophysics and Neurophysiology Courses,Open data & programming; Modeling the nervous system,,,,Open data & programming: coding | Modeling the nervous system: simulat
JUNE-22-3-08,22,3,2024,Neurodiversity in the Minds of Students: From Perception to Campus Programming,DEI; Curriculum & program design; Open data & programming,,,,"DEI: accessibility, diversity, equity, inclusion | Curriculum & program design: neuroscience programs | Open data & programming: programming"
JUNE-22-3-09,22,3,2024,The Neuroscience Research Opportunities to Increase Diversity Program: Transformative and Successful Research Training Strategies for Undergraduate Students within Hispanic Serving Institutions,DEI; Graduate training & careers; Outreach & community engagement,,,,"DEI: diversity, hispanic serving, underrepresented | Graduate training & careers: graduate programs | Outreach & community engagement: outreach"
JUNE-22-3-10,22,3,2024,The Efficacy of a Novel Board Game to Teach Cable Properties to Introductory Neuroscience Undergraduate Students,Active learning & teaching strategies; Assessment; Electrophysiology labs,,,,"Active learning & teaching strategies: game | Assessment: formative assessment | Electrophysiology labs: action potential, electrophysiolog"
JUNE-22-3-11,22,3,2024,Memphis NeuroSTART Program: Promoting Student Success and Increasing the Diversity of Applicants to Neuroscience Graduate Programs,DEI; Faculty professional development; Curriculum & program design; Graduate training & careers; CUREs & undergraduate research,,,,"DEI: first-generation, minorities, minority, racial, underrepresented, urm | Faculty professional development: professional development | Curriculum & program design: neuroscience programs | Graduate training & careers: graduate programs, phd | CUREs & undergraduate research: research experience, reu, undergraduate research"
JUNE-22-3-12,22,3,2024,Virtual Dissection Table Case Studies for Undergraduate Neuroanatomy Written Assignments,Curriculum & program design; Assessment; Writing & primary literature; Case studies,,,,"Curriculum & program design: learning outcomes | Assessment: student survey | Writing & primary literature: writing | Case studies: case stud, case-based"
JUNE-22-3-13,22,3,2024,"Interactive Notebooks Improve Students’ Understanding of Developmental Neurobiology, Attitudes Toward Research, and Experimental Design Competency in a Lecture-Based Neuroscience Course",Assessment; Writing & primary literature; CUREs & undergraduate research,,,,"Assessment: attitudes toward, pre-/post | Writing & primary literature: science communication | CUREs & undergraduate research: course-based undergraduate research, cure, cures, undergraduate research"
JUNE-22-3-14,22,3,2024,An In-depth Exploration of the Interplay between fMRI Methods and Theory in Cognitive Neuroscience,Human cognitive & physiological labs; Open data & programming; Sensation & perception labs,,,,"Human cognitive & physiological labs: cognitive neuroscience, fmri, functional magnetic | Open data & programming: python | Sensation & perception labs: vision"
JUNE-22-3-15,22,3,2024,Using BioRender for Active Learning: Exploring Learning-Style Preference and Visual-Spatial Ability in Undergraduate Students,Active learning & teaching strategies,,,,Active learning & teaching strategies: active learning
JUNE-23-1-04,23,1,2024,Effects of Gamification on Student Success and Perception of Instruction in Neuroanatomy: A Retrospective Analysis,Active learning & teaching strategies; Case studies,,,,"Active learning & teaching strategies: active learning, game, gamif | Case studies: case stud"
JUNE-23-1-05,23,1,2024,"Active Learning Exercises in Synaptic Physiology and Connectivity for the Neuroscience Lecture Hall, Laboratory Course, or Outreach Setting",Active learning & teaching strategies; Curriculum & program design; Outreach & community engagement,,,,Active learning & teaching strategies: active learning | Curriculum & program design: learning outcomes | Outreach & community engagement: outreach
JUNE-23-1-06,23,1,2024,An Integrative Brain and Behavior CURE (Course-Based Undergraduate Research Experience) Using Immunohistochemistry in the Fighting Fish Betta splendens,Curriculum & program design; Animal behavior; CUREs & undergraduate research,,,,"Curriculum & program design: learning outcomes | Animal behavior: etholog | CUREs & undergraduate research: course-based undergraduate research, cure, cures"
JUNE-23-1-07,23,1,2024,How to Integrate Neuroethics into a Neuroscience Course – And Drive Student Engagement with Core Concepts,Curriculum & program design; Case studies,,,,"Curriculum & program design: course design, interdisciplinary, learning objectives | Case studies: case stud"
JUNE-23-2-03,23,2,2025,A Cross-Course Experiment with a Word Recall Task and Salivary Cortisol Measurements,,,,,
JUNE-23-2-04,23,2,2025,Teaching Principles of an Action Potential Using Candy,Active learning & teaching strategies; Electrophysiology labs,,,,"Active learning & teaching strategies: active learning | Electrophysiology labs: action potential, action potentials"
JUNE-23-2-05,23,2,2025,Undergraduate Learning Assistants Using Online Messaging Improves Student Educational Experiences in Large Neuroscience Lecture Course,DEI; Graduate training & careers,,,,"DEI: belonging | Graduate training & careers: graduate student, teaching assistant"
JUNE-23-2-06,23,2,2025,Using Case Studies from Neurocase to Promote an Understanding of and Appreciation for Behavioral and Forensic Neuroscience,Active learning & teaching strategies; Assessment; Case studies,,,,"Active learning & teaching strategies: critical thinking | Assessment: assessing student, rubric | Case studies: case stud"
JUNE-23-2-07,23,2,2025,Long-Term Learning Gains in Students Using Community Based Learning,Assessment; Writing & primary literature,,,,"Assessment: learning gains, pre/post | Writing & primary literature: scientific communication, scientific literature"
JUNE-23-2-08,23,2,2025,Call for collaboration: Drafting a concept inventory for assessing neuroscience courses and curriculum,Curriculum & program design; Assessment; Case studies,,,,"Curriculum & program design: interdisciplinary, neuroscience majors, neuroscience programs | Assessment: concept inventory, learning gains | Case studies: case stud"
JUNE-23-2-09,23,2,2025,Addiction Education in the Undergraduate Space: A Novel Course Connecting Neurobiology of Addiction and Compassion for Individuals with Substance Use Disorder,,,,,
JUNE-23-2-10,23,2,2025,Escape from traditional learning: A neuroscience escape room activity for neuroscience education,Active learning & teaching strategies; Curriculum & program design,,,,"Active learning & teaching strategies: active learning, game | Curriculum & program design: learning outcomes"
JUNE-23-2-11,23,2,2025,Biopsychology Lab: COMT Genotype Associations with Vagal Tone and Frontal Alpha Asymmetry,Active learning & teaching strategies; Human cognitive & physiological labs; CUREs & undergraduate research; Genetic model organisms & modern tools,,,,"Active learning & teaching strategies: active learning | Human cognitive & physiological labs: eeg, electroencephalogra, heart rate | CUREs & undergraduate research: course-based undergraduate research, cure, cures | Genetic model organisms & modern tools: genetics"
JUNE-24-1-01,24,1,2025,A Model for Statewide Educational Outreach to Undergraduates: Implications From a Neuropsychology Outreach Program,DEI; Graduate training & careers; Outreach & community engagement,,,,"DEI: underrepresented | Graduate training & careers: career path, careers in | Outreach & community engagement: outreach"
JUNE-24-1-02,24,1,2025,A Novel Practical Session to Teach Concepts of Allometric Scaling of Brain Structures to Undergraduate Students Using Vertebrate Brains,Active learning & teaching strategies,,,,Active learning & teaching strategies: critical thinking
JUNE-24-1-04,24,1,2025,An Advanced Undergraduate Laboratory Course: Calcium Imaging and Data Analysis – a Mini Graduate Research Experience,Open data & programming; Graduate training & careers; Writing & primary literature; Modeling the nervous system; CUREs & undergraduate research,,,,"Open data & programming: python | Graduate training & careers: career paths | Writing & primary literature: literature review, scientific communication, scientific literature | Modeling the nervous system: neural networks | CUREs & undergraduate research: research experience"
JUNE-24-1-06,24,1,2025,"Effect of Neutral and Negative Images on Galvanic Skin Response: An Activity for Courses in Forensic, Affective, and Behavioral Neuroscience",Human cognitive & physiological labs; Open data & programming,,,,Human cognitive & physiological labs: galvanic skin | Open data & programming: database
JUNE-24-1-07,24,1,2025,Exploring the Impact of Online Education on Scientific Presentation Skills in Women Neuroscience Students,DEI; Curriculum & program design; Assessment; Online & remote teaching; Writing & primary literature,,,,"DEI: women in | Curriculum & program design: learning outcomes | Assessment: assessment tools, pre/post, rubric, self-efficacy | Online & remote teaching: covid, online learning, pandemic, remote learning | Writing & primary literature: science communication, scientific communication, scientific literature"
JUNE-24-1-08,24,1,2025,Investigating the Neural Control of Social Behavior in Drosophila melanogaster Using a Low-Cost Optogenetics System,Assessment; Animal behavior; Sensation & perception labs; Genetic model organisms & modern tools,,,,"Assessment: assessment of student | Animal behavior: courtship, social behavio | Sensation & perception labs: sensory | Genetic model organisms & modern tools: drosophila, optogenetic"
JUNE-24-1-09,24,1,2025,Mindset Variations Among Undergraduate Neuroscience Students,DEI; Outreach & community engagement,,,,"DEI: belonging, equity, gender, minority, racial | Outreach & community engagement: k-12"
JUNE-24-1-11,24,1,2025,The Simplified BrainTower and Pipe Cleaners: Model Building as a Learning Tool in Neuroscience,,,,,
JUNE-24-1-12,24,1,2025,Undergraduate Student Experience and Motivation Influence Perceived Benefits of Participation in Community Outreach,Graduate training & careers; Outreach & community engagement,,,,"Graduate training & careers: career development | Outreach & community engagement: brain awareness, high school, outreach"
JUNE-24-2-01,24,2,2026,An Inquiry-Based Lab Exercise Investigating Student Cortisol Responses to Giving a Graded In-Class Presentation,DEI; Active learning & teaching strategies; Curriculum & program design; Modeling the nervous system,,,,"DEI: inclusivity, underrepresented | Active learning & teaching strategies: inquiry-based | Curriculum & program design: learning outcomes | Modeling the nervous system: simulat"
JUNE-24-2-02,24,2,2026,Comparative Investigations of the Neurophysiological Mechanisms of Escape Behavior: A Course-based Undergraduate Research Experience,DEI; Open data & programming; Writing & primary literature; Electrophysiology labs; CUREs & undergraduate research; Genetic model organisms & modern tools,,,,"DEI: belonging | Open data & programming: matlab | Writing & primary literature: journal club, writing | Electrophysiology labs: electrophysiolog, extracellular | CUREs & undergraduate research: authentic research, course-based undergraduate research, cure, cures | Genetic model organisms & modern tools: zebrafish"
JUNE-24-2-03,24,2,2026,"Creative, Socially-Minded Communication Project on Neurodivergences Increases Self-Reported Content Knowledge, Collaboration Skills, and Personal Allyship",DEI; Active learning & teaching strategies; Writing & primary literature; Outreach & community engagement,,,,"DEI: inclusion | Active learning & teaching strategies: team-based learning | Writing & primary literature: science communication, writing | Outreach & community engagement: outreach"
JUNE-24-2-04,24,2,2026,Fostering Belonging Through Introducing Diverse Scientists in Undergraduate Neuroscience Lectures,DEI; Graduate training & careers,,,,"DEI: belonging, disabilit, diversity, gender, inclusive, racial | Graduate training & careers: career options, graduate students"
JUNE-24-2-05,24,2,2026,MacGyver Neuroscience: Cost-Effective Laboratory Exercises for Pre-Health Education,Faculty professional development; Curriculum & program design; Modeling the nervous system,,,,"Faculty professional development: primarily undergraduate institution, puis | Curriculum & program design: learning outcomes, neuroscience minor | Modeling the nervous system: simulat"
JUNE-24-2-06,24,2,2026,Spinal Cord Anatomy for Visually Impaired Students: The Development of 3D-Printed Educational Models,DEI; Sensation & perception labs,,,,"DEI: equitable, inclusive | Sensation & perception labs: visual perception"
JUNE-24-2-07,24,2,2026,Transforming a Large-Enrollment Neuroscience Course With Active Learning: Using AI-Based Text Analysis to Capture What Traditional Evaluations Miss,Active learning & teaching strategies; Online & remote teaching,,,,"Active learning & teaching strategies: active learning | Online & remote teaching: asynchronous online, hybrid"
JUNE-24-2-08,24,2,2026,Use of a Smartphone-Based App in an Online Behavioral Neuroscience Lab Course,Active learning & teaching strategies; Curriculum & program design; Human cognitive & physiological labs; Online & remote teaching; CUREs & undergraduate research,,,,"Active learning & teaching strategies: inquiry-based | Curriculum & program design: learning outcomes | Human cognitive & physiological labs: heart rate | Online & remote teaching: asynchronous online, online courses | CUREs & undergraduate research: course-based research, course-based undergraduate research, research experiences"
JUNE-24-2-09,24,2,2026,“I Can Code”: An Innovative Workshop Introducing Students to Coding in the Context of Neuroscience Research,Curriculum & program design; Open data & programming,,,,"Curriculum & program design: learning outcomes | Open data & programming: coding, programming"
