item_id,year_label,volume,issue,section,subtype,item_type,is_fun_workshop,workshop_name,title,authors,first_author,reviewed_work_author,page_prefix,page_start,page_end,doi,pdf_url,article_page_url,issue_url,n_supplements,abstract,keywords,source,flags
JUNE-01-1-01,2002,1,1,Editorials,,editorial,False,,Introducing The Journal of Undergraduate Neuroscience Education (JUNE),,Lom,,E,1,,,https://www.funjournal.org/wp-content/uploads/2015/09/LomE1.pdf,,https://www.funjournal.org/2002-volume-1-issue-1/,0,,,funjournal.org,no authors found
JUNE-01-1-02,2002,1,1,Articles,,article,False,,The Emergence of Non-Match-to-Sample Behavior in the Developing Rat Pup,AG Gittis,Gittis,,A,1,,,https://www.funjournal.org/wp-content/uploads/2015/09/GittisA1.pdf,,https://www.funjournal.org/2002-volume-1-issue-1/,0,,,funjournal.org,
JUNE-01-1-03,2002,1,1,Articles,,article,False,,And The Winner Is: Inviting Hollywood into the Neuroscience Classroom,EP Wiertelak,Wiertelak,,A,4,,,https://www.funjournal.org/wp-content/uploads/2015/09/WiertelakA4.pdf,,https://www.funjournal.org/2002-volume-1-issue-1/,0,,,funjournal.org,
JUNE-01-1-04,2002,1,1,Articles,,article,False,,Exploring Neurogenesis in Crustaceans,"CA Paul, EM Goergen, & BS Beltz",Paul,,A,18,,,https://www.funjournal.org/wp-content/uploads/2015/09/PaulA18.pdf,,https://www.funjournal.org/2002-volume-1-issue-1/,2,,,funjournal.org,
JUNE-01-1-05,2002,1,1,Articles,,article,False,,Action Potentials in a Giant Algal Cell: A Comparative Approach to Mechanisms and Evolution of Excitability,"BR Johnson, RA Wyttenbach, R Wayne, & RR Hoy",Johnson,,A,23,,,https://www.funjournal.org/wp-content/uploads/2015/09/JohnsonA23.pdf,,https://www.funjournal.org/2002-volume-1-issue-1/,0,,,funjournal.org,
JUNE-01-1-06,2002,1,1,Media Reviews,,review,False,,Book Review: Mood Genes,KK Bernd,Bernd,,R,1,,,https://www.funjournal.org/wp-content/uploads/2015/09/BerndR1.pdf,,https://www.funjournal.org/2002-volume-1-issue-1/,0,,,funjournal.org,
JUNE-01-1-07,2002,1,1,Media Reviews,,review,False,,Textbook Review: Biological Psychology,LJ Nolan,Nolan,,R,3,,,https://www.funjournal.org/wp-content/uploads/2015/09/NolanR3.pdf,,https://www.funjournal.org/2002-volume-1-issue-1/,0,,,funjournal.org,
JUNE-01-1-08,2002,1,1,Media Reviews,,review,False,,Media Review: Crawdad: A CD-ROM Lab Manual for Neurophysiology,K Parfitt,Parfitt,,R,5,,,https://www.funjournal.org/wp-content/uploads/2015/09/ParfittR5.pdf,,https://www.funjournal.org/2002-volume-1-issue-1/,0,,,funjournal.org,
JUNE-01-1-09,2002,1,1,Media Reviews,,review,False,,Media Review: The Secret Life of the Brain,G Brosnan-Watters,Brosnan-Watters,,R,7,,,https://www.funjournal.org/wp-content/uploads/2015/09/BrosnanR7.pdf,,https://www.funjournal.org/2002-volume-1-issue-1/,0,,,funjournal.org,
JUNE-01-2-01,2003,1,2,Editorials,,editorial,False,,"Introductory Neuroscience – Courses in an Evolving Concept, Teaching That Which is Yet to be Defined",EP Wiertelak,Wiertelak,,E,2,,,https://www.funjournal.org/wp-content/uploads/2015/09/WiertelakE2.pdf,,https://www.funjournal.org/2003-volume-1-issue-2/,0,,,funjournal.org,
JUNE-01-2-02,2003,1,2,Editorials,,editorial,False,,Essay: Research Jobs for Recent College Graduates: A Comparison Between Traditional Lab Technician Positions and NIH’s Postbaccalaureate IRTA Fellowship,JT Herbert,Herbert,,E,4,,,https://www.funjournal.org/wp-content/uploads/2015/09/HerbertE4.pdf,,https://www.funjournal.org/2003-volume-1-issue-2/,0,,,funjournal.org,
JUNE-01-2-03,2003,1,2,Articles,,article,False,,Teaching Neuroscience at a Religious Institution: Pedagogical Models for Handling Neuroscience and Theology,WM Struthers,Struthers,,A,36,,,https://www.funjournal.org/wp-content/uploads/2015/09/StruthersA36.pdf,,https://www.funjournal.org/2003-volume-1-issue-2/,0,,,funjournal.org,
JUNE-01-2-04,2003,1,2,Articles,,article,False,,Testing the Relationship Between Levels of Endogenous Testosterone and Physiological Responses to Facial Expressions in Men: An Experiment Conducted by Students in an Undergraduate Behavioral Neuroscience Class,RR Thompson & K George,Thompson,,A,41,,,https://www.funjournal.org/wp-content/uploads/2015/09/ThompsonA41.pdf,,https://www.funjournal.org/2003-volume-1-issue-2/,0,,,funjournal.org,
JUNE-01-2-05,2003,1,2,Articles,,article,False,,Integrated Undergraduate Research Experience for the Study of Brain Injury,"CL Barnes, M Sierra, & ER Delay",Barnes,,A,47,,,https://www.funjournal.org/wp-content/uploads/2015/09/barnesA47.pdf,,https://www.funjournal.org/2003-volume-1-issue-2/,0,,,funjournal.org,
JUNE-01-2-06,2003,1,2,Articles,,article,False,,Mentoring Undergraduate Students in Neuroscience Research: A Model System at Baldwin-Wallace College,"GA Mickley, C Kenmuir, & D Remmers-Roeber",Mickley,,A,28,,,https://www.funjournal.org/wp-content/uploads/2015/09/MickleyA28.pdf,,https://www.funjournal.org/2003-volume-1-issue-2/,0,,,funjournal.org,
JUNE-01-2-07,2003,1,2,Media Reviews,,review,False,,Synaptic Transmission: A Four Step Process,JJ Ramirez,Ramirez,,R,9,,,https://www.funjournal.org/wp-content/uploads/2015/09/RamirezR9.pdf,,https://www.funjournal.org/2003-volume-1-issue-2/,0,,,funjournal.org,
JUNE-01-2-08,2003,1,2,Media Reviews,,review,False,,In Search of the Lost Cord,HW Horch,Horch,,R,10,,,https://www.funjournal.org/wp-content/uploads/2015/09/HorchR10.pdf,,https://www.funjournal.org/2003-volume-1-issue-2/,0,,,funjournal.org,
JUNE-01-2-09,2003,1,2,Media Reviews,,review,False,,Decoding Darkness,KG Hales,Hales,,R,12,,,https://www.funjournal.org/wp-content/uploads/2015/09/HalesR12.pdf,,https://www.funjournal.org/2003-volume-1-issue-2/,0,,,funjournal.org,
JUNE-02-1-01,2003,2,1,Editorials,,editorial,False,,Attaining Goals Through Partnerships,JJ Ramirez,Ramirez,,E,1,,,https://www.funjournal.org/wp-content/uploads/2015/09/RamirezE1.pdf,,https://www.funjournal.org/2003-volume-2-issue-1/,0,,,funjournal.org,
JUNE-02-1-02,2003,2,1,Articles,,article,False,,"Experimental Methods in Neuroscience: An Undergraduate Neuroscience Laboratory Course for Teaching Ethical Issues, Laboratory Techniques, Experimental Design, and Analysis",AC Hall & ME Harrington,Hall,,A,1,,,https://www.funjournal.org/wp-content/uploads/2015/09/HallA1.pdf,,https://www.funjournal.org/2003-volume-2-issue-1/,0,,,funjournal.org,
JUNE-02-1-03,2003,2,1,Articles,,article,False,,An Online Multimedia Resource in Behavioral Neuroscience,DM Lane & Z Tang,Lane,,A,8,,,https://www.funjournal.org/wp-content/uploads/2015/09/LaneA8.pdf,,https://www.funjournal.org/2003-volume-2-issue-1/,0,,,funjournal.org,
JUNE-02-1-04,2003,2,1,Articles,,article,False,,An Online Lab Manual for Neurophysiology,RF Olivo,Olivo,,A,16,,,https://www.funjournal.org/wp-content/uploads/2015/09/OlivoA16.pdf,,https://www.funjournal.org/2003-volume-2-issue-1/,3,,,funjournal.org,
JUNE-02-1-05,2003,2,1,Articles,,article,False,,Evaluation of an Undergraduate Neuroscience Research Program at the University of Kentucky,DJ Gould & B MacPherson,Gould,,A,23,,,https://www.funjournal.org/wp-content/uploads/2015/09/GouldA23.pdf,,https://www.funjournal.org/2003-volume-2-issue-1/,0,,,funjournal.org,
JUNE-02-1-06,2003,2,1,Articles,,article,False,,Sex Differences and Organizational Effects of Androgen in Spinal Cord Motor Nuclei,"W Grisham, HB Jones, & SH Park",Grisham,,A,28,,,https://www.funjournal.org/wp-content/uploads/2015/09/GrishamA28.pdf,,https://www.funjournal.org/2003-volume-2-issue-1/,1,,,funjournal.org,
JUNE-02-1-07,2003,2,1,Media Reviews,,review,False,,Media Review: Undergraduate Publishing Opportunities,close content main element section close by builder template,close,IR Willoughby and B Lom,R,1,,,https://www.funjournal.org/wp-content/uploads/2015/09/WilloughbyR1.pdf,,https://www.funjournal.org/2003-volume-2-issue-1/,0,,,funjournal.org,
JUNE-02-2-01,2004,2,2,Editorials,,editorial,False,,The Road From Damascas: An Interview with Huda Akil,CA Paul,Paul,,E,4,,,https://www.funjournal.org/wp-content/uploads/2015/09/PaulE4.pdf,,https://www.funjournal.org/2004-volume-2-issue-2/,0,,,funjournal.org,
JUNE-02-2-02,2004,2,2,Editorials,,editorial,False,,Privatization of Public Education: The Real Weapons of Mass Destruction,GL Dunbar,Dunbar,,E,3,,,https://www.funjournal.org/wp-content/uploads/2015/09/DunbarE3.pdf,,https://www.funjournal.org/2004-volume-2-issue-2/,0,,,funjournal.org,
JUNE-02-2-03,2004,2,2,Articles,,article,False,,Technical Note: Distributing Digital Video to Multiple Computers,JA Murray,Murray,,A,62,,,https://www.funjournal.org/wp-content/uploads/2015/09/MurrayA62.pdf,,https://www.funjournal.org/2004-volume-2-issue-2/,0,,,funjournal.org,
JUNE-02-2-04,2004,2,2,Articles,,article,False,,Ultrasonic Courtship Vocalizations of Adult Male Mice: A Laboratory Exercise Illustrating Comparable Activation by either Estradiol or Testosterone,M Kerchner,Kerchner,,A,50,,,https://www.funjournal.org/wp-content/uploads/2015/09/KerchnerA50.pdf,,https://www.funjournal.org/2004-volume-2-issue-2/,1,,,funjournal.org,
JUNE-02-2-05,2004,2,2,Articles,,article,False,,Measuring Salivary Cortisol in the Behavioral Neuroscience Laboratory,"BA Kalman, RE Grahn",Kalman,,A,41,,,https://www.funjournal.org/wp-content/uploads/2015/09/KalmanA41.pdf,,https://www.funjournal.org/2004-volume-2-issue-2/,0,,,funjournal.org,
JUNE-02-2-06,2004,2,2,Articles,,article,False,,"Northeast Under/graduate Organization for Neuroscience, A Regional Neuroscience Meeting for Undergraduates, Graduate Students, and Faculty","CA Frye, KL Edinger",Frye,,A,36,,,https://www.funjournal.org/wp-content/uploads/2015/09/FryeA36.pdf,,https://www.funjournal.org/2004-volume-2-issue-2/,0,,,funjournal.org,
JUNE-02-2-07,2004,2,2,Media Reviews,,review,False,,"Book Review: Nature via Nurture: Genes, Experience, and What Makes Us Human",WJ Pizzi,Pizzi,,R,10,,,https://www.funjournal.org/wp-content/uploads/2015/09/PizziR10.pdf,,https://www.funjournal.org/2004-volume-2-issue-2/,0,,,funjournal.org,
JUNE-02-2-08,2004,2,2,Media Reviews,,review,False,,Book Review: The Compleat Academic: A Career Guide,AM Kazama,Kazama,,R,8,,,https://www.funjournal.org/wp-content/uploads/2015/09/KazamaR8.pdf,,https://www.funjournal.org/2004-volume-2-issue-2/,0,,,funjournal.org,
JUNE-02-2-09,2004,2,2,Media Reviews,,review,False,,Media Review: Neurons in Action: Computer Simulations with NeuroLab,SR Barry,Barry,,R,6,,,https://www.funjournal.org/wp-content/uploads/2015/09/BarryR6.pdf,,https://www.funjournal.org/2004-volume-2-issue-2/,0,,,funjournal.org,
JUNE-02-2-10,2004,2,2,Media Reviews,,review,False,,Media Review: A Comparison of Two Programs for the Control of Behavioral Experiments,WJ Wilson,Wilson,,R,3,,,https://www.funjournal.org/wp-content/uploads/2015/09/WilsonR3.pdf,,https://www.funjournal.org/2004-volume-2-issue-2/,0,,,funjournal.org,
JUNE-03-1-01,2004,3,1,Editorials,,editorial,False,,Developing Graduate-Undergraduate Neuroscience Connections,AG Gittis,Gittis,,,,,,https://www.funjournal.org/wp-content/uploads/2015/09/gittis.pdf,,https://www.funjournal.org/2004-volume-3-issue-1/,0,,,funjournal.org,
JUNE-03-1-02,2004,3,1,Articles,,article,False,,An Inexpensive Alternative to Commercial Infrared Sensors,WJ Wilson,Wilson,,,,,,https://www.funjournal.org/wp-content/uploads/2015/09/wilson.pdf,,https://www.funjournal.org/2004-volume-3-issue-1/,0,,,funjournal.org,
JUNE-03-1-03,2004,3,1,Articles,,article,False,,Reconstructing the Paradigm: Teaching Across the Disciplines,C Brown & A Pollack,Brown,,,,,,https://www.funjournal.org/wp-content/uploads/2015/09/brownandpollack.pdf,,https://www.funjournal.org/2004-volume-3-issue-1/,0,,,funjournal.org,
JUNE-03-1-04,2004,3,1,Articles,,article,False,,"Emotional Arousal, Blood Glucose Levels, and Memory Modulation: Three Laboratory Exercises in Cognitive Neuroscience","RW Flint, Jr",Flint,,,,,,https://www.funjournal.org/wp-content/uploads/2015/09/flint.pdf,,https://www.funjournal.org/2004-volume-3-issue-1/,0,,,funjournal.org,
JUNE-03-1-05,2004,3,1,Articles,,article,False,,Tools for Physiology Labs: Inexpensive Equipment for Physiological Stimulation,"BR Land, BR Johnson, RA Wyttenbach, & RR Hoy",Land,,,,,,https://www.funjournal.org/wp-content/uploads/2015/09/land.pdf,,https://www.funjournal.org/2004-volume-3-issue-1/,0,,,funjournal.org,
JUNE-03-1-06,2004,3,1,Articles,,article,False,,Allegheny College Hosts Neuroscience and Humanities Summer Institute,EM Macel,Macel,,,,,,https://www.funjournal.org/wp-content/uploads/2015/09/macel.pdf,,https://www.funjournal.org/2004-volume-3-issue-1/,0,,,funjournal.org,
JUNE-03-1-07,2004,3,1,Articles,,article,False,,Helping Students Get Into Graduate School,BA Fischer & MJ Zigmond,Fischer,,,,,,https://www.funjournal.org/wp-content/uploads/2015/09/fisherandzigmond.pdf,,https://www.funjournal.org/2004-volume-3-issue-1/,0,,,funjournal.org,
JUNE-03-2-01,2005,3,2,Editorials,,editorial,False,,Preparing the Next Generation of Neuroscience Educators,JC Hardwick,Hardwick,,,,,,https://www.funjournal.org/wp-content/uploads/2015/09/Hardwick.pdf,,https://www.funjournal.org/2005-volume-3-issue-2/,0,,,funjournal.org,
JUNE-03-2-02,2005,3,2,Editorials,,editorial,False,,An Interview with Carla Shatz – Harvard’s First Female Neurobiology Chair,CA Paul,Paul,,,,,,https://www.funjournal.org/wp-content/uploads/2015/09/PaulShatz.pdf,,https://www.funjournal.org/2005-volume-3-issue-2/,0,,,funjournal.org,
JUNE-03-2-03,2005,3,2,Articles,,article,False,,A Laboratory Exercise Demonstrating the Limited Circumstances in which the Cerebral Cortex is Engaged in Over Ground Locomotion,JA Buford,Buford,,,,,,https://www.funjournal.org/wp-content/uploads/2015/09/Buford.pdf,,https://www.funjournal.org/2005-volume-3-issue-2/,0,,,funjournal.org,
JUNE-03-2-04,2005,3,2,Articles,,article,False,,The Clinical Neuroscience Course: Viewing Mental Health from Neurobiological Perspectives,KG Lambert,Lambert,,,,,,https://www.funjournal.org/wp-content/uploads/2015/09/Lambert.pdf,,https://www.funjournal.org/2005-volume-3-issue-2/,0,,,funjournal.org,
JUNE-03-2-05,2005,3,2,Articles,,article,False,,Promoting Information Competency in Biological Psychology,LA Freberg and G Brosnan-Watters,Freberg,,,,,,https://www.funjournal.org/wp-content/uploads/2015/09/Freberg.pdf,,https://www.funjournal.org/2005-volume-3-issue-2/,0,,,funjournal.org,
JUNE-03-2-06,2005,3,2,Articles,,article,False,,Use of the Herb Gymnema sylvestre to Illustrate the Principles of Gustatory Sensation: An Undergraduate Neuroscience Laboratory Exercise,JA Schroeder and E Flannery-Schroeder,Schroeder,,,,,,https://www.funjournal.org/wp-content/uploads/2015/09/Schroeder.pdf,,https://www.funjournal.org/2005-volume-3-issue-2/,0,,,funjournal.org,
JUNE-03-2-07,2005,3,2,Articles,,article,False,,Column Chromatography Analysis of Brain Tissue: An Advanced Laboratory Exercise for Neuroscience Majors,WH Church,Church,,,,,,https://www.funjournal.org/wp-content/uploads/2015/09/Church.pdf,,https://www.funjournal.org/2005-volume-3-issue-2/,0,,,funjournal.org,
JUNE-03-2-08,2005,3,2,Media Reviews,BOOK REVIEW,review,False,,"BOOK REVIEW: Writing With Style: APA Style Made Easy, Third Edition",KS Multhaup,Multhaup,,,,,,https://www.funjournal.org/wp-content/uploads/2015/09/Multhaup.pdf,,https://www.funjournal.org/2005-volume-3-issue-2/,0,,,funjournal.org,
JUNE-03-2-09,2005,3,2,Media Reviews,OF NOTE,review,False,,OF NOTE: Brief Reviews of Resources for Undergraduate Neuroscience Educators,collected by B Lom,collected,,,,,,https://www.funjournal.org/wp-content/uploads/2015/09/OfNote.pdf,,https://www.funjournal.org/2005-volume-3-issue-2/,0,,,funjournal.org,
JUNE-04-1-01,2005,4,1,Editorials,,editorial,False,,Essay: There’s a Pony in Here Somewhere! Reflections on Integrating Teaching and Research at Predominantly Undergraduate Institutions,JJ Ramirez,Ramirez,,,,,,https://www.funjournal.org/wp-content/uploads/2015/09/RamirezPony2005.pdf,,https://www.funjournal.org/2005-volume-4-issue-1/,0,,,funjournal.org,
JUNE-04-1-02,2005,4,1,Editorials,,editorial,False,,An Interview with Neurogeneticist Rudolph Tanzi,B Lom,Lom,,,,,,https://www.funjournal.org/wp-content/uploads/2015/09/tanziinterviewedit.pdf,,https://www.funjournal.org/2005-volume-4-issue-1/,0,,,funjournal.org,
JUNE-04-1-03,2005,4,1,Editorials,,editorial,False,,Editorial: Blueprints for Undergraduate Neuroscience Curricula: Roadmaps to What End?,M Kerchner,Kerchner,,,,,,https://www.funjournal.org/wp-content/uploads/2015/09/KerchnerBlueprints.pdf,,https://www.funjournal.org/2005-volume-4-issue-1/,0,,,funjournal.org,
JUNE-04-1-04,2005,4,1,Articles,,article,False,,A Rationale and Outline for an Undergraduate Course on the Philosophy and History of Science for Life Science Students,PE Hockberger & RJ Miller,Hockberger,,,,,,https://www.funjournal.org/wp-content/uploads/2015/09/hockberger.pdf,,https://www.funjournal.org/2005-volume-4-issue-1/,0,,,funjournal.org,
JUNE-04-1-05,2005,4,1,Articles,,article,False,,Demonstrating the Temperature Sensitivity of Synaptic Transmission in a Drosophila Mutant,"JL Krans, PK Rivlin, & RR Hoy",Krans,,,,,,https://www.funjournal.org/wp-content/uploads/2016/06/Kransetal.pdf,,https://www.funjournal.org/2005-volume-4-issue-1/,3,,,funjournal.org,
JUNE-04-1-06,2005,4,1,Articles,,article,False,,ols for Physiology Labs: An Inexpensive Means of Temperature Control,JL Krans & RR Hoy,Krans,,,,,,https://www.funjournal.org/wp-content/uploads/2015/09/kranshoy.pdf,,https://www.funjournal.org/2005-volume-4-issue-1/,0,,,funjournal.org,
JUNE-04-1-07,2005,4,1,Articles,,article,False,,An Investigative Laboratory Exercise Examining the Cell Signaling and Regulatory Properties of Neurons in the Regenerating Forelimbs of the Axolotl Ambystoma mexicanum,KS Mead,Mead,,,,,,https://www.funjournal.org/wp-content/uploads/2015/09/mead.pdf,,https://www.funjournal.org/2005-volume-4-issue-1/,0,,,funjournal.org,
JUNE-04-1-08,2005,4,1,Articles,,article,False,,Get the Rhythm: Modeling Neuronal Activity,"P Meuth, SG Meuth, D Jacobi, T Broicher, H-C Pape, & T Budde",Meuth,,,,,,https://www.funjournal.org/wp-content/uploads/2015/09/meuthBLrevs.pdf,,https://www.funjournal.org/2005-volume-4-issue-1/,0,,,funjournal.org,
JUNE-04-1-09,2005,4,1,Articles,,article,False,,Writing to Learn: An Evaluation of the Calibrated Peer Review™ Program in Two Neuroscience Courses,JR Prichard,Prichard,,,,,,https://www.funjournal.org/wp-content/uploads/2015/09/pritchard.pdf,,https://www.funjournal.org/2005-volume-4-issue-1/,0,,,funjournal.org,
JUNE-04-1-10,2005,4,1,Media Reviews,,review,False,,Textbook Review: Behavioral Neurobiology. An integrative approach.,JM Wotton,Wotton,,,,,,https://www.funjournal.org/wp-content/uploads/2015/09/wotton.pdf,,https://www.funjournal.org/2005-volume-4-issue-1/,0,,,funjournal.org,
JUNE-04-2-01,2006,4,2,Editorials,,editorial,False,,Editorial: Neuro Now!: Should Neuroscience be a Department or a Program?,RS Lewis,Lewis,,,,,,https://www.funjournal.org/wp-content/uploads/2015/09/LewisEditorial.pdf,,https://www.funjournal.org/2006-volume-4-issue-2/,0,,,funjournal.org,
JUNE-04-2-02,2006,4,2,Editorials,,editorial,False,,Essay: Funding Undergraduate Neuroscience Education: CCLI Yesterday and Today,"N Pruitt, JR Small, & T Woodin",Pruitt,,,,,,https://www.funjournal.org/wp-content/uploads/2015/09/Pruittetal.pdf,,https://www.funjournal.org/2006-volume-4-issue-2/,0,,,funjournal.org,
JUNE-04-2-03,2006,4,2,Editorials,,editorial,False,,erview: Nature or Nurture – Is A Successful Neuroscientist Born or Created? Interview with Rusty Gage,CA Paul,Paul,,,,,,https://www.funjournal.org/wp-content/uploads/2015/09/Paul.pdf,,https://www.funjournal.org/2006-volume-4-issue-2/,0,,,funjournal.org,
JUNE-04-2-04,2006,4,2,Articles,,article,False,,Teaching Basic Principles of Neuroscience with Computer Simulations,"E Av-Ron, JH Byrne, & DA Baxter",Av-Ron,,,,,,https://www.funjournal.org/wp-content/uploads/2015/09/avronetal.pdf,,https://www.funjournal.org/2006-volume-4-issue-2/,0,,,funjournal.org,
JUNE-04-2-05,2006,4,2,Articles,,article,False,,Responses to Sounds in the Central Auditory System of the Frog: An Advanced Electrophysiology Laboratory in Sensory Processing,MJ Ferragamo & JM Wotton,Ferragamo,,,,,,https://www.funjournal.org/wp-content/uploads/2015/09/FerragamoWotton.pdf,,https://www.funjournal.org/2006-volume-4-issue-2/,0,,,funjournal.org,
JUNE-04-2-06,2006,4,2,Articles,,article,False,,An Undergraduate Course on Publishing in Neuroscience,"LS Jones, LC Black, L Bright, C Meekins, V Thakur, & C Warren",Jones,,,,,,https://www.funjournal.org/wp-content/uploads/2015/09/jonesetal.pdf,,https://www.funjournal.org/2006-volume-4-issue-2/,0,,,funjournal.org,
JUNE-04-2-07,2006,4,2,Articles,,article,False,,Using Extracellular Single-unit Electrophysiological Data as a Substrate for Investigative Laboratory Exercises,GA Cousens & GM Muir,Cousens,,,,,,https://www.funjournal.org/wp-content/uploads/2015/09/CousensMuir.pdf,,https://www.funjournal.org/2006-volume-4-issue-2/,0,,,funjournal.org,
JUNE-04-2-08,2006,4,2,Articles,,article,False,,MATLAB-based Simulation of Whole-Cell and Single-Channel Currents,"SC Molitor, M Tong, & D Vora",Molitor,,,,,,https://www.funjournal.org/wp-content/uploads/2015/09/molitoretal.pdf,,https://www.funjournal.org/2006-volume-4-issue-2/,0,,,funjournal.org,
JUNE-04-2-09,2006,4,2,Media Reviews,,review,False,,Textbook Review: The Design of Experiments in Neuroscience,K Cameron,Cameron,,,,,,https://www.funjournal.org/wp-content/uploads/2015/09/Cameron.pdf,,https://www.funjournal.org/2006-volume-4-issue-2/,0,,,funjournal.org,
JUNE-05-1-01,2006,5,1,Editorials,,editorial,False,,Literature and the History of Neuroscience,M Harrington,Harrington,,E,6,,,https://www.funjournal.org/wp-content/uploads/2015/09/HarringtonJUNE06.pdf,,https://www.funjournal.org/2006-volume-5-issue-1/,0,,,funjournal.org,
JUNE-05-1-02,2006,5,1,Editorials,,editorial,False,,"Interview: Neuroethologist Ron Hoy on College, Careers, and Crawdads",J Ruble,Ruble,,,,,,https://www.funjournal.org/wp-content/uploads/2015/09/RubleInterviewofHoy.pdf,,https://www.funjournal.org/2006-volume-5-issue-1/,0,,,funjournal.org,
JUNE-05-1-03,2006,5,1,Articles,,article,False,,Functional Magnetic Resonance Imaging (fMRI): A Brief Exercise for an Undergraduate Laboratory Course,MW Hurd & DJ Vincent,Hurd,,,,,,https://www.funjournal.org/wp-content/uploads/2015/09/HurdJUNEf06.pdf,,https://www.funjournal.org/2006-volume-5-issue-1/,0,,,funjournal.org,
JUNE-05-1-04,2006,5,1,Articles,,article,False,,Collaborative Research in Teaching: Collaboration between Laboratory Courses at Neighboring Institutions,"JR Yates, N Curtis, & SJ Ramus",Yates,,,,,,https://www.funjournal.org/wp-content/uploads/2015/09/YatesJUNEf06.pdf,,https://www.funjournal.org/2006-volume-5-issue-1/,0,,,funjournal.org,
JUNE-05-1-05,2006,5,1,Articles,,article,False,,"Cultivation of an Interdisciplinary, Research-Based Neuroscience Minor at Hope College","LA Chase, J Stewart, & CC Barney",Chase,,,,,,https://www.funjournal.org/wp-content/uploads/2015/09/ChaseJUNEf06.pdf,,https://www.funjournal.org/2006-volume-5-issue-1/,0,,,funjournal.org,
JUNE-05-1-06,2006,5,1,Articles,,article,False,,Using Biographies to Illustrate the Intrapersonal and Interpersonal Dynamics of Science,M Mori & S Larson,Mori,,,,,,https://www.funjournal.org/wp-content/uploads/2015/09/MoriLarsonJUNEf06.pdf,,https://www.funjournal.org/2006-volume-5-issue-1/,0,,,funjournal.org,
JUNE-05-1-07,2006,5,1,Media Reviews,,review,False,,Technology Review: Data Acquisition and Display for Electrophysiology: PC Oscilloscopes,S George,George,,,,,,https://www.funjournal.org/wp-content/uploads/2015/09/GeorgeJUNEf06.pdf,,https://www.funjournal.org/2006-volume-5-issue-1/,0,,,funjournal.org,
JUNE-05-1-08,2006,5,1,Media Reviews,,review,False,,Textbook Review: Discovering Biological Psychology,G Brosnan-Watters,Brosnan-Watters,,,,,,https://www.funjournal.org/wp-content/uploads/2015/09/Brosnanwattersreview.pdf,,https://www.funjournal.org/2006-volume-5-issue-1/,0,,,funjournal.org,
JUNE-05-1-09,2006,5,1,Media Reviews,,review,False,,Media Review: The Neuron Connection: Modeling Parkinson’s Disease,AE Pollack,Pollack,,,,,,https://www.funjournal.org/wp-content/uploads/2015/09/pollackreview.pdf,,https://www.funjournal.org/2006-volume-5-issue-1/,0,,,funjournal.org,
JUNE-05-1-10,2006,5,1,Media Reviews,,review,False,,Media Review: Resources for Teaching Mammalian Neuroanatomy Using Sheep Brains,W Grisham,Grisham,,,,,,https://www.funjournal.org/wp-content/uploads/2015/09/GrishamSheepbrain.pdf,,https://www.funjournal.org/2006-volume-5-issue-1/,0,,,funjournal.org,
JUNE-05-2-01,2007,5,2,Editorials,,editorial,False,,JUNE as the Voice for Undergraduate Neuroscience Education,Gary L. Dunbar,Gary,,,,,,https://www.funjournal.org/wp-content/uploads/2015/09/DunbarJUNEs07.pdf,,https://www.funjournal.org/2007-volume-5-issue-2/,0,,,funjournal.org,
JUNE-05-2-02,2007,5,2,Editorials,,editorial,False,,Neuroscience and the Liberal Arts,JJ Ramirez,Ramirez,,,,,,https://www.funjournal.org/wp-content/uploads/2015/09/RamirezJUNEs07.pdf,,https://www.funjournal.org/2007-volume-5-issue-2/,0,,,funjournal.org,
JUNE-05-2-03,2007,5,2,Editorials,,editorial,False,,Evolution and the Neuroscience Curriculum: A Call to Action,WJ Pizzi,Pizzi,,,,,,https://www.funjournal.org/wp-content/uploads/2015/09/PizziJUNEs07.pdf,,https://www.funjournal.org/2007-volume-5-issue-2/,0,,,funjournal.org,
JUNE-05-2-04,2007,5,2,Editorials,,editorial,False,,Commentary: Work through SfN — but Keep Higher Education and K-12 Separate,RF Olivo,Olivo,,,,,,https://www.funjournal.org/wp-content/uploads/2015/09/OlivoJUNEs07.pdf,,https://www.funjournal.org/2007-volume-5-issue-2/,0,,,funjournal.org,
JUNE-05-2-05,2007,5,2,Editorials,,editorial,False,,Commentary: Toward a Better Neuroscience Tomorrow: Thoughts on the Society for Neuroscience and the Undergraduate,EP Wiertelak,Wiertelak,,,,,,https://www.funjournal.org/wp-content/uploads/2015/09/wiertelakjunes07.pdf,,https://www.funjournal.org/2007-volume-5-issue-2/,0,,,funjournal.org,
JUNE-05-2-06,2007,5,2,Articles,,article,False,,Teaching About the Brain and Reaching the Community: Undergraduates in the Pipeline Neuroscience Program at the University of Pennsylvania,"BL Edlow, K Hamilton, & RH Hamilton",Edlow,,,,,,https://www.funjournal.org/wp-content/uploads/2015/09/EdlowetalJUNEs07.pdf,,https://www.funjournal.org/2007-volume-5-issue-2/,0,,,funjournal.org,
JUNE-05-2-07,2007,5,2,Articles,,article,False,,Methods for Handling Missing Data in the Behavioral Neurosciences: Don’t Throw the Baby Rat out with the Bath Water,"LH Rubin, K Witkiewitz, J St. Andre, & S Reilly",Rubin,,,,,,https://www.funjournal.org/wp-content/uploads/2015/09/RubinetalJUNEs07.pdf,,https://www.funjournal.org/2007-volume-5-issue-2/,0,,,funjournal.org,
JUNE-05-2-08,2007,5,2,Articles,,article,False,,The Use of Case Studies in Teaching Undergraduate Neuroscience,WM Meil,Meil,,,,,,https://www.funjournal.org/wp-content/uploads/2015/09/MeilJUNEs07.pdf,,https://www.funjournal.org/2007-volume-5-issue-2/,0,,,funjournal.org,
JUNE-05-2-09,2007,5,2,Articles,,article,False,,An Undergraduate Neuroscience Seminar Based on the Annual Meeting of the Society for Neuroscience,DJ Bucci & WA Falls,Bucci,,,,,,https://www.funjournal.org/wp-content/uploads/2015/09/buccifallsJUNEs07.pdf,,https://www.funjournal.org/2007-volume-5-issue-2/,0,,,funjournal.org,
JUNE-05-2-10,2007,5,2,Articles,IFEL TOUR,article,False,,"IFEL TOUR: A Description of the Introduction to FUN Electrophysiology Labs Workshop at Bowdoin College, July 27-30, and the Resultant Faculty Learning Community","K Mead, J Dearworth, W Grisham, GA Herin, H Jarrard, CA Paul, R Waldeck, J Yates, & J Young",Mead,,,,,,https://www.funjournal.org/wp-content/uploads/2015/09/meadetaljunes07.pdf,,https://www.funjournal.org/2007-volume-5-issue-2/,0,,,funjournal.org,
JUNE-05-2-11,2007,5,2,Articles,,article,False,,Use of the Pyrithiamine-Induced Thiamine Deficient Animal Model of Korskoff’s Syndrome for Exploratory Research Activities in Undergraduate Physiological Psychology,"RW Flint, Jr; JE Hill; LA Sandusky; & CL Marino",Flint,,,,,,https://www.funjournal.org/wp-content/uploads/2015/09/flintjunes07scanned.pdf,,https://www.funjournal.org/2007-volume-5-issue-2/,0,,,funjournal.org,
JUNE-05-2-12,2007,5,2,Articles,,article,False,,Utility and Versatility of Extracellar Recordings from the Cockroach for Neurophysiological Instruction and Demonstration,"RL Ramos, A Moiseff, & JC Brumberg",Ramos,,,,,,https://www.funjournal.org/wp-content/uploads/2015/09/ramosetaljunes07.pdf,,https://www.funjournal.org/2007-volume-5-issue-2/,5,,,funjournal.org,
JUNE-05-2-13,2007,5,2,Media Reviews,,review,False,,Media Review: Shaken: Journey into the Mind of a Parkinson’s Patient,close content main element section close by builder template,close,KS Mead,,,,,https://www.funjournal.org/wp-content/uploads/2015/09/meadshakenjunes07.pdf,,https://www.funjournal.org/2007-volume-5-issue-2/,0,,,funjournal.org,
JUNE-06-1-01,2007,6,1,Editorials,,editorial,False,,Mentorship: The Bond that Brings Us Together,GL Dunbar,Dunbar,,,,,,https://www.funjournal.org/wp-content/uploads/2015/09/DunbarJUNEf07.pdf,,https://www.funjournal.org/2007-volume-6-issue-1/,0,,,funjournal.org,
JUNE-06-1-02,2007,6,1,Editorials,,editorial,False,,Interview: Darcy Kelley — Pioneering the Frontiers of Science Education,Julie Ruble,Julie,,,,,,https://www.funjournal.org/wp-content/uploads/2015/09/RubleInterviewDBKfall07.pdf,,https://www.funjournal.org/2007-volume-6-issue-1/,0,,,funjournal.org,
JUNE-06-1-03,2007,6,1,Editorials,,editorial,False,,Letter to Editor: More on Literature and the History of Neuroscience: Using the Writings of Silas Weir Mitchell (1829–1914) in Teaching the History of Neuroscience,D Todman,Todman,,,,,,https://www.funjournal.org/wp-content/uploads/2015/09/TodmanJUNEf07.pdf,,https://www.funjournal.org/2007-volume-6-issue-1/,0,,,funjournal.org,
JUNE-06-1-04,2007,6,1,Articles,,article,False,,DataView: A Tutorial Tool for Data Analysis. Template-based Spike Sorting and Frequency Analysis.,WJ Heitler,Heitler,,,,,,https://www.funjournal.org/wp-content/uploads/2015/09/HeitlerJUNEf07.pdf,,https://www.funjournal.org/2007-volume-6-issue-1/,0,,,funjournal.org,
JUNE-06-1-05,2007,6,1,Articles,,article,False,,"Novel in silico Method for Teaching Cytoarchitecture, Cellular Diversity, and Gene Expression in the Mammalian Brain","RL Ramos, PT Smith, and JC Brumberg",Ramos,,,,,,https://www.funjournal.org/wp-content/uploads/2015/09/RamosetalJUNEf07.pdf,,https://www.funjournal.org/2007-volume-6-issue-1/,0,,,funjournal.org,
JUNE-06-1-06,2007,6,1,Articles,,article,False,,Technical Note: Construction of a Simple Suction Electrode for Extracellular Recording and Stimulation,"BR Johnson, SA Hauptman, and RH Bonow",Johnson,,,,,,https://www.funjournal.org/wp-content/uploads/2015/09/JohnsonetalJUNEf07.pdf,,https://www.funjournal.org/2007-volume-6-issue-1/,0,,,funjournal.org,
JUNE-06-1-07,2007,6,1,Articles,,article,False,,NorthEast Under/graduate Research Organization for Neuroscience (NEURON): Our Third New York City Meeting,"S Ramos Goyette, KL Edinger, V Luine, J Young, and CA Frye",Goyette,,,,,,https://www.funjournal.org/wp-content/uploads/2015/09/Ramos-GoyetteetalJUNEf07.pdf,,https://www.funjournal.org/2007-volume-6-issue-1/,0,,,funjournal.org,
JUNE-06-1-08,2007,6,1,Articles,,article,False,,Dual Format Course Design: Neuroanatomy and Neurophysiology for Adult Learners,RI Estes,Estes,,,,,,https://www.funjournal.org/wp-content/uploads/2015/09/RIEstesJUNEf07.pdf,,https://www.funjournal.org/2007-volume-6-issue-1/,0,,,funjournal.org,
JUNE-06-1-09,2007,6,1,Media Reviews,,review,False,,Media Review: An Introduction to Nervous Systems By Ralph H. Greenspan,BR Johnson,Johnson,,,,,,https://www.funjournal.org/wp-content/uploads/2015/09/JohnsonMedrevf07.pdf,,https://www.funjournal.org/2007-volume-6-issue-1/,0,,,funjournal.org,
JUNE-06-2-01,2008,6,2,Editorials,,editorial,False,,New Challenges and Changes for JUNE,Gary L. Dunbar,Gary,,,,,,https://www.funjournal.org/wp-content/uploads/2015/09/Dunbareditorials08.pdf,,https://www.funjournal.org/2008-volume-6-issue-2/,0,,,funjournal.org,
JUNE-06-2-02,2008,6,2,Articles,,article,False,,Undergraduate Neuroscience Education: Blueprints for the 21st Century,Eric P. Wiertelak and Julio J. Ramirez,Eric,,,,,,https://www.funjournal.org/wp-content/uploads/2015/09/WiertelakRamirezJUNEs08.pdf,,https://www.funjournal.org/2008-volume-6-issue-2/,0,,,funjournal.org,
JUNE-06-2-03,2008,6,2,Articles,,article,False,,Using a Paradigm Shift to Teach Neurobiology and the Nature of Science—a C.R.E.A.T.E.-based Approach,Sally G. Hoskins,Sally,,,,,,https://www.funjournal.org/wp-content/uploads/2015/09/HoskinsJUNEs08proof1July9.pdf,,https://www.funjournal.org/2008-volume-6-issue-2/,0,,,funjournal.org,
JUNE-06-2-04,2008,6,2,Articles,,article,False,,Demonstrating Cerebral Vascular Networks: A Comparison of Methods for the Teaching Laboratory,"Raddy L. Ramos, Phoebe T. Smith, Susan D. Croll, and Joshua C. Brumberg",Raddy,,,,,,https://www.funjournal.org/wp-content/uploads/2015/09/Ramos_s08.pdf,,https://www.funjournal.org/2008-volume-6-issue-2/,0,,,funjournal.org,
JUNE-06-2-05,2008,6,2,Articles,,article,False,,Crayfish Aggression and the Androgenic Gland in a Behavior Lab for Non-Majors,Kristina S. Mead,Kristina,,,,,,https://www.funjournal.org/wp-content/uploads/2015/09/MeadJUNEs08.pdf,,https://www.funjournal.org/2008-volume-6-issue-2/,0,,,funjournal.org,
JUNE-06-2-06,2008,6,2,Articles,,article,False,,Effective Use of Computer Simulations in an Introductory Neuroscience Laboratory,Joel P. Bish and Stephanie Schleidt,Joel,,,,,,https://www.funjournal.org/wp-content/uploads/2015/09/Bish_JUNE_s08.pdf,,https://www.funjournal.org/2008-volume-6-issue-2/,0,,,funjournal.org,
JUNE-06-2-07,2008,6,2,Articles,,article,False,,Online Multimedia Teaching Tool for Parkinson’s Disease,"Greg Misiaszek, Michelle Riconscente, Maria Henke, and John P. Walsh",Greg,,,,,,https://www.funjournal.org/wp-content/uploads/2015/09/Misiaszek_JUNE_s08.pdf,,https://www.funjournal.org/2008-volume-6-issue-2/,0,,,funjournal.org,
JUNE-06-2-08,2008,6,2,Articles,,article,False,,Adapting the Learning-Cycle to Enrich Undergraduate Neuroscience Education for All Students,Mark Stewart and Stasinos Stavrianeas,Mark,,,,,,https://www.funjournal.org/wp-content/uploads/2015/09/stewart_stavrianeas_JUNE_s08.pdf,,https://www.funjournal.org/2008-volume-6-issue-2/,0,,,funjournal.org,
JUNE-06-2-09,2008,6,2,Media Reviews,TEXTBOOK REVIEW,review,False,,"Fundamentals of Human Neuropsychology, 6th Edition",Gina A. Mollet,Gina,Bryan Kolb and Ian Q. Whishaw,,,,,https://www.funjournal.org/wp-content/uploads/2015/09/kolbwhishaw_JUNE_s08.pdf,,https://www.funjournal.org/2008-volume-6-issue-2/,0,,,funjournal.org,
JUNE-07-1-01,2008,7,1,Editorials,,editorial,False,,Lessons in Hope,Gary Dunbar,Gary,,,,,,https://www.funjournal.org/wp-content/uploads/2015/09/JUNEedlessonsinhopeF08.pdf,,https://www.funjournal.org/2008-volume-7-issue-1/,0,,,funjournal.org,
JUNE-07-1-02,2008,7,1,Articles,SWIMMY,article,False,,SWIMMY: Free Software for Teaching Neurophysiology of Neuronal Circuits,"William Grisham, Natalie A. Schottler, and Franklin B. Krasne",William,,,,,,https://www.funjournal.org/wp-content/uploads/2015/09/grisham-etal-junef2008.pdf,,https://www.funjournal.org/2008-volume-7-issue-1/,0,,,funjournal.org,
JUNE-07-1-03,2008,7,1,Articles,,article,False,,The Digital Microscope: A Tool for Teaching Laboratory Skills in Distance Learning Courses,Eleanor J. Dommett and Katherine S. Leys,Eleanor,,,,,,https://www.funjournal.org/wp-content/uploads/2015/09/Dommett-LeysJUNEf2008.pdf,,https://www.funjournal.org/2008-volume-7-issue-1/,0,,,funjournal.org,
JUNE-07-1-04,2008,7,1,Articles,,article,False,,Experiencing Visuo-Motor Plasticity by Prism Adaptation in a Classroom Setting,Andrea Li,Andrea,,,,,,https://www.funjournal.org/wp-content/uploads/2015/09/LiJUNEf2008.pdf,,https://www.funjournal.org/2008-volume-7-issue-1/,0,,,funjournal.org,
JUNE-07-1-05,2008,7,1,Articles,,article,False,,Virtual EEG: A Software-Based Electroencephalogram Designed for Undergraduate Neuroscience-Related Courses,"Benjamin R. Miller, Melissa Troyer, and Thomas Busey",Benjamin,,,,,,https://www.funjournal.org/wp-content/uploads/2015/09/MilleretalJUNEf2008.pdf,,https://www.funjournal.org/2008-volume-7-issue-1/,0,,,funjournal.org,
JUNE-07-1-06,2008,7,1,Articles,,article,False,,"A Laboratory Exercise for a College-Level, Introductory Neuroscience Course Demonstrating Effects of Housing Environment on Anxiety and Psychostimulant Sensitivity","Laurel M. Pritchard, Tracey A. Van Kempen, Heather Williams, and Betty Zimmerberg",Laurel,,,,,,https://www.funjournal.org/wp-content/uploads/2015/09/PritchardJUNEf08.pdf,,https://www.funjournal.org/2008-volume-7-issue-1/,0,,,funjournal.org,
JUNE-07-1-07,2008,7,1,Articles,TECHNICAL NOTE,article,False,,"Constructing Inexpensive, Flexible, and Versatile Microdialysis Probes in an Undergraduate Microdialysis Research Lab",Sally Steffes and Michael Sandstrom,Sally,,,,,,https://www.funjournal.org/wp-content/uploads/2015/09/Steffes-SandstromJUNEf2008.pdf,,https://www.funjournal.org/2008-volume-7-issue-1/,0,,,funjournal.org,
JUNE-07-2-01,2009,7,2,Editorials,,editorial,False,,A Special Time for JUNE,Gary L. Dunbar,Gary,,,,,,https://www.funjournal.org/wp-content/uploads/2015/09/dunbar-editorial72.pdf,,https://www.funjournal.org/2009-volume-7-issue-2/,0,,,funjournal.org,
JUNE-07-2-02,2009,7,2,Editorials,,editorial,False,,Interview: Donald G. Stein: Pioneer in the Areas of Neuroplasticity and Recovery of Function,Gary L. Dunbar,Gary,,,,,,https://www.funjournal.org/wp-content/uploads/2015/09/dunbar-steinintervu72.pdf,,https://www.funjournal.org/2009-volume-7-issue-2/,0,,,funjournal.org,
JUNE-07-2-03,2009,7,2,Editorials,,editorial,False,,Commentary: Developing New Courses and Exploring New Teaching Approaches: The Role of “Unexpected Feedback”,Cynthia Gibson,Cynthia,,,,,,https://www.funjournal.org/wp-content/uploads/2015/09/gibson-commentary72.pdf,,https://www.funjournal.org/2009-volume-7-issue-2/,0,,,funjournal.org,
JUNE-07-2-04,2009,7,2,Articles,,article,False,,The Flatworm Planaria as a Toxicology and Behavioral Pharmacology Animal Model in Undergraduate Research Experiences,"Oné R. Pagán, Tamara Coudron, and Tanvi Kaneria",Oné,,,,,,https://www.funjournal.org/wp-content/uploads/2015/09/paganetal72.pdf,,https://www.funjournal.org/2009-volume-7-issue-2/,0,,,funjournal.org,
JUNE-07-2-05,2009,7,2,Articles,,article,False,,Every Cell Counts: An Inquiry-Based Approach to Address a Novel Research Question in an Undergraduate Neuroscience Lab,Melissa A. Birkett,Melissa,,,,,,https://www.funjournal.org/wp-content/uploads/2015/09/birkett72.pdf,,https://www.funjournal.org/2009-volume-7-issue-2/,0,,,funjournal.org,
JUNE-07-2-06,2009,7,2,Articles,,article,False,,Northeast Under/graduate Research Organization for Neuroscience (NEURON): Our Thirteenth Conference for Neuroscience Trainees and Educators,"Jay P. McLaughlin, Stacey Gomes, Angela Seliga, Sharon Ramos Goyette, Amy Morrison, Christian G. Reich, Cheryl A. Frye",Jay,,,,,,https://www.funjournal.org/wp-content/uploads/2015/09/mcLaughlinetal72.pdf,,https://www.funjournal.org/2009-volume-7-issue-2/,0,,,funjournal.org,
JUNE-07-2-07,2009,7,2,Articles,,article,False,,Successful Integration of Interactive Neuroscience Simulations into a Non-Laboratory Sensation & Perception Course,Uta Wolfe,Uta,,,,,,https://www.funjournal.org/wp-content/uploads/2015/09/wolfe72.pdf,,https://www.funjournal.org/2009-volume-7-issue-2/,0,,,funjournal.org,
JUNE-07-2-08,2009,7,2,Articles,,article,False,,"Interactive Methods for Teaching Action Potentials, an Example of Teaching Innovation from Neuroscience Postdoctoral Fellows in the Fellowships in Research and Science Teaching (FIRST) Program","E. Keen-Rhinehart, A. Eisen, D. Eaton, and K. McCormack",Keen-Rhinehart,,,,,,https://www.funjournal.org/wp-content/uploads/2015/09/keen-rhinehart72.pdf,,https://www.funjournal.org/2009-volume-7-issue-2/,0,,,funjournal.org,
JUNE-07-2-09,2009,7,2,Articles,,article,False,,The Student Surgeon: A Behavioral Neuroendocrinology Laboratory Exercise in Rats,Meg E. Kirkpatrick,Meg,,,,,,https://www.funjournal.org/wp-content/uploads/2015/09/kirkpatrick72.pdf,,https://www.funjournal.org/2009-volume-7-issue-2/,0,,,funjournal.org,
JUNE-07-2-10,2009,7,2,Media Reviews,,review,False,,Media Review: Dissection of the Human Brain,Douglas A. Weldon,Douglas,,,,,,https://www.funjournal.org/wp-content/uploads/2015/09/weldon-heimer72.pdf,,https://www.funjournal.org/2009-volume-7-issue-2/,0,,,funjournal.org,
JUNE-08-1-01,2009,8,1,Special Issue,,,True,FUN 2008 Macalester workshop,"Introduction to Papers from the FUN 2008 Macalester Workshops Proceedings of the 2008 Faculty for Undergraduate Neuroscience Workshops at Macalester College, St. Paul, MN, July 17 to July 20, 2008","Bruce R. Johnson, Mary E. Harrington, and Eric P. Wiertelak",Bruce,,,,,,https://www.funjournal.org/wp-content/uploads/2015/09/johnsonetal81.pdf,,https://www.funjournal.org/2009-volume-8-issue-1/,0,,,funjournal.org,
JUNE-08-1-02,2009,8,1,Special Issue,,,True,FUN 2008 Macalester workshop,Jeanne Narum: A Lifetime of Achievement,Julio J. Ramirez and Eric P. Wiertelak,Julio,,,,,,https://www.funjournal.org/wp-content/uploads/2015/09/ramirez-wiertelak81.pdf,,https://www.funjournal.org/2009-volume-8-issue-1/,0,,,funjournal.org,
JUNE-08-1-03,2009,8,1,Special Issue,,,True,FUN 2008 Macalester workshop,"Sex, Gender, and the Brain: A Non-Majors Course Linking Neuroscience and Women’s Studies",Kristina S. Mead,Kristina,,,,,,https://www.funjournal.org/wp-content/uploads/2015/09/mead81.pdf,,https://www.funjournal.org/2009-volume-8-issue-1/,0,,,funjournal.org,
JUNE-08-1-04,2009,8,1,Special Issue,,,True,FUN 2008 Macalester workshop,Vision and Art: An Interdisciplinary Approach to Neuroscience Education,Rosa Lafer-Sousa and Bevil R. Conway,Rosa,,,,,,https://www.funjournal.org/wp-content/uploads/2015/09/laferSousa-Conway81.pdf,,https://www.funjournal.org/2009-volume-8-issue-1/,0,,,funjournal.org,
JUNE-08-1-05,2009,8,1,Special Issue,,,True,FUN 2008 Macalester workshop,Building Neural Networks Within the Academy: Connecting Neuroscience to Other Disciplines,Lawrence J. Wichlinski,Lawrence,,,,,,https://www.funjournal.org/wp-content/uploads/2015/09/wichlinski81.pdf,,https://www.funjournal.org/2009-volume-8-issue-1/,0,,,funjournal.org,
JUNE-08-1-06,2009,8,1,Special Issue,,,True,FUN 2008 Macalester workshop,A Self-Study Tutorial using the Allen Brain Explorer and Brain Atlas to Teach Concepts of Mammalian Neuroanatomy and Brain Function,Bruce G. Jenks,Bruce,,,,,,https://www.funjournal.org/wp-content/uploads/2015/09/jenks81.pdf,,https://www.funjournal.org/2009-volume-8-issue-1/,0,,,funjournal.org,
JUNE-08-1-07,2009,8,1,Special Issue,,,True,FUN 2008 Macalester workshop,Modular Digital Course in Undergraduate Neuroscience Education (MDCUNE): A Website Offering Free Digital Tools for Neuroscience Educators,William Grisham,William,,,,,,https://www.funjournal.org/wp-content/uploads/2015/09/grisham81.pdf,,https://www.funjournal.org/2009-volume-8-issue-1/,0,,,funjournal.org,
JUNE-08-1-08,2009,8,1,Special Issue,,,True,FUN 2008 Macalester workshop,Teaching Neurophysiology to Undergraduates using Neurons in Action,Ann E. Stuart,Ann,,,,,,https://www.funjournal.org/wp-content/uploads/2015/09/stuart81.pdf,,https://www.funjournal.org/2009-volume-8-issue-1/,0,,,funjournal.org,
JUNE-08-1-09,2009,8,1,Special Issue,,,True,FUN 2008 Macalester workshop,Developing a Project-Oriented Introduction to Neuroscience Lab at Hope College,Leah A. Chase and Christopher C. Barney,Leah,,,,,,https://www.funjournal.org/wp-content/uploads/2015/09/chase-barney81.pdf,,https://www.funjournal.org/2009-volume-8-issue-1/,0,,,funjournal.org,
JUNE-08-1-10,2009,8,1,Special Issue,,,True,FUN 2008 Macalester workshop,Teaching Laboratory Neuroscience at Bowdoin: The Laboratory Instructor Perspective,Stephen Hauptman and Nancy Curtis,Stephen,,,,,,https://www.funjournal.org/wp-content/uploads/2015/09/hauptman-curtis81.pdf,,https://www.funjournal.org/2009-volume-8-issue-1/,0,,,funjournal.org,
JUNE-08-1-11,2009,8,1,Special Issue,,,True,FUN 2008 Macalester workshop,"g-PRIME: A Free, Windows Based Data Acquisition and Event Analysis Software Package for Physiology in Classrooms and Research Labs","Gus K. Lott III, Bruce R. Johnson, Robert H. Bonow, Bruce R. Land, and Ronald R. Hoy",Gus,,,,,,https://www.funjournal.org/wp-content/uploads/2015/09/lottetal81.pdf,,https://www.funjournal.org/2009-volume-8-issue-1/,0,,,funjournal.org,
JUNE-08-1-12,2009,8,1,Special Issue,,,True,FUN 2008 Macalester workshop,Teaching Undergraduate Neuroscience in the Digital Age,Christopher A. Korey,Christopher,,,,,,https://www.funjournal.org/wp-content/uploads/2015/09/korey81.pdf,,https://www.funjournal.org/2009-volume-8-issue-1/,0,,,funjournal.org,
JUNE-08-1-13,2009,8,1,Special Issue,,,True,FUN 2008 Macalester workshop,Higher Education and the Society for Neuroscience: a website proposal that helped catalyze a change in policy.,Richard F. Olivo,Richard,,,,,,https://www.funjournal.org/wp-content/uploads/2015/09/olivo81.pdf,,https://www.funjournal.org/2009-volume-8-issue-1/,0,,,funjournal.org,
JUNE-08-1-14,2009,8,1,Special Issue,,,True,FUN 2008 Macalester workshop,Brain Awareness Week and Beyond: Encouraging the Next Generation,"Colleen D. McNerney, Eun-Joo Chang, and Nicholas C. Spitzer",Colleen,,,,,,https://www.funjournal.org/wp-content/uploads/2015/09/mcnerneyetal81.pdf,,https://www.funjournal.org/2009-volume-8-issue-1/,0,,,funjournal.org,
JUNE-08-1-15,2009,8,1,Special Issue,,,True,FUN 2008 Macalester workshop,New(er) Kids on the Block – Voices of Junior FUN Faculty,Shelly D. Dickinson,Shelly,,,,,,https://www.funjournal.org/wp-content/uploads/2015/09/dickinson81.pdf,,https://www.funjournal.org/2009-volume-8-issue-1/,0,,,funjournal.org,
JUNE-08-1-16,2009,8,1,Special Issue,SOMAS-URM,,True,FUN 2008 Macalester workshop,SOMAS-URM: The Evolution of a Mentoring and Summer Research Program,Julio J. Ramirez and Scott Tonidandel,Julio,,,,,,https://www.funjournal.org/wp-content/uploads/2015/09/Ramirez-Toni81.pdf,,https://www.funjournal.org/2009-volume-8-issue-1/,0,,,funjournal.org,
JUNE-08-1-17,2009,8,1,Special Issue,,,True,FUN 2008 Macalester workshop,Facilities Planning for the Neuroscience Curriculum at a Primarily Undergraduate Institution: St. Olaf College’s Regents Hall of Natural and Mathematical Sciences,Gary M. Muir and David G.L. Van Wylen,Gary,,,,,,https://www.funjournal.org/wp-content/uploads/2015/09/muir81.pdf,,https://www.funjournal.org/2009-volume-8-issue-1/,0,,,funjournal.org,
JUNE-08-1-18,2009,8,1,Special Issue,,,True,FUN 2008 Macalester workshop,"The Journal of Undergraduate Neuroscience Education: History, Challenges, and Future Developments","Gary L. Dunbar, Barbara Lom, William Grisham, and Julio J. Ramirez",Gary,,,,,,https://www.funjournal.org/wp-content/uploads/2015/09/dunbaretal81.pdf,,https://www.funjournal.org/2009-volume-8-issue-1/,0,,,funjournal.org,
JUNE-08-1-19,2009,8,1,Special Issue,,,True,FUN 2008 Macalester workshop,Establishing a New Paradigm for Diversity: A Case for Restructuring the Academic Training Environment,Joseph A. Whittaker and Timothy A. Akers,Joseph,,,,,,https://www.funjournal.org/wp-content/uploads/2015/09/whittaker81.pdf,,https://www.funjournal.org/2009-volume-8-issue-1/,0,,,funjournal.org,
JUNE-08-2-01,2010,8,2,Editorials,,editorial,False,,Call for JUNE Editorial Board Members and Reviewers,William Grisham,William,,,,,,https://www.funjournal.org/wp-content/uploads/2015/09/grisham_edi82e1.pdf,,https://www.funjournal.org/2010-volume-8-issue-2/,0,,,funjournal.org,
JUNE-08-2-02,2010,8,2,Interview,,,False,,"Bryan Kolb: Pioneer in Neuropsychology and Role Model for Teaching, Mentoring, and Involving Undergraduates in Neuroscience Research",Gary L. Dunbar,Gary,,,,,,https://www.funjournal.org/wp-content/uploads/2015/09/bkolb-intrvw82e2-e4.pdf,,https://www.funjournal.org/2010-volume-8-issue-2/,0,,,funjournal.org,
JUNE-08-2-03,2010,8,2,Articles,,article,False,,Laboratory Class Project: Using a Cichlid Fish display Tank to Teach Students about Complex Behavioral Systems,Brian C. Nolan,Brian,,,,,,https://www.funjournal.org/wp-content/uploads/2015/09/nolan82a86-a90.pdf,,https://www.funjournal.org/2010-volume-8-issue-2/,0,,,funjournal.org,
JUNE-08-2-04,2010,8,2,Articles,,article,False,,Narratives and Neurons: Stories of Damaged Brains,G. Andrew Mickley and Daniel A. Hoyt,Mickley,,,,,,https://www.funjournal.org/wp-content/uploads/2015/09/mickley_hoyt82a91-a100.pdf,,https://www.funjournal.org/2010-volume-8-issue-2/,0,,,funjournal.org,
JUNE-08-2-05,2010,8,2,Articles,,article,False,,Undergraduate Neuroscience Faculty: Results from a Survey of Faculty for Undergraduate Neuroscience Members,Jean C. Hardwick and Jeffrey S. Smith,Jean,,,,,,https://www.funjournal.org/wp-content/uploads/2015/09/hardwick_smith82a101-a107.pdf,,https://www.funjournal.org/2010-volume-8-issue-2/,0,,,funjournal.org,
JUNE-08-2-06,2010,8,2,Articles,,article,False,,FUN Survey 2009,,,,,,,,https://www.funjournal.org/wp-content/uploads/2015/09/fun_survey_09.pdf,,https://www.funjournal.org/2010-volume-8-issue-2/,0,,,funjournal.org,no authors found
JUNE-08-2-07,2010,8,2,Articles,,article,False,,Exploration of Gerontogenes in the Nervous System: A Multi-Level Neurogenomics Laboratory Module for an Intermediate Neuroscience and Behavior Course,Kathleen M. Raley-Susman and Janet M. Gray,Kathleen,,,,,,https://www.funjournal.org/wp-content/uploads/2015/09/raley-susmangray82a108-a115.pdf,,https://www.funjournal.org/2010-volume-8-issue-2/,0,,,funjournal.org,
JUNE-08-2-08,2010,8,2,Articles,,article,False,,Demonstrations of Neural Network Computations Involving Students,Christopher J. May,Christopher,,,,,,https://www.funjournal.org/wp-content/uploads/2015/09/may82a116-a121.pdf,,https://www.funjournal.org/2010-volume-8-issue-2/,0,,,funjournal.org,
JUNE-08-2-09,2010,8,2,Articles,,article,False,,Social Neuroscience at the College of Saint Rose: The Art of Team Teaching in Emerging Areas of Psychological Science,"Robert W. Flint, Jr. and Nancy Dorr",Robert,,,,,,https://www.funjournal.org/wp-content/uploads/2015/09/flintdorr82a122-a127.pdf,,https://www.funjournal.org/2010-volume-8-issue-2/,0,,,funjournal.org,
JUNE-09-1-01,2010,9,1,Editorials,,editorial,False,,We Are JUNE,GL Dunbar,Dunbar,,,,,,https://www.funjournal.org/wp-content/uploads/2015/09/dunbar-ed_91_e1.pdf,,https://www.funjournal.org/2010-volume-9-issue-1/,0,,,funjournal.org,
JUNE-09-1-02,2010,9,1,Editorials,,editorial,False,,Articulating the Dual Role of Undergraduate Neuroscience Education: What FUN and the Society for Neuroscience Can Do,AG Gittis,Gittis,,E,2,3,,https://www.funjournal.org/wp-content/uploads/2015/09/gittis-edi_9-1_e2_e3.pdf,,https://www.funjournal.org/2010-volume-9-issue-1/,0,,,funjournal.org,
JUNE-09-1-03,2010,9,1,Articles,,article,False,,Benefits of a Professional Training Year for Undergraduates on a Neuroscience Degree Scheme,RM Santer,Santer,,A,1,4,,https://www.funjournal.org/wp-content/uploads/2015/09/santer_9_1_a1_a4.pdf,,https://www.funjournal.org/2010-volume-9-issue-1/,0,,,funjournal.org,
JUNE-09-1-04,2010,9,1,Articles,,article,False,,Using Neurogenetics and the Warmth-Gated Ion Channel TRPA1 to Study the Neural Basis of Behavior in Drosophila,"J Berni, AM Muldal & SR Pulver",Berni,,A,5,14,,https://www.funjournal.org/wp-content/uploads/2015/09/berni_91_a5_a14proof.pdf,,https://www.funjournal.org/2010-volume-9-issue-1/,6,,,funjournal.org,
JUNE-09-1-05,2010,9,1,Articles,,article,False,,A Visually-Induced Eyelid Droop Illusion as a Classroom Demonstration of Cross-Modality,U Wolfe,Wolfe,,A,15,19,,https://www.funjournal.org/wp-content/uploads/2015/09/wolfe_91_a15_a19.pdf,,https://www.funjournal.org/2010-volume-9-issue-1/,1,,,funjournal.org,
JUNE-09-1-06,2010,9,1,Articles,,article,False,,Teaching Basic Neurophysiology Using Intact Earthworms,"N Kladt, U Hanslik & HG Heinzel",Kladt,,A,20,35,,https://www.funjournal.org/wp-content/uploads/2015/09/kladt_91_a20-a35.pdf,,https://www.funjournal.org/2010-volume-9-issue-1/,0,,,funjournal.org,
JUNE-09-1-07,2010,9,1,Articles,,article,False,,Meeting the Challenge of Preparing Undergraduates for Careers in Cognitive Neuroscience,KR Mickley-Steinmetz & RK Ataputtu,Mickley-Steinmetz,,A,36,42,,https://www.funjournal.org/wp-content/uploads/2015/09/mickley_etal_91_a36-a42.pdf,,https://www.funjournal.org/2010-volume-9-issue-1/,0,,,funjournal.org,
JUNE-09-1-08,2010,9,1,Articles,,article,False,,Dissection of the Hippocampus Proper and the Associated Structures in Preserved Horse Brains,LA Cope,Cope,,A,43,46,,https://www.funjournal.org/wp-content/uploads/2015/09/cope_91_a43_a46.pdf,,https://www.funjournal.org/2010-volume-9-issue-1/,0,,,funjournal.org,
JUNE-09-1-09,2010,9,1,Articles,,article,False,,Exploring the Complexities of Experimental Design: Using an On-line Reaction Time Program,AE Pollack,Pollack,,A,47,50,,https://www.funjournal.org/wp-content/uploads/2015/09/pollack_91_a47_a50.pdf,,https://www.funjournal.org/2010-volume-9-issue-1/,0,,,funjournal.org,
JUNE-09-1-10,2010,9,1,Articles,,article,False,,Design and Construction of a Two-Temperature Preference Behavioral Assay,RL Daniels & DD McKemy,Daniels,,A,51,56,,https://www.funjournal.org/wp-content/uploads/2015/09/daniels_91_a51_a56.pdf,,https://www.funjournal.org/2010-volume-9-issue-1/,2,,,funjournal.org,
JUNE-09-1-11,2010,9,1,Articles,,article,False,,Neural Networks: Making Connections about the Brain and about College,Kristina S. Mead,Kristina,,A,57,61,,https://www.funjournal.org/wp-content/uploads/2015/09/mead_91_a57_a61.pdf,,https://www.funjournal.org/2010-volume-9-issue-1/,3,,,funjournal.org,
JUNE-09-2-01,2011,9,2,Editorials,,editorial,False,,"Friends, FUN, and the Future",GL Dunbar,Dunbar,,E,4,4,,https://www.funjournal.org/wp-content/uploads/2015/09/dunbar_ediorial_e4-e4.pdf,,https://www.funjournal.org/2011-volume-9-issue-2/,0,,,funjournal.org,
JUNE-09-2-02,2011,9,2,Editorials,,editorial,False,,Opinion: Discussing Philosophy of Mind in Introductory Neuroscience Classes,MH Gendle,Gendle,,E,5,7,,https://www.funjournal.org/wp-content/uploads/2015/09/gendle_9_2_e5_e7.pdf,,https://www.funjournal.org/2011-volume-9-issue-2/,0,,,funjournal.org,
JUNE-09-2-03,2011,9,2,Editorials,,editorial,False,,Feature: Julio Ramirez Honored for Outstanding Mentorship by President Obama,GL Dunbar,Dunbar,,E,8,9,,https://www.funjournal.org/wp-content/uploads/2015/09/dunbar_feature_e8-e9.pdf,,https://www.funjournal.org/2011-volume-9-issue-2/,0,,,funjournal.org,
JUNE-09-2-04,2011,9,2,Articles,,article,False,,Volunteerism is Key to Offering Successful Neuroscience Outreach with Limited Resources,AR Pearce and M Srivatsan,Pearce,,A,62,65,,https://www.funjournal.org/wp-content/uploads/2015/09/pearce_etal_9_2_a62_a65.pdf,,https://www.funjournal.org/2011-volume-9-issue-2/,0,,,funjournal.org,
JUNE-09-2-05,2011,9,2,Articles,,article,False,,Undergraduate Neuroscience Education in the U.S.: An Analysis using Data from the National Center for Education Statistics,"RL Ramos, GJ Fokas, A Bhambri, PT Smith, BH Hallas & JC Brumberg",Ramos,,A,66,70,,https://www.funjournal.org/wp-content/uploads/2015/09/ramos_etal_9_2_a66_a70.pdf,,https://www.funjournal.org/2011-volume-9-issue-2/,3,,,funjournal.org,
JUNE-09-2-06,2011,9,2,Articles,,article,False,,An Undergraduate Laboratory Exercise to Study Weber’s Law,"JK Holden, EM Francisco, Z Zhang, C Baric & M Tommerdahl",Holden,,A,71,74,,https://www.funjournal.org/wp-content/uploads/2015/09/holden_etal_9_2_a71_a74.pdf,,https://www.funjournal.org/2011-volume-9-issue-2/,0,,,funjournal.org,
JUNE-09-2-07,2011,9,2,Articles,,article,False,,"SYNAPSE, Symposium for Young Neuroscientists and Professors of the Southeast: A One-day, Regional Neuroscience Meeting Focusing on Undergraduate Research","MW Hurd, B Lom & WL Silver",Hurd,,A,75,83,,https://www.funjournal.org/wp-content/uploads/2015/09/hurd_etal_9_2_a75_a83.pdf,,https://www.funjournal.org/2011-volume-9-issue-2/,0,,,funjournal.org,
JUNE-09-2-08,2011,9,2,Articles,,article,False,,Incorporating Scientific Publishing into an Undergraduate Neuroscience Course: A Case Study Using IMPULSE,LS Jones et al.,Jones,,A,84,91,,https://www.funjournal.org/wp-content/uploads/2015/09/jones_etal_9_2_a84_a91.pdf,,https://www.funjournal.org/2011-volume-9-issue-2/,0,,,funjournal.org,
JUNE-09-2-09,2011,9,2,Articles,,article,False,,Music and the Mind: A New Interdisciplinary Course on the Science of Musical Experience,JR Prichard & V Cornett-Murtada,Prichard,,A,92,97,,https://www.funjournal.org/wp-content/uploads/2015/09/prichard-9_2_a92_a97.pdf,,https://www.funjournal.org/2011-volume-9-issue-2/,0,,,funjournal.org,
JUNE-10-1-01,2011,10,1,Editorials,,editorial,False,,Unquenchable Neuroscience,W Grisham,Grisham,,,,,,https://www.funjournal.org/wp-content/uploads/2015/09/grisham_edi_10_1_e1.pdf,,https://www.funjournal.org/2011-volume-10-issue-1/,0,,,funjournal.org,
JUNE-10-1-02,2011,10,1,Editorials,,editorial,False,,Commentary Input-output: The Role of Undergraduate Curriculum in Successful Graduate Training in the Neurosciences,S Mennerick,Mennerick,,E,2,6,,https://www.funjournal.org/wp-content/uploads/2015/09/mennerick_comm_10_1_e2_e6.pdf,,https://www.funjournal.org/2011-volume-10-issue-1/,1,,,funjournal.org,
JUNE-10-1-03,2011,10,1,Articles,,article,False,,Strategies For Fostering Synergy between Neuroscience Programs and Chemistry Departments,DJ Ulness & JR Mach,Ulness,,A,1,8,,https://www.funjournal.org/wp-content/uploads/2015/09/ulness_mach_10_1_a1_a8.pdf,,https://www.funjournal.org/2011-volume-10-issue-1/,0,,,funjournal.org,
JUNE-10-1-04,2011,10,1,Articles,,article,False,,A Mechanism for Multidisciplinary Dialogue: The Memory & … Series,KS Multhaup et al.,Multhaup,,A,9,13,,https://www.funjournal.org/wp-content/uploads/2015/09/multhaup_10_1_a9_a13-km.pdf,,https://www.funjournal.org/2011-volume-10-issue-1/,0,,,funjournal.org,
JUNE-10-1-05,2011,10,1,Articles,,article,False,,The Use of “Non-Fiction Novels” in a Sensation and Perception Course,KL Gunther,Gunther,,A,14,23,,https://www.funjournal.org/wp-content/uploads/2015/09/gunther_10_1_a14_a23.pdf,,https://www.funjournal.org/2011-volume-10-issue-1/,0,,,funjournal.org,
JUNE-10-1-06,2011,10,1,Articles,,article,False,,Human Brains Engaged in Rat Brains: Student-driven Neuroanatomy Research in an Introductory Biology Lab Course,SM Gardner et al.,Gardner,,A,24,36,,https://www.funjournal.org/wp-content/uploads/2015/09/gardner-sm_10_1_a24_a36.pdf,,https://www.funjournal.org/2011-volume-10-issue-1/,0,,,funjournal.org,
JUNE-10-1-07,2011,10,1,Articles,,article,False,,Decreasing Neuroscience Anxiety in an Introductory Neuroscience Course: An Analysis Using Data from a Modified Science Anxiety Scale,M Birkett & K Shelton,Birkett,,A,37,43,,https://www.funjournal.org/wp-content/uploads/2015/09/birkett_10_1_a37_a43.pdf,,https://www.funjournal.org/2011-volume-10-issue-1/,0,,,funjournal.org,
JUNE-10-1-08,2011,10,1,Articles,,article,False,,Integrating Community Outreach into the Undergraduate Neuroscience Classroom,C Stevens,Stevens,,A,44,49,,https://www.funjournal.org/wp-content/uploads/2015/09/stevens_10_1_a44_a49.pdf,,https://www.funjournal.org/2011-volume-10-issue-1/,1,,,funjournal.org,
JUNE-10-1-09,2011,10,1,Articles,,article,False,,“Writing in Neuroscience”: A Course Designed for Neuroscience Undergraduate Students,J Adams,Adams,,A,50,57,,https://www.funjournal.org/wp-content/uploads/2015/09/adams_10_1_a50_a57.pdf,,https://www.funjournal.org/2011-volume-10-issue-1/,0,,,funjournal.org,
JUNE-10-1-10,2011,10,1,Articles,,article,False,,Practical Experience with Age-related Dementia: Implementation and Outcomes of a Semester-long Service Learning Project in Neuropsychology,M Olson,Olson,,A,58,64,,https://www.funjournal.org/wp-content/uploads/2015/09/olson_10_1_a58_a64.pdf,,https://www.funjournal.org/2011-volume-10-issue-1/,0,,,funjournal.org,
JUNE-10-1-11,2011,10,1,Articles,,article,False,,Use of Personal EEG Monitors in a Behavioral Neuroscience Course to Investigate Natural Setting Sleep Patterns and the Factors Affecting Them in College Students,JC Marshall et al.,Marshall,,A,65,70,,https://www.funjournal.org/wp-content/uploads/2015/09/marshall_10_1_a65_a70.pdf,,https://www.funjournal.org/2011-volume-10-issue-1/,0,,,funjournal.org,
JUNE-10-1-12,2011,10,1,Articles,,article,False,,A Conceptual Framework for Interdisciplinary Curriculum Design: A Case Study in Neuroscience,M Modo & I Kinchin,Modo,,A,71,79,,https://www.funjournal.org/wp-content/uploads/2015/09/modo_10_1_a71_a79.pdf,,https://www.funjournal.org/2011-volume-10-issue-1/,0,,,funjournal.org,
JUNE-10-1-13,2011,10,1,Articles,,article,False,,Design Plans for an Inexpensive Tail Flick Analgesia Meter,A Otto et al.,Otto,,A,80,84,,https://www.funjournal.org/wp-content/uploads/2015/09/otto_10_1_a80-a84.pdf,,https://www.funjournal.org/2011-volume-10-issue-1/,1,,,funjournal.org,
JUNE-10-1-14,2011,10,1,Articles,,article,False,,A Modified Golgi-Cox Procedure for use in Undergraduate Courses,KA Wright et al.,Wright,,,,,,,https://pubmed.ncbi.nlm.nih.gov/23626498/,https://www.funjournal.org/2011-volume-10-issue-1/,0,,,funjournal.org,no PDF link
JUNE-10-2-01,2012,10,2,Editorials,,editorial,False,,The State of JUNE,W Grisham,Grisham,,E,7,7,,https://www.funjournal.org/wp-content/uploads/2015/09/grisham_10_2_e7-e7.pdf,,https://www.funjournal.org/2012-volume-10-issue-2/,0,,,funjournal.org,
JUNE-10-2-02,2012,10,2,Editorials,Letter to the Editor,editorial,False,,Quenchable Neuroscience: Why JUNE Needs to Focus on Getting Indexed in PubMed,S Pulver,Pulver,,E,8,8,,https://www.funjournal.org/wp-content/uploads/2015/09/pulver_edltr_10_2_e8_e8.pdf,,https://www.funjournal.org/2012-volume-10-issue-2/,0,,,funjournal.org,
JUNE-10-2-03,2012,10,2,Articles,,article,False,,Assessing Development of an Interdisciplinary Perspective in an Undergraduate Neuroscience Course,KM Crisp & GM Muir,Crisp,,A,88,95,,https://www.funjournal.org/wp-content/uploads/2015/09/crisp_muir_10_2_a88_a95.pdf,,https://www.funjournal.org/2012-volume-10-issue-2/,0,,,funjournal.org,
JUNE-10-2-04,2012,10,2,Articles,,article,False,,Characterizing Mystery Cell Lines: Student-driven Research Projects in an Undergraduate Neuroscience Laboratory Course,ML Lemons,Lemons,,A,96,104,,https://www.funjournal.org/wp-content/uploads/2015/09/lemons_10_2_a96_a104.pdf,,https://www.funjournal.org/2012-volume-10-issue-2/,0,,,funjournal.org,
JUNE-10-2-05,2012,10,2,Articles,,article,False,,"Drugs, the Brain, and Behavior: A Graduate Student-run Comprehensive Course in Neuroscience",LE Ullrich et al.,Ullrich,,A,105,112,,https://www.funjournal.org/wp-content/uploads/2015/09/ullrich_10_2_a105_a112.pdf,,https://www.funjournal.org/2012-volume-10-issue-2/,3,,,funjournal.org,
JUNE-10-2-06,2012,10,2,Articles,,article,False,,Using In Vivo Voltammetry to Demonstrate Drug Action: A Student Laboratory Experience in Neurochemistry,BP Bergstrom,Bergstrom,,A,113,117,,https://www.funjournal.org/wp-content/uploads/2015/09/bergstrom_10_2_a113_a117.pdf,,https://www.funjournal.org/2012-volume-10-issue-2/,0,,,funjournal.org,
JUNE-10-2-07,2012,10,2,Articles,,article,False,,Bio-amplifier with Driven Shield Inputs to Reduce Electrical Noise and its Application to Laboratory Teaching of Electrophysiology,Y Matsuzaka et al.,Matsuzaka,,A,118,124,,https://www.funjournal.org/wp-content/uploads/2015/09/matsuzakaetal_10_2_a118_a124.pdf,,https://www.funjournal.org/2012-volume-10-issue-2/,0,,,funjournal.org,
JUNE-10-2-08,2012,10,2,Articles,,article,False,,Using Equivalence-Based Instruction to Increase Efficiency in Teaching Neuroanatomy,CL Pytte & DM Fienup,Pytte,,A,125,131,,https://www.funjournal.org/wp-content/uploads/2015/09/pytte_-fienup_10_2_a125-a131.pdf,,https://www.funjournal.org/2012-volume-10-issue-2/,0,,,funjournal.org,
JUNE-10-2-09,2012,10,2,Articles,,article,False,,An Undergraduate Laboratory Exercise Examining the Psychomotor Stimulant Effects of Caffeine in Laboratory Rats,K Pham & RD Romeo,Pham,,A,132,139,,https://www.funjournal.org/wp-content/uploads/2015/09/pham_romeo_10_2_a132_a139.pdf,,https://www.funjournal.org/2012-volume-10-issue-2/,0,,,funjournal.org,
JUNE-11-1-01,2012,11,1,Editorials,,editorial,True,FUN 2011 Pomona workshop,"Introduction to Volume 11, Issue 1 and Proceedings of the Faculty for Undergraduate Neuroscience Workshops at Pomona College, Claremont, CA, July 28 to July 31, 2011","BR Johnson, EP Wiertelak, JJ Ramirez, & K Parfitt",Johnson,,E,1,2,,https://www.funjournal.org/wp-content/uploads/2015/09/johnsonetal_11_1_e1_e2.pdf,,https://www.funjournal.org/2012-volume-11-issue-1/,0,,,funjournal.org,
JUNE-11-1-02,2012,11,1,Articles,,article,True,FUN 2011 Pomona workshop,Wikipedia Neuroscience Stub Editing in an Introductory Undergraduate Neuroscience Course,JR Burdo,Burdo,,A,1,5,,https://www.funjournal.org/wp-content/uploads/2015/09/burdo_11_1_a1-a5.pdf,,https://www.funjournal.org/2012-volume-11-issue-1/,0,,,funjournal.org,
JUNE-11-1-03,2012,11,1,Articles,,article,True,FUN 2011 Pomona workshop,Elevating Student Potential: Creating Digital Video to Teach Neurotransmission,MK Jarvinen & LZ Jarvinen,Jarvinen,,A,6,11,,https://www.funjournal.org/wp-content/uploads/2015/09/jarvinen_11_1_a6_a11.pdf,,https://www.funjournal.org/2012-volume-11-issue-1/,0,,,funjournal.org,
JUNE-11-1-04,2012,11,1,Articles,,article,True,FUN 2011 Pomona workshop,Developing at Team-taught Capstone Course in Neuroscience,S Kennedy & F Hassebrock,Kennedy,,A,12,16,,https://www.funjournal.org/wp-content/uploads/2015/09/kennedy_11_1_a12_a16.pdf,,https://www.funjournal.org/2012-volume-11-issue-1/,0,,,funjournal.org,
JUNE-11-1-05,2012,11,1,Articles,,article,True,FUN 2011 Pomona workshop,An Undergraduate taught Course on Consciousness and Mind,SI Kronemer & Jennifer Yates,Kronemer,,A,17,21,,https://www.funjournal.org/wp-content/uploads/2015/09/kronemer_11_1_a17_a21.pdf,,https://www.funjournal.org/2012-volume-11-issue-1/,0,,,funjournal.org,
JUNE-11-1-06,2012,11,1,Editorials,,editorial,True,FUN 2011 Pomona workshop,Oh What FUN We’ve Had! Reflections on the Past and Look to the Future,SD Dickinson,Dickinson,,E,3,8,,https://www.funjournal.org/wp-content/uploads/2015/09/dickinson_11_1_e3_e8.pdf,,https://www.funjournal.org/2012-volume-11-issue-1/,0,,,funjournal.org,
JUNE-11-1-07,2012,11,1,Articles,,article,True,FUN 2011 Pomona workshop,"Vision and Change in Undergraduate Biology Education: A Call to Action Presentation to Faculty for Undergraduate Neuroscience, July 2011",MLS Ledbetter,Ledbetter,,A,22,26,,https://www.funjournal.org/wp-content/uploads/2015/09/ledbetter_11_1_a22_a26.pdf,,https://www.funjournal.org/2012-volume-11-issue-1/,0,,,funjournal.org,
JUNE-11-1-08,2012,11,1,Articles,,article,True,FUN 2011 Pomona workshop,Identifying and Using ‘Core Competencies’ to Help Design and Assess Undergraduate Neuroscience Curricula,"M Kerchner, JC Hardwick & JE Thornton",Kerchner,,A,27,37,,https://www.funjournal.org/wp-content/uploads/2015/09/kerchner_etal_11_1_a27_a37.pdf,,https://www.funjournal.org/2012-volume-11-issue-1/,1,,,funjournal.org,
JUNE-11-1-09,2012,11,1,Articles,,article,True,FUN 2011 Pomona workshop,Working with your Administration to Garner Support for Neuroscience Programs,CG Reiness,Reiness,,A,38,40,,https://www.funjournal.org/wp-content/uploads/2015/09/reiness_11_1_a38_a40.pdf,,https://www.funjournal.org/2012-volume-11-issue-1/,0,,,funjournal.org,
JUNE-11-1-10,2012,11,1,Articles,,article,True,FUN 2011 Pomona workshop,"External Reviews, Internal Influences: Consultations and the Undergraduate Neuroscience Curriculum",EP Wiertelak,Wiertelak,,A,41,43,,https://www.funjournal.org/wp-content/uploads/2015/09/wietelak_11_1_a41_a43.pdf,,https://www.funjournal.org/2012-volume-11-issue-1/,0,,,funjournal.org,
JUNE-11-1-11,2012,11,1,Articles,,article,True,FUN 2011 Pomona workshop,Cultivating Diversity and Competency in STEM: Challenges and Remedies for Removing Virtual Barriers to Constructing Diverse Higher Education Communities of Success,JA Whittaker & BL Montgomery,Whittaker,,A,44,51,,https://www.funjournal.org/wp-content/uploads/2015/09/whittaker_montgomery_11_1_a44_a51.pdf,,https://www.funjournal.org/2012-volume-11-issue-1/,0,,,funjournal.org,
JUNE-11-1-12,2012,11,1,Articles,OPINION,article,True,FUN 2011 Pomona workshop,OPINION: Diversity in Neuroscience. We Know the Problem. Are We Really Still Debating the Solutions?,NY Weekes,Weekes,,A,52,54,,https://www.funjournal.org/wp-content/uploads/2015/09/weekes_11_1_a52_a54.pdf,,https://www.funjournal.org/2012-volume-11-issue-1/,0,,,funjournal.org,
JUNE-11-1-13,2012,11,1,Articles,,article,True,FUN 2011 Pomona workshop,The Intentional Mentor: Effective Mentorship of Undergraduate Science Students,JJ Ramirez,Ramirez,,A,55,63,,https://www.funjournal.org/wp-content/uploads/2015/09/ramirez_11_1_a55_a63.pdf,,https://www.funjournal.org/2012-volume-11-issue-1/,0,,,funjournal.org,
JUNE-11-1-14,2012,11,1,Articles,,article,True,FUN 2011 Pomona workshop,Classroom Activities: Simple Strategies to Incorporate Student-Centered Activities within Undergraduate Science Lectures,B Lom,Lom,,A,64,71,,https://www.funjournal.org/wp-content/uploads/2015/09/lom-_-11_1_a64_a71.pdf,,https://www.funjournal.org/2012-volume-11-issue-1/,0,,,funjournal.org,
JUNE-11-1-15,2012,11,1,Articles,,article,True,FUN 2011 Pomona workshop,Creating Cross-disciplinary Courses,ER Reynolds,Reynolds,,A,72,75,,https://www.funjournal.org/wp-content/uploads/2015/09/reynolds_11_1_a72-a75.pdf,,https://www.funjournal.org/2012-volume-11-issue-1/,0,,,funjournal.org,
JUNE-11-1-16,2012,11,1,Articles,,article,True,FUN 2011 Pomona workshop,Accelerated Integrated Science Sequence: An Interdisciplinary Introductory Course for Science Majors,"NH Copp, K Black & S Gould",Copp,,A,76,81,,https://www.funjournal.org/wp-content/uploads/2015/09/copp_etal_11_1_a76_a81.pdf,,https://www.funjournal.org/2012-volume-11-issue-1/,0,,,funjournal.org,
JUNE-11-1-17,2012,11,1,Articles,,article,True,FUN 2011 Pomona workshop,Collaborative Online Writing Assignments to Foster Active Learning,RF Olivo,Olivo,,A,82,89,,https://www.funjournal.org/wp-content/uploads/2015/09/olivo_11_1_a82_a89.pdf,,https://www.funjournal.org/2012-volume-11-issue-1/,0,,,funjournal.org,
JUNE-11-1-18,2012,11,1,Articles,,article,True,FUN 2011 Pomona workshop,Service Learning in Neuroscience Courses,KS Mead & S Kennedy,Mead,,A,90,96,,https://www.funjournal.org/wp-content/uploads/2015/09/mead_11_1_a90_a96.pdf,,https://www.funjournal.org/2012-volume-11-issue-1/,0,,,funjournal.org,
JUNE-11-1-19,2012,11,1,Articles,,article,True,FUN 2011 Pomona workshop,The Value of Partnerships in Science Education: A Win-Win Situation,S de Lacalla & A Petruso,Lacalla,,A,96,105,,https://www.funjournal.org/wp-content/uploads/2015/09/de_lacalle_11_1_a96_a105.pdf,,https://www.funjournal.org/2012-volume-11-issue-1/,0,,,funjournal.org,
JUNE-11-1-20,2012,11,1,Articles,,article,True,FUN 2011 Pomona workshop,Neuroscience Study Abroad: Developing a Short-Term Summer Course,MG Ruscio & C Korey,Ruscio,,A,106,111,,https://www.funjournal.org/wp-content/uploads/2015/09/ruscio_korey_11_1_a106_a111.pdf,,https://www.funjournal.org/2012-volume-11-issue-1/,0,,,funjournal.org,
JUNE-11-1-21,2012,11,1,Articles,,article,True,FUN 2011 Pomona workshop,Shared Innovations in Education: Writing and Reviewing for the Undergraduate Neuroscience Community,EP Wiertelak & GL Dunbar,Wiertelak,,A,112,113,,https://www.funjournal.org/wp-content/uploads/2015/09/wiertelak_dunbar_11_1_a112_a113.pdf,,https://www.funjournal.org/2012-volume-11-issue-1/,0,,,funjournal.org,
JUNE-11-1-22,2012,11,1,Articles,,article,True,FUN 2011 Pomona workshop,Planning and Designing Spaces for the Sciences,DA Weldon,Weldon,,A,114,118,,https://www.funjournal.org/wp-content/uploads/2015/09/weldon_11_1_a114_a118.pdf,,https://www.funjournal.org/2012-volume-11-issue-1/,0,,,funjournal.org,
JUNE-11-1-23,2012,11,1,Articles,,article,True,FUN 2011 Pomona workshop,Teaching Neuroinformatics with an Emphasis on Quantitative Locus Analysis,"W Grisham, CA Korey, NA Schottler, LB McCauley & J Beatty",Grisham,,A,119,125,,https://www.funjournal.org/wp-content/uploads/2015/09/grisham_etal_11_1_a119_a125.pdf,,https://www.funjournal.org/2012-volume-11-issue-1/,0,,,funjournal.org,
JUNE-11-1-24,2012,11,1,Articles,,article,True,FUN 2011 Pomona workshop,Exploring Sensory Neuroscience Through Experience and Experiment,RA Wyttenbach,Wyttenbach,,A,126,131,,https://www.funjournal.org/wp-content/uploads/2015/09/wyttenbach_11_1_a126_a131.pdf,,https://www.funjournal.org/2012-volume-11-issue-1/,0,,,funjournal.org,
JUNE-11-1-25,2012,11,1,Articles,,article,True,FUN 2011 Pomona workshop,A Structured-Inquiry Approach to Teaching Neurophysiology Using Computer Simulation,KM Crisp,Crisp,,A,132,138,,https://www.funjournal.org/wp-content/uploads/2015/09/crisp_11_1_a132_a138.pdf,,https://www.funjournal.org/2012-volume-11-issue-1/,0,,,funjournal.org,
JUNE-11-1-26,2012,11,1,Articles,,article,True,FUN 2011 Pomona workshop,The Fundamentals of Flying: Simple and Inexpensive Strategies for Employing Drosophila Genetics in Neuroscience Teaching Laboratories,SR Pulver & J Berni,Pulver,,A,139,148,,https://www.funjournal.org/wp-content/uploads/2015/09/pulver_berni_11_1_a139_a148.pdf,,https://www.funjournal.org/2012-volume-11-issue-1/,0,,,funjournal.org,
JUNE-11-1-27,2012,11,1,Articles,,article,True,FUN 2011 Pomona workshop,Electroretinograms in Drosophila: A Robust and Genetically Accessible Electrophysiological System for the Undergraduate Laboratory,I Vilinsky & KG Johnson,Vilinsky,,A,149,157,,https://www.funjournal.org/wp-content/uploads/2015/09/vilinsky_johnson_11_1_a149_a157.pdf,,https://www.funjournal.org/2012-volume-11-issue-1/,0,,,funjournal.org,
JUNE-11-1-28,2012,11,1,Articles,,article,True,FUN 2011 Pomona workshop,Classic Clinical Technique Adapted to Demonstrate Autonomic Nervous System Physiology in an Undergraduate Laboratory Course,W Colgan III,Colgan,,A,158,160,,https://www.funjournal.org/wp-content/uploads/2015/09/colgan_11_1_a158_a160.pdf,,https://www.funjournal.org/2012-volume-11-issue-1/,0,,,funjournal.org,
JUNE-11-1-29,2012,11,1,Articles,,article,True,FUN 2011 Pomona workshop,The Homemade Alternative: Teaching Human Neurophysiology with Instrumentation Made (Almost) from Scratch,"S Hauptman, K Du Bois & BR Johnson",Hauptman,,A,161,168,,https://www.funjournal.org/wp-content/uploads/2015/09/hauptman_11_1_a161_a168.pdf,,https://www.funjournal.org/2012-volume-11-issue-1/,0,,,funjournal.org,
JUNE-11-2-01,2013,11,2,Editorials,,editorial,False,,Preparing New Minds and Communicating Innovations in Undergraduate Neuroscience Education: Welcoming Change in Many Forms,EP Wiertelak,Wiertelak,,E,9,,,https://www.funjournal.org/wp-content/uploads/2015/09/june-11-e9.pdf,,https://www.funjournal.org/2013-volume-11-issue-2/,0,,,funjournal.org,
JUNE-11-2-02,2013,11,2,Articles,,article,False,,An Undergraduate Laboratory Exercise to Study Sensory Inhibition,"RH Nguyen, B Kirsch, R Yu, S Shim, P Mangum, JK Holden, EM Francisco & M Tommerdahl",Nguyen,,A,169,,,https://www.funjournal.org/wp-content/uploads/2015/09/june-11-169.pdf,,https://www.funjournal.org/2013-volume-11-issue-2/,0,,,funjournal.org,
JUNE-11-2-03,2013,11,2,Articles,,article,False,,Da Vinci Coding? Using Renaissance Artists’ Depictions of the Brain to Engage Student Interest in Neuroanatomy,TD Watson,Watson,,A,174,,,https://www.funjournal.org/wp-content/uploads/2015/09/june-11-174.pdf,,https://www.funjournal.org/2013-volume-11-issue-2/,0,,,funjournal.org,
JUNE-11-2-04,2013,11,2,Articles,,article,False,,Using Chick Forebrain Neurons to Model Neurodegeneration and Protection in an Undergraduate Neuroscience Laboratory Course,JR Burdo,Burdo,,A,178,,,https://www.funjournal.org/wp-content/uploads/2015/09/june-11-178.pdf,,https://www.funjournal.org/2013-volume-11-issue-2/,2,,,funjournal.org,
JUNE-11-2-05,2013,11,2,Media Reviews,,review,False,,Book Review: Creating Modern Neuroscience: The Revolutionary 1950s,AL Cecala,Cecala,,R,1,,,https://www.funjournal.org/wp-content/uploads/2015/09/june-11-r1.pdf,,https://www.funjournal.org/2013-volume-11-issue-2/,0,,,funjournal.org,
JUNE-11-2-06,2013,11,2,Media Reviews,,review,False,,Book Review: Brain Architecture: Understanding the Basic Plan (2nd ed.),DA Weldon and BR Johnson,Weldon,,R,3,,,https://www.funjournal.org/wp-content/uploads/2015/09/june-11-r3.pdf,,https://www.funjournal.org/2013-volume-11-issue-2/,0,,,funjournal.org,
JUNE-12-1-01,2013,12,1,Editorials,,editorial,False,,Opinion: A Win for Science: The Benefits of Mentoring High School Students in the Lab,CM Harley,Harley,,E,1,,,https://www.funjournal.org/wp-content/uploads/2015/09/june-12-e1.pdf,,https://www.funjournal.org/2013-volume-12-issue-1/,0,,,funjournal.org,
JUNE-12-1-02,2013,12,1,Editorials,,editorial,False,,Opinion: Science Communication to the General Public: Why We Need to Teach Undergraduate and Graduate Students this Skill as Part of Their Formal Scientific Training,"SE Brownell, JV Price and L Steinman",Brownell,,E,6,,,https://www.funjournal.org/wp-content/uploads/2015/09/june-12-e6.pdf,,https://www.funjournal.org/2013-volume-12-issue-1/,0,,,funjournal.org,
JUNE-12-1-03,2013,12,1,Editorials,,editorial,False,,Training Tomorrow’s Neuroscientists Today,EP Wiertelak,Wiertelak,,E,11,,,https://www.funjournal.org/wp-content/uploads/2015/09/june-12-e11.pdf,,https://www.funjournal.org/2013-volume-12-issue-1/,0,,,funjournal.org,
JUNE-12-1-04,2013,12,1,Articles,,article,False,,Three Colossal Neurons: A New Approach to an Old Classroom Demonstration,SR Holloway,Holloway,,A,1,,,https://www.funjournal.org/wp-content/uploads/2015/09/june-12-1.pdf,,https://www.funjournal.org/2013-volume-12-issue-1/,0,,,funjournal.org,
JUNE-12-1-05,2013,12,1,Articles,,article,False,,Engaging the Audience: Developing Presentation Skills in Science Students,AE Stuart,Stuart,,A,4,,,https://www.funjournal.org/wp-content/uploads/2015/09/june-12-4.pdf,,https://www.funjournal.org/2013-volume-12-issue-1/,0,,,funjournal.org,
JUNE-12-1-06,2013,12,1,Articles,,article,False,,MetaNeuron: A Free Neuron Simulation Program for Teaching Cellular Neurophysiology,MH Newman and EA Newman,Newman,,A,11,,,https://www.funjournal.org/wp-content/uploads/2015/09/june-12-11.pdf,,https://www.funjournal.org/2013-volume-12-issue-1/,0,,,funjournal.org,
JUNE-12-1-07,2013,12,1,Articles,,article,False,,Using Case Studies as a Semester-Long Tool to Teach Neuroanatomy and Structure-Function Relationships to Undergraduates,S Kennedy,Kennedy,,A,18,,,https://www.funjournal.org/wp-content/uploads/2015/09/june-12-18.pdf,,https://www.funjournal.org/2013-volume-12-issue-1/,0,,,funjournal.org,
JUNE-12-1-08,2013,12,1,Articles,,article,False,,Can You Change a Student’s Mind in a Course about the Brain? Belief Change Following an Introductory Course in Biological Psychology,IA Harrington,Harrington,,A,23,,,https://www.funjournal.org/wp-content/uploads/2015/09/june-12-23.pdf,,https://www.funjournal.org/2013-volume-12-issue-1/,0,,,funjournal.org,
JUNE-12-1-09,2013,12,1,Articles,,article,False,,Pleasure and Pain: Teaching Neuroscientific Principles of Hedonism in a Large General Education Undergraduate Course,RJ Bodnar et al.,Bodnar,,A,34,,,https://www.funjournal.org/wp-content/uploads/2015/09/june-12-34.pdf,,https://www.funjournal.org/2013-volume-12-issue-1/,0,,,funjournal.org,
JUNE-12-1-10,2013,12,1,Articles,,article,False,,The Use of Haiku to Convey Complex Concepts in Neuroscience,AE Pollack and DL Korol,Pollack,,A,42,,,https://www.funjournal.org/wp-content/uploads/2015/09/june-12-42.pdf,,https://www.funjournal.org/2013-volume-12-issue-1/,0,,,funjournal.org,
JUNE-12-1-11,2013,12,1,Articles,,article,False,,Basic Neuron Model Electrical Equivalent Circuit: An Undergraduate Laboratory Exercise,KM Dabrowski et al.,Dabrowski,,A,49,,,https://www.funjournal.org/wp-content/uploads/2015/09/june-12-49.pdf,,https://www.funjournal.org/2013-volume-12-issue-1/,0,,,funjournal.org,
JUNE-12-1-12,2013,12,1,Articles,,article,False,,Community-Based Experiential Learning for Second Year Neuroscience Undergraduates,HJ Yu et al.,Yu,,A,53,,,https://www.funjournal.org/wp-content/uploads/2015/09/june-12-53.pdf,,https://www.funjournal.org/2013-volume-12-issue-1/,3,,,funjournal.org,
JUNE-12-1-13,2013,12,1,Articles,,article,False,,Studying Temporal Properties of Stimulus-Evoked Responses in the Ventral Nerve Cord of Insects,MJ Ferragamo,Ferragamo,,A,61,,,https://www.funjournal.org/wp-content/uploads/2015/09/june-12-61.pdf,,https://www.funjournal.org/2013-volume-12-issue-1/,0,,,funjournal.org,
JUNE-12-1-14,2013,12,1,Articles,,article,False,,Using Crickets to Introduce Neurophysiology to Early Undergraduate Students,RK Dagda et al.,Dagda,,A,66,,,https://www.funjournal.org/wp-content/uploads/2015/09/june-12-66.pdf,,https://www.funjournal.org/2013-volume-12-issue-1/,0,,,funjournal.org,
JUNE-12-1-15,2013,12,1,Articles,,article,False,,The Use of Mock NSF-type Grant Proposals and Blind Peer Review as the Capstone Assignment in Upper-Level Neurobiology and Cell Biology Courses,H Itagaki,Itagaki,,A,75,,,https://www.funjournal.org/wp-content/uploads/2015/09/june-12-75.pdf,,https://www.funjournal.org/2013-volume-12-issue-1/,0,,,funjournal.org,
JUNE-12-1-16,2013,12,1,Articles,,article,False,,Engaging Undergraduates in a Unique Neuroscience Research Opportunity: A Collaborative Research Experience Between a Primarily Undergraduate Institution (PUI) and a Major Research Institution,MA Kreitzer & RP Malchow,Kreitzer,,A,85,,,https://www.funjournal.org/wp-content/uploads/2015/09/june-12-85.pdf,,https://www.funjournal.org/2013-volume-12-issue-1/,0,,,funjournal.org,
JUNE-12-1-17,2013,12,1,Media Reviews,Book Review,review,False,,Beyond The Brain: How Body and Environment Shape Animal and Human Minds,AL Cecala,Cecala,Louise Barrett,R,1,,,https://www.funjournal.org/wp-content/uploads/2015/09/june-12-r1.pdf,,https://www.funjournal.org/2013-volume-12-issue-1/,0,,,funjournal.org,
JUNE-12-2-01,2014,12,2,Editorials,,editorial,False,,"Expanding, Enriching and Sustaining Undergraduate Neuroscience Education","EP Wiertelak, Editor-in-Chief",Wiertelak,,E,12,,,https://www.funjournal.org/wp-content/uploads/2015/09/june-12-e12.pdf,,https://www.funjournal.org/2014-volume-12-issue-2/,0,,,funjournal.org,
JUNE-12-2-02,2014,12,2,Articles,,article,False,,The Student as Teacher: Reflections on Collaborative Learning in a Senior Seminar,J Kurczek & J Johnson,Kurczek,,A,93,,,https://www.funjournal.org/wp-content/uploads/2015/09/june-12-93.pdf,,https://www.funjournal.org/2014-volume-12-issue-2/,0,,,funjournal.org,
JUNE-12-2-03,2014,12,2,Articles,,article,False,,A Mind of Their Own: Using Inquiry-based Teaching to Build Critical Thinking Skills and Intellectual Engagement in an Undergraduate Neuroanatomy Course,RR Greenwald & IJ Quitadamo,Greenwald,,A,100,,,https://www.funjournal.org/wp-content/uploads/2015/09/june-12-100.pdf,,https://www.funjournal.org/2014-volume-12-issue-2/,0,,,funjournal.org,
JUNE-12-2-04,2014,12,2,Articles,,article,False,,Behavioral Observation of Xenopus Tadpole Swimming for Neuroscience Labs,"W-C Li, M Wagner & NJ Porter",W-C,,A,107,,,https://www.funjournal.org/wp-content/uploads/2015/09/june-12-107.pdf,,https://www.funjournal.org/2014-volume-12-issue-2/,0,,,funjournal.org,
JUNE-12-2-05,2014,12,2,Articles,,article,False,,Positron Emission Tomography (PET) and Graphical Kinetic Data Analysis of the Dopamine Neurotransmitter System: An Exercise for an Undergraduate Laboratory Course,MM Mirrione et al.,Mirrione,,A,114,,,https://www.funjournal.org/wp-content/uploads/2015/09/june-12-114.pdf,,https://www.funjournal.org/2014-volume-12-issue-2/,0,,,funjournal.org,
JUNE-12-2-06,2014,12,2,Articles,,article,False,,NeuroLab: A Set of Graphical Computer Simulations to Support Neuroscience Instruction at the High School and Undergraduate Level,LF Schettino,Schettino,,A,123,,,https://www.funjournal.org/wp-content/uploads/2015/09/june-12-123.pdf,,https://www.funjournal.org/2014-volume-12-issue-2/,1,,,funjournal.org,
JUNE-12-2-07,2014,12,2,Articles,,article,False,,Complementing Neurophysiology Education for Developing Countries via Cost-Effective Virtual Labs: Case Studies and Classroom Scenarios,S Diwakar et al.,Diwakar,,A,130,,,https://www.funjournal.org/wp-content/uploads/2015/09/june-12-130.pdf,,https://www.funjournal.org/2014-volume-12-issue-2/,0,,,funjournal.org,
JUNE-12-2-08,2014,12,2,Articles,,article,False,,Application of a Spike Sorting Procedure to Analyze Recordings in the Crayfish Ventral Superficial Flexor Preparation: A High Resolution Approach to the Study of Neuromodulators on Axons and Synapses,ZS Inam et al.,Inam,,A,140,,,https://www.funjournal.org/wp-content/uploads/2015/09/june-12-140.pdf,,https://www.funjournal.org/2014-volume-12-issue-2/,0,,,funjournal.org,
JUNE-12-2-09,2014,12,2,Articles,,article,False,,Classroom Demonstration of the Visual Effects of Eye Diseases,A-M Raphail et al.,A-M,,A,150,,,https://www.funjournal.org/wp-content/uploads/2015/09/june-12-150.pdf,,https://www.funjournal.org/2014-volume-12-issue-2/,0,,,funjournal.org,
JUNE-12-2-10,2014,12,2,Articles,,article,False,,Attitudes Toward Animal Research: Revisiting Gallup and Beckstead (1988),MM Metzger,Metzger,,A,154,,,https://www.funjournal.org/wp-content/uploads/2015/09/june-12-154.pdf,,https://www.funjournal.org/2014-volume-12-issue-2/,0,,,funjournal.org,
JUNE-12-2-11,2014,12,2,Articles,,article,False,,Controversies in Neuroscience: A Literature-Based Course for First year Undergraduates that Improves Scientific Confidence While Teaching Concepts,AM Willard & DJ Brasier,Willard,,A,159,,,https://www.funjournal.org/wp-content/uploads/2015/09/june-12-159.pdf,,https://www.funjournal.org/2014-volume-12-issue-2/,4,,,funjournal.org,
JUNE-12-2-12,2014,12,2,Media Reviews,Book Review,review,False,,"Permanent Present Tense: The Unforgettable Life of the Amnesic Patient, H.M.",K Monuszko,Monuszko,Suzanne Corkin,R,3,,,https://www.funjournal.org/wp-content/uploads/2015/09/june-12-r3.pdf,,https://www.funjournal.org/2014-volume-12-issue-2/,0,,,funjournal.org,
JUNE-12-2-13,2014,12,2,Media Reviews,Book Review,review,False,,Consciousness and the Brain: Deciphering How the Brain Codes our Thoughts,JW Kalat,Kalat,Stanislas Dehaene,R,5,,,https://www.funjournal.org/wp-content/uploads/2015/09/june-12-r5.pdf,,https://www.funjournal.org/2014-volume-12-issue-2/,0,,,funjournal.org,
JUNE-13-1-01,2014,13,1,Editorials,,editorial,False,,The Reviews Are In: Resources For Undergraduate Neuroscience Education,"EP Wiertelak, Editor-in-Chief",Wiertelak,,E,1,,,https://www.funjournal.org/wp-content/uploads/2015/09/june-13-e1.pdf,,https://www.funjournal.org/2014-volume-13-issue-1/,0,,,funjournal.org,
JUNE-13-1-02,2014,13,1,Articles,,article,False,,Developing a New Experimental System for an Undergraduate Laboratory Exercise to Teach Theories of Visuomotor Learning,S Kasuga & J Ushiba,Kasuga,,A,1,,,https://www.funjournal.org/wp-content/uploads/2015/09/june-13-1.pdf,,https://www.funjournal.org/2014-volume-13-issue-1/,0,,,funjournal.org,
JUNE-13-1-03,2014,13,1,Articles,,article,False,,K-12 Neuroscience Education Outreach Program: Interactive Activities for Educating Students about Neuroscience,AL Deal et al.,Deal,,A,8,,,https://www.funjournal.org/wp-content/uploads/2015/09/june-13-8.pdf,,https://www.funjournal.org/2014-volume-13-issue-1/,0,,,funjournal.org,
JUNE-13-1-04,2014,13,1,Articles,,article,False,,Students Apply Research Methods to Consumer Decisions About Cognitive Enhancing Drinks,CB Walters et al.,Walters,,A,21,,,https://www.funjournal.org/wp-content/uploads/2015/09/june-13-21.pdf,,https://www.funjournal.org/2014-volume-13-issue-1/,0,,,funjournal.org,
JUNE-13-1-05,2014,13,1,Articles,,article,False,,“Thinking like a Neuroscientist”: Using Scaffolded Grant Proposals to Foster Scientific Thinking in a Freshman Neuroscience Course,"H Köver, SE Wirt, MT Owens, & AJ Dosmann",Köver,,A,29,,,https://www.funjournal.org/wp-content/uploads/2015/09/june-13-29.pdf,,https://www.funjournal.org/2014-volume-13-issue-1/,0,,,funjournal.org,
JUNE-13-1-06,2014,13,1,Articles,,article,False,,A Proposal for Undergraduate Students’ Inclusion in Brain Awareness Week: Promoting Interest in Curricular Neuroscience Components,A Martins & PB Mello-Carpes,Martins,,A,41,,,https://www.funjournal.org/wp-content/uploads/2015/09/june-13-41.pdf,,https://www.funjournal.org/2014-volume-13-issue-1/,0,,,funjournal.org,
JUNE-13-1-07,2014,13,1,Articles,,article,False,,Engaging Undergraduate Summer Research Students and Faculty in a Regional Neuroscience Network,JR Yates & AJ Stavnezer,Yates,,A,45,,,https://www.funjournal.org/wp-content/uploads/2015/09/june-13-45.pdf,,https://www.funjournal.org/2014-volume-13-issue-1/,0,,,funjournal.org,
JUNE-13-1-08,2014,13,1,Articles,,article,False,,Recording Field Potentials From Zebrafish Larvae During Escape Responses,BD Monesson-Olson et al.,Monesson-Olson,,A,52,,,https://www.funjournal.org/wp-content/uploads/2015/09/june-13-52.pdf,,https://www.funjournal.org/2014-volume-13-issue-1/,0,,,funjournal.org,
JUNE-13-1-09,2014,13,1,Media Reviews,Textbook Review,review,False,,Guide to Research Techniques in Neuroscience,JC Strickland,Strickland,Matt Carter and Jennifer Shieh,R,1,,,https://www.funjournal.org/wp-content/uploads/2015/09/june-13-r1.pdf,,https://www.funjournal.org/2014-volume-13-issue-1/,0,,,funjournal.org,
JUNE-13-1-10,2014,13,1,Media Reviews,Book Review,review,False,,MATLAB for Neuroscientists: An Introduction to Scientific Computing in MATLAB (second edition),W Grisham,Grisham,Pascal Wallisch et al.,R,3,,,https://www.funjournal.org/wp-content/uploads/2015/09/june-13-r3.pdf,,https://www.funjournal.org/2014-volume-13-issue-1/,0,,,funjournal.org,
JUNE-13-1-11,2014,13,1,Media Reviews,Book Review,review,False,,Neuroscience: A Historical Introduction,AL Cecala,Cecala,Mitchell Glickstein,R,5,,,https://www.funjournal.org/wp-content/uploads/2015/09/june-13-r5.pdf,,https://www.funjournal.org/2014-volume-13-issue-1/,0,,,funjournal.org,
JUNE-13-1-12,2014,13,1,Media Reviews,Book Review,review,False,,Portraits of the Mind: Visualizing the Brain from Antiquity to the 21st Century,B Lom,Lom,Carl Schoonover,R,7,,,https://www.funjournal.org/wp-content/uploads/2015/09/june-13-r7.pdf,,https://www.funjournal.org/2014-volume-13-issue-1/,0,,,funjournal.org,
JUNE-13-1-13,2014,13,1,Media Reviews,Book Review,review,False,,"Joy, Guilt, Anger, Love",JW Kalat,Kalat,Giovanni Frazzetto,R,9,,,https://www.funjournal.org/wp-content/uploads/2015/09/june-13-r9.pdf,,https://www.funjournal.org/2014-volume-13-issue-1/,0,,,funjournal.org,
JUNE-13-1-14,2014,13,1,Media Reviews,Book Review,review,False,,Identification of Neural Markers Accompanying Memory,P Krishnan,Krishnan,,R,10,,,https://www.funjournal.org/wp-content/uploads/2015/09/june-13-r10.pdf,,https://www.funjournal.org/2014-volume-13-issue-1/,0,,,funjournal.org,
JUNE-13-2-01,2015,13,2,Editorials,,editorial,False,,OPINION – A Changing Tide: What the New ‘Foundations of Behavior’ Section of the 2015 Medical College Admissions Test® Might Mean for Undergraduate Neuroscience Programs,JR Prichard,Prichard,,E,2,,,https://www.funjournal.org/wp-content/uploads/2015/09/june-13-e2.pdf,,https://www.funjournal.org/2015-volume-13-issue-2/,0,,,funjournal.org,
JUNE-13-2-02,2015,13,2,Editorials,,editorial,False,,There are So Many I Want to Thank: Inviting the Neuroscience Classroom into Hollywood,"EP Wiertelak, Editor-in-Chief",Wiertelak,,E,7,,,https://www.funjournal.org/wp-content/uploads/2015/09/june-13-e7.pdf,,https://www.funjournal.org/2015-volume-13-issue-2/,0,,,funjournal.org,
JUNE-13-2-03,2015,13,2,Articles,,article,False,,Dark Adaptation and Purkinje Shift: A Laboratory Exercise in Perceptual Neuroscience,U Wolfe & N Ali,Wolfe,,A,59,,,https://www.funjournal.org/wp-content/uploads/2015/09/june-13-59.pdf,,https://www.funjournal.org/2015-volume-13-issue-2/,0,,,funjournal.org,
JUNE-13-2-04,2015,13,2,Articles,,article,False,,Brain Literate: Making Neuroscience Accessible to a Wider Audience of Undergraduates,D Salomon et al.,Salomon,,A,64,,,https://www.funjournal.org/wp-content/uploads/2015/09/june-13-64.pdf,,https://www.funjournal.org/2015-volume-13-issue-2/,0,,,funjournal.org,
JUNE-13-2-05,2015,13,2,Articles,,article,False,,A Classic Improved: Minor Tweaks Yield Major Benefits in Crayfish Slow-Flexor Preparations,C Weller et al.,Weller,,A,74,,,https://www.funjournal.org/wp-content/uploads/2015/09/june-13-74.pdf,,https://www.funjournal.org/2015-volume-13-issue-2/,0,,,funjournal.org,
JUNE-13-2-06,2015,13,2,Articles,,article,False,,"Mad Dogs, Vampires, and Zombie Ants: A Multidisciplinary Approach to Teaching Neuroscience, Behavior, and Microbiology",DJ Esteban & KS Holloway,Esteban,,A,81,,,https://www.funjournal.org/wp-content/uploads/2015/09/june-13-81.pdf,,https://www.funjournal.org/2015-volume-13-issue-2/,0,,,funjournal.org,
JUNE-13-2-07,2015,13,2,Articles,,article,False,,Undergraduate Neuropharmacology: A Model for Delivering College-Level Neuroscience to High School Students in situ,LE Martin-Morris et al.,Martin-Morris,,A,88,,,https://www.funjournal.org/wp-content/uploads/2015/09/june-13-88.pdf,,https://www.funjournal.org/2015-volume-13-issue-2/,0,,,funjournal.org,
JUNE-13-2-08,2015,13,2,Articles,,article,False,,"Exercises in Anatomy, Connectivity, and Morphology using Neuromorpho.org and the Allen Brain Atlas",P Chu et al.,Chu,,A,95,,,https://www.funjournal.org/wp-content/uploads/2015/09/june-13-95.pdf,,https://www.funjournal.org/2015-volume-13-issue-2/,0,,,funjournal.org,
JUNE-13-2-09,2015,13,2,Articles,,article,False,,Teaching Science Writing in an Introductory Lab Course,SE Holstein et al.,Holstein,,A,101,,,https://www.funjournal.org/wp-content/uploads/2015/09/june-13-101.pdf,,https://www.funjournal.org/2015-volume-13-issue-2/,4,,,funjournal.org,
JUNE-13-2-10,2015,13,2,Articles,,article,False,,Active Learning in a Neuroethics Course Positively Impacts Moral Judgment Development in Undergraduates,D Abu-Odeh et al.,Abu-Odeh,,A,110,,,https://www.funjournal.org/wp-content/uploads/2015/09/june-13-110.pdf,,https://www.funjournal.org/2015-volume-13-issue-2/,0,,,funjournal.org,
JUNE-13-2-11,2015,13,2,Media Reviews,BOOK REVIEW,review,False,,Neuroanatomy of Language Regions of the Human Brain,DY Harvey,Harvey,Michael Petrides,R,12,,,https://www.funjournal.org/wp-content/uploads/2015/09/june-13-r12.pdf,,https://www.funjournal.org/2015-volume-13-issue-2/,0,,,funjournal.org,
JUNE-13-2-12,2015,13,2,Media Reviews,WEBSITE REVIEW,review,False,,"Neuroscience for Kids: Online Resources that Promote Student Engagement, Teaching and Learning about the Brain",TK Karikari,Karikari,Eric H. Chudler,R,14,,,https://www.funjournal.org/wp-content/uploads/2015/09/june-13-r14.pdf,,https://www.funjournal.org/2015-volume-13-issue-2/,0,,,funjournal.org,
JUNE-13-3-01,2015,13,3,Editorials,,editorial,True,FUN 2014 Ithaca workshop,"Proceedings of the Faculty for Undergraduate Neuroscience Workshops at Ithaca College, Ithaca, NY, July 30 – Aug 3, 2014","JC Hardwick, BR Johnson, JJ Ramirez & EP Wiertelak",Hardwick,,E,9,,,https://www.funjournal.org/wp-content/uploads/2015/09/june-13-e9.pdf,,https://www.funjournal.org/605-2/,0,,,funjournal.org,
JUNE-13-3-02,2015,13,3,Editorials,,editorial,True,FUN 2014 Ithaca workshop,The 2014 FUN Achievement Award,BS Beltz et al.,Beltz,,E,11,,,https://www.funjournal.org/wp-content/uploads/2015/09/june-13-e11.pdf,,https://www.funjournal.org/605-2/,0,,,funjournal.org,
JUNE-13-3-03,2015,13,3,Articles,,article,True,FUN 2014 Ithaca workshop,VideoHacking: Automated Tracking and Quantification of Locomotor Behavior with Open Source Software and Off-the-Shelf Video Equipment,EE Conklin et al.,Conklin,,A,120,,,https://www.funjournal.org/wp-content/uploads/2015/09/june-13-120.pdf,,https://www.funjournal.org/605-2/,0,,,funjournal.org,
JUNE-13-3-04,2015,13,3,Articles,,article,True,FUN 2014 Ithaca workshop,ERIN: A Portal to Resources for Higher Education in Neuroscience,RF Olivo et al.,Olivo,,A,126,,,https://www.funjournal.org/wp-content/uploads/2015/09/june-13-126.pdf,,https://www.funjournal.org/605-2/,0,,,funjournal.org,
JUNE-13-3-05,2015,13,3,Articles,,article,True,FUN 2014 Ithaca workshop,Documenting Laboratory Procedures with Video,RA Wyttenbach,Wyttenbach,,A,131,,,https://www.funjournal.org/wp-content/uploads/2015/09/june-13-131.pdf,,https://www.funjournal.org/605-2/,0,,,funjournal.org,
JUNE-13-3-06,2015,13,3,Articles,,article,True,FUN 2014 Ithaca workshop,Retention of Underrepresented Minority Faculty: Strategic Initiatives for Institutional Value Proposition Based on Perspectives from a Range of Academic Institutions,Joseph A. Whittaker et al.,Joseph,,A,136,,,https://www.funjournal.org/wp-content/uploads/2015/09/june-13-136.pdf,,https://www.funjournal.org/605-2/,0,,,funjournal.org,
JUNE-13-3-07,2015,13,3,Articles,,article,True,FUN 2014 Ithaca workshop,Intentional Excellence in the Baldwin Wallace University Neuroscience Program,JK Morris et al.,Morris,,A,146,,,https://www.funjournal.org/wp-content/uploads/2015/09/june-13-146.pdf,,https://www.funjournal.org/605-2/,0,,,funjournal.org,
JUNE-13-3-08,2015,13,3,Articles,,article,True,FUN 2014 Ithaca workshop,Best Practices: The Neuroscience Program at Central Michigan University,GL Dunbar,Dunbar,,A,150,,,https://www.funjournal.org/wp-content/uploads/2015/09/june-13-150.pdf,,https://www.funjournal.org/605-2/,0,,,funjournal.org,
JUNE-13-3-09,2015,13,3,Articles,,article,True,FUN 2014 Ithaca workshop,Career Transitions for Faculty Members Committed to Undergraduate Neuroscience Education,GL Dunbar,Dunbar,,A,155,,,https://www.funjournal.org/wp-content/uploads/2015/09/june-13-155.pdf,,https://www.funjournal.org/605-2/,0,,,funjournal.org,
JUNE-13-3-10,2015,13,3,Articles,,article,True,FUN 2014 Ithaca workshop,Techniques and Technology to Revise Content Delivery and Model Critical Thinking in the Neuroscience Classroom,KR Illig,Illig,,A,160,,,https://www.funjournal.org/wp-content/uploads/2015/09/june-13-160.pdf,,https://www.funjournal.org/605-2/,0,,,funjournal.org,
JUNE-13-3-11,2015,13,3,Articles,,article,True,FUN 2014 Ithaca workshop,Light Activated Escape Circuits: A Behavior and Neurophysiology Lab Module using Drosophila Optogenetics,JS Titlow et al.,Titlow,,A,166,,,https://www.funjournal.org/wp-content/uploads/2015/09/june-13-166.pdf,,https://www.funjournal.org/605-2/,0,,,funjournal.org,
JUNE-13-3-12,2015,13,3,Articles,,article,True,FUN 2014 Ithaca workshop,Gel Scramble: An E-Tool for Teaching Molecular Neuroscience,W Grisham et al.,Grisham,,A,174,,,https://www.funjournal.org/wp-content/uploads/2015/09/june-13-174.pdf,,https://www.funjournal.org/605-2/,1,,,funjournal.org,
JUNE-13-3-13,2015,13,3,Articles,,article,True,FUN 2014 Ithaca workshop,Neuroscience and Global Learning,MG Ruscio et al.,Ruscio,,A,184,,,https://www.funjournal.org/wp-content/uploads/2015/09/june-13-184.pdf,,https://www.funjournal.org/605-2/,0,,,funjournal.org,
JUNE-13-3-14,2015,13,3,Articles,,article,True,FUN 2014 Ithaca workshop,How to Successfully Incorporate Undergraduate Researchers Into a Complex Research Program at a Large Institution,RB Weldon & VF Reyna,Weldon,,A,192,,,https://www.funjournal.org/wp-content/uploads/2015/09/june-13-192.pdf,,https://www.funjournal.org/605-2/,0,,,funjournal.org,
JUNE-13-3-15,2015,13,3,Articles,,article,True,FUN 2014 Ithaca workshop,"Mission-Driven, Manageable and Meaningful Assessment of an Undergraduate Neuroscience Program",GM Muir,Muir,,A,198,,,https://www.funjournal.org/wp-content/uploads/2015/09/june-13-198.pdf,,https://www.funjournal.org/605-2/,0,,,funjournal.org,
JUNE-13-3-16,2015,13,3,Articles,,article,True,FUN 2014 Ithaca workshop,In Situ Teaching: Fusing Labs & Lectures in Undergraduate Science Courses to Enhance Immersion in Scientific Research,J Round and B Lom,Round,,A,206,,,https://www.funjournal.org/wp-content/uploads/2015/09/june-13-206.pdf,,https://www.funjournal.org/605-2/,0,,,funjournal.org,
JUNE-13-3-17,2015,13,3,Articles,,article,True,FUN 2014 Ithaca workshop,"In Vivo Time-Lapse Imaging in the Zebrafish Lateral Line: A Flexible, Open-Ended Research Project for an Undergraduate Neurobiology Laboratory Course",MH Marra et al.,Marra,,A,215,,,https://www.funjournal.org/wp-content/uploads/2015/09/june-13-215.pdf,,https://www.funjournal.org/605-2/,0,,,funjournal.org,
JUNE-13-3-18,2015,13,3,Articles,,article,True,FUN 2014 Ithaca workshop,Using the Humanities to Teach Neuroscience to Non-majors,HG McFarlane and J Richeimer,McFarlane,,A,225,,,https://www.funjournal.org/wp-content/uploads/2015/09/june-13-225.pdf,,https://www.funjournal.org/605-2/,1,,,funjournal.org,
JUNE-13-3-19,2015,13,3,Articles,,article,True,FUN 2014 Ithaca workshop,Electrophysiology Meets Ecology: Investigating How Vision is Tuned to the Life Style of an Animal using Electroretinography,A Stowasser et al.,Stowasser,,A,234,,,https://www.funjournal.org/wp-content/uploads/2015/09/june-13-234.pdf,,https://www.funjournal.org/605-2/,1,,,funjournal.org,
JUNE-13-3-20,2015,13,3,Articles,,article,True,FUN 2014 Ithaca workshop,Student Friendly Technique to Demonstrate Coordination between Postural (Involuntary) and Voluntary Muscle Contractions,W Colgan III,Colgan,,A,244,,,https://www.funjournal.org/wp-content/uploads/2015/09/june-13-244.pdf,,https://www.funjournal.org/605-2/,0,,,funjournal.org,
JUNE-14-1-01,2015,14,1,Editorials,OPINION,editorial,False,,OPINION: When All the Giants Are Gone,Ian A. Harrington,Ian,,E,1,,,https://www.funjournal.org/wp-content/uploads/2015/10/june-14-e1.pdf,,https://www.funjournal.org/2015-volume-14-issue-1/,0,,,funjournal.org,
JUNE-14-1-02,2015,14,1,Editorials,,editorial,False,,Ishi no ue ni mo san nen *: Warming to the Changing Face of Neuroscience and Neuroscience Education,"Eric P. Wiertelak, Editor-in-Chief",Eric,,E,3,,,https://www.funjournal.org/wp-content/uploads/2015/10/june-14-e3.pdf,,https://www.funjournal.org/2015-volume-14-issue-1/,0,,,funjournal.org,
JUNE-14-1-03,2015,14,1,Articles,,article,False,,Psychoactive Substances Bill and Act of New Zealand: A Chance to Engage Undergraduate Scientists with Society using a Transfer Learning Paradigm,Catherine M. Gliddon & Belinda Cridge,Catherine,,A,1,,,https://www.funjournal.org/wp-content/uploads/2015/10/june-14-1.pdf,,https://www.funjournal.org/2015-volume-14-issue-1/,0,,,funjournal.org,
JUNE-14-1-04,2015,14,1,Articles,,article,False,,Snack Cake ‘Dissection’: A Flipped Classroom Exercise to Engage Undergraduates with Basic Neuroanatomy,Todd D. Watson,Todd,,A,8,,,https://www.funjournal.org/wp-content/uploads/2015/10/june-14-8.pdf,,https://www.funjournal.org/2015-volume-14-issue-1/,0,,,funjournal.org,
JUNE-14-1-05,2015,14,1,Articles,,article,False,,Pencil-and-Paper Neural Networks: An Undergraduate Laboratory Exercise in Computational Neuroscience,"Kevin M. Crisp, Ellen N. Sutter, & Jacob A. Westerberg",Kevin,,A,13,,,https://www.funjournal.org/wp-content/uploads/2015/10/june-14-13.pdf,,https://www.funjournal.org/2015-volume-14-issue-1/,0,,,funjournal.org,
JUNE-14-1-06,2015,14,1,Articles,,article,False,,Developing the Next Generation of Civic-Minded Neuroscience Scholars: Incorporating Service Learning and Advocacy Throughout a Neuroscience Program,Cecilia M. Fox,Cecilia,,A,23,,,https://www.funjournal.org/wp-content/uploads/2015/10/june-14-23.pdf,,https://www.funjournal.org/2015-volume-14-issue-1/,0,,,funjournal.org,
JUNE-14-1-07,2015,14,1,Articles,,article,False,,Extracellular Recording of Light Responses from Optic Nerve Fibers and the Caudal Photoreceptor in the Crayfish,"Steven C. Nesbit, Alexander G. Van Hoof, Chi C. Le, & James R. Dearworth, Jr.",Steven,,A,29,,,https://www.funjournal.org/wp-content/uploads/2015/10/june-14-29.pdf,,https://www.funjournal.org/2015-volume-14-issue-1/,1,,,funjournal.org,
JUNE-14-1-08,2015,14,1,Articles,,article,False,,Non-Fiction Memoirs in the Neuroscience Classroom: A Window into the Minds of Those Affected by Addiction,Alexia E. Pollack,Alexia,,A,39,,,https://www.funjournal.org/wp-content/uploads/2015/10/june-14-39.pdf,,https://www.funjournal.org/2015-volume-14-issue-1/,0,,,funjournal.org,
JUNE-14-1-09,2015,14,1,Articles,,article,False,,Using Tinbergen’s Four Questions as the Framework for a Neuroscience Capstone Course,John Meitzen,John,,A,46,,,https://www.funjournal.org/wp-content/uploads/2015/10/june-14-46.pdf,,https://www.funjournal.org/2015-volume-14-issue-1/,1,,,funjournal.org,
JUNE-14-1-10,2015,14,1,Articles,,article,False,,Undergraduate Biocuration: Developing Tomorrow’s Researchers While Mining Today’s Data,"Cassie S. Mitchell, Ashlyn Cates, Renaid B. Kim, & Sabrina K. Hollinger",Cassie,,A,56,,,https://www.funjournal.org/wp-content/uploads/2015/10/june-14-56.pdf,,https://www.funjournal.org/2015-volume-14-issue-1/,0,,,funjournal.org,
JUNE-14-1-11,2015,14,1,Articles,,article,False,,The Cognitive Neuroscience of Sign Language: Engaging Undergraduate Students’ Critical Thinking Skills Using the Primary Literature,Courtney Stevens,Courtney,,A,66,,,https://www.funjournal.org/wp-content/uploads/2015/10/june-14-66.pdf,,https://www.funjournal.org/2015-volume-14-issue-1/,0,,,funjournal.org,
JUNE-14-1-12,2015,14,1,Articles,,article,False,,A Series of Computational Neuroscience Labs Increases Comfort with MATLAB,David F. Nichols,David,,A,74,,,https://www.funjournal.org/wp-content/uploads/2015/10/june-14-74.pdf,,https://www.funjournal.org/2015-volume-14-issue-1/,0,,,funjournal.org,
JUNE-14-1-13,2015,14,1,Articles,,article,False,,Excitable Membranes and Action Potentials in Paramecia: An Analysis of the Electrophysiology of Ciliates,Charles H. Schlaepfer & Ralf Wessel,Charles,,A,82,,,https://www.funjournal.org/wp-content/uploads/2015/10/june-14-82.pdf,,https://www.funjournal.org/2015-volume-14-issue-1/,0,,,funjournal.org,
JUNE-14-1-14,2015,14,1,Media Reviews,BOOK REVIEW:,review,False,,Looking Inside the Brain: The Power of Neuroimaging,Barbara Lom,Barbara,Denis Le Bihan,R,1,,,https://www.funjournal.org/wp-content/uploads/2015/10/june-14-r1.pdf,,https://www.funjournal.org/2015-volume-14-issue-1/,0,,,funjournal.org,
JUNE-14-1-15,2015,14,1,Media Reviews,,review,False,,An Instructor’s Guide to (Some of) the Most Amazing Papers in Neuroscience,"Ian A. Harrington, William Grisham, D. J. Brasier, Shawn P. Gallagher, Samantha S. Gizerian, Rupa G. Gordon, Megan H. Hagenauer, Monica L. Linden, Barbara Lom, Richard Olivo, Noah J. Sandstrom, Shara Stough, Ilya Vilinsky, & Michael C. Wiest",Ian,,,,,,https://www.funjournal.org/wp-content/uploads/2015/10/june-14-r3-14.pdf,,https://www.funjournal.org/2015-volume-14-issue-1/,0,,,funjournal.org,
JUNE-14-1-16,2015,14,1,Media Reviews,BOOK REVIEW,review,False,,Consciousness: Confessions of a Romantic Reductionist,Ian A. Harrington,Ian,Kristof Koch,R,15,,,https://www.funjournal.org/wp-content/uploads/2015/10/june-14-r15.pdf,,https://www.funjournal.org/2015-volume-14-issue-1/,0,,,funjournal.org,
JUNE-14-1-17,2015,14,1,Media Reviews,BOOK REVIEW,review,False,,Tales from Both Sides of the Brain,Ian A. Harrington,Ian,Michael S. Gazzaniga,R,17,,,https://www.funjournal.org/wp-content/uploads/2015/10/june-14-r17.pdf,,https://www.funjournal.org/2015-volume-14-issue-1/,0,,,funjournal.org,
JUNE-14-1-18,2015,14,1,Media Reviews,BOOK REVIEW,review,False,,The Synapse: Structure and Function,Neal R. Melvin,Neal,,R,18,,,https://www.funjournal.org/wp-content/uploads/2015/10/june-14-r18.pdf,,https://www.funjournal.org/2015-volume-14-issue-1/,0,,,funjournal.org,
JUNE-14-1-19,2015,14,1,Media Reviews,BOOK REVIEW,review,False,,"Waking, Dreaming, Being",James W. Kalat,James,Evan Thompson,R,20,,,https://www.funjournal.org/wp-content/uploads/2015/10/june-14-r20.pdf,,https://www.funjournal.org/2015-volume-14-issue-1/,0,,,funjournal.org,
JUNE-14-2-01,2016,14,2,Editorials,,editorial,False,,Developing Science Communication in Africa: Undergraduate and Graduate Students should be Trained and Actively Involved in Outreach Activity Development and Implementation,"TK Karikari, NA Yawson, E Quansah",Karikari,,E,5,,,https://www.funjournal.org/wp-content/uploads/2016/02/june-14-e5.pdf,,https://www.funjournal.org/2016-volume-14-issue-2/,0,,,funjournal.org,
JUNE-14-2-02,2016,14,2,Editorials,,editorial,False,,"Nu Rho Psi , The National Honor Society in Neuroscience: A Decade of Progress","ZC Hesp, GA Cousens, L Becker, MC Zee & GA Mickley",Hesp,,E,9,,,https://www.funjournal.org/wp-content/uploads/2016/02/june-14-e9.pdf,,https://www.funjournal.org/2016-volume-14-issue-2/,0,,,funjournal.org,
JUNE-14-2-03,2016,14,2,Editorials,,editorial,False,,Case Studies and Neuroscience Education: Tools for Effective Teaching,"EP Wiertelak, KE Frenzel & LA Roesch",Wiertelak,,E,13,,,https://www.funjournal.org/wp-content/uploads/2016/03/june-14-e13.pdf,,https://www.funjournal.org/2016-volume-14-issue-2/,0,,,funjournal.org,
JUNE-14-2-04,2016,14,2,Editorials,,editorial,False,,Career Advice: Finding a Job at a Predominantly Undergraduate Institution,JJ Ramirez,Ramirez,,E,15,,,https://www.funjournal.org/wp-content/uploads/2016/04/june-14-e15.pdf,,https://www.funjournal.org/2016-volume-14-issue-2/,0,,,funjournal.org,
JUNE-14-2-05,2016,14,2,Editorials,,editorial,False,,Diversity and is Inclusion,IE Vega & M Colón-Berlingeri,Vega,,E,20,,,https://www.funjournal.org/wp-content/uploads/2016/04/june-14-e20.pdf,,https://www.funjournal.org/2016-volume-14-issue-2/,0,,,funjournal.org,
JUNE-14-2-06,2016,14,2,Editorials,,editorial,False,,Teaching as THE Oldest Profession,"BR Johnson, Editor-in-Chief",Johnson,,E,22,,,https://www.funjournal.org/wp-content/uploads/2016/06/june-14-e22.pdf,,https://www.funjournal.org/2016-volume-14-issue-2/,0,,,funjournal.org,
JUNE-14-2-07,2016,14,2,Articles,,article,False,,A Quantitative Examination of Undergraduate Neuroscience Majors Applying and Matriculating to Osteopathic Medical School,"RL Ramos, E Guercio, T Levitan, S O’Malley & PT Smith",Ramos,,A,87,,,https://www.funjournal.org/wp-content/uploads/2015/12/june-14-87.pdf,,https://www.funjournal.org/2016-volume-14-issue-2/,1,,,funjournal.org,
JUNE-14-2-08,2016,14,2,Articles,,article,False,,Incorporating an ERP Project into Undergraduate Instruction,E Nyhus & N Curtis,Nyhus,,A,91,,,https://www.funjournal.org/wp-content/uploads/2016/01/june-14-91.pdf,,https://www.funjournal.org/2016-volume-14-issue-2/,0,,,funjournal.org,
JUNE-14-2-09,2016,14,2,Articles,,article,False,,The BRAIN Initiative Provides a Unifying Context for Integrating Core STEM Competencies into a Neurobiology Course,JE Schaefer,Schaefer,,A,97,,,https://www.funjournal.org/wp-content/uploads/2016/01/june-14-97.pdf,,https://www.funjournal.org/2016-volume-14-issue-2/,1,,,funjournal.org,
JUNE-14-2-10,2016,14,2,Articles,,article,False,,“C.R.E.A.T.E.”-ing Unique Primary-Source Research Paper Assignments for a Pleasure and Pain Course Teaching Neuroscientific Principles in a Large General Education Undergraduate Course,"RJ Bodnar, FM Rotella, I Loiacono, T Coke, K Olsson, A Barrientos, L Blachorsky, D Warshaw, A Buras, CM Sanchez, R Azad & JR Stellar",Bodnar,,A,104,,,https://www.funjournal.org/wp-content/uploads/2016/01/june-14-104.pdf,,https://www.funjournal.org/2016-volume-14-issue-2/,0,,,funjournal.org,
JUNE-14-2-11,2016,14,2,Articles,,article,False,,Illuminating the Undergraduate Behavioral Neuroscience Laboratory: A Guide for the in vivo Application of Optogenetics in Mammalian Model Organisms,"BM Roberts, SE Jarrin, BN Mathur & AM Bailey",Roberts,,A,111,,,https://www.funjournal.org/wp-content/uploads/2016/01/june-14-111.pdf,,https://www.funjournal.org/2016-volume-14-issue-2/,1,,,funjournal.org,
JUNE-14-2-12,2016,14,2,Articles,,article,False,,Evaluation of Changes in Ghanaian Students’ Attitudes Towards Science Following Neuroscience Outreach Activities: A Means to Identify Effective Ways to Inspire Interest in Science Careers,"NA Yawson, AO Amankwaa, B Tali, VO Shang, EN Batu, KA Jnr, AD Fuseini, LN Tene, L Angaandi, I Blewusi, M Borbi, LNE Aduku, P Badu, H Abbey &TK Karikari",Yawson,,A,117,,,https://www.funjournal.org/wp-content/uploads/2016/01/june-14-117.pdf,,https://www.funjournal.org/2016-volume-14-issue-2/,0,,,funjournal.org,
JUNE-14-2-13,2016,14,2,Articles,,article,False,,Breadboard Amplifier: Building and Using Simple Electrophysiology Equipment,"KM Crisp, H Lin & I Prosper",Crisp,,A,124,,,https://www.funjournal.org/wp-content/uploads/2016/01/june-14-124.pdf,,https://www.funjournal.org/2016-volume-14-issue-2/,0,,,funjournal.org,
JUNE-14-2-14,2016,14,2,Articles,,article,False,,Using Cultured Mammalian Neurons to Study Cellular Processes and Neurodegeneration: A Suite of Undergraduate Lab Exercises,"R Catlin, A Taylor, L Ditchek, S Burnett, S Khan, O Todd, M Adams, E Touhey, A Wynkoop, & J Ryan",Catlin,,A,132,,,https://www.funjournal.org/wp-content/uploads/2016/02/june-14-132.pdf,,https://www.funjournal.org/2016-volume-14-issue-2/,0,,,funjournal.org,
JUNE-14-2-15,2016,14,2,Articles,,article,False,,Lights! Camera! Action Projects! Engaging Psychopharmacology Students in Service-based Action Projects Focusing on Student Alcohol Abuse,S Kennedy,Kennedy,,A,138,,,https://www.funjournal.org/wp-content/uploads/2016/03/june-14-138.pdf,,https://www.funjournal.org/2016-volume-14-issue-2/,1,,,funjournal.org,
JUNE-14-2-16,2016,14,2,Case Studies,,case study,False,,Nora’s Medulla: A Problem-Based Learning Case for Neuroscience Fundamentals,LA Roesch & K Frenzel,Roesch,,C,1,,,https://www.funjournal.org/wp-content/uploads/2016/05/june-14-c1.pdf,,https://www.funjournal.org/2016-volume-14-issue-2/,0,,,funjournal.org,
JUNE-14-2-17,2016,14,2,Media Reviews and Technical Reports,,review,False,,Anxious: Using the Brain to Understand and Treat Fear and Anxiety,AL Cecala,Cecala,Joseph LeDoux,R,22,,,https://www.funjournal.org/wp-content/uploads/2015/11/june-14-r22.pdf,,https://www.funjournal.org/2016-volume-14-issue-2/,0,,,funjournal.org,
JUNE-14-2-18,2016,14,2,Media Reviews and Technical Reports,,review,False,,Foundational Concepts in Neuroscience: A Brain-Mind Odyssey,KS Milar,Milar,David E. Presti,R,24,,,https://www.funjournal.org/wp-content/uploads/2016/03/june-14-r24.pdf,,https://www.funjournal.org/2016-volume-14-issue-2/,0,,,funjournal.org,
JUNE-14-2-19,2016,14,2,Media Reviews and Technical Reports,,review,False,,Running Wheel for Earthworms,WJ Wilson & BA Johnson,Wilson,,R,25,,,https://www.funjournal.org/wp-content/uploads/2016/03/june-14-r25.pdf,,https://www.funjournal.org/2016-volume-14-issue-2/,0,,,funjournal.org,
JUNE-14-2-20,2016,14,2,Media Reviews and Technical Reports,,review,False,,The Mind’s Machine: Foundations of Brain and Behavior,BR Johnson & DA Weldon,Johnson,Neil V. Watson & S. Marc Breedlove,R,32,,,https://www.funjournal.org/wp-content/uploads/2016/06/june-14-r32.pdf,,https://www.funjournal.org/2016-volume-14-issue-2/,0,,,funjournal.org,
JUNE-15-1-01,2016,15,1,Editorials,,editorial,False,,EDITORIAL — A New Feature in JUNE : Sharing the Amazing Papers of Neuroscience,"IA Harrington, AL Cecala, & BR Johnson",Harrington,,E,1,,,https://www.funjournal.org/wp-content/uploads/2016/09/june-15-e1.pdf,,https://www.funjournal.org/2016-volume-15-issue-1/,0,,,funjournal.org,
JUNE-15-1-02,2016,15,1,Editorials,,editorial,False,,OPINION — Student Assisted Course Design,E Birgbauer,Birgbauer,,E,3,,,https://www.funjournal.org/wp-content/uploads/2016/10/june-15-e3.pdf,,https://www.funjournal.org/2016-volume-15-issue-1/,0,,,funjournal.org,
JUNE-15-1-03,2016,15,1,Editorials,,editorial,False,,EDITORIAL — Candles in the Dark,"BR Johnson, Editor-in-Chief",Johnson,,E,6,,,https://www.funjournal.org/wp-content/uploads/2016/10/june-15-e6.pdf,,https://www.funjournal.org/2016-volume-15-issue-1/,0,,,funjournal.org,
JUNE-15-1-04,2016,15,1,Articles,,article,False,,Undergraduate Neuroscience Education in the U.S.: Quantitative Comparisons of Programs and Graduates in the Broader Context of Undergraduate Life Sciences Education,"RL Ramos, AW Esposito, S O’Malley, PT Smith, & W Grisham",Ramos,,A,1,,,https://www.funjournal.org/wp-content/uploads/2016/07/june-15-1.pdf,,https://www.funjournal.org/2016-volume-15-issue-1/,1,,,funjournal.org,
JUNE-15-1-05,2016,15,1,Articles,,article,False,,A Model for Teaching Advanced Neuroscience Methods: A Student-Run Seminar to Increase Practical Understanding and Confidence,"TM Harrison, CRK Ching, & AM Andrews",Harrison,,A,5,,,https://www.funjournal.org/wp-content/uploads/2016/07/june-15-5.pdf,,https://www.funjournal.org/2016-volume-15-issue-1/,0,,,funjournal.org,
JUNE-15-1-06,2016,15,1,Articles,,article,False,,Simulated in vivo Electrophysiology Experiments Provide Previously Inaccessible Insights into Visual Physiology,M Quiroga & NSC Price,Quiroga,,A,11,,,https://www.funjournal.org/wp-content/uploads/2016/08/june-15-11.pdf,,https://www.funjournal.org/2016-volume-15-issue-1/,0,,,funjournal.org,
JUNE-15-1-07,2016,15,1,Articles,,article,False,,"The Influence of Assay Design, Blinding, and Gymnema sylvestre on Sucrose Detection by Humans","MG Aleman, LJ Marconi, NH Nguyen, JM Park, MM Patino, Y Wang, CS Watkins, & C Shelley",Aleman,,A,18,,,https://www.funjournal.org/wp-content/uploads/2016/08/june-15-18.pdf,,https://www.funjournal.org/2016-volume-15-issue-1/,1,,,funjournal.org,
JUNE-15-1-08,2016,15,1,Articles,,article,False,,An Undergraduate Laboratory Exercise that Demonstrates the Difference Between Peripherally and Centrally Mediated Measures,"S Lowe, A Tommerdahl, R Lensch, E Francisco, J Holden, & M Tommerdahl",Lowe,,A,24,,,https://www.funjournal.org/wp-content/uploads/2016/09/june-15-24.pdf,,https://www.funjournal.org/2016-volume-15-issue-1/,0,,,funjournal.org,
JUNE-15-1-09,2016,15,1,Articles,,article,False,,Are Electrode Caps Worth the Investment? An Evaluation of EEG Methods in Undergraduate Neuroscience Laboratory Courses and Research,"SM Shields, CE Morse, ED Applebaugh, TL Muntz, & DF Nichols",Shields,,A,29,,,https://www.funjournal.org/wp-content/uploads/2016/09/june-15-29.pdf,,https://www.funjournal.org/2016-volume-15-issue-1/,1,,,funjournal.org,
JUNE-15-1-10,2016,15,1,Articles,,article,False,,Use of Structural Assessment of Knowledge for Outcomes Assessment in the Neuroscience Classroom,"JL Stevenson, S Shah, & JP Bish",Stevenson,,A,38,,,https://www.funjournal.org/wp-content/uploads/2016/09/june-15-38.pdf,,https://www.funjournal.org/2016-volume-15-issue-1/,1,,,funjournal.org,
JUNE-15-1-11,2016,15,1,Articles,,article,False,,An Inquiry-Based Approach to Study the Synapse: Student-Driven Experiments Using C. elegans,ML Lemons,Lemons,,A,44,,,https://www.funjournal.org/wp-content/uploads/2016/10/june-15-44.pdf,,https://www.funjournal.org/2016-volume-15-issue-1/,0,,,funjournal.org,
JUNE-15-1-12,2016,15,1,Articles,,article,False,,The Miracle Fruit: An Undergraduate Laboratory Exercise in Taste Sensation and Perception,O Lipatova & MM Campolattaro,Lipatova,,A,56,,,https://www.funjournal.org/wp-content/uploads/2016/10/june-15-56.pdf,,https://www.funjournal.org/2016-volume-15-issue-1/,1,,,funjournal.org,
JUNE-15-1-13,2016,15,1,Articles,,article,False,,The Establishment of an On-Campus Neurotraining Center at a Small University: Internship Experience Using Neuropsychological Techniques,EJ Schicatano & R Bohlander,Schicatano,,A,61,,,https://www.funjournal.org/wp-content/uploads/2016/10/june-15-61.pdf,,https://www.funjournal.org/2016-volume-15-issue-1/,0,,,funjournal.org,
JUNE-15-1-14,2016,15,1,Articles,,article,False,,Using a Pop-Science Book to Teach Introductory Neuroscience: Advantages for Science Majors and Non-Science Majors Alike,"LE Been, PG Mermelstein & RL Meisel",Been,,A,67,,,https://www.funjournal.org/wp-content/uploads/2016/10/june-15-67.pdf,,https://www.funjournal.org/2016-volume-15-issue-1/,2,,,funjournal.org,
JUNE-15-1-15,2016,15,1,Articles,,article,False,,From Botox to Behavior: Neuroscience for Non-scientists at Emory,LA Roesch & K Frenzel,Roesch,,A,72,,,https://www.funjournal.org/wp-content/uploads/2016/10/june-15-72.pdf,,https://www.funjournal.org/2016-volume-15-issue-1/,0,,,funjournal.org,
JUNE-15-1-16,2016,15,1,Articles,,article,False,,Word Origins of Common Neuroscience Terms for Use in an Undergraduate Classroom,"RM Hallock, EC Brand, & TB Mihalic",Hallock,,A,76,,,https://www.funjournal.org/wp-content/uploads/2016/10/june-15-76.pdf,,https://www.funjournal.org/2016-volume-15-issue-1/,1,,,funjournal.org,
JUNE-15-1-17,2016,15,1,Articles,,article,False,,Using Rubrics as a Scientific Writing Instructional Method in Early Stage Undergraduate Neuroscience Study,EBD Clabough & SW Clabough,Clabough,,A,85,,,https://www.funjournal.org/wp-content/uploads/2016/10/june-15-85.pdf,,https://www.funjournal.org/2016-volume-15-issue-1/,1,,,funjournal.org,
JUNE-15-1-18,2016,15,1,Articles,,article,False,,“Social” Neuroscience: Leveraging Social Media to Increase Student Engagement and Public Understanding of Neuroscience,A Valentine & J Kurczek,Valentine,,A,94,,,https://www.funjournal.org/wp-content/uploads/2016/10/june-15-94.pdf,,https://www.funjournal.org/2016-volume-15-issue-1/,0,,,funjournal.org,
JUNE-15-1-19,2016,15,1,Case Studies,,case study,False,,The Woman Born Without a Cerebellum: A Real-Life Case Adapted for Use in an Undergraduate Developmental and Systems Neuroscience Course,J Brielmaier,Brielmaier,,C,1,,,https://www.funjournal.org/wp-content/uploads/2016/10/june-15-c1.pdf,,https://www.funjournal.org/2016-volume-15-issue-1/,0,,,funjournal.org,
JUNE-15-1-20,2016,15,1,Case Studies,,case study,False,,Professor Eric Can’t See: A Project-Based Learning Case for Neurobiology Students,JM Ogilvie & E Ribbens,Ogilvie,,C,4,,,https://www.funjournal.org/wp-content/uploads/2016/10/june-15-c4.pdf,,https://www.funjournal.org/2016-volume-15-issue-1/,0,,,funjournal.org,
JUNE-15-1-21,2016,15,1,Media Reviews,,review,False,,"BOOK REVIEW — A Matter of Wonder: What Biology Reveals About Us, Our World, and Our Dreams",JW Kalat,Kalat,Gottfried Schatz,R,1,,,https://www.funjournal.org/wp-content/uploads/2016/09/june-15-r1.pdf,,https://www.funjournal.org/2016-volume-15-issue-1/,0,,,funjournal.org,
JUNE-15-1-22,2016,15,1,Media Reviews,,review,False,,BOOK REVIEW — Learning and Behavior: A Contemporary Synthesis (2nd Edition),JE Meyers-Manor,Meyers-Manor,Mark E. Bouton,R,3,,,https://www.funjournal.org/wp-content/uploads/2016/09/june-15-r3.pdf,,https://www.funjournal.org/2016-volume-15-issue-1/,0,,,funjournal.org,
JUNE-15-1-23,2016,15,1,Media Reviews,,review,False,,"AMAZING PAPERS IN NEUROSCIENCE — Introducing Students to Subcortical Sensory, Motor, and Cognitive Processes Associated with Saccades using a Series of Papers by Goldberg and Wurtz",AL Cecala,Cecala,,R,4,,,https://www.funjournal.org/wp-content/uploads/2016/09/june-15-r4.pdf,,https://www.funjournal.org/2016-volume-15-issue-1/,0,,,funjournal.org,
JUNE-15-1-24,2016,15,1,Media Reviews,,review,False,,"AMAZING PAPERS IN NEUROSCIENCE — Psychosocial Stress, Health, and the Hippocampus",S Kennedy,Kennedy,,R,12,,,https://www.funjournal.org/wp-content/uploads/2016/09/june-15-r12.pdf,,https://www.funjournal.org/2016-volume-15-issue-1/,0,,,funjournal.org,
JUNE-15-1-25,2016,15,1,Media Reviews,,review,False,,AMAZING PAPERS IN NEUROSCIENCE — Both Genetic and Environmental Changes can Enhance Learning and Memory,JM Flinn,Flinn,,R,14,,,https://www.funjournal.org/wp-content/uploads/2016/09/june-15-r14.pdf,,https://www.funjournal.org/2016-volume-15-issue-1/,0,,,funjournal.org,
JUNE-15-1-26,2016,15,1,Media Reviews,,review,False,,AMAZING PAPERS IN NEUROSCIENCE — Cockroaches Now Evading Death by Getting Bitter About Sweeteners,AJ Bies,Bies,,R,17,,,https://www.funjournal.org/wp-content/uploads/2016/09/june-15-r17.pdf,,https://www.funjournal.org/2016-volume-15-issue-1/,0,,,funjournal.org,
JUNE-15-1-27,2016,15,1,Media Reviews,,review,False,,AMAZING PAPERS IN NEUROSCIENCE — Cognitive Neuroscience and Single-Word Processing,JJ Sable,Sable,,R,19,,,https://www.funjournal.org/wp-content/uploads/2016/09/june-15-r19.pdf,,https://www.funjournal.org/2016-volume-15-issue-1/,0,,,funjournal.org,
JUNE-15-1-28,2016,15,1,Media Reviews,,review,False,,BOOK REVIEW — Psychophysics: A Practical Introduction (2nd Edition),AL Cecala,Cecala,Frederick A.A. Kingdom & Nicolaas Prins,R,21,,,https://www.funjournal.org/wp-content/uploads/2016/10/june-15-r21.pdf,,https://www.funjournal.org/2016-volume-15-issue-1/,0,,,funjournal.org,
JUNE-15-1-29,2016,15,1,Media Reviews,,review,False,,BOOK REVIEW — Principles of Neurobiology,RR Hoy,Hoy,Liqun Luo,R,22,,,https://www.funjournal.org/wp-content/uploads/2016/10/june-15-r22.pdf,,https://www.funjournal.org/2016-volume-15-issue-1/,0,,,funjournal.org,
JUNE-15-2-01,2017,15,2,Editorials,,editorial,False,,"Teach Local, Think Global: Best Practices in Neuroscience Education Without Big Budgets","Johnson BR, Editor-in-Chief",Johnson,,E,17,,,https://www.funjournal.org/wp-content/uploads/2017/05/june-15-e17.pdf,,https://www.funjournal.org/901-2/,0,,,funjournal.org,
JUNE-15-2-02,2017,15,2,Editorials,,editorial,False,,25 Years of FUN!,Ramirez JJ,Ramirez,,E,8,,,https://www.funjournal.org/wp-content/uploads/2017/02/june-15-e8.pdf,,https://www.funjournal.org/901-2/,0,,,funjournal.org,
JUNE-15-2-03,2017,15,2,Editorials,,editorial,False,,A Guide for Undergraduates to the Society for Neuroscience Annual Meeting,"José-Edwards DS, Johnson NX, Jimenez J, Courtney Y, Khoussine JO, & Herzog ED",José-Edwards,,E,10,,,https://www.funjournal.org/wp-content/uploads/2017/02/june-15-e10.pdf,,https://www.funjournal.org/901-2/,0,,,funjournal.org,
JUNE-15-2-04,2017,15,2,Editorials,,editorial,False,,The Benefits of a Real-Time Web-Based Response System for Enhancing Engaged Learning in Classrooms and Public Science Events,Sarvary MA & Gifford KM,Sarvary,,E,13,,,https://www.funjournal.org/wp-content/uploads/2017/03/june-15-e13.pdf,,https://www.funjournal.org/901-2/,0,,,funjournal.org,
JUNE-15-2-05,2017,15,2,Articles,,article,False,,"Neurogaming Technology Meets Neuroscience Education: A Cost-Effective, Scalable, and Highly Portable Undergraduate Teaching Laboratory for Neuroscience","de Wit B, Badcock NA, Grootswagers T, Hardwick K, Teichmann L, Wehrman J, Williams M, & Kaplan DM",de,,A,104,,,https://www.funjournal.org/wp-content/uploads/2017/01/june-15-104.pdf,,https://www.funjournal.org/901-2/,1,,,funjournal.org,
JUNE-15-2-06,2017,15,2,Articles,,article,False,,A Protocol Demonstrating 60 Different Drosophila Behaviors in One Assay,McKellar CE & Wyttenbach RA,McKellar,,A,110,,,https://www.funjournal.org/wp-content/uploads/2017/01/june-15-110.pdf,,https://www.funjournal.org/901-2/,3,,,funjournal.org,
JUNE-15-2-07,2017,15,2,Articles,,article,False,,An Algebra-Based Introductory Computational Neuroscience Course with Lab,Fink CG,Fink,,A,117,,,https://www.funjournal.org/wp-content/uploads/2017/01/june-15-117.pdf,,https://www.funjournal.org/901-2/,0,,,funjournal.org,
JUNE-15-2-08,2017,15,2,Articles,,article,False,,Recognition Without Words: Using Taste to Explore Survival Processing,"Hallock HL, Garman HD, Cook SP, & Gallagher SP",Hallock,,A,122,,,https://www.funjournal.org/wp-content/uploads/2017/02/june-15-122.pdf,,https://www.funjournal.org/901-2/,0,,,funjournal.org,
JUNE-15-2-09,2017,15,2,Articles,,article,False,,Don’t Believe the Gripe! Increasing Course Structure in a Large Non-majors Neuroscience Course,Nagel A & Nicholas A,Nagel,,A,128,,,https://www.funjournal.org/wp-content/uploads/2017/05/june-15-128.pdf,,https://www.funjournal.org/901-2/,0,,,funjournal.org,
JUNE-15-2-10,2017,15,2,Articles,,article,False,,Redesigning a Neuroscience Laboratory Course for Multiple Sections: An Action Research Project to Engage Students,Tu H-W & Jones BD,Tu,,A,137,,,https://www.funjournal.org/wp-content/uploads/2017/03/june-15-137.pdf,,https://www.funjournal.org/901-2/,1,,,funjournal.org,
JUNE-15-2-11,2017,15,2,Articles,,article,False,,A Rat Model of Fetal Alcohol Syndrome: A Series of Undergraduate Laboratory Exercises for Biopsychology Courses,"Kehrberg AMH, Parrish JN, & Eby SA",Kehrberg,,A,144,,,https://www.funjournal.org/wp-content/uploads/2017/04/june-15-144.pdf,,https://www.funjournal.org/901-2/,0,,,funjournal.org,
JUNE-15-2-12,2017,15,2,Articles,,article,False,,"The Use of Modular, Electronic Neuron Simulators for Neural Circuit Construction Produces Learning Gains in an Undergraduate Anatomy and Physiology Course","Petto A, Fredin Z, & Burdo J",Petto,,A,151,,,https://www.funjournal.org/wp-content/uploads/2017/05/june-15-151.pdf,,https://www.funjournal.org/901-2/,1,,,funjournal.org,
JUNE-15-2-13,2017,15,2,Articles,,article,False,,A Critical Thinking Activity on Drug Tolerance for Undergraduate Neuroscience Courses,Cammack KM,Cammack,,A,157,,,https://www.funjournal.org/wp-content/uploads/2017/04/june-15-157.pdf,,https://www.funjournal.org/901-2/,1,,,funjournal.org,
JUNE-15-2-14,2017,15,2,Articles,,article,False,,Grasshopper DCMD: An Undergraduate Electrophysiology Lab for Investigating Single-Unit Responses to Behaviorally-Relevant Stimuli,"Nguyen DMT, Roper M, Mircic S, Olberg RM, Gage GJ",Nguyen,,A,162,,,https://www.funjournal.org/wp-content/uploads/2017/05/june-15-162.pdf,,https://www.funjournal.org/901-2/,0,,,funjournal.org,
JUNE-15-2-15,2017,15,2,Case Studies,,case study,False,,Locate the Lesion: A Project-Based Learning Case that Stimulates Comprehension and Application of Neuroanatomy,Lemons ML,Lemons,,C,7,,,https://www.funjournal.org/wp-content/uploads/2017/05/june-15-c7.pdf,,https://www.funjournal.org/901-2/,0,,,funjournal.org,
JUNE-15-2-16,2017,15,2,Case Studies,,case study,False,,Drugs & the Brain: Case-Based Instruction for an Undergraduate Neuropharmacology Course,Nagel A & Nicholas A,Nagel,,C,11,,,https://www.funjournal.org/wp-content/uploads/2017/05/june-15-c11.pdf,,https://www.funjournal.org/901-2/,0,,,funjournal.org,
JUNE-15-2-17,2017,15,2,Media Reviews,,review,False,,Making Primary Literature Come Alive in the Classroom,"Hartman AK, Borchardt JN, & Harris Bozer AL",Hartman,,R,24,,,https://www.funjournal.org/wp-content/uploads/2017/01/june-15-r24.pdf,,https://www.funjournal.org/901-2/,0,,,funjournal.org,
JUNE-15-2-18,2017,15,2,Media Reviews,,review,False,,The Missing Manuscript of Dr. Jose Delgado´s Radio Controlled Bulls,close content main element section close by builder template,close,Marzullo TC,R,29,,,https://www.funjournal.org/wp-content/uploads/2017/05/june-15-r29.pdf,,https://www.funjournal.org/901-2/,1,,,funjournal.org,
JUNE-16-1-01,2017,16,1,Editorials,,editorial,False,,For the FUN of It,"Johnson BR, Editor-in-Chief",Johnson,,E,18,,,https://www.funjournal.org/wp-content/uploads/2017/11/june-16-e18.pdf,,https://www.funjournal.org/2017-volume-16-issue-1/,0,,,funjournal.org,
JUNE-16-1-02,2017,16,1,Editorials,,editorial,False,,After p Values: The New Statistics for Undergraduate Neuroscience Education,Calin-Jageman RJ,Calin-Jageman,,E,1,,,https://www.funjournal.org/wp-content/uploads/2017/10/june-16-e1.pdf,,https://www.funjournal.org/2017-volume-16-issue-1/,0,,,funjournal.org,
JUNE-16-1-03,2017,16,1,Editorials,,editorial,False,,Devising a Method to Study if Wernicke’s Aphasia Patients are Aware that They Do Not Comprehend Language or Speak It Understandably,"Hartman K, Peluzzo A, Shadani S, Chellquist I, Weprin S, Hunt H, Smith-Benjamin S & Altschuler EL",Hartman,,E,5,,,https://www.funjournal.org/wp-content/uploads/2017/10/june-16-e5.pdf,,https://www.funjournal.org/2017-volume-16-issue-1/,0,,,funjournal.org,
JUNE-16-1-04,2017,16,1,Editorials,,editorial,False,,The University of Ibadan/Grass Foundation Workshop in Neuroscience Teaching,"Dzakpasu R, Johnson BR & Olopade JO",Dzakpasu,,E,13,,,https://www.funjournal.org/wp-content/uploads/2017/11/june-16-e13.pdf,,https://www.funjournal.org/2017-volume-16-issue-1/,0,,,funjournal.org,
JUNE-16-1-05,2017,16,1,Articles,,article,False,,An Interactive Simulation Program for Exploring Computational Models of Auto-Associative Memory,Fink CG,Fink,,A,1,,,https://www.funjournal.org/wp-content/uploads/2017/06/june-16-1.pdf,,https://www.funjournal.org/2017-volume-16-issue-1/,1,,,funjournal.org,
JUNE-16-1-06,2017,16,1,Articles,,article,False,,"Diversity of Graduates from Bachelor’s, Master’s and Doctoral Degree Neuroscience Programs in the United States","Ramos RL, Alviña K, & Martinez LR",Ramos,,A,6,,,https://www.funjournal.org/wp-content/uploads/2017/11/june-16-6.pdf,,https://www.funjournal.org/2017-volume-16-issue-1/,0,,,funjournal.org,
JUNE-16-1-07,2017,16,1,Articles,,article,False,,A Case Study in the Use of Primary Literature in the Context of Authentic Learning Pedagogy in the Undergraduate Neuroscience Classroom,O’Keeffe GW & McCarthy MM,O’Keeffe,,A,14,,,https://www.funjournal.org/wp-content/uploads/2017/08/june-16-14.pdf,,https://www.funjournal.org/2017-volume-16-issue-1/,0,,,funjournal.org,
JUNE-16-1-08,2017,16,1,Articles,,article,False,,Measuring Salivary Alpha-Amylase in the Undergraduate Neuroscience Laboratory,"Bañuelos MS, Musleh A, & Olson LE",Bañuelos,,A,23,,,https://www.funjournal.org/wp-content/uploads/2017/08/june-16-23.pdf,,https://www.funjournal.org/2017-volume-16-issue-1/,0,,,funjournal.org,
JUNE-16-1-09,2017,16,1,Articles,,article,False,,An Attitudinal Survey of Undergraduate Neuroscience Students Regarding Their Views on the Relevance of Lectures to their Education,"O’Keeffe GW, Sullivan AM & McCarthy MM",O’Keeffe,,A,28,,,https://www.funjournal.org/wp-content/uploads/2017/08/june-16-28.pdf,,https://www.funjournal.org/2017-volume-16-issue-1/,0,,,funjournal.org,
JUNE-16-1-10,2017,16,1,Articles,,article,False,,Using the Tools of Behavioral Neuroscience to Determine the Identity of Different Mouse Strains in a Laboratory Course,Wotton JM & Ferragamo MJ,Wotton,,A,34,,,https://www.funjournal.org/wp-content/uploads/2017/09/june-16-34.pdf,,https://www.funjournal.org/2017-volume-16-issue-1/,0,,,funjournal.org,
JUNE-16-1-11,2017,16,1,Articles,,article,False,,Cartoon Network: A Tool for Open-Ended Exploration of Neural Circuits,Calin-Jageman RJ,Calin-Jageman,,A,41,,,https://www.funjournal.org/wp-content/uploads/2017/09/june-16-41.pdf,,https://www.funjournal.org/2017-volume-16-issue-1/,1,,,funjournal.org,
JUNE-16-1-12,2017,16,1,Articles,,article,False,,“Brevity is the Soul of Wit”: Use of a Stepwise Project to Teach Concise Scientific Writing,Cyr NE,Cyr,,A,46,,,https://www.funjournal.org/wp-content/uploads/2017/09/june-16-46.pdf,,https://www.funjournal.org/2017-volume-16-issue-1/,1,,,funjournal.org,
JUNE-16-1-13,2017,16,1,Articles,,article,False,,Using Action-Mapping to Design a Non-Majors Neuroeconomics Course to Teach First-Year Collegiate Skills,"Franssen CL, Lowry GS & Franssen RA",Franssen,,A,52,,,https://www.funjournal.org/wp-content/uploads/2017/10/june-16-52.pdf,,https://www.funjournal.org/2017-volume-16-issue-1/,1,,,funjournal.org,
JUNE-16-1-14,2017,16,1,Articles,,article,False,,Characterizing the Undergraduate Neuroscience Major in the U. S.: An Examination of Course Requirements and Institution-Program Associations,"Pinard-Welyczko KM, Garrison ACS, Ramos RL & Carter BS",Pinard-Welyczko,,A,60,,,https://www.funjournal.org/wp-content/uploads/2017/10/june-16-60.pdf,,https://www.funjournal.org/2017-volume-16-issue-1/,4,,,funjournal.org,
JUNE-16-1-15,2017,16,1,Articles,,article,False,,Teaching with Big Data: Report from the 2016 Society for Neuroscience Teaching Workshop,"Grisham W, Brumberg JC, Gilbert T, Lanyon L, Williams RW & Olivo R",Grisham,,A,68,,,https://www.funjournal.org/wp-content/uploads/2017/10/june-16-68.pdf,,https://www.funjournal.org/2017-volume-16-issue-1/,0,,,funjournal.org,
JUNE-16-1-16,2017,16,1,Articles,,article,False,,Integrating Brain Science into Health Studies: An Interdisciplinary Course in Contemplative Neuroscience and Yoga,Wolfe U & Moran A,Wolfe,,A,77,,,https://www.funjournal.org/wp-content/uploads/2017/10/june-16-77.pdf,,https://www.funjournal.org/2017-volume-16-issue-1/,1,,,funjournal.org,
JUNE-16-1-17,2017,16,1,Articles,,article,False,,Learning Experimental Design through Targeted Student-Centric Journal Club with Screencasting,"Carter BS, Hamilton DE & Thompson RC",Carter,,A,83,,,https://www.funjournal.org/wp-content/uploads/2017/10/june-16-83.pdf,,https://www.funjournal.org/2017-volume-16-issue-1/,3,,,funjournal.org,
JUNE-16-1-18,2017,16,1,Articles,,article,False,,Interviewing Neuroscientists for an Undergraduate Honors Project,Montiel C & Meitzen J,Montiel,,A,89,,,https://www.funjournal.org/wp-content/uploads/2017/10/june-16-89.pdf,,https://www.funjournal.org/2017-volume-16-issue-1/,3,,,funjournal.org,
JUNE-16-1-19,2017,16,1,Articles,,article,False,,Front and Back Flipping for Neurobiology! Developing a Hybrid Upper-Division Lab Course,"White AO, Javier LK, Goldberg NR, Boucquey V, Overman J, Ochaba J, Marsh S, Huffmanb D & Nicholas A",White,,A,95,,,https://www.funjournal.org/wp-content/uploads/2017/10/june-16-95.pdf,,https://www.funjournal.org/2017-volume-16-issue-1/,0,,,funjournal.org,
JUNE-16-1-20,2017,16,1,Articles,,article,False,,An Integrative Approach to STEM Concepts in an Introductory Neuroscience Course: Gains in Interdisciplinary Awareness,"Basu AC, Mondoux MA, Whitt JL, Isaacs AK & Narita T",Basu,,A,102,,,https://www.funjournal.org/wp-content/uploads/2017/10/june-16-102.pdf,,https://www.funjournal.org/2017-volume-16-issue-1/,2,,,funjournal.org,
JUNE-16-1-21,2017,16,1,Case Studies,,case study,False,,Using Case Studies to Promote Student Engagement in Primary Literature Data Analysis and Evaluation,Cook-Snyder DR,Cook-Snyder,,C,1,,,https://www.funjournal.org/wp-content/uploads/2017/10/june-16-c1.pdf,,https://www.funjournal.org/2017-volume-16-issue-1/,0,,,funjournal.org,
JUNE-16-1-22,2017,16,1,Media Reviews,,review,False,,A Guerilla Guide to Common Problems in ‘Neurostatistics’: Essential Statistical Topics in Neuroscience,Smith PF,Smith,,R,1,,,https://www.funjournal.org/wp-content/uploads/2017/10/june-16-r1.pdf,,https://www.funjournal.org/2017-volume-16-issue-1/,0,,,funjournal.org,
JUNE-16-1-23,2017,16,1,Media Reviews,,review,False,,Three Scientific Controversies to Engage Students in Reading Primary Literature,close content main element section close by builder template,close,Brasier DJ,R,13,,,https://www.funjournal.org/wp-content/uploads/2017/10/june-16-r13.pdf,,https://www.funjournal.org/2017-volume-16-issue-1/,2,,,funjournal.org,
JUNE-16-2-01,2018,16,2,Editorials,,editorial,False,,Active Learning for Students and Faculty,"Johnson BR, Editor-in-Chief",Johnson,,E,32,,,https://www.funjournal.org/wp-content/uploads/2018/06/june-16-e32.pdf,,https://www.funjournal.org/1183-2/,0,,,funjournal.org,
JUNE-16-2-02,2018,16,2,Editorials,,editorial,False,,The New Statistics for Neuroscience Majors: Thinking in Effect Sizes,Calin-Jageman RJ,Calin-Jageman,,E,21,,,https://www.funjournal.org/wp-content/uploads/2018/04/june-16-e21.pdf,,https://www.funjournal.org/1183-2/,0,,,funjournal.org,
JUNE-16-2-03,2018,16,2,Editorials,,editorial,False,,Teaching Neuroanatomy Through a Historical Context,"Neuwirth LS, Dacius Jr. TF & Mukherji BR",Neuwirth,,E,26,,,https://www.funjournal.org/wp-content/uploads/2018/04/june-16-e26.pdf,,https://www.funjournal.org/1183-2/,0,,,funjournal.org,
JUNE-16-2-04,2018,16,2,Articles,,article,False,,Clinical Neuroscience in Practice: An Experiential Learning Course for Undergraduates Offered by Neurosurgeons and Neuroscientists,"Simonds GR, Marvin EA, Apfel LS, Elias Z, Howes GA, Witcher MR, Weaver EN, Fraser JC, Synkowski JJ, Prickett JT, Rogers CM, Busch CM, Benko MJ, Sou N, Churning MJ, Summers DC & Sontheimer H",Simonds,,A,112,,,https://www.funjournal.org/wp-content/uploads/2018/01/june-16-112.pdf,,https://www.funjournal.org/1183-2/,0,,,funjournal.org,
JUNE-16-2-05,2018,16,2,Articles,,article,False,,Using Blogs as Practice Writing About Original Neuroscience Papers Enhances Students’ Confidence in Their Critical Analysis of Research,Spix TA & Brasier DJ,Spix,,A,120,,,https://www.funjournal.org/wp-content/uploads/2018/01/june-16-120.pdf,,https://www.funjournal.org/1183-2/,8,,,funjournal.org,
JUNE-16-2-06,2018,16,2,Articles,,article,False,,A Simple Method for Teaching Bayesian Hypothesis Testing in the Brain and Behavioral Sciences,Faulkenberry TJ,Faulkenberry,,A,126,,,https://www.funjournal.org/wp-content/uploads/2018/01/june-16-126.pdf,,https://www.funjournal.org/1183-2/,0,,,funjournal.org,
JUNE-16-2-07,2018,16,2,Articles,,article,False,,"The Design, Implementation, and Assessment of an Undergraduate Neurobiology Course using a Project-Based Approach",Zwick M,Zwick,,A,131,,,https://www.funjournal.org/wp-content/uploads/2018/02/june-16-131.pdf,,https://www.funjournal.org/1183-2/,1,,,funjournal.org,
JUNE-16-2-08,2018,16,2,Articles,,article,False,,A Low-Cost Morris Water Maze for Undergraduate Research: Construction and Demonstration in a Rat Model of Obesity-Induced Diabetes,Gallivan LM & Schmitzer-Torbert N,Gallivan,,A,143,,,https://www.funjournal.org/wp-content/uploads/2018/04/june-16-143.pdf,,https://www.funjournal.org/1183-2/,1,,,funjournal.org,
JUNE-16-2-09,2018,16,2,Articles,,article,False,,Using Optogenetics to Understand Neuronal Mechanisms Underlying Behavior in C. elegans,Pokala N & Glater EE,Pokala,,A,152,,,https://www.funjournal.org/wp-content/uploads/2018/04/june-16-152.pdf,,https://www.funjournal.org/1183-2/,1,,,funjournal.org,
JUNE-16-2-10,2018,16,2,Articles,,article,False,,Partnerships in Neuroscience Research Between Small Colleges and Large Institutions: A Case Study,"McCoy JG, Yu HJ, Niznikiewicz M, McKenna JT & Strecker RE",McCoy,,A,159,,,https://www.funjournal.org/wp-content/uploads/2018/05/june-16-159.pdf,,https://www.funjournal.org/1183-2/,0,,,funjournal.org,
JUNE-16-2-11,2018,16,2,Articles,,article,False,,The Olfactory Proboscis Extension Response in the Honey Bee: A Laboratory Exercise in Classical Conditioning,Van Nest BN,Van,,A,168,,,https://www.funjournal.org/wp-content/uploads/2018/05/june-16-168.pdf,,https://www.funjournal.org/1183-2/,2,,,funjournal.org,
JUNE-16-2-12,2018,16,2,Articles,,article,False,,Aversive and Appetitive Learning in Drosophila Larvae: A Simple and Powerful Suite of Laboratory Modules for Classroom or Open-ended Research Projects,"Pavin A, Fain K, DeHart A & Sitaraman D",Pavin,,A,177,,,https://www.funjournal.org/wp-content/uploads/2018/05/june-16-177.pdf,,https://www.funjournal.org/1183-2/,1,,,funjournal.org,
JUNE-16-2-13,2018,16,2,Articles,,article,False,,Using ImageJ to Assess Neurite Outgrowth in Mammalian Cell Cultures: Research Data Quantification Exercises in Undergraduate Neuroscience Lab,"Pemberton K, Mersman B, Xu F",Pemberton,,A,186,,,https://www.funjournal.org/wp-content/uploads/2018/06/june-16-186.pdf,,https://www.funjournal.org/1183-2/,4,,,funjournal.org,
JUNE-16-2-14,2018,16,2,Case Studies,,case study,False,,Epilepsy and the Action Potential: Using Case Based Instruction and Primary Literature in a Neurobiology Course,Sawyer NT & Frenzel KE,Sawyer,,C,7,,,https://www.funjournal.org/wp-content/uploads/2018/04/june-16-c7.pdf,,https://www.funjournal.org/1183-2/,0,,,funjournal.org,
JUNE-16-2-15,2018,16,2,Media Reviews,,review,False,,On the Application of Multivariate Statistical and Data Mining Analyses to Data in Neuroscience,Smith PF,Smith,,R,20,,,https://www.funjournal.org/wp-content/uploads/2018/03/june-16-r20.pdf,,https://www.funjournal.org/1183-2/,0,,,funjournal.org,
JUNE-16-2-16,2018,16,2,Media Reviews,,review,False,,Using a Model to Understand the Symptoms of Ophthalmoplegia,Wood AJ & Dayal MR,Wood,,R,33,,,https://www.funjournal.org/wp-content/uploads/2018/04/june-16-r33.pdf,,https://www.funjournal.org/1183-2/,1,,,funjournal.org,
JUNE-16-2-17,2018,16,2,Media Reviews,,review,False,,Constructing an Inexpensive Elevated Plus Maze,AMAZING PAPERS IN NEUROSCIENCE:,AMAZING,"Fox GA, Torigoe E & Butcher GQ",R,44,,,https://www.funjournal.org/wp-content/uploads/2018/05/june-16-r44.pdf,,https://www.funjournal.org/1183-2/,0,,,funjournal.org,
JUNE-16-2-18,2018,16,2,Media Reviews,,review,False,,"Characteristics, Emergent Properties and Functions of Somato-dendritic T- and L-Type Calcium Channels",Cleland CL,Cleland,,R,39,,,https://www.funjournal.org/wp-content/uploads/2018/04/june-16-r39.pdf,,https://www.funjournal.org/1183-2/,0,,,funjournal.org,
JUNE-16-2-19,2018,16,2,Media Reviews,,review,False,,One Brain. Two Minds? Many Questions.,Rosen V,Rosen,,R,48,,,https://www.funjournal.org/wp-content/uploads/2018/06/june-16-r48.pdf,,https://www.funjournal.org/1183-2/,0,,,funjournal.org,
JUNE-16-2-20,2018,16,2,Media Reviews,,review,False,,The Grasshopper Mouse and Bark Scorpion: Evolutionary Biology Meets Pain Modulation and Selective Receptor Inactivation,Thompson BM,Thompson,,R,51,,,https://www.funjournal.org/wp-content/uploads/2018/06/june-16-r51.pdf,,https://www.funjournal.org/1183-2/,0,,,funjournal.org,
JUNE-16-2-21,2018,16,2,Media Reviews,,review,False,,Reviewing the Diverse Effects of Protein Phosphorylation in Neural Signaling Transduction,Scurfield AK,Scurfield,,R,54,,,https://www.funjournal.org/wp-content/uploads/2018/06/june-16-r54.pdf,,https://www.funjournal.org/1183-2/,0,,,funjournal.org,
JUNE-16-2-22,2018,16,2,Media Reviews,,review,False,,Faces in the Brain: The Discovery of a Neuronal Subpopulation Selective for Face Recognition,Febery J,Febery,,R,57,,,https://www.funjournal.org/wp-content/uploads/2018/06/june-16-r57.pdf,,https://www.funjournal.org/1183-2/,0,,,funjournal.org,
JUNE-16-2-23,2018,16,2,Media Reviews,,review,False,,"Introduction to the Hypothalamic-Pituitary-Adrenal Axis: Healthy and Dysregulated Stress Responses, Developmental Stress and Neurodegeneration",close content main element section close by builder template,close,Dunlavey CJ,R,59,,,https://www.funjournal.org/wp-content/uploads/2018/06/june-16-r59.pdf,,https://www.funjournal.org/1183-2/,0,,,funjournal.org,
JUNE-16-3-01,2018,16,3,Editorials,EDITORIAL,editorial,True,FUN 2017 workshop,"EDITORIAL: Best Practices for Developing, Assessing, and Sustaining Inclusive Curricula: Proceedings of the 2017 Faculty for Undergraduate Neuroscience Workshop","Calin-Jageman RJ, Calin-Jageman IE, Martinez Acosta V, Hardwick J, Johnson BR & Wiertelak EP",Calin-Jageman,,E,42,,,https://www.funjournal.org/wp-content/uploads/2018/09/june-16-e42.pdf,,https://www.funjournal.org/2018-volume-16-issue-3/,0,,,funjournal.org,
JUNE-16-3-02,2018,16,3,Editorials,PERSPECTIVE,editorial,True,FUN 2017 workshop,PERSPECTIVE: This is Not Your Grandmother’s Faculty Development Program,Mack KM,Mack,,E,33,,,https://www.funjournal.org/wp-content/uploads/2018/07/june-16-e33.pdf,,https://www.funjournal.org/2018-volume-16-issue-3/,0,,,funjournal.org,
JUNE-16-3-03,2018,16,3,Editorials,PERSPECTIVE,editorial,True,FUN 2017 workshop,PERSPECTIVE: Integrating Addiction in the Neuroscience Curriculum,Napier TC,Napier,,E,35,,,https://www.funjournal.org/wp-content/uploads/2018/09/june-16-e35.pdf,,https://www.funjournal.org/2018-volume-16-issue-3/,0,,,funjournal.org,
JUNE-16-3-04,2018,16,3,Editorials,PERSPECTIVE,editorial,True,FUN 2017 workshop,PERSPECTIVE: Support for Undergraduate Neuroscience at the NSF and NIH,Carpenter EM & Henken DB,Carpenter,,E,39,,,https://www.funjournal.org/wp-content/uploads/2018/08/june-16-e39.pdf,,https://www.funjournal.org/2018-volume-16-issue-3/,0,,,funjournal.org,
JUNE-16-3-05,2018,16,3,Articles,,article,True,FUN 2017 workshop,Cartoon Network Update: New features for exploring of neural circuits,Calin-Jageman RJ,Calin-Jageman,,A,195,,,https://www.funjournal.org/wp-content/uploads/2018/06/june-16-195.pdf,,https://www.funjournal.org/2018-volume-16-issue-3/,0,,,funjournal.org,
JUNE-16-3-06,2018,16,3,Articles,,article,True,FUN 2017 workshop,Open Source Software Tools for Teaching Neuroscience,"Latimer B, Bergin D, Guntu V, Schulz D & Nair S",Latimer,,A,197,,,https://www.funjournal.org/wp-content/uploads/2018/06/june-16-197.pdf,,https://www.funjournal.org/2018-volume-16-issue-3/,0,,,funjournal.org,
JUNE-16-3-07,2018,16,3,Articles,,article,True,FUN 2017 workshop,Demystifying Graduate School: Navigating a PhD in Neuroscience and Beyond,McLoon LK & Redish AD,McLoon,,A,203,,,https://www.funjournal.org/wp-content/uploads/2018/06/june-16-203.pdf,,https://www.funjournal.org/2018-volume-16-issue-3/,0,,,funjournal.org,
JUNE-16-3-08,2018,16,3,Articles,,article,True,FUN 2017 workshop,Recording EMG Signals on a Computer Sound Card,Crisp KM,Crisp,,A,210,,,https://www.funjournal.org/wp-content/uploads/2018/07/june-16-210.pdf,,https://www.funjournal.org/2018-volume-16-issue-3/,0,,,funjournal.org,
JUNE-16-3-09,2018,16,3,Articles,,article,True,FUN 2017 workshop,“Doing” the Reading: What Neuroscience Instructors Should Know about Reading Compliance and Comprehension in College,Cressman J,Cressman,,A,217,,,https://www.funjournal.org/wp-content/uploads/2018/07/june-16-217.pdf,,https://www.funjournal.org/2018-volume-16-issue-3/,0,,,funjournal.org,
JUNE-16-3-10,2018,16,3,Articles,,article,True,FUN 2017 workshop,Specific Aims Workshop: Your Grant in a Sound Bite,Kozlowski DA & Rose JK,Kozlowski,,A,220,,,https://www.funjournal.org/wp-content/uploads/2018/07/june-16-220.pdf,,https://www.funjournal.org/2018-volume-16-issue-3/,1,,,funjournal.org,
JUNE-16-3-11,2018,16,3,Articles,,article,True,FUN 2017 workshop,Demonstrating Connections Between Neuron Signaling and Behavior using C. elegans Learning Assays and Optogenetics in a Laboratory Class,Rose JK,Rose,,A,223,,,https://www.funjournal.org/wp-content/uploads/2018/07/june-16-223.pdf,,https://www.funjournal.org/2018-volume-16-issue-3/,0,,,funjournal.org,
JUNE-16-3-12,2018,16,3,Articles,,article,True,FUN 2017 workshop,NeuroBytes Electronic Neuron Simulators and the 2017 FUN Summer Workshop,Burdo JR,Burdo,,A,232,,,https://www.funjournal.org/wp-content/uploads/2018/07/june-16-232.pdf,,https://www.funjournal.org/2018-volume-16-issue-3/,0,,,funjournal.org,
JUNE-16-3-13,2018,16,3,Articles,,article,True,FUN 2017 workshop,Using Online Images to Teach Quantitative Skills via Comparative Neuroanatomy: Applying the Directives of Vision and Change,"Grisham W, Greta S, Burre A, Tomita W, Rostamian D, Schottler N & Krull JL",Grisham,,A,236,,,https://www.funjournal.org/wp-content/uploads/2018/07/june-16-236.pdf,,https://www.funjournal.org/2018-volume-16-issue-3/,2,,,funjournal.org,
JUNE-16-3-14,2018,16,3,Articles,,article,True,FUN 2017 workshop,The New Blueprints: Undergraduate Neuroscience Education in the Twenty-First Century,"Wiertelak EP, Hardwick J, Kerchner M, Parfitt K & Ramirez JJ",Wiertelak,,A,244,,,https://www.funjournal.org/wp-content/uploads/2018/07/june-16-244.pdf,,https://www.funjournal.org/2018-volume-16-issue-3/,0,,,funjournal.org,
JUNE-16-3-15,2018,16,3,Articles,,article,True,FUN 2017 workshop,A Discussion of Diversity and Inclusivity at the Institutional Level: The Need For a Strategic Plan,Martinez Acosta VG & Favero CB,Martinez,,A,252,,,https://www.funjournal.org/wp-content/uploads/2018/08/june-16-252.pdf,,https://www.funjournal.org/2018-volume-16-issue-3/,0,,,funjournal.org,
JUNE-16-3-16,2018,16,3,Articles,,article,True,FUN 2017 workshop,The Allen Brain Atlas as a Resource for Teaching Undergraduate Neuroscience,Gilbert TL,Gilbert,,A,261,,,https://www.funjournal.org/wp-content/uploads/2018/08/june-16-261.pdf,,https://www.funjournal.org/2018-volume-16-issue-3/,0,,,funjournal.org,
JUNE-16-3-17,2018,16,3,Articles,,article,True,FUN 2017 workshop,Building an Inclusive Classroom,Penner MR,Penner,,A,268,,,https://www.funjournal.org/wp-content/uploads/2018/09/june-16-268.pdf,,https://www.funjournal.org/2018-volume-16-issue-3/,1,,,funjournal.org,
JUNE-16-3-18,2018,16,3,Articles,,article,True,FUN 2017 workshop,Expanding Collaborations between the Neuroscience Training Committee of the Society for Neuroscience and the Faculty for Undergraduate Neuroscience,Dunbar GL & Symonds L,Dunbar,,A,273,,,https://www.funjournal.org/wp-content/uploads/2018/09/june-16-273.pdf,,https://www.funjournal.org/2018-volume-16-issue-3/,0,,,funjournal.org,
JUNE-16-3-19,2018,16,3,Articles,,article,True,FUN 2017 workshop,Reducing the Cost of Electrophysiology in the Teaching Laboratory,"Wyttenbach RA, Johnson BR & Hoy RR",Wyttenbach,,A,277,,,https://www.funjournal.org/wp-content/uploads/2018/09/june-16-277.pdf,,https://www.funjournal.org/2018-volume-16-issue-3/,0,,,funjournal.org,
JUNE-16-3-20,2018,16,3,Articles,,article,True,FUN 2017 workshop,Muscle Spindles and Our Sense of Physical Self: Kinesthetic Illusions of Limb Position and Posture,"Schiller B, Colgan W III, Calderon B & Johnson BR",Schiller,,A,282,,,https://www.funjournal.org/wp-content/uploads/2018/09/june-16-282.pdf,,https://www.funjournal.org/2018-volume-16-issue-3/,0,,,funjournal.org,
JUNE-16-3-21,2018,16,3,Articles,,article,True,FUN 2017 workshop,Probing Synaptic Transmission and Behavior in Drosophila with Optogenetics: A Laboratory Exercise,"Vilinsky I, Hibbard KL, Johnson BR & Deitcher DL",Vilinsky,,A,289,,,https://www.funjournal.org/wp-content/uploads/2018/09/june-16-289.pdf,,https://www.funjournal.org/2018-volume-16-issue-3/,1,,,funjournal.org,
JUNE-17-1-01,2018,17,1,Editorials,FROM OUR CHIEF EDITOR,editorial,False,,FROM OUR CHIEF EDITOR: JUNE: The Journal of Neuroscience Education,Johnson BR,Johnson,,E,4,,,https://www.funjournal.org/wp-content/uploads/2018/11/june-17-e4.pdf,,https://www.funjournal.org/2018-volume-17-issue-1/,0,,,funjournal.org,
JUNE-17-1-02,2018,17,1,Editorials,PERSPECTIVE,editorial,False,,PERSPECTIVE: “Understanding Checkpoints” Followed by Self-Evaluation to Assess Students’ Scientific Literacy and Mastery of Content and Techniques,Schaefer JE,Schaefer,,E,1,,,https://www.funjournal.org/wp-content/uploads/2018/10/june-17-e1.pdf,,https://www.funjournal.org/2018-volume-17-issue-1/,1,,,funjournal.org,
JUNE-17-1-03,2018,17,1,Articles,,article,False,,Analysis of Student Attitudes of a Neurobiology Themed Inquiry Based Research Experience in First Year Biology Labs,"Brabec JL, Vos MR, Staab TA & Chan JP",Brabec,,A,1,,,https://www.funjournal.org/wp-content/uploads/2018/12/june-17-1.pdf,,https://www.funjournal.org/2018-volume-17-issue-1/,1,,,funjournal.org,
JUNE-17-1-04,2018,17,1,Articles,,article,False,,Recommendations for Developing an EEG Laboratory at a Primarily Undergraduate Institution,"Ledwidge P, Foust J & Ramsey A",Ledwidge,,A,10,,,https://www.funjournal.org/wp-content/uploads/2018/12/june-17-10.pdf,,https://www.funjournal.org/2018-volume-17-issue-1/,0,,,funjournal.org,
JUNE-17-1-05,2018,17,1,Articles,,article,False,,Neuroscience and Sustainability: An Online Module on “Environmental Neuroscience”,Wolfe U & Lindeborg H,Wolfe,,A,20,,,https://www.funjournal.org/wp-content/uploads/2018/12/june-17-20.pdf,,https://www.funjournal.org/2018-volume-17-issue-1/,1,,,funjournal.org,
JUNE-17-1-06,2018,17,1,Articles,,article,False,,Mystery Neurotransmitters! An Active Learning Activity on Synaptic Function for Undergraduate Students,Cammack KM,Cammack,,A,26,,,https://www.funjournal.org/wp-content/uploads/2019/04/june-17-26.pdf,,https://www.funjournal.org/2018-volume-17-issue-1/,1,,,funjournal.org,
JUNE-17-1-07,2018,17,1,Articles,,article,False,,The Neuroscience Classroom Remodeled with Team-Based Learning,Pollack AE,Pollack,,A,34,,,https://www.funjournal.org/wp-content/uploads/2018/12/june-17-34.pdf,,https://www.funjournal.org/2018-volume-17-issue-1/,0,,,funjournal.org,
JUNE-17-1-08,2018,17,1,Articles,,article,False,,Teaching Dose-response Relationships Through Aminoglycoside Block of Mechanotransduction Channels in Lateral Line Hair Cells of Larval Zebrafish,"Peterson HP, Troconis EL, Ordoobadi AJ, Thibodeau-Beganny S & Trapani JG",Peterson,,A,40,,,https://www.funjournal.org/wp-content/uploads/2018/12/june-17-40.pdf,,https://www.funjournal.org/2018-volume-17-issue-1/,0,,,funjournal.org,
JUNE-17-1-09,2018,17,1,Articles,,article,False,,Raising Awareness About Prescription and Stimulant Abuse in College Students Through On-Campus Community Involvement Projects,Kennedy S,Kennedy,,A,50,,,https://www.funjournal.org/wp-content/uploads/2018/12/june-17-50.pdf,,https://www.funjournal.org/2018-volume-17-issue-1/,1,,,funjournal.org,
JUNE-17-1-10,2018,17,1,Articles,,article,False,,"A Report on the Qualities, Skills, and Characteristics Desired by Top Neuroscience Graduate Programs",Boyette-Davis J,Boyette-Davis,,A,54,,,https://www.funjournal.org/wp-content/uploads/2018/10/june-17-54.pdf,,https://www.funjournal.org/2018-volume-17-issue-1/,1,,,funjournal.org,
JUNE-17-1-11,2018,17,1,Articles,,article,False,,Impact of Experiential Neuroscience of Meditation Course on Attitudes Toward Mediation and Science,Olson LE,Olson,,A,59,,,https://www.funjournal.org/wp-content/uploads/2018/12/june-17-59.pdf,,https://www.funjournal.org/2018-volume-17-issue-1/,0,,,funjournal.org,
JUNE-17-1-12,2018,17,1,Articles,,article,False,,Using iBiology as a Tool for Undergraduate Neuroscience Education,Rajan K & Veguilla RA,Rajan,,A,67,,,https://www.funjournal.org/wp-content/uploads/2018/12/JUNE-17-67.pdf,,https://www.funjournal.org/2018-volume-17-issue-1/,0,,,funjournal.org,
JUNE-17-1-13,2018,17,1,Articles,,article,False,,The Behavioral Effects of Oral Psychostimulant Ingestion on a Laboratory Rat Sample: An Undergraduate Research Experience,"Howerter, Larson JG & Hill EH",Howerter,,A,72,,,https://www.funjournal.org/wp-content/uploads/2018/12/june-17-72.pdf,,https://www.funjournal.org/2018-volume-17-issue-1/,0,,,funjournal.org,
JUNE-17-1-14,2018,17,1,Articles,,article,False,,Using a Contrast Illusion to Teach Principles of Neural Processing,Glover EM & Lauzon O,Glover,,A,81,,,https://www.funjournal.org/wp-content/uploads/2018/12/JUNE-17-81.pdf,,https://www.funjournal.org/2018-volume-17-issue-1/,0,,,funjournal.org,
JUNE-17-1-15,2018,17,1,Articles,,article,False,,"Engaging, Entertaining, and Educating Under-Served and At-Risk Youth with STEM-Based Activities","Bazzett TJ, Zahid Z, & Brady MA",Bazzett,,A,89,,,https://www.funjournal.org/wp-content/uploads/2019/01/june-17-89.pdf,,https://www.funjournal.org/2018-volume-17-issue-1/,0,,,funjournal.org,
JUNE-17-1-16,2018,17,1,Articles,,article,False,,Classroom-Based Research Experiences to Support Underserved STEM Student Success: From Introductory Inquiry to Optogenetics in the Embryonic Chicken,"Formherz S, Whitaker-Fornek JR & Sharp AA",Formherz,,A,97,,,https://www.funjournal.org/wp-content/uploads/2018/12/june-17-97.pdf,,https://www.funjournal.org/2018-volume-17-issue-1/,0,,,funjournal.org,
JUNE-17-1-17,2018,17,1,Technical Papers,,technical,False,,How to Train a Honey Bee,Van Nest BN & Moore D,Van,,T,1,,,https://www.funjournal.org/wp-content/uploads/2018/12/june-17-t1.pdf,,https://www.funjournal.org/2018-volume-17-issue-1/,0,,,funjournal.org,
JUNE-17-1-18,2018,17,1,Media Reviews,,review,False,,A Review of Developmental Neurobiology by Lynne M. Bianchi (in the Context of One Instructor’s Evolving Relationship with Scientific Textbooks),Lom B,Lom,,R,1,,,https://www.funjournal.org/wp-content/uploads/2018/10/june-17-r1.pdf,,https://www.funjournal.org/2018-volume-17-issue-1/,0,,,funjournal.org,
JUNE-17-1-19,2018,17,1,Media Reviews,,review,False,,Six Autobiographies and Two Realistic Fiction Books as Tools to Engage Students in Neurobiology of Disease: A Guide for Instructors,close content main element section close by builder template,close,"Palissery GK, Kuhn A, Brasier DJ & Wegener MA",R,4,,,https://www.funjournal.org/wp-content/uploads/2018/12/june-17-r4.pdf,,https://www.funjournal.org/2018-volume-17-issue-1/,2,,,funjournal.org,
JUNE-17-2-01,2019,17,2,Editorials,FROM OUR CHIEF EDITOR,editorial,False,,FROM OUR CHIEF EDITOR: Innovation in Neuroscience Education for Diverse Student Populations,Ramos RL,Ramos,,E,13,,,https://www.funjournal.org/wp-content/uploads/2019/07/june-17-e13.pdf,,https://www.funjournal.org/2018-volume-17-issue-2/,0,,,funjournal.org,
JUNE-17-2-02,2019,17,2,Editorials,PERSPECTIVE,editorial,False,,PERSPECTIVE: Models for Spiking Neurons: Integrate-and-Fire Units and Relaxation Oscillators,Crisp K,Crisp,,E,7,,,https://www.funjournal.org/wp-content/uploads/2019/06/june-17-e7.pdf,,https://www.funjournal.org/2018-volume-17-issue-2/,0,,,funjournal.org,
JUNE-17-2-03,2019,17,2,Articles,,article,False,,Long Term Potentiation in Mouse Hippocampal Slices in an Undergraduate Laboratory Course,"Quinan V, Dugar A, & Bauer D",Quinan,,A,111,,,https://www.funjournal.org/wp-content/uploads/2019/07/june-17-111.pdf,,https://www.funjournal.org/2018-volume-17-issue-2/,3,,,funjournal.org,
JUNE-17-2-04,2019,17,2,Articles,,article,False,,Hands-on Undergraduate Experiences Using Low-Cost Electroencephalography (EEG) Devices,Segawa JA,Segawa,,A,119,,,https://www.funjournal.org/wp-content/uploads/2019/07/june-17-119.pdf,,https://www.funjournal.org/2018-volume-17-issue-2/,0,,,funjournal.org,
JUNE-17-2-05,2019,17,2,Articles,,article,False,,Development of an Introductory Neuroscience Teaching Experience for Undergraduates with a Low-Cost Neuroscience Summer Academy,"Colpitts KN, Seymour KP, & Harris Bozer AL",Colpitts,,A,125,,,https://www.funjournal.org/wp-content/uploads/2019/07/june-17-125.pdf,,https://www.funjournal.org/2018-volume-17-issue-2/,0,,,funjournal.org,
JUNE-17-2-06,2019,17,2,Articles,,article,False,,An Effective Model for Engaging Faculty and Undergraduate Students in Neuroscience Outreach with Middle Schoolers,"Vollbrecht PJ, Frenette RS, & Gall AJ",Vollbrecht,,A,130,,,https://www.funjournal.org/wp-content/uploads/2019/07/june-17-130.pdf,,https://www.funjournal.org/2018-volume-17-issue-2/,0,,,funjournal.org,
JUNE-17-2-07,2019,17,2,Articles,,article,False,,"Motivation, Belongingness, and Anxiety in Neuroscience Undergraduates: Emphasizing First Generation College Students","Gaudier-Diaz MM, Sinisterra M, & Muscatell KA",Gaudier-Diaz,,A,145,,,https://www.funjournal.org/wp-content/uploads/2019/07/june-17-145.pdf,,https://www.funjournal.org/2018-volume-17-issue-2/,0,,,funjournal.org,
JUNE-17-2-08,2019,17,2,Articles,,article,False,,Development of Low-Cost Tactile Neuroanatomy Learning Tools for Students with Visual-Impairmen,Diniz GB & Sita LV,Diniz,,A,153,,,https://www.funjournal.org/wp-content/uploads/2019/07/june-17-153.pdf,,https://www.funjournal.org/2018-volume-17-issue-2/,0,,,funjournal.org,
JUNE-17-2-09,2019,17,2,Articles,,article,False,,Neuroscience and Education Colleagues Collaborate to Design and Assess Effective Brain Outreach for Preschoolers,"Brown AR, Egan M, Lynch S, & Buffalari D",Brown,,A,159,,,https://www.funjournal.org/wp-content/uploads/2019/07/june-17-159.pdf,,https://www.funjournal.org/2018-volume-17-issue-2/,0,,,funjournal.org,
JUNE-17-2-10,2019,17,2,Case Studies,,case study,False,,Two Scientists Share Nobel Prize for the First Time! A Case Study Developed for Exploring the History of Neuroanatomy,Mitrano DA,Mitrano,,C,1,,,https://www.funjournal.org/wp-content/uploads/2019/06/june-17-c1-1.pdf,,https://www.funjournal.org/2018-volume-17-issue-2/,0,,,funjournal.org,
JUNE-17-2-11,2019,17,2,Technical Papers,,technical,False,,An Electrophysiological Investigation of Power-Amplification in the Ballistic Mantis Shrimp Punch,"Pollak DJ, Feller KD, Serbe E, Mircic S, & Gage GJ",Pollak,,T,12,,,https://www.funjournal.org/wp-content/uploads/2019/07/june-17-t12.pdf,,https://www.funjournal.org/2018-volume-17-issue-2/,1,,,funjournal.org,
JUNE-18-1-01,2019,18,1,Editorials,,editorial,False,,JUNE: Continuing to Advance Neuroscience Education in the New Decade,Ramos RL,Ramos,,E,1,,,https://www.funjournal.org/wp-content/uploads/2019/12/june-18-e1.pdf,,https://www.funjournal.org/2019-volume-18-issue-1/,0,,,funjournal.org,
JUNE-18-1-02,2019,18,1,Articles,,article,False,,Student-led Recaps and Retrieval Practice: A Simple Classroom Activity Emphasizing Effective Learning Strategies,Stavnezer AJ & Lom B,Stavnezer,,A,1,,,https://www.funjournal.org/wp-content/uploads/2020/01/june-18-1.pdf,,https://www.funjournal.org/2019-volume-18-issue-1/,0,,,funjournal.org,
JUNE-18-1-03,2019,18,1,Articles,,article,False,,Cognitive and Non-Cognitive Outcomes Associated with Student Engagement in a Novel Brain Chemoarchitecture Mapping Course-Based Undergraduate Research Experience,"D’Arcy CE, Martinez A, Khan AM, & Olimpo JT",D’Arcy,,A,15,,,https://www.funjournal.org/wp-content/uploads/2020/01/june-18-15.pdf,,https://www.funjournal.org/2019-volume-18-issue-1/,0,,,funjournal.org,
JUNE-18-1-04,2019,18,1,Articles,,article,False,,Everyday Neuroscience: A Community Engagement Course,Flanagan-Cato LM,Flanagan-Cato,,A,44,,,https://www.funjournal.org/wp-content/uploads/2019/12/june-18-44.pdf,,https://www.funjournal.org/2019-volume-18-issue-1/,0,,,funjournal.org,
JUNE-18-1-05,2019,18,1,Articles,,article,False,,Quantitative Indicators of Continued Growth in Undergraduate Neuroscience Education in the US,"Rochon C, Otazu G, Kurtzer IL, Stout RF Jr, Ramos RL",Rochon,,A,51,,,https://www.funjournal.org/wp-content/uploads/2019/12/june-18-51.pdf,,https://www.funjournal.org/2019-volume-18-issue-1/,0,,,funjournal.org,
JUNE-18-1-06,2019,18,1,Articles,,article,False,,Modulating the Zebrafish Camouflage Response Pathway to Illustrate Neuroendocrine Control Over a Robust and Quantifiable Behavior,Prakash BA & Toro CP,Prakash,,A,57,,,https://www.funjournal.org/wp-content/uploads/2020/01/june-18-57.pdf,,https://www.funjournal.org/2019-volume-18-issue-1/,0,,,funjournal.org,
JUNE-18-1-07,2019,18,1,Articles,,article,False,,Versatile Undergraduate Neurobiology Course-Based Research Experiences Using Open Access 3D Electron Microscopy Image Volumes,Nahmani M,Nahmani,,A,65,,,https://www.funjournal.org/wp-content/uploads/2020/01/june-18-65.pdf,,https://www.funjournal.org/2019-volume-18-issue-1/,0,,,funjournal.org,
JUNE-18-1-08,2019,18,1,Case Studies,,case study,False,,The Mysterious Case of Patient X: A Case Study for Neuroscience Students,"Ogilvie, JM",Ogilvie,,C,1,,,https://www.funjournal.org/wp-content/uploads/2020/01/june-18-c1.pdf,,https://www.funjournal.org/2019-volume-18-issue-1/,0,,,funjournal.org,
JUNE-18-1-09,2019,18,1,Case Studies,,case study,False,,‘Without A Key’: A Classroom Case Study,Watson TD,Watson,,C,5,,,https://www.funjournal.org/wp-content/uploads/2020/01/june-18-c5.pdf,,https://www.funjournal.org/2019-volume-18-issue-1/,0,,,funjournal.org,
JUNE-18-1-10,2019,18,1,Technical Papers,,technical,False,,3D Printing Neuron Equivalent Circuits: An Undergraduate Laboratory Exercise,"Giglia G, Crisp K, Musotto G, Sardo P, Ferraro G",Giglia,,T,1,,,https://www.funjournal.org/wp-content/uploads/2020/01/june-18-t1.pdf,,https://www.funjournal.org/2019-volume-18-issue-1/,0,,,funjournal.org,
JUNE-18-2-01,2020,18,2,Editorials,,editorial,False,,When the COVID-19 Pandemic Changed Neuroscience Education,Ramos RL,Ramos,,E,3,,,https://www.funjournal.org/wp-content/uploads/2021/02/june-18-e3.pdf,,https://www.funjournal.org/2019-volume-18-issue-2/,0,,,funjournal.org,
JUNE-18-2-02,2020,18,2,Editorials,,editorial,False,,"Faculty for Undergraduate Neuroscience (FUN) Statement on Diversity, Equity, and Inclusion","Bayline RJ, Morrison ME, Illig KR, Martinez-Acosta VG, Becker LA, Favero CB, McFarlane HG, Chase LA, Banks, SML Griffin GD, Robinson S, Rose JK, Tong MT, Basu AC, Chan JP",Bayline,,E,4,,,https://www.funjournal.org/wp-content/uploads/2020/08/june-18-e4.pdf,,https://www.funjournal.org/2019-volume-18-issue-2/,0,,,funjournal.org,
JUNE-18-2-03,2020,18,2,Articles,,article,False,,Interactive Student-Centered Neuroscience Workshops for Sixth Graders Enhance Science Knowledge and Education Attitudes,"Toledo MA, Koochak N, Gupta A, Lopez LN, Nieri T, Currás-Collazo MC",Toledo,,A,75,,,https://www.funjournal.org/wp-content/uploads/2020/08/JUNE-18-75.pdf,,https://www.funjournal.org/2019-volume-18-issue-2/,0,,,funjournal.org,
JUNE-18-2-04,2020,18,2,Articles,,article,False,,Chick Embryonic Primary Astrocyte Cultures Provide an Effective and Scalable Model for Authentic Research in a Laboratory Class,Haskew-Layton RE & Minkler JR,Haskew-Layton,,A,86,,,https://www.funjournal.org/wp-content/uploads/2020/08/JUNE-18-86.pdf,,https://www.funjournal.org/2019-volume-18-issue-2/,0,,,funjournal.org,
JUNE-18-2-05,2020,18,2,Articles,,article,False,,Using Drosophila Motor Mutants to Teach Neurodevelopment in an Undergraduate Neurobiology Lab,"Rothhaas S, Wright MC, Swanson C",Rothhaas,,A,93,,,https://www.funjournal.org/wp-content/uploads/2020/08/JUNE-18-93.pdf,,https://www.funjournal.org/2019-volume-18-issue-2/,0,,,funjournal.org,
JUNE-18-2-06,2020,18,2,Articles,,article,False,,Comparing Active Learning to Team-Based Learning in Undergraduate Neuroscience,Ng M & Newpher TM,Ng,,A,102,,,https://www.funjournal.org/wp-content/uploads/2020/08/JUNE-18-102.pdf,,https://www.funjournal.org/2019-volume-18-issue-2/,0,,,funjournal.org,
JUNE-18-2-07,2020,18,2,Articles,,article,False,,Cocktail Napkin Presentations: Design of an Activity to Enhance Undergraduate Communication and Critical Evaluation of Neuroscience Primary Literature,Vidal GS,Vidal,,A,112,,,https://www.funjournal.org/wp-content/uploads/2020/08/june-18-112.pdf,,https://www.funjournal.org/2019-volume-18-issue-2/,0,,,funjournal.org,
JUNE-18-2-08,2020,18,2,Articles,,article,False,,Quantifying the Effects of Two Local Anesthetics on the Crayfish Stretch Receptor Organ: An Integrated Neurophysiology Lab,Ewing MD & Medler S,Ewing,,A,121,,,https://www.funjournal.org/wp-content/uploads/2020/08/june-18-121.pdf,,https://www.funjournal.org/2019-volume-18-issue-2/,0,,,funjournal.org,
JUNE-18-2-09,2020,18,2,Articles,,article,False,,Undergraduate Participation in the Society for Neuroscience,"Ramos RL, Comiskey M, Dowling J, McFarlane HG, Betz AJ",Ramos,,A,129,,,https://www.funjournal.org/wp-content/uploads/2020/08/june-18-129.pdf,,https://www.funjournal.org/2019-volume-18-issue-2/,0,,,funjournal.org,
JUNE-18-2-10,2020,18,2,Case Studies,,case study,False,,Meningitis in College Students: Using a Case Study to Expose Introductory Neuroscience Students to Primary Scientific Literature and Applications of Neuroscience,Rollins L,Rollins,,C,8,,,https://www.funjournal.org/wp-content/uploads/2020/08/june-18-c8.pdf,,https://www.funjournal.org/2019-volume-18-issue-2/,0,,,funjournal.org,
JUNE-19-1-01,2020,19,1,Editorials,,editorial,False,,Virtual was the Reality in Neuroscience Education during the COVID-19 Pandemic,Ramos RL,Ramos,,E,1,,,https://www.funjournal.org/wp-content/uploads/2021/01/june-19-e1.pdf,,https://www.funjournal.org/2020-volume-19-issue-1/,0,,,funjournal.org,
JUNE-19-1-02,2020,19,1,Articles,,article,False,,Reproducible Quantitative Stimulation Allows New Analysis of Crayfish Muscle Receptor Organ Responses,Ambrosini AE & Gelperin A,Ambrosini,,A,1,,,https://www.funjournal.org/wp-content/uploads/2021/12/june-19-1.pdf,,https://www.funjournal.org/2020-volume-19-issue-1/,0,,,funjournal.org,
JUNE-19-1-03,2020,19,1,Articles,,article,False,,Dissecting the Molecular and Neural Circuit Bases of Behavior as an Introduction to Discovery-Driven Research: A Report on a Course-Based Undergraduate Research Experience,"Himmel NJ, Letcher JM, & Cox DN",Himmel,,A,21,,,https://www.funjournal.org/wp-content/uploads/2021/01/june-19-21.pdf,,https://www.funjournal.org/2020-volume-19-issue-1/,0,,,funjournal.org,
JUNE-19-1-04,2020,19,1,Articles,,article,False,,Evaluation of Students’ Conceptual Organization of Neuroscience May Depend on the Expert Referent,"Stevenson JL, Yeagley NC, and Bish, JP",Stevenson,,A,30,,,https://www.funjournal.org/wp-content/uploads/2021/01/june-19-30.pdf,,https://www.funjournal.org/2020-volume-19-issue-1/,0,,,funjournal.org,
JUNE-19-1-05,2020,19,1,Articles,,article,False,,"Physiologists Turned Geneticists: Identifying Transcripts and Genes for Neuronal Function in the Marbled Crayfish, Procambarus virginalis","Stein W, Talasu S, Vidal-Gadea A, DeMaegd ML",Stein,,A,36,,,https://www.funjournal.org/wp-content/uploads/2021/01/june-19-36.pdf,,https://www.funjournal.org/2020-volume-19-issue-1/,0,,,funjournal.org,
JUNE-19-1-06,2020,19,1,Articles,,article,False,,Integrating Research into the Undergraduate Curriculum: 1. Early Research Experiences and Training,"Buffalari D, Fernandes JJ, Chase L, Lom B, McMurray MS, Morrison ME, Stavnezer AJ",Buffalari,,A,52,,,https://www.funjournal.org/wp-content/uploads/2021/01/june-19-52.pdf,,https://www.funjournal.org/2020-volume-19-issue-1/,0,,,funjournal.org,
JUNE-19-1-07,2020,19,1,Articles,,article,False,,Integrating Research into the Undergraduate Curriculum: 2. Scaffolding Research Skills and Transitioning toward Independent Research,"Morrison ME, Lom B, Buffalari D, Chase L, Fernandes JJ, McMurray MS, Stavnezer AJ",Morrison,,A,64,,,https://www.funjournal.org/wp-content/uploads/2021/01/june-19-64.pdf,,https://www.funjournal.org/2020-volume-19-issue-1/,0,,,funjournal.org,
JUNE-19-1-08,2020,19,1,Articles,,article,False,,Integrating Research into the Undergraduate Curriculum: 3. Research Training in the Upper-level Neuroscience Curriculum,"Chase L, McMurray M, Stavnezer AJ, Buffalari D, Fernandes JJ, Lom B, Morrison ME",Chase,,A,75,,,https://www.funjournal.org/wp-content/uploads/2021/01/june-19-75.pdf,,https://www.funjournal.org/2020-volume-19-issue-1/,0,,,funjournal.org,
JUNE-19-1-09,2020,19,1,Articles,,article,False,,A Capstone Course Where Students Present Contemporary Neuroscience Research to High School Students,Kouh M,Kouh,,A,89,,,https://www.funjournal.org/wp-content/uploads/2020/11/june-19-89.pdf,,https://www.funjournal.org/2020-volume-19-issue-1/,0,,,funjournal.org,
JUNE-19-1-10,2020,19,1,Articles,,article,False,,Learning How to Code While Analyzing an Open Access Electrophysiology Dataset,Juavinett A,Juavinett,,A,94,,,https://www.funjournal.org/wp-content/uploads/2021/01/june-19-94.pdf,,https://www.funjournal.org/2020-volume-19-issue-1/,0,,,funjournal.org,
JUNE-19-1-11,2020,19,1,Articles,,article,False,,Non-Disposable Assignments for Remote Neuroscience Laboratory Teaching Using Analysis of Human Data,"Seraphim SB, Stock S",Seraphim,,A,105,,,https://www.funjournal.org/wp-content/uploads/2021/01/june-19-105.pdf,,https://www.funjournal.org/2020-volume-19-issue-1/,0,,,funjournal.org,
JUNE-19-1-12,2020,19,1,Articles,,article,False,,Highlighting Diversity in Neuroscience through Course Content,"Linden ML, Kruskop J, Kitlen E",Linden,,A,113,,,https://www.funjournal.org/wp-content/uploads/2020/12/june-19-113.pdf,,https://www.funjournal.org/2020-volume-19-issue-1/,0,,,funjournal.org,
JUNE-19-1-13,2020,19,1,Articles,,article,False,,Developing and Implementing Low-Cost Remote Laboratories for Undergraduate Biology and Neuroscience Courses,"Hanzlick-Burton C, Ciric J, Diaz-Rios M, Colgan, W III, Gage GJ",Hanzlick-Burton,,A,118,,,https://www.funjournal.org/wp-content/uploads/2021/01/june-19-118.pdf,,https://www.funjournal.org/2020-volume-19-issue-1/,1,,,funjournal.org,
JUNE-19-1-14,2020,19,1,Articles,,article,False,,Inexpensive Methods for Live Imaging of Central Pattern Generator Activity in the Drosophila Larval Locomotor System,"Booth JRH, Sane V, Gather MC, Pulver SR",Booth,,A,124,,,https://www.funjournal.org/wp-content/uploads/2021/01/june-19-124.pdf,,https://www.funjournal.org/2020-volume-19-issue-1/,0,,,funjournal.org,
JUNE-19-1-15,2020,19,1,Articles,,article,False,,Building Your Own Neuroscience Equipment: A Precision Micromanipulator and an Epi-fluorescence Microscope for Calcium Imaging,"Ryan J, Johnson BR, Deitcher D",Ryan,,A,134,,,https://www.funjournal.org/wp-content/uploads/2021/01/june-19-134.pdf,,https://www.funjournal.org/2020-volume-19-issue-1/,0,,,funjournal.org,
JUNE-19-1-16,2020,19,1,Media Reviews,AMAZING PAPERS IN NEUROSCIENCE,review,False,,AMAZING PAPERS IN NEUROSCIENCE: Sparse Neural Representation of Odor Predicts Learning,McManus J,McManus,,R,1,,,https://www.funjournal.org/wp-content/uploads/2021/01/june-19-r1.pdf,,https://www.funjournal.org/2020-volume-19-issue-1/,0,,,funjournal.org,
JUNE-19-1-17,2020,19,1,Media Reviews,AMAZING PAPERS IN NEUROSCIENCE,review,False,,AMAZING PAPERS IN NEUROSCIENCE: Does It Feel Right or Wrong? The Neuroscience of Moral Judgement,Delgado-Sanchez A,Delgado-Sanchez,,R,4,,,https://www.funjournal.org/wp-content/uploads/2020/11/june-19-r4.pdf,,https://www.funjournal.org/2020-volume-19-issue-1/,0,,,funjournal.org,
JUNE-19-1-18,2020,19,1,Media Reviews,AMAZING PAPERS IN NEUROSCIENCE,review,False,,AMAZING PAPERS IN NEUROSCIENCE: Primary Literature In Clinical Neuroscience for In-Person Or Remote Instruction,"Ramos RL, Lodato Z, Sweiss R, Kanchana V, Nicholas A",Ramos,,R,7,,,https://www.funjournal.org/wp-content/uploads/2021/01/june-19-r7.pdf,,https://www.funjournal.org/2020-volume-19-issue-1/,0,,,funjournal.org,
JUNE-19-1-19,2020,19,1,Media Reviews,AMAZING PAPERS IN NEUROSCIENCE,review,False,,AMAZING PAPERS IN NEUROSCIENCE: The Legacy of the Kennard Principle,Elliott D,Elliott,,R,11,,,https://www.funjournal.org/wp-content/uploads/2021/01/june-19-r11.pdf,,https://www.funjournal.org/2020-volume-19-issue-1/,0,,,funjournal.org,
JUNE-19-1-20,2020,19,1,Media Reviews,AMAZING PAPERS IN NEUROSCIENCE,review,False,,AMAZING PAPERS IN NEUROSCIENCE: Exploring Neuroplasticity in the Classroom: Teaching Cortical Reorganization in the Visual System with a Stroke Patient Study,Housman HAR,Housman,,R,15,,,https://www.funjournal.org/wp-content/uploads/2021/01/june-19-r15.pdf,,https://www.funjournal.org/2020-volume-19-issue-1/,0,,,funjournal.org,
JUNE-19-1-21,2020,19,1,Media Reviews,AMAZING PAPERS IN NEUROSCIENCE,review,False,,AMAZING PAPERS IN NEUROSCIENCE: Discovering Memory: Using Sea Slugs to Teach learning and Memory,close content main element section close by builder template,close,Riegel DC,R,19,,,https://www.funjournal.org/wp-content/uploads/2020/11/june-19-r19.pdf,,https://www.funjournal.org/2020-volume-19-issue-1/,0,,,funjournal.org,
JUNE-19-2-01,2021,19,2,Editorials,,editorial,False,,Moving Closer to the Way Neuroscience Education Was before the COVID-19 Pandemic,Ramos RR,Ramos,,E,3,,,https://www.funjournal.org/wp-content/uploads/2022/12/june-19-e3.pdf,,https://www.funjournal.org/2021-volume-19-issue-2/,0,,,funjournal.org,
JUNE-19-2-02,2021,19,2,Articles,,article,False,,Effective Use of Student-Created Case Studies as Assessment in an Undergraduate Neuroscience,"Bindelli DM, Kafura SAM, Laci A, Losurdo NA, Cook-Snyder DR",Bindelli,,A,141,,,https://www.funjournal.org/wp-content/uploads/2021/06/june-19-141.pdf,,https://www.funjournal.org/2021-volume-19-issue-2/,0,,,funjournal.org,
JUNE-19-2-03,2021,19,2,Articles,,article,False,,Teaching Neuroimmunology to Undergraduate Students: Resource for Full Course or Modular Implementation,Watanabe J,Watanabe,,A,163,,,https://www.funjournal.org/wp-content/uploads/2021/06/june-19-163.pdf,,https://www.funjournal.org/2021-volume-19-issue-2/,0,,,funjournal.org,
JUNE-19-2-04,2021,19,2,Articles,,article,False,,Teaching Computation in Neuroscience: Notes on the 2019 Society for Neuroscience Professional Development Workshop on Teaching,"Grisham W, Abrams M, Babiec WE, Fairhall AL, Kass RE, Wallisch P, Olivo R",Grisham,,A,185,,,https://www.funjournal.org/wp-content/uploads/2021/07/june-19-185.pdf,,https://www.funjournal.org/2021-volume-19-issue-2/,0,,,funjournal.org,
JUNE-19-2-05,2021,19,2,Articles,,article,False,,Integrating Service Learning into a Neuropsychopharmacology Course,"Cammack KM, Melton C",Cammack,,A,192,,,https://www.funjournal.org/wp-content/uploads/2021/06/june-19-192.pdf,,https://www.funjournal.org/2021-volume-19-issue-2/,0,,,funjournal.org,
JUNE-19-2-06,2021,19,2,Articles,,article,False,,Cooperative Group Learning in Undergraduate Neuroscience: Using Simulations to Complement Problem-Solving Assignments,Northcutt KV,Northcutt,,A,201,,,https://www.funjournal.org/wp-content/uploads/2021/06/june-19-201.pdf,,https://www.funjournal.org/2021-volume-19-issue-2/,0,,,funjournal.org,
JUNE-19-2-07,2021,19,2,Articles,,article,False,,"Reading the Brain: An Interdisciplinary First-Year Seminar on the Intersection of Neuroscience, Literature, and Popular Culture","Wilson KD, Berg TF",Wilson,,A,210,,,https://www.funjournal.org/wp-content/uploads/2021/06/june-19-210.pdf,,https://www.funjournal.org/2021-volume-19-issue-2/,0,,,funjournal.org,
JUNE-19-2-08,2021,19,2,Articles,,article,False,,"Assessment of Mapping the Brain , a Novel Research and Neurotechnology Based Approach for the Modern Neuroscience Classroom","Johnson ZA, Sciolino NR, Plummer NW, Harrison PR, Jensen P, Robertson SD",Johnson,,A,226,,,https://www.funjournal.org/wp-content/uploads/2021/06/june-19-226.pdf,,https://www.funjournal.org/2021-volume-19-issue-2/,3,,,funjournal.org,
JUNE-19-2-09,2021,19,2,Articles,,article,False,,A Course-Based Research Experience Using the Allen Brain Map: From Research Question to Poster Session,"Ryan J, Casimo K",Ryan,,A,260,,,https://www.funjournal.org/wp-content/uploads/2021/06/june-19-260-1.pdf,,https://www.funjournal.org/2021-volume-19-issue-2/,3,,,funjournal.org,
JUNE-19-2-10,2021,19,2,Case Studies,,case study,False,,Phantom Limb Pain: Feeling Sensation from a Limb That is No Longer Present and What it Can Reveal about Our Brain Anatomy,Lemons ML,Lemons,,C,1,,,https://www.funjournal.org/wp-content/uploads/2021/06/june-19-c1.pdf,,https://www.funjournal.org/2021-volume-19-issue-2/,0,,,funjournal.org,
JUNE-19-2-11,2021,19,2,Media Reviews,AMAZING PAPERS IN NEUROSCIENCE,review,False,,AMAZING PAPERS IN NEUROSCIENCE: Teaching Principles of Place Cells,Sane VA,Sane,,R,23,,,https://www.funjournal.org/wp-content/uploads/2021/06/june-19-r23.pdf,,https://www.funjournal.org/2021-volume-19-issue-2/,0,,,funjournal.org,
JUNE-19-2-12,2021,19,2,Media Reviews,AMAZING PAPERS IN NEUROSCIENCE,review,False,,AMAZING PAPERS IN NEUROSCIENCE: Getting Graded: Teaching Principles of Chemical Synaptic Transmission without Action Potentials,Strathern L,Strathern,,R,28,,,https://www.funjournal.org/wp-content/uploads/2021/06/june-19-r28.pdf,,https://www.funjournal.org/2021-volume-19-issue-2/,0,,,funjournal.org,
JUNE-19-2-13,2021,19,2,Media Reviews,AMAZING PAPERS IN NEUROSCIENCE,review,False,,AMAZING PAPERS IN NEUROSCIENCE: Exploring the Genetic Underpinnings of Aggression in Drosophila melanogaster,Takemori T,Takemori,,R,31,,,https://www.funjournal.org/wp-content/uploads/2021/06/june-19-r31.pdf,,https://www.funjournal.org/2021-volume-19-issue-2/,0,,,funjournal.org,
JUNE-19-2-14,2021,19,2,Media Reviews,AMAZING PAPERS IN NEUROSCIENCE,review,False,,AMAZING PAPERS IN NEUROSCIENCE: Examining Empathy through Consolation Behavior in Prairie Voles,close content main element section close by builder template,close,Wilson JM,R,35,,,https://www.funjournal.org/wp-content/uploads/2021/06/june-19-r35.pdf,,https://www.funjournal.org/2021-volume-19-issue-2/,0,,,funjournal.org,
JUNE-20-1-01,2021,20,1,Editorials,,editorial,False,,Continued Challenges for Neuroscience Education During the COVID-19,"Ramos RL, Editor in Chief",Ramos,,E,12,,,https://www.funjournal.org/wp-content/uploads/2021/12/june-20-e12.pdf,,https://www.funjournal.org/2210-2/,0,,,funjournal.org,
JUNE-20-1-02,2021,20,1,Editorials,,editorial,False,,"Revisiting Diversity, Equity, and Inclusion Commitments and Instituting Lasting Actionable Changes in the Faculty for Undergraduate Neuroscience","Neuwirth LS, Quadros Mennella PS, Kang YY, Linden ML, Nahmani M, Abrams M, Leussis MP, Illig KR",Neuwirth,,E,1,,,https://www.funjournal.org/wp-content/uploads/2021/12/june-20-e1.pdf,,https://www.funjournal.org/2210-2/,0,,,funjournal.org,
JUNE-20-1-03,2021,20,1,Editorials,,editorial,False,,Reissue: A Decade of FUN: The First Ten Years of the Faculty for Undergraduate Neuroscience,"Ramirez JJ, Normansell L",Ramirez,,E,4,,,https://www.funjournal.org/wp-content/uploads/2022/04/june-20-e4.pdf,,https://www.funjournal.org/2210-2/,0,,,funjournal.org,
JUNE-20-1-04,2021,20,1,Articles,,article,False,,DRD4 Allele Frequency as a Lab Exercise in Neuroscience and Genetics Courses,"Koob AO, Ballantyne S, Leveque A, Qureshi AA, Congdon S",Koob,,A,1,,,https://www.funjournal.org/wp-content/uploads/2021/12/june-20-1.pdf,,https://www.funjournal.org/2210-2/,0,,,funjournal.org,
JUNE-20-1-05,2021,20,1,Articles,,article,False,,Pedagogical Activities for Assessing Human and Rat Taste-Related Behavioral Responses to Gymnema sylvestre,"Na ES, Morris MJ",Na,,A,11,,,https://www.funjournal.org/wp-content/uploads/2021/11/june-20-11.pdf,,https://www.funjournal.org/2210-2/,0,,,funjournal.org,
JUNE-20-1-06,2021,20,1,Articles,,article,False,,Signal : A Neurotransmission Board Game,Kaur AW,Kaur,,A,18,,,https://www.funjournal.org/wp-content/uploads/2022/04/june-20-18.pdf,,https://www.funjournal.org/2210-2/,0,,,funjournal.org,
JUNE-20-1-07,2021,20,1,Articles,,article,False,,"The Spine Lab: A Short-Duration, Fully-Remote Course-Based Undergraduate Research Experience","Wickam RJ, Genne-Bacon EA, Jacob MH",Wickam,,A,28,,,https://www.funjournal.org/wp-content/uploads/2021/12/june-20-28.pdf,,https://www.funjournal.org/2210-2/,3,,,funjournal.org,
JUNE-20-1-08,2021,20,1,Articles,,article,False,,Race and the Ivory Tower: An Antiracism Exercise for an Undergraduate Neuroscience Classroom,"Roth JR, Gavin CF",Roth,,A,40,,,https://www.funjournal.org/wp-content/uploads/2022/04/june-20-40.pdf,,https://www.funjournal.org/2210-2/,0,,,funjournal.org,
JUNE-20-1-09,2021,20,1,Articles,,article,False,,Class Size and Student Performance in a Team-Based Learning Course,"Ng M, Newpher TM",Ng,,A,49,,,https://www.funjournal.org/wp-content/uploads/2021/12/june-20-49.pdf,,https://www.funjournal.org/2210-2/,0,,,funjournal.org,
JUNE-20-1-10,2021,20,1,Articles,,article,False,,A Semester without Exams: Approaches in a Small And Large Course,Branco RC,Branco,,A,58,,,https://www.funjournal.org/wp-content/uploads/2021/11/june-20-58.pdf,,https://www.funjournal.org/2210-2/,0,,,funjournal.org,
JUNE-20-1-11,2021,20,1,Articles,,article,False,,Open-Ended Inquiry into Zebrafish Nerve Development Using Image Analysis,Petersen SC,Petersen,,A,73,,,https://www.funjournal.org/wp-content/uploads/2021/11/june-20-73.pdf,,https://www.funjournal.org/2210-2/,0,,,funjournal.org,
JUNE-20-1-12,2021,20,1,Articles,,article,False,,The Open Neuroscience Initiative: A Free-to-Access and -Adopt Digital Textbook for Undergraduate Students of Introductory Neuroscience,Lim SAO,Lim,,A,83,,,https://www.funjournal.org/wp-content/uploads/2022/04/june-20-83.pdf,,https://www.funjournal.org/2210-2/,0,,,funjournal.org,
JUNE-20-1-13,2021,20,1,Articles,,article,False,,Quantitative Characterization of Output from the Directionally Selective Visual Interneuron H1 in the Grey Flesh Fly Sarcophaga bullata,"Gelperin A, Ambrosini AE",Gelperin,,A,88,,,https://www.funjournal.org/wp-content/uploads/2022/04/june-20-88.pdf,,https://www.funjournal.org/2210-2/,0,,,funjournal.org,
JUNE-20-1-14,2021,20,1,Articles,,article,False,,Pandemic Teaching: Using the Allen Cell Types Database for Final Semester Projects in an Undergraduate Neurophysiology Lab Course,"Ho Y-Y, Roeser A, Law G, Johnson BR",Ho,,A,100,,,https://www.funjournal.org/wp-content/uploads/2022/04/june-20-100.pdf,,https://www.funjournal.org/2210-2/,4,,,funjournal.org,
JUNE-20-1-15,2021,20,1,Case Studies,,case study,False,,The Simpsons Neuron: A Case Study Exploring Neuronal Coding and the Scientific Method for Introductory and Advanced Neuroscience Courses,"Cammack KM, Teppert TR, Cook-Snyder DR",Cammack,,C,1,,,../wp-content/uploads/2022/04/june-20-c1.pdf,,https://www.funjournal.org/2210-2/,0,,,funjournal.org,
JUNE-20-2-01,2022,20,2,Editorials,,editorial,True,FUN 2020 Summer Virtual Meeting,An Introduction to the Proceedings of the 2020 FUN Summer Virtual Meeting,Johnson B,Johnson,,E,21,24,10.59390/LKPG6213,https://www.funjournal.org/wp-content/uploads/2023/10/june-20-e21.pdf,https://www.funjournal.org/volume-20-issue-2-winter-2022/johnson-june-202-e21-e24/,https://www.funjournal.org/volume-20-issue-2/,0,,,funjournal.org,
JUNE-20-2-02,2022,20,2,Editorials,,editorial,True,FUN 2020 Summer Virtual Meeting,Celebrating Diverse Voices in Neuroscience: Introducing Project DiViNe,"Frenzel K, Harrington IA",Frenzel,,E,13,18,10.59390/AXFD9450,https://www.funjournal.org/wp-content/uploads/2023/10/june-20-e13.pdf,https://www.funjournal.org/volume-20-issue-2-winter-2022/frenzel-and-harrington-june-202-e13-e18/,https://www.funjournal.org/volume-20-issue-2/,0,"Institutions of higher education are meant to provide opportunities for the growth and development of their students. As student bodies have become more diverse it would seem to follow that institutional efforts to satisfy this obligation would likewise need to change. Despite increases in the numbers of historically underrepresented students entering higher education, the proportion of these students who graduate continues to lag behind that of students who are not historically underrepresented. As others have suggested, we believe the disparity between rates of matriculation and graduation parallels a disconnect between diversity and inclusion. Whereas the former is a relatively simple matter of access and demographic accounting, the latter concerns the lived experiences of students within our programs. Evidence suggests that the degree to which students feel valued within their programs can predict students’ success, persistence, and graduation from these programs. Here, in an effort to promote greater inclusion, we propose a new pedagogical resource designed to share the personal stories and scientific contributions of neuroscientists from historically underrepresented or marginalized groups. After providing some context for why these interventions are so important, we describe the general expectations of these profiles and, in an accompanying article in this same issue, provide a number of examples. By incorporating these stories into our curricula we would hope to increase the sense of belonging of historically underrepresented or marginalized students and to increase awareness of disciplinary diversity among their peers. Ultimately, by challenging a colorblind approach to science in general and to neuroscience in particular, we hope to change our collective assumptions about who neuroscientists are and can be.",,funjournal.org,
JUNE-20-2-03,2022,20,2,Editorials,,editorial,True,FUN 2020 Summer Virtual Meeting,"A Tale of Two Meetings: Indeed, the Worst of Times Gave Undergraduate Neuroscience Education One of the Best of Times","Wiertelak EP, Ramirez JR",Wiertelak,,E,19,20,10.59390/DWIP7136,https://www.funjournal.org/wp-content/uploads/2023/10/june-20-e19.pdf,https://www.funjournal.org/volume-20-issue-2-winter-2022/wiertelak-and-ramirez-june-202-e19-e20/,https://www.funjournal.org/volume-20-issue-2/,0,,,funjournal.org,
JUNE-20-2-04,2022,20,2,Editorials,,editorial,True,FUN 2020 Summer Virtual Meeting,Convening the Undergraduate Neuroscience Education Community in a Period of Rapid Change: Insights from the FUN 2020 Summer Virtual Meeting,"Basu AC, Kang YY, Leussis MP, Chan J",Basu,,E,21,24,10.59390/LKPG6213,https://www.funjournal.org/wp-content/uploads/2023/10/june-20-e21.pdf,https://www.funjournal.org/volume-20-issue-2-winter-2022/johnson-june-202-e21-e24/,https://www.funjournal.org/volume-20-issue-2/,0,,,funjournal.org,
JUNE-20-2-05,2022,20,2,Articles,,article,True,FUN 2020 Summer Virtual Meeting,Video Microscopy for Teaching: Optimizing the Field of View,Wyttenbach RA,Wyttenbach,,A,111,115,10.59390/XOIG7838,https://www.funjournal.org/wp-content/uploads/2023/10/june-20-111.pdf,https://www.funjournal.org/volume-20-issue-2-winter-2022/wyttenbach-june-202a111-a115/,https://www.funjournal.org/volume-20-issue-2/,1,"Whether teaching online or in person, video microscopy can demonstrate and document procedures such as dissection and electrophysiology. Such videos can streamline in-person lab work or make online material more interesting and lifelike. Microscope video can also be streamed live over Zoom or other services for live online demonstration. It can be difficult, however, to match a microscope and camera such that the field of view (FOV) captured by the camera encompasses the entire FOV seen by the microscope user. Standard recommendations usually give a camera FOV much smaller than the user’s FOV. This paper explains how to work with three variables (camera sensor size, microscope coupler magnification, and ocular diameter) to achieve a good FOV match.",,funjournal.org,
JUNE-20-2-06,2022,20,2,Articles,,article,True,FUN 2020 Summer Virtual Meeting,Increasing Self-Compassion: Review of the Literature and Recommendations,Stutts L,Stutts,,A,115,119,10.59390/WSZK3327,https://www.funjournal.org/wp-content/uploads/2023/10/june-20-115.pdf,https://www.funjournal.org/volume-20-issue-2-winter-2022/stutts-june-202a115-a119/,https://www.funjournal.org/volume-20-issue-2/,0,"Depression is a common symptom among college students and is often accompanied by negative thoughts about oneself. Self-compassion is a technique students can use to combat those negative thoughts. Self-compassion is an emotion-regulation strategy in which the individual engages in self-kindness, particularly after a mistake, failure, and/or rejection. This paper reviews the concept of self-compassion, assessment of self-compassion, and interventions that have been shown to increase self-compassion. Self-compassion is associated with lower levels of psychopathology and higher levels of well-being. It is theorized to work by buffering against a self-critical ruminative process after a mistake, failure, and/or rejection. Self-compassion is most commonly assessed through a validated scale that measures overall self-compassion and its six subscales: self-kindness, common humanity, mindfulness, self-judgment, isolation, and over-identification. Multiple self-compassion interventions have been shown to increase self-compassion and improve psychological health. These interventions are varied and contain strategies such as mindfulness meditation, loving kindness meditation, and changing self-talk. Details of those interventions and practical strategies that individuals, students, and professors can use to increase self-compassion are described. Overall, self-compassion is a valuable tool that can help individuals cope with mistakes, failure, and/or rejection.",,funjournal.org,
JUNE-20-2-07,2022,20,2,Articles,,article,True,FUN 2020 Summer Virtual Meeting,Podcasting Neuroscience: A Science Communication Assignment,Kaur AW,Kaur,,A,120,145,10.59390/FKXM3006,https://www.funjournal.org/wp-content/uploads/2023/10/june-20-120.pdf,https://www.funjournal.org/volume-20-issue-2-winter-2022/kaur-june-202a120-a145/,https://www.funjournal.org/volume-20-issue-2/,0,"Effective science communication has been identified as one of the core competencies of neuroscience education as articulated at the 2017 FUN Workshop. Yet most undergraduate students do not receive explicit instruction on how to effectively communicate science to a diversity of audiences. Instead, communication assignments typically help students become proficient at sharing scientific information with other scientists through research articles, poster presentations or oral presentations. This presents a missed opportunity to instruct students on the complexities of communicating to the general public, the importance of which has come into sharp focus during the COVID-19 pandemic. Translating research findings so they can be understood by a non-specialist audience requires practice and deep learning and can act as a powerful teaching tool to help students build science literacy skills. Here I share the blueprint to a broadly-oriented science communication assignment built to address the core competencies of neuroscience education. The assignment acts as the final project for a 400-level neuropharmacology course at a small public liberal arts university. Students work in small groups to identify a topic of interest and research, script, and record an audio podcast geared towards a general audience. The assignment is scaffolded to allow students to work towards the final submission in small steps and to receive feedback from the instructor and their peers. These feedback steps pair with opportunities to revise their work to further develop students’ communication skills. Initial feedback from students suggests the assignment promoted deeper learning and higher engagement with course content.",,funjournal.org,
JUNE-20-2-08,2022,20,2,Articles,,article,True,FUN 2020 Summer Virtual Meeting,Deep versus Shallow Processing: A Learning and Memory Experiment for Asynchronous and Synchronous Online Platforms,Pollack AE,Pollack,,A,146,149,10.59390/FEAP4736,https://www.funjournal.org/wp-content/uploads/2023/10/june-20-146.pdf,https://www.funjournal.org/volume-20-issue-2-winter-2022/pollack-june-202a146-a149/,https://www.funjournal.org/volume-20-issue-2/,0,"Processing of words can be meaning-based (deep processing) or appearance/sound-based (shallow processing). A simple experiment that can be conducted online, asynchronously or synchronously, demonstrates that the number of words recalled from a list of 24 words read aloud depends on the instructions given to students beforehand. Students in the deep processing group were asked to write ‘yes’ or ‘no’ – is the word likeable/pleasant, while students in the shallow processing group were asked to write ‘yes’ or ‘no’ – does the word contain an E or G. After a one-minute delay in which students performed a backward calculation task, they had two minutes to recall as many words as possible from the list. Regardless of how the online experiment was conducted, asynchronously or synchronously, the deep processing group recalled an average of 11-14 words compared to the shallow processing group, which recalled an average of 8-10 words. The deep processing group consistently recalled 3-6 more words on average than the shallow processing group. After debriefing the students about the experiment, the instructor can focus class discussion on topics that include experimental design, methodology, reproducibility, data analysis, as well as using these data as an evidence-based starting point for best learning practices.",,funjournal.org,
JUNE-20-2-09,2022,20,2,Articles,,article,True,FUN 2020 Summer Virtual Meeting,Why Students Cheat and How Understanding This Can H Reduce the Frequency of Academic Misconduct in Higher Education: A Literature Review,"Miles PJ, Campbell M, Ruxton GD",Miles,,A,150,160,10.59390/LXMJ2920,https://www.funjournal.org/wp-content/uploads/2023/10/june-20-150.pdf,https://www.funjournal.org/volume-20-issue-2-winter-2022/miles-et-al-june-202a150-a160/,https://www.funjournal.org/volume-20-issue-2/,0,"Academic integrity is fundamental to effective education and learning yet cheating continues to occur in diverse forms within the higher education sector. It is essential that students are educated about, and understand the importance of, good academic practice. Strict standards of academic integrity help to ensure that knowledge is acquired in an honest and ethical manner, creating fairness and equity for students, ultimately enriching the student experience at university and the wider society’s trust in the value of university education. This literature review synthesizes the many varied reasons why students cheat, as presented in a large body of existing literature. We then turn our attention to what we can do as educators to help reduce the rates of academic misconduct. Factors influencing the propensity of students to cheat are diverse but relatively well understood. Whilst policing and applying appropriate punishments should be part of institutional responses to academic misconduct, it is clear that this is only part of the solution. We emphasize the need for a much broader range of proactive activities to be brought to bear. Many of these are educational in nature and should have benefits for students, staff and institutions beyond discouraging academic misconduct. Resource implication should not be a barrier to their implementation.",,funjournal.org,
JUNE-20-2-10,2022,20,2,Articles,,article,True,FUN 2020 Summer Virtual Meeting,The Development of Core Concepts for Neuroscience Higher Education: From Beginning to Summer Virtual Meeting Satellite Session,"Chen A, Phillips KA, Schaefer JE, Sonner PM",Chen,,A,161,165,10.59390/GHOR4737,https://www.funjournal.org/wp-content/uploads/2023/10/june-20-161.pdf,https://www.funjournal.org/volume-20-issue-2-winter-2022/chen-et-al-june-202a161-a165/,https://www.funjournal.org/volume-20-issue-2/,0,"Neuroscience curricula vary widely across higher education institutions due to the lack of an accrediting body or a set of unified educational concepts or outcomes. Each institution has developed a unique set of fundamental knowledge, topical subdisciplines, and core competencies to be delivered in a neuroscience program. Core concepts would provide neuroscience departments and programs with a generally agreed upon set of overarching principles that organize knowledge and can be applied to all sub-disciplines of the field, providing a useful framework from which to approach neuroscience education. We set out to develop a consensus set of neuroscience core concepts to aid in higher education curricular development and assessment. Suggestions for neuroscience core concepts were solicited from neuroscience faculty in a nationwide survey and analyzed using an inductive, independent coding model to identify eight core concepts based upon survey responses. Accompanying explanatory paragraphs for each core concept were developed through an iterative process. We presented the resulting core concepts to 134 neuroscience educators at a satellite session of the Faculty for Undergraduate Neuroscience 2020 Summer Virtual Meeting (SVM). Individuals and groups of faculty provided feedback regarding the accuracy, comprehensiveness, and clarity of each concept and explanatory paragraph, as well as the structure of the document as a whole. We continue to refine the core concepts based upon this feedback and will distribute the final document in a subsequent publication. Following publication of the finalized list of core concepts, we will develop tools to help educators incorporate the core concepts into their curricula.",,funjournal.org,
JUNE-20-2-11,2022,20,2,Articles,,article,True,FUN 2020 Summer Virtual Meeting,FraidyRat: A Virtual Module Examining the Neural Circuitry Underlying Fear Conditioning,"Grisham W, Schottler NA, Soto J, Krasne FB",Grisham,,A,166,,10.5939/KYSI6629,https://www.funjournal.org/wp-content/uploads/2023/10/june-20-166.pdf,https://www.funjournal.org/volume-20-issue-2-winter-2022/grisham-et-al-june-20-1662a166-a177/,https://www.funjournal.org/volume-20-issue-2/,0,"FraidyRat is a teaching tool that allows students to investigate the neural basis of fear conditioning and extinction using a virtual rat with a virtual brain. FraidyRat models well-known phenomena at both a behavioral and neural level. Students use virtual versions of tract tracing, systemic and intracerebrally infused drugs, neural recording, and electrical stimulation to understand the neural substrates underlying the observed behavior. This module helps students develop critical thinking skills in order to deduce immediate cause and effect as well as inductive reasoning to grasp the broader scheme. This module utilizes scaffolded instruction and formative assessment to shape the thinking of students as they unfold and discover the neural mechanisms responsible for fear conditioning and extinction in FraidyRat, which largely reflect what is found in real rats. Experience with this three-week module resulted in students showing significant gains in content knowledge as well as a trend toward gains in critical thinking. An attitudinal questionnaire showed that students had an overall positive experience. This module can be replicated at any institution with just a computer. All materials are available at: [https://mdcune.psych.ucla.edu/modules/fraidy-rat](https://mdcune.psych.ucla.edu/modules/fraidy-rat).",,funjournal.org,
JUNE-20-2-12,2022,20,2,Articles,,article,True,FUN 2020 Summer Virtual Meeting,Enhancing Student Research Experiences with Open Data from the Allen Brain Map,Casimo K,Casimo,,A,178,183,10.59390/NWXO4043,https://www.funjournal.org/wp-content/uploads/2023/10/june-20-178.pdf,https://www.funjournal.org/volume-20-issue-2-winter-2022/casimo-june-202a178-a183/,https://www.funjournal.org/volume-20-issue-2/,0,"The Allen Brain Map is the main data repository for the Allen Institute for Brain Science, containing big, open datasets commonly used in neuroscience research (Allen Institute for Brain Science, 2022). Open data from the Allen Brain Map can be used to teach core concepts in neuroscience, data analysis methods, and other critical skills and knowledge to neuroscience students. These datasets can be used as the main data source for completely online lab experiences, or analyzed in combination with data students collect themselves. Applications may range in scope and format from a short worksheet used in a single class session to a coding tutorial to a guided independent research project. While open online data cannot fully replace lab experiences for learning techniques, they can be used to expose students to analysis of big data, introduce resources widely used in the field, and teach skills like statistics and coding. This article reviews potential assignment formats where big and open data can be applied, introduces selected popular resources and sample use cases for each, and discusses benefits and limitations of open online data for lab experiences. Some specific applications in the context of distance learning are also detailed.",,funjournal.org,
JUNE-20-2-13,2022,20,2,Articles,,article,True,FUN 2020 Summer Virtual Meeting,Adapting Case Studies for Synchronous and Asynchronous Online Courses,"Cook-Snyder DR, Ehliinger DG",Cook-Snyder,,A,184,,10.59390/NFRQ7249,https://www.funjournal.org/wp-content/uploads/2023/10/june-20-184.pdf,https://www.funjournal.org/volume-20-issue-2-winter-2022/cook-snyder-and-ehlinger-june2a184-a190/,https://www.funjournal.org/volume-20-issue-2/,0,"Case studies are an effective active learning method that increases student engagement and are readily adaptable from in-person to online learning environments. In this perspective, Neuroscience Case Network fellows (NeuroCaseNet; NSF-RCN-UBE Grant #1624104) provide specific examples of how case studies were successfully adapted for synchronous and asynchronous online learning, including general strategies and best practices for adapting case studies into both online learning environments.",,funjournal.org,
JUNE-20-2-14,2022,20,2,Articles,,article,True,FUN 2020 Summer Virtual Meeting,Teaching About Sex and Gender in Neuroscience: More Than Meets the “XY”,"Casto KV, Leininger EC, Tan T",Casto,,A,191,206,10.59390/AZVZ2988,https://www.funjournal.org/wp-content/uploads/2023/11/june-20-191.pdf,https://www.funjournal.org/volume-20-issue-2-winter-2022/casto-et-al-june-202a191-a206/,https://www.funjournal.org/volume-20-issue-2/,0,"Offering courses on the neuroscience of sex and gender can help support an inclusive curriculum in neuroscience. At the same time, developing and teaching such courses can be daunting to even the most enthusiastic educators, given the subject’s complexities, nuances, and the difficult conversations that it invites. The authors of this article have all developed and taught such courses from different perspectives. Our aim is to provide educators with an overview of important conceptual topics as well as a comprehensive, but non-exhaustive, guide to resources for teaching about sex/gender in neuroscience based on our collective experience teaching courses on the topic. After defining vital terminology and briefly reviewing the biology of sex and sex determination, we describe some common topics within the field and contrast our current nuanced understandings from outdated misconceptions in the field. We review how (mis)representation of the neuroscience of sex/gender serves as a case study for how scientific results are communicated and disseminated. We consider how contextualization of sex/gender neuroscience research within a broader historical and societal framework can give students a wider perspective on the enterprise of science. Finally, we conclude with a brief discussion on how to choose learning goals for your course and implementation notes.",,funjournal.org,
JUNE-20-2-15,2022,20,2,Articles,,article,True,FUN 2020 Summer Virtual Meeting,"PROJECT DiViNe: DIVERSE VOICES IN NEUROSCIENCE: Profiles of Rita Levi-Montalcini, Ricardo Miledi, Simon LeVay, Erich Jarvis, and Steve Ramirez","Frenzel KE, Grisham WG, Ogilvie JM, Harrington IA",Frenzel,,A,207,,10.59390/BKPW4729,https://www.funjournal.org/wp-content/uploads/2023/10/june-20-207.pdf,https://www.funjournal.org/volume-20-issue-2-winter-2022/frenzel-et-al-june-20-2072a207-a214/,https://www.funjournal.org/volume-20-issue-2/,0,"In this paper we share the first five of what we hope will be many profiles of neuroscientists from historically underrepresented or marginalized groups. This initial collection of profiles, meant to stake out the general territory for future offerings, takes as its subjects a fairly broad range of individuals from Nobel laureates to early career scientists and educators. The goal of this project is to facilitate the dissemination of materials neuroscience educators can use to highlight the scientific contributions and personal stories of scientists from historically marginalized groups, and has been developed more extensively in the Editorial that accompanies this collection (Frenzel and Harrington, 2021). We believe that by sharing these stories, and highlighting the diversity of those who have and will continue to contribute to the field of neuroscience, we can help to foster a more inclusive discipline for our undergraduate students. Each of these profiles is a testament to the respect these contributors hold for their subjects. We hope that others might see this new feature as an opportunity to share the admiration they have for those who have impacted them as colleagues, mentors, and role models.",,funjournal.org,
JUNE-20-2-16,2022,20,2,Articles,,article,True,FUN 2020 Summer Virtual Meeting,"Deceived, Confused, or Peer Reviewed? Critical Information Literacy in a First-year Neuroscience Course","Gold H, Leininger E",Gold,,A,215,218,10.59390/BKPW4729,https://www.funjournal.org/wp-content/uploads/2023/10/june-20-215.pdf,https://www.funjournal.org/volume-20-issue-2-winter-2022/gold-and-leininger-june-202-a215-a218/,https://www.funjournal.org/volume-20-issue-2/,0,"Information literacy skills are necessary to parse today’s complex information landscape full of general audience, scholarly, and deceptive sources. For a student new to college and unfamiliar with publishing norms in the discipline, it can be difficult to identify and select from among the range of sources that electronic searches return — especially on Google or Google Scholar, which most students use regularly at the pre-college level. Centering information literacy as a course objective invites students into the scholarly conversation at a deeper level than typical one-off database searching sessions. Further, framing this objective through the lens of critical information literacy engages students in considering how structures of power and privilege direct the production, dissemination, and consumption of scientific research products, including deceptive sources. We, an information literacy librarian and a neuroscience faculty member at a small liberal arts college, have collaborated in developing critical information literacy curricula embedded within an introductory neuroscience course. Here we will briefly describe our motivation, process, and outcomes, and lessons learned from this effort.",,funjournal.org,
JUNE-20-2-17,2022,20,2,Articles,,article,True,FUN 2020 Summer Virtual Meeting,Virtual/Remote Labs for Fluorescent Immunocytochemistry or Western Blotting: The Next Best Thing to Being There,Morrison M,Morrison,,A,219,225,10.59390/XCGJ3727,https://www.funjournal.org/wp-content/uploads/2023/10/june-20-219.pdf,https://www.funjournal.org/volume-20-issue-2-winter-2022/morrison-june-202a219-225/,https://www.funjournal.org/volume-20-issue-2/,6,"The SARS CoV-2 pandemic forced many college courses to convert to remote instruction almost overnight in the middle of the spring 2020 teaching semester. This article presents two molecular biology labs formerly performed in person by students but converted into virtual labs. The virtual immunocytochemistry experiment teaches the specificity of antibody staining, principles of fluorescent microscopy, diversity of brain cell types and morphologies, and journal article Figure construction skills. The virtual Western blotting experiment teaches sodium dodecyl sulfate polyacrylamide gel electrophoresis (SDS-PAGE), the specificity of antibody binding, and graph creation and interpretation skills. Both virtual experiments use professionally-produced web-based videos of scientists conducting the lab procedures. Students must answer questions about the techniques and analyze real experimental data generated by past students to take a quiz and write a journal article-style lab report. At the whole-class level, student quiz and lab report scores from these virtual labs were not statistically different from those from the in-person versions of the same labs from a previous semester, using t tests with the Bonferroni correction. On the virtual Western blot quiz, students who did the virtual version actually scored higher than students who did the in-person version. These results were significant when the 2020 data were analyzed by within-student paired t tests for in-person labs done before COVID-19 versus those done virtually after dismissal for all-remote instruction. The students learned the laboratory concepts and data analysis skills just as well virtually as their predecessors had in person. However, the students trained virtually reported that they could not enter the lab and actually do Western blotting or fluorescent immunocytochemistry with their own hands without extensive additional training. These virtual experiments can be done with data included in the supplemental materials or can easily be adapted for any micrographs or Western blotting images available from previous lab experiments, or in the published literature. When COVID-19 or other public health emergencies necessitate remote instruction and we can’t use the best practice of hands-on lab work, virtual labs can be the next best thing to being there.",,funjournal.org,
JUNE-20-2-18,2022,20,2,Articles,,article,True,FUN 2020 Summer Virtual Meeting,"Online Neuroscience Instruction: Insights, Lessons Learned, and Moving Forward",Wee BEF,Wee,,A,226,232,10.59390/PQJQ5721,https://www.funjournal.org/wp-content/uploads/2023/10/june-20-226.pdf,https://www.funjournal.org/volume-20-issue-2-winter-2022/wee-june-202a226-a232/,https://www.funjournal.org/volume-20-issue-2/,0,"Prior to the COVID-19 pandemic, most of us had little to no experience with online teaching. With the realization that we would need to teach our students remotely during the pandemic, we needed to develop our online teaching skills and apply this knowledge to create effective online classes for our students. Tulane University’s Center for Engaged Learning and Teaching (CELT, [http://celt.tulane.edu](http://celt.tulane.edu)) and its Innovative Learning Center (ILC, [http://it.tulane.edu/innovative-learning-center](http://it.tulane.edu/innovative-learning-center)) partnered to teach an Online Teaching Training (OTT) course for all instructors. This five-week session covered many of the topics needed to teach an engaging and interactive online course. The training included not only the theory but also practical applications of many resources available to online course instructors. This training prepared me to teach a fully online course for the first time in Summer, 2020 and again the following summer. Student evaluations compared between the Emergency Remote Learning done in quick response to the COVID-19 pandemic (Spring 2020) and the online course after completion of the OTT (Summer 2020) indicated that student experiences were much more positive when taught by a trained instructor. Many of the resources/techniques for online courses can be incorporated into in-person or hybrid classes, and vice versa. Further, sharing ideas among colleagues, especially as new resources become available, is critical for the success of all instructors. In this article I share my lessons learned, insights, and thoughts for moving forward as we approach a new era of neuroscience instruction.",,funjournal.org,
JUNE-20-2-19,2022,20,2,Articles,,article,True,FUN 2020 Summer Virtual Meeting,"Designing a Simulation Lab: The Process that Led to Action Potentials Explored and Extended, Two Simulation-Based Neurobiology Labs",Meir E,Meir,,A,233,240,10.59390/LLWZ6243,https://www.funjournal.org/wp-content/uploads/2023/10/june-20-233.pdf,https://www.funjournal.org/volume-20-issue-2-winter-2022/meir-june-202a233-a240/,https://www.funjournal.org/volume-20-issue-2/,0,"Simulations have long played an important role in neurobiology education. This paper describes the design-research process that led to development of two popular simulation-based neurobiology modules used in undergraduate biology classes. Action Potentials Explored, and the more in-depth and quantitative Action Potentials Extended, are the third generation of neurobiology teaching simulations the author has helped develop. The paper focuses on how we used the idea of constraining simulations as a way of tuning the modules to different student populations. Other designers of interactive educational materials may also find constraint a useful lens through which to view designs.",,funjournal.org,
JUNE-20-2-20,2022,20,2,Articles,,article,True,FUN 2020 Summer Virtual Meeting,Structured Worksheets: Simple Active Learning Strategies to Increase Transparency and Promote Communication,Buffalari D,Buffalari,,A,241,253,10.59390/VOHJ7109,https://www.funjournal.org/wp-content/uploads/2023/10/june-20-241.pdf,https://www.funjournal.org/volume-20-issue-2-winter-2022/buffalari-june-202a241-a253/,https://www.funjournal.org/volume-20-issue-2/,0,"There are varied pedagogical approaches that promote active learning in the classroom, many of which have been shown to have positive impacts on student outcomes. Simple active learning techniques that do not require costly resources or extensive time investment for faculty may increase the likelihood of instructor adoption and decrease student anxiety or skepticism about such approaches. In two upper-level Neuroscience electives, scaffolded worksheets were utilized to increase transparency in instructor expectations and subsequent assessment, and to support student contributions to learning and group work. Scaffolded worksheets that presented practice questions were provided in a Behavioral Neuroscience course; students completed the worksheets alone or in teams, and course time was used for review and additional clarification. Shared group worksheets were used to support a group project in a mid-level Cognition course. These worksheets delineated expectations for the assignment and gave a timeline for in-class and out-of-class meetings with required individual, graded contributions to support group progress. Worksheets also enabled instructor feedback throughout the project. When surveyed, students responded positively to the worksheets for their ability to support learning and alleviate some of the common concerns associated with group work. This approach was also easily expanded during the pandemic to provide more time for active learning, and to maintain communication and ensure support of student learning during periods of remote learning due to Covid-19. Active learning techniques, particularly those that promote transparency and metacognition, are likely to benefit students and create a more inclusive classroom. Yet care must be used in the implementation of these approaches. In addition, barriers exist to the utilization of active learning, including a lack of support for such work at the institutional level. Greater institutional investment in these approaches will likely broaden their use and extend their impact.",,funjournal.org,
JUNE-20-2-21,2022,20,2,Articles,,article,True,FUN 2020 Summer Virtual Meeting,Teaching to Empower: Leveraging the Neuroscience of Now to Help Students Become Self-Regulated Learners,Imad M,Imad,,A,254,262,10.59390/WTLQ2344,https://www.funjournal.org/wp-content/uploads/2023/10/june-20-254.pdf,https://www.funjournal.org/volume-20-issue-2-winter-2022/imad-june-202a254-a262/,https://www.funjournal.org/volume-20-issue-2/,0,"In his book Descartes’ Error, neurologist Antonio Damasio argues that humans do not make decisions by relying exclusively on the rational or reason-oriented parts of their brain (2008). Evidence from patients with brain damage reveal that our abilities to reason and make decisions are greatly influenced by our emotions (Damasio et al., 1990; Saver and Damasio, 1991). In fact, our emotions and how we feel act as a gateway to our thinking and learning by providing “the bridge between rational [prefrontal cortex] and nonrational processes” [brainstem and limbic structures].” (Damasio, 2008). Understanding the ways in which our brain processes sensory inputs and integrates those inputs into our ongoing emotional state is critical for helping students become self-regulated, sophisticated learners. In the following article, I will begin by briefly summarizing the role of emotions in learning and the impact of toxic stress on our students’ ability to engage, learn, and thrive. I will then define and present a trauma-informed teaching and learning paradigm with practical strategies that empower students to continue to learn and succeed. I will address a few misconceptions about trauma-informed education. I will conclude by making a plea to you, members of the undergraduate neuroscience community, by presenting a case for the utility and moral imperative of educating our students about the basic functioning of their brains, especially as it relates to emotional regulation and learning.",,funjournal.org,
JUNE-20-2-22,2022,20,2,Articles,,article,True,FUN 2020 Summer Virtual Meeting,Digital Timeline Assignment of Key Opioid Research Articles Spanning Five Decades,Hill AS,Hill,,A,263,268,10.59390/TVRA6768,https://www.funjournal.org/wp-content/uploads/2023/10/june-20-263.pdf,https://www.funjournal.org/volume-20-issue-2-winter-2022/hill-june-202a263-a268/,https://www.funjournal.org/volume-20-issue-2/,0,"Learning to read scientific literature is a crucial component of an undergraduate science education. Undergraduate science students learn to analyze data, read primary literature, and integrate knowledge across articles into a cohesive understanding of a field of study. Often, a class includes students with varying experience reading primary literature, making it difficult to develop assignments that are adequately approachable yet challenging for every student. Here I describe a three-part assignment for an intermediate level neurobiology course that seeks to address this concern. Each student was first assigned a single article in the field of opioid research, which they summarized in an entry for a digital timeline. Second, students presented their timeline entries to the class, and the compiled digital timeline was made publicly available online. In the third part of the assignment, students wrote a brief perspective paper. Here, students explained how their assigned article fit into the field of study using their classmates’ timeline entries, along with the option to include additional references outside of the timeline. This three-part assignment sought to provide a supportive yet challenging project for students at all levels. The project was designed as a non-disposable assignment, aligned with additional learning goals and pedagogical practices, including interdisciplinary awareness, writing-to-learn, and inclusive pedagogy. Versions of this assignment have been used for both in-person and remote instruction.",,funjournal.org,
JUNE-20-2-23,2022,20,2,Articles,,article,True,FUN 2020 Summer Virtual Meeting,A Resource to Future Proof the Laboratory in Uncertain Times,"Calderon B, Steel C, Ford B, Sue J, Bracewell K",Calderon,,A,269,,10.59390/DCXY9279,https://www.funjournal.org/wp-content/uploads/2023/10/june-20-269.pdf,https://www.funjournal.org/volume-20-issue-2-winter-2022/calderon-et-al-june-20-2692a269-a279/,https://www.funjournal.org/volume-20-issue-2/,0,"The COVID-19 pandemic abruptly challenged educators to transition previously in-person courses to an online environment. This has been especially difficult for laboratory courses where students must experience the process of science to develop lab skills and scientific competencies. Due to the uncertainty caused by the pandemic, it is essential that instructional resources are flexible and robust for use in various potential learning environments. The Lt software platform (ADInstruments) is a resource designed to support in-person, online, and hybrid learning environments. Lt supports the in-person lab experience by integrating with data collection hardware and facilitating collaboration through group-based activity. In addition, the platform also provides several avenues for teaching online labs using the same experiments that would be done on campus. At home, students can analyze Lt’s built-in example data, or be supplied with low-cost hardware to complete labs remotely. In conjunction with other online tools, Lt can support online group work and student collaboration. Lt hosts a wide range of pre-built lab experiments and activities covering neuroscience, anatomy, physiology, clinical health science, biology, and chemistry. Although the material can be used “out-of-the-box”, the content is completely editable and new labs can be created. Feedback from students suggests that Lt has proved valuable for supporting flexible instructional practices during the pandemic.",,funjournal.org,
JUNE-20-2-24,2022,20,2,Articles,,article,True,FUN 2020 Summer Virtual Meeting,TrainingSpace: Neuroscience Education without Borders,"George P, Sandstrom M, Abrams MA",George,,A,280,283,10.59390/BIWD8550,https://www.funjournal.org/wp-content/uploads/2023/10/june-20-280.pdf,https://www.funjournal.org/volume-20-issue-2-winter-2022/george-et-al-june-202a280-a283/,https://www.funjournal.org/volume-20-issue-2/,0,"Advancements in the field of neuroinformatics have resulted in a massive explosion of raw data of many varieties, yet many traditional neuroscience training programs have not changed their curricula to reflect the urgent need for improved computational skills that would enable trainees to handle, organize, and interrogate such large, multimodal datasets. Thus, the objective of this project was to build an open access hub of neuroscience educational resources to fill the gap between current neuroscience curricula and the computationally focused skillset required to work with big data. To achieve this aim, we invited representatives from the world’s leading neuroscience societies and large-scale brain initiatives to form the INCF Training and Education Committee that would provide oversight over the content and capabilities of the online hub. As a result, we developed TrainingSpace ([https://training.incf.org/](https://training.incf.org/)), an open access hub of nearly 500 multimedia courses, lectures, and tool tutorials covering the subspecialisms of neuroscience and neuroinformatics, as well as computer science, data science, and ethics. In addition to course content, TrainingSpace also provides users with access to publicly available datasets through KnowledgeSpace, a discoverability portal and community encyclopedia for neuroscience, as well as a question and answer forum, Neurostars.org. Since its launch in 2019, TrainingSpace has steadily increased in popularity with both trainees and trainers alike. It has also become popular with content providers that want to make their training materials available to the neuroscience community-at-large, as well as integrate their content into the larger TrainingSpace ecosystem.",,funjournal.org,
JUNE-20-2-25,2022,20,2,Articles,,article,True,FUN 2020 Summer Virtual Meeting,Neurosim: Some Thoughts on Using Computer Simulation in Teaching Electrophysiology,Heitler B,Heitler,,A,284,291,10.59390/JGIP5297,https://www.funjournal.org/wp-content/uploads/2023/10/june-20-284.pdf,https://www.funjournal.org/volume-20-issue-2-winter-2022/heitler-june-202a284-a291/,https://www.funjournal.org/volume-20-issue-2/,0,"Neurosim is an interactive simulation program designed for teaching electrophysiology. It was first published in 1989, but has been updated several times over the years, and v5.3.3 was released in January 2022. Much effort has been put into making Neurosim as easy to use as possible, while at the same time offering a wide range of facilities. It contains 7 modules that simulate at biological levels ranging from single channel membrane properties, through spike and synaptic properties, small network properties, up to whole-population firing dynamics. It is highly configurable and can be useful for teaching from the beginning undergraduate level dealing with basic neuron physiology, through to the post-graduate level suitable for use as an introduction to computational neuroscience. The article describes how Neurosim has been useful in my own teaching over the years and gives several examples of student activities that have proved effective in aiding understanding. There is a comprehensive set of tutorial exercises available on the support website.",,funjournal.org,
JUNE-20-2-26,2022,20,2,Articles,,article,True,FUN 2020 Summer Virtual Meeting,Meeting Behind the Seen: Synchronous Teaching without Virtual Meeting Fatigue,Upchurch M,Upchurch,,A,292,314,10.59390/WXIP5336,https://www.funjournal.org/wp-content/uploads/2023/10/june-20-292.pdf,https://www.funjournal.org/volume-20-issue-2-winter-2022/upchurch-june-202a292-a314/,https://www.funjournal.org/volume-20-issue-2/,0,"Videoconferencing platforms provide opportunities for synchronous teaching and interaction between classmates but they come with disadvantages including video fatigue. Moreover, presenters using videoconferencing programs may feel as if they are lecturing into a void. In an online class on Behavioral Pharmacology, we used Google Meet essentially as a conference call in the background while the class “met” within a Google Doc that everyone could edit. This format permitted both oral and written discussions and gave the students easy access to links posted within the Google Doc directing them to pictures, videos, web pages, and separate Google Meet addresses for small group discussions. For both the instructor and the students, class interaction and engagement were enhanced by the students’ ability to add notes and comments to the common Google Doc. We used this technique for a synchronous online class but it could be adapted to hybrid or asynchronous teaching.",,funjournal.org,
JUNE-20-2-27,2022,20,2,Articles,,article,True,FUN 2020 Summer Virtual Meeting,Neuroscience Ambassadors: Creating a Network of Academia-Community Partnerships,Flaisher-Grinberg S,Flaisher-Grinberg,,A,315,324,10.59390/LVZC1043,https://www.funjournal.org/wp-content/uploads/2023/10/june-20-315.pdf,https://www.funjournal.org/volume-20-issue-2-winter-2022/flaisher-grinberg-june-202a315-a324/,https://www.funjournal.org/volume-20-issue-2/,0,"The field of neuroscience offers exciting, yet complex, insights into the human mind. In recent years, the need to improve the dialogue between neuroscientists and the public has been recognized, and an emphasis has been placed on the generation of public-based educational programs which reach outside the academic environment and into the community. One promising avenue includes the generation of mutually beneficial academia-community partnerships. These have the potential to allow faculty and students to acquire the necessary skills to become effective “neuroscience ambassadors”, while delivering attractive, fun, informative and educational opportunities to the general public. The Department of Psychology/Interdisciplinary Neuroscience Minor at Saint Francis University (SFU) created a public-oriented, neuroscience-based network of educational programs with local public libraries, Girl and Cub scout troops, elementary schools, high schools, children museums and nursing homes, in rural Pennsylvania. We envisioned that the programs will serve to improve academia-community conversations and benefit students, faculty, community partners and the public alike. In this paper, the design, implementation, implications, limitations, and future directions of the project are discussed.",,funjournal.org,
JUNE-20-2-28,2022,20,2,Articles,,review,True,FUN 2020 Summer Virtual Meeting,Open Education Resources for Neuroscience,Leussis MP,Leussis,,R,1,4,10.59390/CVBF7454,https://www.funjournal.org/wp-content/uploads/2023/10/june-20-r1.pdf,https://www.funjournal.org/volume-20-issue-2-winter-2022/leuisses-june-202-r1-r4/,https://www.funjournal.org/volume-20-issue-2/,0,"Open educational resources (OERs) promise to play an increasing role in making educational materials such as textbooks available to all and in helping to (slightly) mitigate exorbitant costs often associated with post-secondary education. True OERs provide the ability to use, distribute and even adapt available resources to fit with the needs of the user. Many other free resources often get lumped in with OERs but may have restrictions prohibiting specific forms of use, modification or distribution. In neuroscience, there is a growing collection of OER and open-access materials for instructors to consider incorporating into their courses, ranging from textbooks and other books to entire courses, a single lecture or videos and animations. This paper briefly reviews two free online textbooks for neuroscience. Further, the available platforms for organizing and distributing OERs are outlined and briefly discussed, with an emphasis on their usefulness at the present time for neuroscience education.",,funjournal.org,section 'Articles' but page prefix R
JUNE-20-3-01,2022,20,3,Editorials,EDITOR IN CHIEF,editorial,False,,EDITOR IN CHIEF: Growing and Evolving after Twenty Years of Neuroscience Education Scholarship,Ramos RL,Ramos,,E,39,40,10.59390/ABRK8282,https://www.funjournal.org/wp-content/uploads/2023/10/june-20-e39.pdf,https://www.funjournal.org/volume-20-issue-3-spring-2022/ramos-june-203e39-e40/,https://www.funjournal.org/2438-2/,0,,,funjournal.org,
JUNE-20-3-02,2022,20,3,Editorials,EDITORIAL,editorial,False,,EDITORIAL: Teach Me and I’ll Remember,"Bayline , Banks, Morrison, Johnson BR",Bayline,,E,29,31,10.59390/LHJI3567,https://www.funjournal.org/wp-content/uploads/2023/10/june-20-e29.pdf,https://www.funjournal.org/volume-20-issue-3-spring-2022/bayline-et-al-june-203e29-e31/,https://www.funjournal.org/2438-2/,0,,,funjournal.org,
JUNE-20-3-03,2022,20,3,Editorials,OPINION,editorial,False,,OPINION: Lessons Learned in Developing Virtual Neuroscience Labs,"Canal MM, Carroll J, Zhou, F, Metcalfe R",Canal,,E,32,38,10.59390/FCUJ4587,https://www.funjournal.org/wp-content/uploads/2023/10/june-20-e32.pdf,https://www.funjournal.org/volume-20-issue-3-spring-2022/canal-et-al-june-203e32-e38/,https://www.funjournal.org/2438-2/,0,"The global COVID-19 pandemic has had a major impact on teaching approaches across higher education institutions. In this article, we reflect on the lessons learned designing and developing two virtual neuroscience labs and how they can positively contribute to Neuroscience teaching beyond this pandemic.",,funjournal.org,
JUNE-20-3-04,2022,20,3,Articles,,article,False,,Active Learning and Community Engagement: Pedagogical Synergy through the “Mobile Neuroscience Lab” Project,"Gilbertson RJ, Hessler EE, Leff DJ",Gilbertson,,A,324,331,10.59390/VUNA6753,https://www.funjournal.org/wp-content/uploads/2023/11/june-20-324.pdf,https://www.funjournal.org/volume-20-issue-3-spring-2022/gilbertson-et-al-june-203-a324-a331/,https://www.funjournal.org/2438-2/,0,"The Mobile Neuroscience Lab is a project that facilitates combined pedagogical strategies of active learning and neuroscience outreach as a service learning component of a physiological psychology course. The overall project goals were to improve science knowledge, foster oral communication, and encourage positive science attitudes and beliefs. Of these goals, positive science attitudes and beliefs were assessed. During active learning, university students completed hands-on activities corresponding to the physiological psychology course. Following, during the neuroscience outreach activity (“learning through teaching”), university students and middle school students engaged in small group activities (one university student to five middle school students) using the same hands-on activities. Assessment of the perceived benefit of the active learning showed that university and middle school students responded favorably to the hands-on activities. Students’ science attitudes were also assessed (Hillman et al., 2016) using a pre-test, post-test design. Data showed that the neuroscience activity did not change middle school science attitudes and beliefs (p > .05), possibly as the science attitudes and beliefs were already positive (moderate to high) prior to the outreach activity. However, qualitative data showed that the aspect of the neuroscience outreach activity that most assisted the middle school students in their learning was seeing the brain, touching the brain, and social interaction with the university students. Overall, the pedagogical strategies of active learning, and “learning through teaching”, were received with enthusiasm by university and secondary education students. Future studies will include classroom teachers’ assessment of these hands-on activities.",,funjournal.org,
JUNE-20-3-05,2022,20,3,Articles,,article,False,,Effective Development of a Remote Full-Day Summer Neuroscience Program at the University of Pennsylvania,Hipolit KA,Hipolit,,A,332,345,10.59390/PDWF1446,https://www.funjournal.org/wp-content/uploads/2023/10/june-20-332.pdf,https://www.funjournal.org/volume-20-issue-3-spring-2022/hipolit-june-203-a332-a345/,https://www.funjournal.org/2438-2/,0,"Online education programs are becoming increasingly prevalent, with the COVID-19 pandemic greatly accelerating their prominence. Even as colleges and universities have returned to in-person learning, the need for effective remote learning options remains relevant. Importantly, online programs can increase access for non-traditional students, international students, and under-represented minorities. While information has been published about methods to successfully transition traditional lecture and laboratory courses online, one area that has received less attention has been that of summer programs. Because these programs are typically full-day programs, they present a unique challenge for online engagement. In this study, I describe the development of an online full-day summer neuroscience program that was taught over a three-week period. The main goal of the program was to promote students’ future interest in the field of neuroscience. Three additional goals were to introduce them to neuroscience content, give them exposure to reading scientific journal articles, and give them practice with oral presentations. In order to promote these goals, four complementary components were incorporated into each day’s programming: 1. Synchronous full-group lectures, 2. Synchronous small-group Journal Clubs, 3. Synchronous small-group Neuroethics Clubs, and 4. Asynchronous lab activities. Student evaluation feedback showed that the program was successful in stimulating the students’ future interest in neuroscience. These levels of interest were similar to past in-person versions of the program. Students also gained increased experience with neuroscience content, journal articles, and presentations. Therefore, this program can serve as a template for the design of an effective online neuroscience summer program.",,funjournal.org,
JUNE-20-3-06,2022,20,3,Articles,,article,False,,Feasibility and Utility of a Virtual Reality Laboratory Exercise in an Undergraduate Neuroscience Course,"Broomell APR, Allison M, Ellern GD",Broomell,,A,346,352,10.59390/ZYCY4696,https://www.funjournal.org/wp-content/uploads/2023/10/june-20-346.pdf,https://www.funjournal.org/volume-20-issue-3-spring-2022/broomell-et-al-june-203-a346-a352/,https://www.funjournal.org/2438-2/,0,"To improve undergraduate students’ understanding of neuroanatomy and structure, we leveraged existing virtual reality infrastructure to create a novel dissection assignment in an undergraduate neuroscience course. Students completed a virtual reality dissection of the central nervous system that augmented status quo instruction in lecture and textbook format. We found that such an assignment is feasible at a regional comprehensive university with intrauniversity partnerships that are mutually beneficial. Results showed positive engagement from students and feasibility of incorporating virtual reality in undergraduate neuroscience courses.",,funjournal.org,
JUNE-20-3-07,2022,20,3,Articles,,article,False,,An Online Course in Contemplative Neuroscience Increases Dispositional Mindfulness and Reduces Meditation Barriers,"Wolfe U, Batoyun T",Wolfe,,A,353,360,10.59390/EEBD8126,https://www.funjournal.org/wp-content/uploads/2023/10/june-20-353.pdf,https://www.funjournal.org/volume-20-issue-3-spring-2022/wolfe-and-batoyun-june-203a353-a360/,https://www.funjournal.org/2438-2/,0,"Teaching contemplative neuroscience is emerging as a way to increase the reach and relevance of our field to a wider undergraduate population while also encouraging the beneficial practice of contemplation. In-person classes on the topic have been shown to improve both academic learning and attitudes towards science and meditation. Here we show that a short-term, asynchronous online course in contemplative neuroscience had comparable benefits. Students completed the Determinants of Meditation Practice Inventory (DMPI; Williams et al., 2011) and the Mindful Attention Awareness Scale (MAAS; Brown and Ryan, 2003) at the start and end of the course. Their scores showed reduced barriers to meditation and improved mindfulness after the course, changes predictive of a range of positive behavioral and well-being outcomes. Students also rated the course as highly effective in advancing neuroscience understanding and competency. A comparison group (from an online general psychology class) showed no increase in mindfulness and a significantly weaker reduction in meditation barriers. This success of an online class in both academic and social-emotional learning is promising given the rapid growth of online instruction and the improved access it can provide to non-traditional students. The class format together with its health-relevant topic could thus be a valuable tool for reaching a more diverse student body while at the same time promoting practices linked to both personal and societal benefits.",,funjournal.org,
JUNE-20-3-08,2022,20,3,Articles,,article,False,,Opportunities to Discuss Diversity-Related Topics in Neuroscience Courses,"Schreiber WB, Robinson-Drummer PA",Schreiber,,A,361,375,10.59390/AOIN4016,https://www.funjournal.org/wp-content/uploads/2023/10/june-20-361.pdf,https://www.funjournal.org/volume-20-issue-3-spring-2022/schreiber-and-robinson-drummer-june-203-a361-a375/,https://www.funjournal.org/2438-2/,1,"Diversity is a foundational topic in psychology, and APA recommends that diversity is covered across the psychology curriculum. Neuroscience courses face challenges with incorporating diversity-related topics owing to the historical lack of neuroscience research that focuses on diversity and the restricted range of diversity-related topics that neuroscience is typically associated with (i.e., health and disability status). This may limit students’ learning of neuroscience’s contributions towards understanding diversity. We review some specific examples of diversity-related topics that can be incorporated into neuroscience courses. These examples have been selected to include topics across the three major content domains of neuroscience (cellular/molecular, neuroanatomy/systems, and cognitive/behavioral), as well as across multiple diversity-related topics. Neuroscience instructors can use these examples to incorporate greater coverage of diversity-related topics within their courses and/or as points of inspiration for their own curricular additions. Providing systematic coverage of diversity-related topics in neuroscience courses highlights the ways neuroscience advances our understanding of human diversity and contributes to the educational objectives of psychology and neuroscience programs.",,funjournal.org,
JUNE-20-3-09,2022,20,3,Articles,,article,False,,Recording from Snail Motor Nerves to Investigate Central Pattern Generation,"Wyttenbach RA, Johnson BR",Wyttenbach,,A,376,386,10.59390/JCRT2250,https://www.funjournal.org/wp-content/uploads/2023/10/june-20-376.pdf,https://www.funjournal.org/volume-20-issue-3-spring-2022/wyttenbach-and-johnson-june-203a376-a386/,https://www.funjournal.org/2438-2/,7,"Feeding in pond snails has long been a model system for central pattern generation and its modulation. The pattern is generated by a small set of neurons in the buccal ganglia, which innervate the buccal mass, esophagus, and salivary glands. In this exercise, students observe feeding behavior and then record and quantify rhythmic motor activity and its response to feeding stimulants and neuromodulators. In a standard three-hour class period, students do a dissection, record from several nerves, and perform experimental manipulations such as adding feeding stimulants, serotonin, or dopamine to the preparation. Depending on the course goals, data can be presented qualitatively or cyclic measurements and spike-rate analysis can be done. This exercise leads to discussion of neural circuitry and intrinsic properties that support pattern generation for rhythmic activities such as feeding, locomotion, and respiration.",,funjournal.org,
JUNE-20-3-10,2022,20,3,Articles,,article,False,,The FUN Exchange: A Community-Driven Repository of Resources for Neuroscience Educators,"Jorgensen C, Wright M",Jorgensen,,A,387,390,10.59390/IVWG3242,https://www.funjournal.org/wp-content/uploads/2023/10/june-20-387.pdf,https://www.funjournal.org/volume-20-issue-3-spring-2022/jorgensen-and-wright-june-203a387-a390/,https://www.funjournal.org/2438-2/,0,"Even prior to the COVID-19 pandemic, higher education was facing pressure both to modify traditional instruction practices to more learner-centered instruction and to meet the increased demand for flexible instruction (including hybrid and online). These pressures have increased the need for high quality, engaging content for instruction across all modalities (including in-person, hybrid, and online). To address this need of neuroscience educators, we developed the FUN Exchange, an online repository that is accessible to educators without a paid membership and that is endorsed by the Faculty of Undergraduate Neuroscience organization. Furthermore, the resource is community-driven, allowing educators to contribute and vet submissions to the Exchange. Hosted on AirTable, there are currently more than 475 resources available that are organized by resource type ranging from Class Activities to Simulation Exercises and that can be searched by subject area as well as key words. We believe the FUN Exchange can be a one-stop shop for educators interested in high-quality neuroscience teaching resources useful for all teaching modalities—in-person, hybrid, and online.",,funjournal.org,
JUNE-20-3-11,2022,20,3,Articles,,article,False,,Measuring Sex Differences in the Corpus Callosum by Undergraduates at a Small and a Large Institution,"Leung CH, Goraya I, Kasa L, Schottler N, Grisham W",Leung,,A,391,396,10.59390/FULX3501,https://www.funjournal.org/wp-content/uploads/2023/10/june-20-391.pdf,https://www.funjournal.org/volume-20-issue-3-spring-2022/leung-et-al-june-203a391-a396/,https://www.funjournal.org/2438-2/,0,"Neuroscience students often seem more responsive to laboratory exercises that involve human brains. Here we describe a lab that utilizes human brain MRIs to evaluate a long-standing debate over the presence of sex differences in the human brain, specifically the corpus callosum. Students at both Widener and UCLA measured corpus callosum subregions that were already marked-off as described by Witelson (1989) or by Hofer and Frahm (2006). Statistical analyses revealed sex differences using both schemes after correcting for the size of the midsagittal cortex. Widener students, however, uncovered more sex differences than the UCLA students. Lab instruction for UCLA students occurred during the COVID-19 pandemic. So, lab sessions were completely online. In contrast, Widener students had the benefit of in-person lab instruction. Nonetheless, both the data obtained from the images of the corpus callosi as well as measures of pedagogical efficacy were similar between the two institutions, suggesting that distance learning may be a valuable and viable option. Further, when in person learning is not an option, such as during a pandemic, digital databases serve as invaluable resources for online learning. When these databases are utilized in a hypothesis driven research setting, they can serve as the basis for course-based undergraduate research experiences (CUREs), which are known to benefit students—improving retention in science fields.",,funjournal.org,
JUNE-20-3-12,2022,20,3,Media Reviews,AMAZING PAPERS IN NEUROSCIENCE,review,False,,AMAZING PAPERS IN NEUROSCIENCE: Teaching the Applications of CRISPR/Cas9: Using the African Turquoise Killifish as a Novel Model of Aging and Age-Related Diseases,"Hooper FW, Morrow J, Rodriguez J, Webb C",Hooper,,R,5,8,10.59390/XZQL5300,https://www.funjournal.org/wp-content/uploads/2023/10/june-20-r5.pdf,https://www.funjournal.org/volume-20-issue-3-spring-2022/hooper-et-al-june-203r5-r8/,https://www.funjournal.org/2438-2/,0,"The development of genome editing technologies, including the novel CRISPR/Cas9 technique, has advanced scientific research concerning the contribution of genetics to disease through the creation of new model organisms. The subject of this review is a 2015 study done by Harel et al. from the journal Cell. This study is a prime example of using CRISPR/Cas9 to create a new model organism to accurately model the effects of aging and age-related diseases on a short-lived vertebrate. This study found that the African turquoise killifish is a reliable model to study the physiological process of aging due to its compressed lifespan. In addition, it provides a genotype-to-phenotype platform to study genes related to the hallmarks of aging and age-related diseases. This paper demonstrates this by showing that killifish deficient in the protein subunit of telomerase display telomerase-related pathologies faster than other established vertebrate models. From a teaching perspective, this paper could be used as a resource for educators to teach students about new technologies emerging in the field of neuroscience and the importance of model organisms. Specifically, for upper-level undergraduate students, this paper could serve as a real-world example of how scientific techniques such as CRISPR/Cas9 could be used to answer scientific questions. Further, it shows how these techniques could bring forward new model organisms better suited to answer the scientific questions being asked. Learning these techniques and being open minded to new approaches will be advantageous to students’ future careers in science.",,funjournal.org,
JUNE-20-3-13,2022,20,3,Media Reviews,BOOK REVIEW,review,False,,"BOOK REVIEW: Connecting Dots Between Psychiatry, Neuroscience, and Memory: A Review of A Sense of Self: Memory, The Brain, and Who We Are by Veronica O’Keane","Hu SX, Multhaup KS",Hu,,R,9,13,10.59390/KCBV9244,https://www.funjournal.org/wp-content/uploads/2023/10/june-20-r9.pdf,https://www.funjournal.org/volume-20-issue-3-spring-2022/hu-and-multhaup-june-203r9-r13/,https://www.funjournal.org/2438-2/,0,,,funjournal.org,
JUNE-20-3-14,2022,20,3,Media Reviews,BOOK REVIEW,review,False,,BOOK REVIEW: So You Want to be a Neuroscientist by Ashley Juanvinett,close content main element section close by builder template,close,Hoy RR,R,12,13,10.59390/OMGV8486,https://www.funjournal.org/wp-content/uploads/2023/10/june-20-r12.pdf,https://www.funjournal.org/volume-20-issue-3-spring-2022/hoy-june-203r12-r13/,https://www.funjournal.org/2438-2/,0,,,funjournal.org,
JUNE-21-1-01,2022,21,1,Editorials,EDITOR IN CHIEF,editorial,False,,EDITOR IN CHIEF: The New and Even Better Normal,Reynolds ER,Reynolds,,E,1,2,10.59390/VPAG4551,https://www.funjournal.org/wp-content/uploads/2023/10/june-21-e1.pdf,https://www.funjournal.org/volume-21-issue-1-fall-2022/reynolds-june-211-e1-e2/,https://www.funjournal.org/2022-volume-21-issue-1/,0,,,funjournal.org,
JUNE-21-1-02,2022,21,1,Articles,,article,False,,Promoting Scientific Exchange and Student Training through Scientific Meetings; Insights from a Joint Virtual Undergraduate Neuroscience Conference During the COVID-19 Pandemic,"Carter BS, Jewett DC, Kelly S, Stavnezer AJ",Carter,,A,1,8,10.59390/CBUS7460,https://www.funjournal.org/wp-content/uploads/2023/10/june-21-1.pdf,https://www.funjournal.org/volume-21-issue-1-fall-2022/carter-et-al-june-211-a1-a8/,https://www.funjournal.org/2022-volume-21-issue-1/,0,"Participation in scientific conferences is a fundamental part of neuroscience and student training. Many conference opportunities have been cancelled, limited, or changed in response to the COVID-19 pandemic. This paper is a conference report from a joint virtual 2021 meeting of two regional undergraduate neuroscience conferences, the Midwest/Great Lakes Undergraduate Research Symposium in Neuroscience (mGluRs) and the Midwest Regional Neuroscience Conference (MidBrains). We discuss our conference planning logistics, benefits and challenges of the virtual conference format, student feedback on the virtual meeting, additional benefits of a joint meeting, and “take home” messages and considerations for future conferences. We hope insights from our experience can benefit future conference organizers in planning scientific conferences, both for in-person and virtual settings.",,funjournal.org,
JUNE-21-1-03,2022,21,1,Articles,,article,False,,"Teaching Neuroscience: Reviving Neuroanatomy, Notes on the 2022 Society for Neuroscience Professional Development Workshop on Teaching","Casimo K, Fanselow EE, Nahmani M, White LE, Grisham W",Casimo,,A,9,20,10.59390/BITB4303,https://www.funjournal.org/wp-content/uploads/2023/10/june-21-9.pdf,https://www.funjournal.org/volume-21-issue-1-fall-2022/casimo-et-al-june-211-a9-a20/,https://www.funjournal.org/2022-volume-21-issue-1/,0,"Students often find neuroanatomy a daunting exercise of rote memorization in a dead language. This workshop was designed to enliven the teaching of neuroanatomy. We recast the topic by extending it to the cellular and sub-cellular levels, animating it by learning to build a brain, and infusing the topic with the lively arts. Due to COVID’s interference with the usual schedule of Society for Neuroscience (SfN) events, the 2021 Professional Development Workshop on Teaching was held as a webinar on April 12, 2022 with a follow-up question and answer session on June 7. In this workshop, not only were innovative teaching methods presented, but also the very definition of neuroanatomy was pushed to the limits—even reaching into the molecular and subcellular level. The presenters provided means of engaging students that were no cost, low cost, or well within the reach of most academic institutions. Judging by the attendance, this webinar was quite successful in its goals. Our speakers presented exciting and varied approaches to teaching neuroanatomy. Kaitlyn Casimo presented how the vast resources of the Allen Institute could be employed. Marc Nahmani described how open data resources could be utilized in creating a Course-Based Undergraduate Research Experience (CURE) on neural microanatomy. Erika Fanselow presented novel ways to overcome one of students’ big hurdles in grasping neuroanatomy: understanding 3-D relationships. Len White described a creative approach in teaching neuroanatomy by incorporating the humanities, particularly art and literature. This article presents synopses of the presentations, which are written by the four presenters. Additionally, prompted by questions from the viewers, we have constructed a table of our favorite resources.",,funjournal.org,
JUNE-21-1-04,2022,21,1,Articles,,article,False,,A Versatile Psychoneuroimmunology Course-based Undergraduate Research Experience,"Mesmer V, Gaudier-Diaz MM",Mesmer,,A,21,27,10.59390/OWVW3847,https://www.funjournal.org/wp-content/uploads/2023/10/june-21-21.pdf,https://www.funjournal.org/volume-21-issue-1-fall-2022/mesmer-and-gaudie-diaz-june-211-a21-a27/,https://www.funjournal.org/2022-volume-21-issue-1/,3,"The Psychoneuroimmunology Course-based Undergraduate Research Experience (PNI CURE) was designed with the purpose of engaging undergraduate students in research and discovery. As part of this experience, students were assigned to a team based on their personal interests. Each team selected a psychosocial variable of interest (e.g., sleep, belongingness, stress, or happiness) and identified two well-validated questionnaires to assess it. Then, student volunteers donated blood samples and completed student-selected questionnaires via Qualtrics. The blood samples were assayed by the course instructor for proinflammatory cytokines. With the collected data, students 1) evaluated the association between peripheral inflammation and their psychosocial variable of interest and 2) created hypotheses regarding inflammation in the brain. Students’ experimental results were reported in the form of a research manuscript and scientific poster, both of which comprised 15 percent of their course grade. Further, to evaluate the effectiveness of the PNI CURE, students were asked to complete assessment surveys before and after project implementation. Assessment results demonstrate that participating in the PNI CURE increased self-efficacy and research identity among students. Besides exposing undergraduates at UNC-CH to a comprehensive research experience, we hope to inspire neuroscience educators to adopt and adapt the PNI CURE as a mechanism to broaden undergraduate research opportunities in neuroscience.",,funjournal.org,
JUNE-21-1-05,2022,21,1,Articles,,article,False,,NeuroStudies: A Model of an Interdisciplinary Neuroscience Studies Minor,"Franssen RA, Franssen CL, Hannings MA",Franssen,,A,28,34,10.59390/FBNZ6901,https://www.funjournal.org/wp-content/uploads/2023/10/june-21-28.pdf,https://www.funjournal.org/volume-21-issue-1-fall-2022/fransen-et-al-june-211-a28-a34/,https://www.funjournal.org/2022-volume-21-issue-1/,0,"With nationwide demand for neuroscience programs increasing, faculty and administrators at a public institution with a liberal arts curriculum sought to develop a distinctive program building on existing strengths that would best fit our primarily undergraduate population. The creation of an interdisciplinary Neuroscience Studies minor was the result of collaborations with university stakeholders. Students taking Longwood University’s Neuroscience Studies minor are trained to incorporate neuroscience into their areas of interest. Students take three core courses in neuroscience, including an introductory course, laboratory course, and interdisciplinary capstone experience. Additionally, students select three neuroscience-related courses from their major discipline. To gain broad support, the program was intentionally designed to support the university’s mission, academic strategic plan, and several key university initiatives. Importantly for our smaller institution, the minor was implemented using existing university faculty, university resources, and a single hire. Since starting in 2015, the minor has quickly become the third largest on campus with increasing popularity among honors students. Program graduates have applied their training to careers paths as neuroscience Ph.D. candidates, master’s degrees in a range of fields such as counseling, speech pathology, nursing, education, and neuropsychology, and others have benefited upon entering the workforce. Longwood’s success developing an interdisciplinary Neuroscience Studies minor represents a blueprint for smaller institutions with limited resources, to provide students with an opportunity to learn about neuroscience and prepare for the future job market.",,funjournal.org,
JUNE-21-1-06,2022,21,1,Articles,,article,False,,The Mismatch Between Neuroscience Graduate Training and Professional Skill Sets,"Shah S, Juavinett AL",Shah,,A,35,46,10.59390/PYRM1880,https://www.funjournal.org/wp-content/uploads/2025/01/june-21-35edited-ALJ.pdf,https://www.funjournal.org/volume-21-issue-1-fall-2022/shah-and-juavinett-june-211-a35-a46/,https://www.funjournal.org/2022-volume-21-issue-1/,0,"Neuroscience career paths are rapidly changing as the field expands and increasingly overlaps with computational and data-heavy job sectors. With the steady growth in neuroscience trainees and the diversification of jobs for those trainees, it is important to identify the necessary skills in neuroscience career paths and how well graduate training is preparing our students for this ever-changing workforce. Here, we survey hundreds of neuroscience professionals and graduate students to assess their use and valuation of a range of skills, from bench skills to communication and management. We find that almost all neuroscience professionals report strongly needing management and communication skills, but that these were seen as are less important by graduate students. In addition, coding and data analysis skills are widely used in academic and industry research, predict higher salaries, and are more commonly used by male-identifying graduate students. These findings can help trainees assess their own skill sets as well as encourage educational leaders to offer training in skills beyond the bench, helping to catapult trainees into the next stages of their careers.",,funjournal.org,
JUNE-21-1-07,2022,21,1,Articles,,article,False,,The Creation of High-Resolution Brain Cross-sections for 3D Printing and Virtual Reality Applications,"Minear M, Rodriguez V, Gellis B, Krosly A",Minear,,A,47,51,10.59390/CVGG3853,https://www.funjournal.org/wp-content/uploads/2023/10/june-21-47.pdf,https://www.funjournal.org/volume-21-issue-1-fall-2022/minear-et-al-june-211-a47-a51/,https://www.funjournal.org/2022-volume-21-issue-1/,0,"Technologies such as 3D printing and virtual/augmented reality have great potential for improving the teaching of highly spatial topics such as neuroanatomy. We created a set of 3D printed and virtual brain cross-sections using a high-resolution MRI dataset. These resources have been made freely available via online repositories. We also report a pilot study of the use of both the physical and virtual specimens in the classroom. Students completed a lab exercise where they used either the 3D printed or virtual brain sections to order a set of axial slices from dorsal to ventral. They then labeled the different structures that they found useful in determining the slices’ positions. We measured the students’ ability to localize 2D brain cross-sections before and after the lab exercise. Overall, we saw pre- to post-test increases in accuracy on a brain cross-sections task compared to a lecture-based neuroanatomy instruction.",,funjournal.org,
JUNE-21-1-08,2022,21,1,Articles,,article,False,,A Course Design for Remote Teaching Advanced Topics in Neuroscience,"Ramos R, Rivera-Rodriguez EJ",Ramos,,A,52,62,10.59390/GSXQ3224,https://www.funjournal.org/wp-content/uploads/2023/10/june-21-52.pdf,https://www.funjournal.org/volume-21-issue-1-fall-2022/ramos-and-rivera-rodriguez-june-211-a52-a62/,https://www.funjournal.org/2022-volume-21-issue-1/,1,"The COVID-19 pandemic pushed educators to engage in remote teaching out of necessity, but as our relationship with teaching technology grows, remote teaching has emerged as a suitable substitute for in-person education. In this manuscript, we detail a course design for remote teaching advanced topics in neuroscience at the undergraduate level. The course and its different features were designed to fulfill a set of learning goals that closely align with those put forth by the Faculty for Undergraduate Neuroscience (FUN) and the American Association for the Advancement of Science (AAAS). Furthermore, these learning goals can be applied to any advanced neuroscience class, regardless of the topic material. To achieve these goals, we created a curriculum with distinct design features. These features included a synchronous lecture-discussion system, asynchronous lesson content videos, guest principal investigators, and deemphasized grading. Instead of traditional examination, the students participated in assignments designed to give them extensive science communication experience. At the end of the course, we indirectly assessed student outcomes using an Instructor Course Evaluation survey distributed by the university. From this survey, we were able to conclude that students’ perception of the final course outcome was highly satisfactory, with strong indications that the students believed we met our learning goals. Thus, the course design described herein represents a tool for others wishing to utilize it for remote teaching advanced topics in science.",,funjournal.org,
JUNE-21-1-09,2022,21,1,Articles,,article,False,,Using Zebrafish Embryos to Study Pharmacological Effects on Neural Development in Hands-On Neurobiology Laboratory Activities,"Schoenfeld TJ, Glenn NO",Schoenfeld,,A,63,71,10.59390/RAKO7898,https://www.funjournal.org/wp-content/uploads/2023/10/june-21-63.pdf,https://www.funjournal.org/volume-21-issue-1-fall-2022/schoenfeld-and-glenn-june-211-a63-a71/,https://www.funjournal.org/2022-volume-21-issue-1/,3,"Undergraduate neurobiology courses cover neural development as a major theme but there are few labs to provide hands-on experience with these topics. Here we share a 3-week set of lab activities using zebrafish embryos that allow students to see the direct effect of drug exposure on physical and emotional development. In these labs, student expose new embryos (Lab 1) to the environmental toxin lithium chloride, which inhibits anterior development and produces an eyeless phenotype in fixed larvae (Lab 2), and to psychiatric medications fluoxetine and quetiapine, which alter anxiety-like behavior measured live in grown juveniles (Lab 3). Lab worksheets ask students to investigate the signaling pathways affected by these drugs and how they might affect neural development in different ways. Student opinion surveys suggest these lab activities were successful in both providing hands-on work with zebrafish as a model organism for neural development and better understanding of how drugs can impact development of the nervous system.",,funjournal.org,
JUNE-21-1-10,2022,21,1,Articles,,article,False,,Student Evaluation of a Learning Community Model Adapted to Student and Curriculum Needs,"Yu HJ, Mulligan C, Hartford EE, McCoy JG, Cyr NE",Yu,,A,72,80,10.59390/EVAY3425,https://www.funjournal.org/wp-content/uploads/2023/10/june-21-72.pdf,https://www.funjournal.org/volume-21-issue-1-fall-2022/yu-et-al-june-211-a72-a80/,https://www.funjournal.org/2022-volume-21-issue-1/,5,"The Neuroscience Learning Community (LC) that Stonehill introduced to its curriculum grew out of the Great Recession of 2008 and the need for our students to gain hands-on, high-impact learning experiences, despite limited resources. This learning model was first reported in 2013, and since then it has undergone changes that were necessary due to the number of credits and amount of time required for that model. Curriculum changes are common, and Stonehill College changed its credit requirements for LCs to meet students’ needs. As a result, the new Neuroscience LC model that we describe here reduced credit hours while leveraging new faculty expertise, collaborations, and new community partnerships. This paper reports student evaluations of an LC model adapted to demand fewer credits and less time, but to retain the community-based learning aspect and to increase faculty collaboration, while maintaining a high standard of learning fundamental neuroscience topics. Evaluations suggest that students valued the updated Neuroscience LC because it helped them understand neuroscience concepts and the impact of neuroscience in our world.",,funjournal.org,
JUNE-21-1-11,2022,21,1,Articles,,article,False,,Pipette Olympics: An Engaging Exercise for Undergraduate Laboratory Training,"Richter TA, Wilkinson CD, Griffiths BB, Hunter RG",Richter,,A,81,84,10.59390/NOYQ7921,https://www.funjournal.org/wp-content/uploads/2023/10/june-21-81.pdf,https://www.funjournal.org/volume-21-issue-1-fall-2022/richter-et-al-june-211-a81-a84/,https://www.funjournal.org/2022-volume-21-issue-1/,0,"Pipetting is an important technique used in almost every molecular neuroscience method including but not limited to, PCR, reverse transcription, immunohistochemistry, chromatin immunoprecipitation, and cell culture. The COVID-19 pandemic has robbed the undergraduate population of time to practice in person laboratory techniques. In response, we have devised a standardized, quick, and fun way to instruct students on the fundamentals of pipetting, serial dilutions, and basic statistical analysis. Here, we offer a standardized protocol for instructors to use to teach undergraduates valuable skills while providing friendly competition. We also offer an example of an undergraduate performing the steps of this protocol with example results and the results from three separate undergrads’ first two attempts. This exercise provides laboratories with a method to reintroduce undergraduates to lab basics while standardizing the training thereby saving time lost to the pandemic.",,funjournal.org,
JUNE-21-2-01,2023,21,2,Editorials,EDITOR IN CHIEF,editorial,False,,EDITOR IN CHIEF: Of Chatbots and Colonizers,Reynolds ER,Reynolds,,E,8,9,10.59390/YLHJ6332,https://www.funjournal.org/wp-content/uploads/2023/08/june-21-e8.pdf,https://www.funjournal.org/volume-21-issue-2-spring-2023/reynolds-june-212-e8-9/,https://www.funjournal.org/2023-volume-21-issue-2/,0,,,funjournal.org,
JUNE-21-2-02,2023,21,2,Editorials,EDITORIAL,editorial,False,,EDITORIAL: The 2022 Faculty for Undergraduate Neuroscience Faculty Awards,"Rinehart E, Kang YY, Illig KR",Rinehart,,E,10,12,10.59390/JPOE3730,https://www.funjournal.org/wp-content/uploads/2023/08/june-21-e10.pdf,https://www.funjournal.org/volume-21-issue-2-spring-2023/rinehardt-et-al-june-212-e10-e12/,https://www.funjournal.org/2023-volume-21-issue-2/,0,,,funjournal.org,
JUNE-21-2-03,2023,21,2,Editorials,EDITORIAL,editorial,False,,EDITORIAL: Using Open Neuroscience to Advance Equity in the Pedagogy and Research Infrastructure in Colleges/Universities Still Financially Impacted by COVID-19: The Emergence of a Global Resource Network Aimed at Integrating Neuroscience and Society,"Chagas AM, Canli T, Ziadlou D, Forlano PM, Smaddar S, Chua E, Baskerville KA, Poon K, Neuwirth LS",Chagas,,E,2,7,10.59390/JVIC5712,https://www.funjournal.org/wp-content/uploads/2023/08/june-21-e2.pdf,https://www.funjournal.org/volume-21-issue-2-spring-2023/chagas-et-al-june-212-e2-7/,https://www.funjournal.org/2023-volume-21-issue-2/,0,,,funjournal.org,
JUNE-21-2-04,2023,21,2,Articles,,article,False,,Cross-Course Harmonized Assignments in Neuroscience,"Branco RC, Chan TMV",Branco,,A,85,90,10.59390/BOTF3129,https://www.funjournal.org/wp-content/uploads/2023/08/june-21-85-1.pdf,https://www.funjournal.org/volume-21-issue-2-spring-2023/branco-and-chan-june-212a85-a90/,https://www.funjournal.org/2023-volume-21-issue-2/,0,,,funjournal.org,
JUNE-21-2-05,2023,21,2,Articles,,article,False,,An Affordable Three-Dimensional (3D) Printed Recording Chamber for Two-Electrode Voltage Clamp Electrophysiology,"Shogren ISK, Gonzales JP, Boland LM",Shogren,,A,91,96,10.59390/VSKD5667,https://www.funjournal.org/wp-content/uploads/2023/08/june-21-91.pdf,https://www.funjournal.org/volume-21-issue-2-spring-2023/shogren-et-al-june-212a91-96/,https://www.funjournal.org/2023-volume-21-issue-2/,0,,,funjournal.org,
JUNE-21-2-06,2023,21,2,Articles,,article,False,,The COVID-19 and Taste Lab: A Mini Course-based Undergraduate Research Experience on Taste Differences and COVID-19 Susceptibility,"Wickham RJ, Adams W, Jawker MJ",Wickham,,A,97,107,10.59390/FDMA5232,https://www.funjournal.org/wp-content/uploads/2023/08/june-21-97.pdf,https://www.funjournal.org/volume-21-issue-2-spring-2023/wickham-et-al-june-212-a97-107/,https://www.funjournal.org/2023-volume-21-issue-2/,0,,,funjournal.org,
JUNE-21-2-07,2023,21,2,Articles,,article,False,,Sleepy Mice Case Study: Implementation and Assessment,"Gaudier-Diaz MM, Parekh SV, Penton RD, Robertson SD, Thomas A",Gaudier-Diaz,,A,108,116,10.59390/RHSN3470,https://www.funjournal.org/wp-content/uploads/2023/08/june-21-108.pdf,https://www.funjournal.org/volume-21-issue-2-spring-2023/gaudier-diaz-et-al-june-212a108-a116/,https://www.funjournal.org/2023-volume-21-issue-2/,0,,,funjournal.org,
JUNE-21-2-08,2023,21,2,Articles,,article,False,,Comparing Student Performance in Emergency Remote and Face-to-Face Collaborative Learning Courses,"Azizi Y, Hession J, Newpher TM",Azizi,,A,117,125,10.59390/JVIC5712,https://www.funjournal.org/wp-content/uploads/2023/08/june-21-117.pdf,https://www.funjournal.org/volume-21-issue-2-spring-2023/azizi-et-al-june-212a117-a125/,https://www.funjournal.org/2023-volume-21-issue-2/,0,,,funjournal.org,
JUNE-21-2-09,2023,21,2,Articles,,article,False,,The NEURON Program: Utilizing Low-Cost Neuroscience for Remote Education Outreach,"Ramadan B, Ricoy UM",Ramadan,,A,126,132,10.59390/HMMK4371,https://www.funjournal.org/wp-content/uploads/2023/08/june-21-126.pdf,https://www.funjournal.org/volume-21-issue-2-spring-2023/ramadan-and-ricoy-june-212a126-a132/,https://www.funjournal.org/2023-volume-21-issue-2/,0,,,funjournal.org,
JUNE-21-2-10,2023,21,2,Articles,,article,False,,An Undergraduate Laboratory Series Using C. elegans That Prepares Students for Independent Inquiry,"Quinan V, Hsu K, Mann M, Barclay K, Bauer D",Quinan,,A,133,141,10.59390/XPYK3682,https://www.funjournal.org/wp-content/uploads/2023/08/june-21-133.pdf,https://www.funjournal.org/volume-21-issue-2-spring-2023/quinan-et-al-june-212a133-a141/,https://www.funjournal.org/2023-volume-21-issue-2/,0,,,funjournal.org,
JUNE-21-2-11,2023,21,2,Articles,,article,False,,Quantitative and Qualitative Representation of Introductory and Advanced EEG Concepts: An Exploration of Different EEG Setups,"Hatton SL, Rathore S, Vilinsky I, Stowasser A",Hatton,,A,142,150,10.59390/GEBE4090,https://www.funjournal.org/wp-content/uploads/2023/08/june-21-142.pdf,https://www.funjournal.org/volume-21-issue-2-spring-2023/hatton-et-al-june-212-a142-150/,https://www.funjournal.org/2023-volume-21-issue-2/,0,,,funjournal.org,
JUNE-21-2-12,2023,21,2,Articles,,article,False,,Smartphone-enabled Web-based Simulation of Cellular Neurophysiology for Laboratory Course and its Effectiveness,"Yamamoto T, Weitmier A, Kurokawa M",Yamamoto,,A,151,158,10.59390/RCVF6232,https://www.funjournal.org/wp-content/uploads/2023/08/june-21-151.pdf,https://www.funjournal.org/volume-21-issue-2-spring-2023/yamamoto-et-al-june-231-a151-a158/,https://www.funjournal.org/2023-volume-21-issue-2/,0,,,funjournal.org,
JUNE-21-2-13,2023,21,2,Articles,,article,False,,Effects of a Service-Learning Neuroscience Course on Mood and Intergroup Anxiety,"Flanagan-Cato LM, Plate RC, Steele C, Jenkins AC",Flanagan-Cato,,A,159,165,10.59390/HXTQ3326,https://www.funjournal.org/wp-content/uploads/2023/08/june-21-159.pdf,https://www.funjournal.org/volume-21-issue-2-spring-2023/flanagan-cato-et-al-june-231a159-a165/,https://www.funjournal.org/2023-volume-21-issue-2/,0,,,funjournal.org,
JUNE-21-2-14,2023,21,2,Media Reviews,AMAZING PAPERS IN NEUROSCIENCE,review,False,,AMAZING PAPERS IN NEUROSCIENCE: Remyelination and Ageing: Ethical Considerations of Using Surgically Joined Animals in Research,close content main element section close by builder template,close,"Horn CM, Pop N, Anderson M",R,1,4,10.59390/SBPM5289,https://www.funjournal.org/wp-content/uploads/2023/08/june-21-r1.pdf,https://www.funjournal.org/volume-21-issue-2-spring-2023/horn-et-al-june-211r1-r4/,https://www.funjournal.org/2023-volume-21-issue-2/,0,,,funjournal.org,
JUNE-22-1-01,2023,22,1,Editorials,EDITORIAL,editorial,False,,"EDITORIAL: SfN 2023 Report: It’s the Most Wonderful Time of the Year, JUNE and FUN Faculty Awards","Reynolds ER, Rhinehart E, Kang YY",Reynolds,,E,1,3,10.59390/SBMG5429,https://www.funjournal.org/wp-content/uploads/2023/12/june-22-e1.pdf,https://www.funjournal.org/volume-22-issue-1-fall-2023/reynolds-et-al-june-221e1-e3/,https://www.funjournal.org/fall-2023-vol-22-issue-1/,0,,,funjournal.org,
JUNE-22-1-02,2023,22,1,Articles,,article,False,,A Versatile Semester-Long Course-Based Undergraduate Research Experience using Optogenetics and RNAi to Identify Genes Important for Synapse Function,"Luth ES, Juo P",Luth,,A,1,13,10.59390/MEDI5423,https://www.funjournal.org/wp-content/uploads/2024/03/june-22-1.pdf,https://www.funjournal.org/volume-22-issue-1-fall-2023/luth-et-al-june-221a1-a13/,https://www.funjournal.org/fall-2023-vol-22-issue-1/,2,"Compared to traditional teaching laboratory activities, course-based undergraduate research experiences (CUREs) can increase student engagement and confidence, improve scientific literacy, enhance critical thinking, and promote accessibility in STEM. Here we describe a versatile CURE for an upper-level Neurobiology course that incorporates genetic, molecular, cellular, and behavioral experiments into a semester-long investigation to identify genes important for glutamate synapse formation or function in C. elegans. Following introduction to the CURE approach and basic C. elegans techniques, students construct their own low-cost optogenetics rigs, which we describe in detail here, to activate a mechanosensory escape reflex via photostimulation. They then perform a small-scale RNAi screen with this light-activated behavioral readout. Once a gene of interest is identified, students submit a proposal to investigate the role of this gene in nervous system function and spend the rest of the semester carrying out follow-up experiments using mutant strains. We also describe ways in which this CURE can be modified depending on the pedagogical objectives, availability of materials, or research interests of the instructor. Participating in this lab significantly enhanced students’ abilities to see themselves as STEM professionals and prompted students to report substantial gains in skills critical for entry into and success in graduate and medical schools. In addition to the benefits CUREs provide to students, faculty benefit from the generation of preliminary data and training of students for potential independent research projects.",,funjournal.org,
JUNE-22-1-03,2023,22,1,Articles,,article,False,,PopScience: Teaching Students to Communicate Scientific Findings to the General Public,Gill MJ,Gill,,A,14,21,10.59390/KYOE5906,https://www.funjournal.org/wp-content/uploads/2024/03/june-22-14.pdf,https://www.funjournal.org/volume-22-issue-1-fall-2023/gill-june-221a14-a21/,https://www.funjournal.org/fall-2023-vol-22-issue-1/,0,"Scientific communication has become more important than ever before, yet most scientists are not trained in how to communicate their research findings to the general public. The PopScience assignment is a semester-long writing and oral communication project that focuses on how to communicate primary scientific literature to the general public. The overall goals of the PopScience project are to teach students how to: 1) critically evaluate neuroscience primary literature, and 2) translate and convey primary literature findings to a lay audience. Students completed a pre- and post- assignment perceptive assessment to evaluate the skills they obtained (e.g., reading comprehension and critical thinking), and the effectiveness of the assignment in improving these skills. Students reported that overall, the assignment improved their ability to read primary literature articles and explain them to a lay audience. Self-evaluation and professor assessments suggest the PopScience assignment also improved student’s ability to integrate and summarize results from multiple sources, as well as identify and explain neuroscience terminology that often leads to confusion for lay audiences. In conclusion, this assignment teaches students how to communicate basic neuroscience to the general public, a skill that continues to be critical in successful scientific careers.",,funjournal.org,
JUNE-22-1-04,2023,22,1,Articles,,article,False,,Early-Career Pedagogical Practice: The Value of Training Undergraduates to Teach,"Carr CEG, Bailey K",Carr,,A,22,26,10.59390/XYFR3420,https://www.funjournal.org/wp-content/uploads/2023/12/june-22-22.pdf,https://www.funjournal.org/volume-22-issue-1-fall-2023/carr-and-bailey-june-221a22-a26/,https://www.funjournal.org/fall-2023-vol-22-issue-1/,0,"Pedagogical experiences prior to a career in higher education are limited, particularly for interested undergraduates. We detail here the experience of an undergraduate mentored in pedagogical techniques such as topic and reading selection, assessment creation and grading, and classroom management. Their pedagogical training included co-instructing a course with their mentor. The mentee found the experience to be rewarding, learning the areas in which they excelled and struggled. For the mentor, this was a valuable opportunity to reflect on their own pedagogical choices and techniques. The process provided a new perspective for each of us as we viewed the course through the lens of the other person. More opportunities for undergraduates to undertake similar roles may strengthen teaching in higher education and grant early career experiences to interested individuals. Though rewarding, course construction and implementation is time-consuming and difficult. Balancing time and effort beyond the class is a required skill, and frequent communication between the mentee and mentor is necessary.",,funjournal.org,
JUNE-22-1-05,2023,22,1,Articles,,article,False,,Does Insomnia Cause Revenge Seeking Behavior? Using a Puzzle-Based Sleep Lab Educational Escape Room to Teach Circadian Rhythms in a Large Introductory Neuroscience Course,Nakashyan B and Clabough EBD,Nakashyan,,A,27,36,10.59390/ZGTH8157,https://www.funjournal.org/wp-content/uploads/2023/12/june-22-27.pdf,https://www.funjournal.org/volume-22-issue-1-fall-2023/nakashyan-and-clabough-june-221a27-a36/,https://www.funjournal.org/fall-2023-vol-22-issue-1/,2,"Traditional large lecture classes can be passive experiences for students. Instead, imagine that several of those learners work at a sleep laboratory and admit four new patients. Within hours, the entire facility is on lockdown, and a mysterious voice on the intercom proclaims that all researchers will lose their ability to sleep within the next hour. This story is the plot of an interactive educational escape room (EER) where students work together and apply concepts related to the history of sleep research, circadian rhythms, and neurological concepts of sleep to solve puzzles. Conventionally, escape rooms are an entertainment experience that requires participants to escape a room in a limited timeframe. We have created a neuroscience EER designed to educate students about the neural basis of sleep, while providing small groups of students with an immersive and interactive experience. Students follow a specially designed digital escape room framework to review sleep pathways, researchers, and brain regions involved with sleep. Unlike conventional escape rooms that can accommodate a limited number of participants, this sleep lab EER is scalable to hundreds of students without the need for a specialized room. Puzzles are enhanced by digital technology that allows instructors to track the progress of every team and note how the entire classroom is doing. Students and teaching assistants had very positive experiences with this EER activity, reporting that the EER solidified course concepts while using creativity, collaboration, and critical thinking skills. We find that EERs are an easy, useful tool to increase engagement and boost inclusivity within large classroom settings, with potential to also be used as an assessment tool.",,funjournal.org,
JUNE-22-1-06,2023,22,1,Articles,,article,False,,Poppy Seed Consumption and Oral Fluid Opioids Detection: A Classroom Demonstration of Psychopharmacological Concepts,Flaisher-Grinberg S,Flaisher-Grinberg,,A,37,44,10.59390/JWNQ5957,https://www.funjournal.org/wp-content/uploads/2024/01/june-22-37.pdf,https://www.funjournal.org/volume-22-issue-1-fall-2023/flaisher-grinberg-june-221a37-a44/,https://www.funjournal.org/fall-2023-vol-22-issue-1/,1,"Psychopharmacological concepts such as pharmacokinetics, pharmacodynamics and drug interactions can be difficult to illustrate within the college classroom. In this demonstration, students consume poppy seed-containing food items, assess opioid content in their oral fluid using commercial drug test kits, and relate the findings to learned materials, its real-life applications, and relevant societal implications. This demonstration can clarify processes such as drug absorption, distribution, metabolism, and excretion (ADME), broaden the review of information relevant to opioids mechanisms of action, and facilitate the discussion of topics such as drug abuse, dependence, and addiction, as well as drug development, testing, policy, and enforcement. Instructors can employ different experimental designs, create dose-dependent/timeline detection plots, or allow students to construct their own experiments, assessing possible mediators of opioid detection. The demonstration can also be utilized to discuss scientific myths, truths, data misinterpretation and misrepresentation. Several optional protocols are provided, required materials are indicated, and discussion points are suggested.",,funjournal.org,
JUNE-22-1-07,2023,22,1,Articles,,article,False,,Using Drosophila Two-Choice Assay to Study Optogenetics in Hands-On Neurobiology Laboratory Activities,"Fu Z, Huda A, Kimbrough IF, Ni L",Fu,,A,45,50,10.59390/SDWH9124,https://www.funjournal.org/wp-content/uploads/2024/01/june-22-45.pdf,https://www.funjournal.org/volume-22-issue-1-fall-2023/fu-et-al-june-221a45-a50/,https://www.funjournal.org/fall-2023-vol-22-issue-1/,2,"Optogenetics has made a significant impact on neuroscience, allowing activation and inhibition of neural activity with exquisite spatiotemporal precision in response to light. In this lab session, we use fruit flies to help students understand the fundamentals of optogenetics through hands-on activities. The CsChrimson channelrhodopsin, a light-activated cation channel, is expressed in sweet and bitter sensory neurons. Sweet sensory neurons guide animals to identify nutrient-rich food and drive appetitive behaviors, while bitter sensory neurons direct animals to avoid potentially toxic substances and guide aversive behavior. Students use two-choice assays to explore the causality between the stimulation activation of these neurons and the appetitive and avoidance behaviors of the fruit flies. To quantify their observations, students calculate preference indices and use the Student’s t-test to analyze their data. After this lab session, students are expected to have a basic understanding of optogenetics, fly genetics, sensory perception, and how these relate to sensory-guided behaviors. They will also learn to conduct, quantify, and analyze two-choice behavioral assays.",,funjournal.org,
JUNE-22-1-08,2023,22,1,Articles,,article,False,,Reducing Brain Injury Misconceptions and Willingness to Risk Concussion with a Three-Week Introductory-level Neuroscience Course,Gordon RG,Gordon,,A,51,57,10.59390/LEAF8930,https://www.funjournal.org/wp-content/uploads/2024/01/june-22-51.pdf,https://www.funjournal.org/volume-22-issue-1-fall-2023/gordon-june-221a51-a57/,https://www.funjournal.org/fall-2023-vol-22-issue-1/,1,"Misconceptions of brain injury are common and persistent in the general public (Ralph and Derbyshire, 2013). Moreover, undergraduate students are in an age range where they are at high risk of concussion and traumatic brain injury, but often lack knowledge of the symptoms, severity, recovery, and varied impacts of brain injury on cognition. Introductory-level undergraduate neuroscience courses have the potential to reach a broad audience and improve students’ knowledge of the brain. It is also important to know, however, if neuroscience courses can combat common misconceptions and impact real-world behaviors like willingness to risk concussion and prevention of brain injury. An introductory-level immersive three-week course during January term was developed, targeted at first-year students and non-majors. The focus of the course was to help students understand the role of different brain regions in behavior by presenting neurological cases that demonstrate the human experience of brain injury. Following the course, all students displayed greater knowledge about brain injury and reduced willingness to risk brain injury or concussion. Although students with a history of concussion were more willing to risk future concussion overall, they did show a similar reduction in risk as those without a history of concussion but were also less likely to endorse safety practices like helmet use. Beyond improving basic knowledge of neuroscience, introductory-level courses also have an opportunity to impact students’ understanding of brain injury in their personal and professional lives.",,funjournal.org,
JUNE-22-1-09,2023,22,1,Articles,,article,False,,Primary Afferent Depolarization and the Gate Control Theory of Pain: A Tutorial Simulation,Heitler WJ,Heitler,,A,58,65,10.59390/PWFC1224,https://www.funjournal.org/wp-content/uploads/2024/01/june-22-58.pdf,https://www.funjournal.org/volume-22-issue-1-fall-2023/heitler-june-221a58-a65/,https://www.funjournal.org/fall-2023-vol-22-issue-1/,1,"The gate control theory of pain postulates that the sensation of pain can be reduced or blocked by closing a “gate” at the earliest synaptic level in the spinal cord, where nociceptive (pain) afferents excite the ascending interneurons that transmit the signal to the brain. Furthermore, the gate can be induced to close by stimulating touch afferents with receptive fields in the same general area as the trauma that is generating the pain (the ”rub it to make it better” effect). A considerable volume of research has substantiated the theory, and shown that a key mechanism mediating the gate is pre-synaptic inhibition, and that this inhibition is generated by depolarizing IPSPs in the nociceptor central terminals (primary afferent depolarization; PAD). Both pre-synaptic inhibition and depolarizing IPSPs are topics that students often regard as matters of secondary importance (if they are aware of them at all), and yet they are crucial to a matter of primary importance to us all – pain control. This report describes some simple computer simulations that illustrate pre-synaptic inhibition and explore the importance of the depolarizing aspect of the IPSPs. These concepts are then built into a model of the gate control of pain itself. Finally, the simulations show how a small change in chloride homeostasis can generate the dorsal root reflex, in which nociceptor afferents generate antidromic spikes which may increase neurogenic inflammation and actually exacerbate pain. The hope is that the simulations will increase awareness and understanding of a topic that is important in both basic neuroscience and medical neurology.",,funjournal.org,
JUNE-22-1-10,2023,22,1,Articles,CASE STUDY,article,False,,CASE STUDY: Mapping Human Neuronal Diversity in the Search for New Therapeutics: Using Real Human Neuron Data Sets to Build Student Quantitative Skills,"Milligan EC, Casimo K, Buchanan L, Hutson B, Robertson S",Milligan,,A,66,73,10.59390/OGTZ5579,https://www.funjournal.org/wp-content/uploads/2024/01/june-22-66.pdf,https://www.funjournal.org/volume-22-issue-1-fall-2023/milligan-et-al-june-221a66-a73/,https://www.funjournal.org/fall-2023-vol-22-issue-1/,2,"Case studies are a high impact educational practice that engage students in collaborative problem solving through storytelling. HITS, an NSF funded research coordination network dedicated to exposing students to high-throughput discovery science, drove creation of this case. In this case, students imagine themselves as researchers developing new therapeutic drugs for epilepsy. Specifically, students work with the Allen Cell Types Database, which is the result of collaborative, interdisciplinary open science. Neurosurgeons partnered with the Allen institute to provide living human brain tissue for electrophysiological, morphological, and transcriptomic study. Students collaborate to collect and organize data, investigate a research question they identified, and perform fundamental statistical analyses to address their question. By leveraging the unique Cell Types dataset the case enhances student knowledge of epilepsy, illuminates high-throughput scientific approaches, and builds quantitative and research related skills. The case is also versatile and was implemented in two distinct courses. The case can also be taught in different modalities, in person or remote, with a combination of synchronous and asynchronous work. Indirect and direct measures along with quantitative and qualitative approaches were used for case assessment and improvement. Students performed well on case related exam questions, reported high confidence in their achievement of the learning outcomes, and enjoyed the case’s link to neurological disease, real research data and advanced technological approaches. Our assessment findings and instructor implementation experiences are also included to facilitate the adoption or adaptation of the case for a variety of courses and/or modalities in neuroscience and STEM related curricula.",,funjournal.org,
JUNE-22-1-11,2023,22,1,Articles,,article,False,,Teaching Scientific Literature Analysis: A Systematic Adoption of Skill-Building Methods to Enrich Research Training for Undergraduate Students,Venugopal S,Venugopal,,A,74,81,10.59390/AWCF3324,https://www.funjournal.org/wp-content/uploads/2024/01/june-22-74.pdf,https://www.funjournal.org/volume-22-issue-1-fall-2023/venugopal-june-221a74-a81/,https://www.funjournal.org/fall-2023-vol-22-issue-1/,2,"Teaching scientific literature analysis skills is a critical step in research training. Here I describe a 6-week skill-building module on understanding scientific literature, incorporated into a 10-week undergraduate honors research practice course in Neuroscience. Key pedagogical components include: 1) student-centered active-learning, skill-building and community-building activities; 2) persistent adoption of a proven CREATE method and a novel curate scientific summary (CSS) method for teaching scientific literature analysis skills; 3) collaborative class organization consisting of persistent learning pods (PLPs) to facilitate student-driven participation and peer learning; and, 4) role play of a real research lab. Skill development was assessed using a self-assessment survey (SAS) and longitudinal evaluation of the CREATE and CSS methods application by the PLPs to analyze primary research articles (PRAs) over four weeks. Outcomes demonstrate alleviation of pre-existing student anxiety to read complex scientific literature and advancement of critical-thinking and collaborative skills. Specifically, the SAS responses indicate that student perception about reading scientific literature transformed from being a daunting task to an enjoyable activity; this enhanced their confidence in evaluating scientific literature. PLPs fostered student engagement, peer instruction, and community building, and contributed to skill development. Weekly assessment of CREATE and CSS application highlighted marked improvements in students’ abilities to analyze and critique complicated scientific material. Role playing a research lab setting with a focused research theme facilitated integrative understanding of a frontier topic in Neuroscience. The outlined innovative approach can be adopted in Course-based Undergraduate Research Experience (CURE) and should help contribute to systematizing didactic practices to train neuroscientists.",,funjournal.org,
JUNE-22-1-12,2023,22,1,Media Reviews,AMAZING PAPERS IN NEUROSCIENCE,review,False,,AMAZING PAPERS IN NEUROSCIENCE: Teaching Synaptic Transmission Using Primary Literature: A Skills-Focused Pedagogical Approach,"Payne AJ, Bills KB, Steffensen SC",Payne,,R,1,5,10.59390/NYOR9047,https://www.funjournal.org/wp-content/uploads/2024/01/june-22-r1.pdf,https://www.funjournal.org/volume-22-issue-1-fall-2023/payne-et-al-june-221r1-r5/,https://www.funjournal.org/fall-2023-vol-22-issue-1/,0,"Neuroscience is a burgeoning and intensive undergraduate major at many institutions of higher education. However, several areas in neuroscience education need further development. One such needed development is an increased focus on the procurement of career-relevant skills in addition to the traditional acquisition of subject knowledge. Skill development is particularly challenging in neuroscience education as the subject’s interdisciplinary nature provides an atypically broad range of potential careers for graduates. Skills common to many careers in neuroscience include the ability to understand and analyze quantitative data and to draw conclusions based on those analyses. Here is presented an active learning pedagogical approach involving the analysis of seminal articles in the primary scientific literature to provide practice in analyzing data and drawing conclusions from those data while at the same time learning the fundamental tenets of synaptic transmission. Articles were selected that highlight principles such as the role of Ca2+ in synaptic release, exocytosis, quantal release, and synaptic delay. Figures from these articles that can readily be used to teach these principles were selected, and questions that can help to guide students’ analysis of the data are also suggested. Activities like this are needed in greater numbers to facilitate the process of helping students gain skills relevant to a productive career in neuroscience.",,funjournal.org,
JUNE-22-1-13,2023,22,1,Media Reviews,AMAZING PAPERS IN NEUROSCIENCE,review,False,,AMAZING PAPERS IN NEUROSCIENCE: Unlocking Hidden Awareness: Repurposing fMRI to Detect Levels of Consciousness,close content main element section close by builder template,close,"Caccamo A, Nolde G, Bakir H, Ho L, Alonso-Moreno MC, Wanniarachchi S",R,6,8,10.59390/ZWBM2077,https://www.funjournal.org/wp-content/uploads/2023/12/june-22-r6.pdf,https://www.funjournal.org/volume-22-issue-1-fall-2023/caccamo-et-al-june-221r6-r8/,https://www.funjournal.org/fall-2023-vol-22-issue-1/,0,"Determining the state of consciousness in patients with disorders of consciousness is a challenging task because for someone to be deemed conscious, both wakefulness and awareness are required. Awareness has traditionally been assessed by examining physical responsiveness but in 2010, Monti et al. explored how using fMRI to measure brain activity in humans could help reclassify the state of consciousness in these patients. The findings, published in The New England Journal of Medicine, show that some brain regions are active when patients respond to an imagery or communication task. This is a seminal study because it demonstrates that patients who behaviourally appear to be in a vegetative or minimally conscious state may still have residual brain functions that would not be apparent from a clinical examination alone. Notably, it exemplified how fMRI can be repurposed as a communication tool for this subset of aware, but ‘locked in’, patients who appear unresponsive. From an educator’s perspective, this paper is valuable because it is relevant to a broad audience, both introductory and advanced level undergraduate students. It introduces key concepts in cognitive and clinical neuroscience and encourages students to consider the connections between social issues and technology development in neuroscience. Finally, educators may use this paper to discuss and debate the nature of consciousness and the ethical implications that the use of fMRI for determining consciousness may have on medical ethics.",,funjournal.org,
JUNE-22-2-01,2024,22,2,Editorials,EDITORIAL,editorial,True,FUN 2023 Western Washington workshop,"EDITORIAL: Proceedings of the 2023 Faculty for Undergraduate Neuroscience Workshop at Western Washington University, Bellingham, WA, July 27-30, 2023","Basu A, Bradaric B, Donley D, Gaudier-Diza MM, Grimm J, Kaplan J, Nahmani M, Reynolds E, Rose J, Tan TM",Basu,,E,4,10,10.59390/YHHG1147,https://www.funjournal.org/wp-content/uploads/2024/07/june-22-E4-s001.pdf,https://www.funjournal.org/volume-22-issue-2-winter-2024/basu-et-al-june-222e4-e10/,https://www.funjournal.org/2024-volume-22-issue-2/,1,"In July of 2023, the Faculty for Undergraduate Neuroscience (FUN) held a Summer Workshop at Western Washington University. This workshop was the first in-person workshop since 2017. This article provides a brief account of the Workshop themes of inclusive pedagogy, student and faculty mindsets, integrative STEM, and decolonization of neuroscience. The presentations and events that took place were attended by a vibrant community of close to 100, who engaged fully in the discussions and social opportunities. In addition, we review the workshop planning process to guide future FUN Summer Workshop committees and hosts.",,funjournal.org,
JUNE-22-2-02,2024,22,2,Editorials,,editorial,True,FUN 2023 Western Washington workshop,Reimagining Neuroscience Education: Teaching “Life” as a Step Towards Social Justice,Rollins O,Rollins,,E,11,15,10.59390/CZDJ9168,https://www.funjournal.org/wp-content/uploads/2024/09/june-22-E11.pdf,https://www.funjournal.org/volume-22-issue-2-winter-2024/rollins-june-222-e11-e15/,https://www.funjournal.org/2024-volume-22-issue-2/,0,,,funjournal.org,
JUNE-22-2-03,2024,22,2,Editorials,,editorial,True,FUN 2023 Western Washington workshop,The Art of NOW: Mentoring to Address Hidden Curriculum in Undergraduate Neuroscience Education,"Balls-Berry JE, Orellana M, Enders F, Dsouza K",Balls-Berry,,E,16,21,10.59390/DKPK6058,https://www.funjournal.org/wp-content/uploads/2024/08/june-22-E16.pdf,https://www.funjournal.org/volume-22-issue-2-winter-2024/balls-berry-et-al-june-222e16-e21/,https://www.funjournal.org/2024-volume-22-issue-2/,0,"Hidden curriculum, which consists of the implicit norms and values embedded within institutions, impacts how students navigate their experiences in higher education. While the formal curriculum provides structured learning objectives and content, the hidden curriculum shapes students’ socialization, sense of belonging, and access to opportunities within academic settings. For diverse students, a hidden curriculum often reinforces existing power dynamics and inequities, creating additional barriers to their success. In many cases, the norms and expectations embedded within the hidden curriculum reflect dominant cultural norms, leaving students from marginalized backgrounds feeling alienated or intentionally excluded. Mentors and academic institutions play crucial roles in helping diverse students navigate the hidden curriculum of educational institutions by providing mentorship and resources to address the challenges of hidden curricula. In this paper, we introduce the importance of “NOW”: 1) Nomenclature – What is Hidden Curriculum, 2) Opportunity – Opportunities to Address Hidden Curriculum in Higher Education, and 3) Willingness – Fostering an action plan for success in higher education. This paper will introduce a socioecological model for mentoring to address hidden curriculum at the individual, interpersonal, and institutional levels. At the individual and interpersonal level, we will discuss actions students and their mentors can take to develop their mentoring relationships. At the institutional level, we will identify opportunities to support diverse students and their mentors.",,funjournal.org,
JUNE-22-2-04,2024,22,2,Editorials,,editorial,True,FUN 2023 Western Washington workshop,Unpacking and Utilizing of Neuroscience Core Concepts,"Chen A, Phillips KA, Tran EH, Schaefer JE, Sonner PM",Chen,,E,22,27,10.59390/IFWT3187,https://www.funjournal.org/wp-content/uploads/2024/09/june-22-E22.pdf,https://www.funjournal.org/volume-22-issue-2-winter-2024/chen-et-al-june-222e22-e27/,https://www.funjournal.org/2024-volume-22-issue-2/,0,"Core concepts, or overarching principles that identify patterns in processes and phenomena, provide a framework for organizing facts and understanding. Core concepts have existed for many years in some life science disciplines, including biology, microbiology, and physiology, yet have only recently been published for neuroscience through a multi-year community-derived project which identified the following neuroscience core concepts: Communication Modalities, Emergence, Evolution, Gene-Environment Interactions, Information Processing, Nervous System Functions, Plasticity, and Structure-Function Relationship. The current phase of the core concepts work involves two arms: utilizing and “unpacking.” Work on utilization of core concepts focuses on strategies for utilizing the core concepts in courses, curricula, and assessment, and in diverse institutional contexts. The process of unpacking involves deconstructing a core concept into its key underlying components. Prior to the 2023 FUN Workshop, we consulted faculty members with relevant experience to aid in the preliminary unpacking of four core concepts (Evolution, Gene-Environment Interactions, Plasticity, and Structure-Function Relationship). The preliminary drafts of the unpacked core concepts were shared at the Faculty for Undergraduate Neuroscience (FUN) Workshop and Neuroscience Teaching Conference (NTC) for community feedback and guidance. This editorial describes community feedback and guidance that we received from the conferences to inform future steps.",,funjournal.org,
JUNE-22-2-05,2024,22,2,Editorials,,editorial,True,FUN 2023 Western Washington workshop,Of Chatbots and Colonizers: A FUN Workshop Mini Symposium,"Neem J, Donley D, Reynolds ER",Neem,,E,28,33,10.59390/LHNR3855,https://www.funjournal.org/wp-content/uploads/2024/09/june-22-E28.pdf,https://www.funjournal.org/volume-22-issue-2-winter-2024/neem-et-al-june-222e28-e33/,https://www.funjournal.org/2024-volume-22-issue-2/,0,"Chatbots and related technologies are predicted to become fixtures in our teaching. These tools scan information from the web or other sources and deliver content in textual summaries. ChatGPT4 and other AI products are surprisingly good at summaries of information and simple analysis, similar to what we often ask students to do as part of our teaching. They are poor at evaluation of information and citation of sources at the moment, but these tools are advancing rapidly. Use of these tools in the classroom generate important questions about how we handle content, understanding and skill development in the classroom, how information is curated, and the structure of information in our discipline. Additionally, accessibility of these tools will be an issue moving forward since they have the potential to widen a technology divide even further. Through presentation and group discussion, this minisymposium highlighted how we might integrate these tools and craft new pedagogies that will continue to engage and challenge our students. We also discussed concerns about these tools in terms of inclusive pedagogy and decolonization of neuroscience.",,funjournal.org,
JUNE-22-2-06,2024,22,2,Articles,,article,True,FUN 2023 Western Washington workshop,You’re Getting on my Nerves! A Board Game to Teach Action Potential Propagation and Cable Properties,Nemes-Baran AD,Nemes-Baran,,A,82,89,10.59390/RGZE2690,https://www.funjournal.org/wp-content/uploads/2024/07/june-22-A82.pdf,https://www.funjournal.org/volume-22-issue-2-winter-2024/nemes-baran-june-222a82-a89/,https://www.funjournal.org/2024-volume-22-issue-2/,0,"Electrophysiology is one of the most intimidating topics within the foundational neuroscience curriculum to most undergraduate students. Keeping student attention and engagement during these lectures is equally challenging for educators. Game-based learning is used in many disciplines and levels of education and allows students to apply what they have learned and build community within the classroom. You’re Getting on my Nerves was created to help students apply their knowledge of cable properties and practice vocabulary terms with their peers. This board game was originally created using inexpensive products but is also now available for purchase, allowing educators the flexibility to use the game within their budget and available timeframe. Additionally, it can be scaled from introductory to advanced levels and act as a relaxed and entertaining study tool. Students learn what changes in the cell can increase or decrease the action potential’s ability to propagate down the axon and begin to describe different cable properties. Each player receives a card to keep track of the amplitude of their action potential. The goal is to move their game piece from the axon hillock to the axon terminal without decaying their action potential to 0. Players draw game cards that instruct them on where to move along the gameboard. The gameboard has color-coded spaces with changes in the axon. Students begin to quickly learn which changes in the cell allow their game piece to propagate forward as they compete with their peers to reach the axon terminal.",,funjournal.org,
JUNE-22-2-07,2024,22,2,Articles,,article,True,FUN 2023 Western Washington workshop,A Case for the Use of Open Data as a Tool to Incorporate Socioscientific Topics into Neuroscience Education,"Meuler M, Casimo K",Meuler,,A,90,98,10.59390/YKOU9984,https://www.funjournal.org/wp-content/uploads/2024/07/june-22-A90-s001.pdf,https://www.funjournal.org/volume-22-issue-2-winter-2024/meuler-and-casimo-june-222a90-a98/,https://www.funjournal.org/2024-volume-22-issue-2/,2,"Education scholars have called for an increased focus on developing curricula based on culturally relevant pedagogy (Ladson-Billings, 1995). A key tenet of Ladson-Billings’ (1995; 2014) theory of culturally relevant pedagogy is the development of students’ sociopolitical consciousness, whereby students feel empowered and encouraged to evaluate and solve real-world interdisciplinary problems. Here, we propose that open science datasets could serve as a valuable tool for neuroscience educators to foster their students’ sociopolitical consciousness. Using the open data available through the [Seattle Alzheimer’s Disease Brain Cell Atlas (SEA-AD)](http://portal.brain-map.org/explore/seattle-alzheimers-disease) as a case study, this article will explore how open science can be leveraged as a tool to encourage socioscientific thinking amongst neuroscience students. We overview a collection of lessons created by the Allen Institute’s Education & Engagement team that provides a scaffolded exploration of an open science resource through a socioscientific lens. We supplement our discussion of the lessons with feedback from students who completed the lessons during a day-long workshop hosted at the Allen Institute in Seattle, WA. We conclude by reflecting on the future role this type of interdisciplinary, open science-based approach to curricula could have across neuroscience education more broadly.ces.",,funjournal.org,
JUNE-22-2-08,2024,22,2,Articles,,article,True,FUN 2023 Western Washington workshop,Integrating Programming into Neuroscience Courses,Juavinett AL,Juavinett,,A,99,103,10.59390/PYYP5010,https://www.funjournal.org/wp-content/uploads/2024/09/june-22-99.pdf,https://www.funjournal.org/volume-22-issue-2-winter-2024/juavinett-june-222a99-a103/,https://www.funjournal.org/2024-volume-22-issue-2/,0,"Programming is a useful skill for students, both in neuroscience research and in the broader economy. Many instructors, however, may wonder how and when they should integrate it into their coursework, especially if they themselves have limited computational training. The suggestions offered here aim to help a wide range of educators — even those who have minimal coding experience — who wish to expose their students to the intersection of neuroscience and programming. Throughout, I provide examples of how I have weaved coding into various elements of neuroscience courses, even those without a computational focus. I also discuss the rich landscape of low-cost, accessible programming tools as well as how generative AI can (and should) impact the way that we are teaching programming. Ultimately, the goal is not to insist that all our students learn how to code, but rather to lower barriers and provide exposure and opportunity to any student who wishes to integrate programming into their research or careers.",,funjournal.org,
JUNE-22-2-09,2024,22,2,Articles,,article,True,FUN 2023 Western Washington workshop,"Designing and Teaching Courses on Sex, Gender, and the Brain: Two Implementations in the Undergraduate Classroom","Leninger EC, Tan TM",Leninger,,A,104,115,10.59390/FZWH1820,https://www.funjournal.org/wp-content/uploads/2024/09/june-22-104.pdf,https://www.funjournal.org/volume-22-issue-2-winter-2024/leninger-and-tan-june-222a104-a115/,https://www.funjournal.org/2024-volume-22-issue-2/,0,"Courses on the neuroscience of sex and gender can support inclusive and integrative neuroscience curricula. Developing and teaching such courses, however, can be intimidating for educators due to the subject’s complexities and nuances, the increasingly politicized nature of the subject material, and the difficult conversations that the material invites. In this article we discuss how we approached the development of two undergraduate courses on sex, gender and the brain. In describing our thought process we discuss the institutional contexts for our courses and the rationale for the selected course structures, learning objectives, and content. We also describe how we fostered inclusive learning environments – particularly within the context of the COVID-19 pandemic – and implemented course activities and diverse assessments aligned to the course learning objectives. We hope that readers of this article can apply our insights into developing courses on sex/gender in neuroscience at their home institutions.",,funjournal.org,
JUNE-22-2-10,2024,22,2,Articles,,article,True,FUN 2023 Western Washington workshop,"microPublication Biology : An introduction to Publishing and Teaching with a Small-Format, Peer-Reviewed Journal","Dahlberg L, Raciti D, Yook K",Dahlberg,,A,116,119,10.59390/AUIV7625,https://www.funjournal.org/wp-content/uploads/2024/09/june-22-116.pdf,https://www.funjournal.org/volume-22-issue-2-winter-2024/dalberg-et-al-june-222a116-a119/,https://www.funjournal.org/2024-volume-22-issue-2/,0,"microPublication Biology (micropublication.org) is a non-profit, community-focused, peer-reviewed journal dedicated to publishing small (single-figure) reports of data, methods and software related to a variety of model organisms. A workshop on microPublications at the Faculty for Undergraduate Neuroscience (FUN) conference in Summer 2023 focused on 1) publishing data—especially student research experiences, and data gathered through course-based research, and 2) using the microPublication platform and article template in teaching and learning. In this article, we further describe the microPublication platform and workflow and how PI’s can use this venue to publish student work. We also provide examples of how the microPublication format can be adapted and adopted as tools for undergraduate teaching and learning.",,funjournal.org,
JUNE-22-2-11,2024,22,2,Articles,,article,True,FUN 2023 Western Washington workshop,Building Community and Developing Professionally through FUN Final Friday Sessions,"Eaton S, Donley DW, Lom B, Stavnezer AJ",Eaton,,A,120,125,10.59390/WMPH6827,https://www.funjournal.org/wp-content/uploads/2024/09/june-22-120.pdf,https://www.funjournal.org/volume-22-issue-2-winter-2024/eaton-et-al-june-222a120-a125/,https://www.funjournal.org/2024-volume-22-issue-2/,0,"FUN Final Fridays (FFFs) are a professional development effort resulting from a pandemic-inspired virtual pedagogical meeting. Over the past three academic years, Faculty for Undergraduate Neuroscience (FUN) has hosted FFFs as monthly professional development sessions. These sessions offer a mechanism to address current issues in higher education with emphasis on topics relevant to neuroscience educators. Broadly, topics covered in FFF sessions fall under three areas: a faculty focus that addresses issues of wellness and professional opportunity; a diversity, equity, inclusion, and belonging focus that addresses how to advocate for justice through education; and a pedagogical focus that address classroom strategies and issues that affect student learning. We share here our experiences and lessons learned regarding selecting topics, identifying facilitators, navigating timing across a semester, and engaging participants with a goal of providing a framework for successful professional development so that other institutional and departmental leaders can contribute meaningfully to the growth and development of their colleagues.",,funjournal.org,
JUNE-22-2-12,2024,22,2,Articles,,article,True,FUN 2023 Western Washington workshop,Increasing Accessibility Through Popular Press Books into Neuroscience Coursework,Gill M,Gill,,A,126,130,10.59390/SWZD5930,https://www.funjournal.org/wp-content/uploads/2024/06/june-22-A126.pdf,https://www.funjournal.org/volume-22-issue-2-winter-2024/gill-june-222a126-a130/,https://www.funjournal.org/2024-volume-22-issue-2/,0,"Utilizing popular press books can increase accessibility and aid in retention of marginalized groups; by increasing student engagement, improving material accessibility through real-world examples, and helping ease the financial burden of textbooks. The current article outlines how several popular press books have been successfully implemented in different levels of neuroscience coursework, including an introductory neuroscience course, a mid-level drugs and behavior course, and a senior seminar. Implementation strategies and pitfalls are discussed, including best practices for assessment and incorporation of popular press books into course material.",,funjournal.org,
JUNE-22-2-13,2024,22,2,Articles,,article,True,FUN 2023 Western Washington workshop,Mini-Symposium: Training the Trainers of the Next Generation of Neuroscience Advocates,"Hartvigsen SC, Burnett T, Fox CM, Matney CJ, Pham D, Smiley CE, Shah AP",Hartvigsen,,A,131,136,10.59390/KBMK3931,https://www.funjournal.org/wp-content/uploads/2024/07/june-22-A131.pdf,https://www.funjournal.org/volume-22-issue-2-winter-2024/hartvigsen-et-al-june-222a131-a136/,https://www.funjournal.org/2024-volume-22-issue-2/,0,"Undergraduate neuroscience researchers and educators have a vital voice in working with policymakers to raise public awareness and increase support and funding for neuroscience. While there are many avenues and opportunities to become involved in neuroscience advocacy, finding the most effective training strategies, resources, and opportunities for involvement can sometimes be difficult and overwhelming. To address this challenge and inform faculty of science advocacy opportunities for undergraduates, we organized a mini-symposium at the 2023 Faculty for Undergraduate Neuroscience (FUN) Workshop. Attendees had the opportunity to engage with a panel of experts with diverse experiences in neuroscience advocacy and policy. Topics presented and discussed included the importance of advocacy, effective training practices and resources, advice for scientific communication with a non-scientific audience, and various opportunities for advocacy involvement for undergraduate students. We share here our rationale and goals as we set out to plan this mini-symposium, a brief description of each panelist’s career trajectory, relevant resources, and major takeaways. We reflect on the lessons learned from this session and recognize the need for an on-going conversation about careers involving science policy, science communication training, and opportunities for undergraduate students. Accordingly, we share future directions and recommendations to help faculty equip not only themselves but also their undergraduate trainees with the knowledge, practical skills, and resources required to engage with their communities as informed citizens.",,funjournal.org,
JUNE-22-2-14,2024,22,2,Articles,,article,True,FUN 2023 Western Washington workshop,"Centering Diversity, Equity, and Inclusion in Graduate Admissions","Tan T, Tomaszycki M, Martinez-Acosta V, Juavinett A",Tan,,A,137,151,10.59390/OETW7461,https://www.funjournal.org/wp-content/uploads/2024/08/june-22-A137.pdf,https://www.funjournal.org/volume-22-issue-2-winter-2024/tan-et-al-june-222a137-a151/,https://www.funjournal.org/2024-volume-22-issue-2/,0,"Many undergraduate neuroscience trainees aspire to earn a PhD. In recent years the number, demographics, and previous experiences of PhD applicants in neuroscience has changed. This has necessitated both a reconsideration of admissions processes to ensure equity for an increasingly diverse applicant pool as well as renewed efforts to expand access to the training and research experiences required for admission to graduate programs. Here, we describe both facets of graduate school admissions by demystifying the process and providing faculty with tools and resources to help undergraduate students successfully navigate it. We discuss admissions requirements and processes at two graduate institutions, highlighting holistic approaches to evaluating students, the ever-increasing research experience expectations, and the decreasing reliance on the GRE. With a particular focus on improving equity, diversity, inclusion and belonging, we discuss resources for applying to graduate school that are available for students from underrepresented populations, including summer institutes and fellowship programs and intentional relationships with minority serving institutions (MSIs) to foster bi-directional engagement between undergraduate programs at MSIs and graduate institutions. With diverse perspectives as faculty involved in undergraduate education, graduate programs, and post-baccalaureate training programs, we provide recommendations and resources for how to help all trainees — especially those from populations underrepresented in the STEM workforce — succeed in the current graduate education admissions landscape.",,funjournal.org,
JUNE-22-2-15,2024,22,2,Articles,,article,True,FUN 2023 Western Washington workshop,Teaching the Nature of Science Improves Scientific Literacy Among Students Not Majoring in STEM,Donley DW,Donley,,A,152,157,10.59390/HRWL6927,https://www.funjournal.org/wp-content/uploads/2024/07/june-22-A152.pdf,https://www.funjournal.org/volume-22-issue-2-winter-2024/donley-june-222a152-a157/,https://www.funjournal.org/2024-volume-22-issue-2/,0,"Traditionally, science courses focus on knowledge and practices within specific disciplines. There has long been a call, however, to increase the focus on the nature and process of science as a way to improve scientific literacy and increase the transfer of knowledge. Despite this, there are few systematic studies that seek to understand the impact of this approach. Revising a STEM course in a liberal arts curriculum to primarily focus on the nature and process of science rather than on the content of a specific discipline increased student scores on the Test of Scientific Literacy Skills and improved perceptions of STEM. In the revised course, students self-reported higher levels of confidence in their ability to learn scientific information and their ability to contribute to scientific progress compared to traditional methods. These data and other literature suggest that the traditional knowledge-focused approach to science education is insufficient to facilitate scientific literacy and address equity gaps in STEM. Proposed is a model where scientific literacy and feelings of inclusion in STEM are the product of direct engagement in the process of science and careful evaluation of the nature of science. Long-term, a holistic approach that includes an authentic discussion of the enterprise of sciences is needed to prepare students to engage in future problems that are best solved by cross-disciplinary collaboration.",,funjournal.org,
JUNE-22-2-16,2024,22,2,Articles,,article,True,FUN 2023 Western Washington workshop,Making an Effective Flipped Neuroscience Lab by Approaching Students from their Emoticons,Fu Z,Fu,,A,158,159,10.59390/DXCG7777,https://www.funjournal.org/wp-content/uploads/2024/09/june-22-158.pdf,https://www.funjournal.org/volume-22-issue-2-winter-2024/fu-june-222a158-a159/,https://www.funjournal.org/2024-volume-22-issue-2/,0,"During the pandemic, we filmed our neuroscience labs, and now the videos provide a great resource to flip the lab. Our lab, however, covers a wide range of complicated topics, ranging from gross anatomy, immunohistochemistry (IHC) staining, and fluorescence imaging to cockroach microscopic surgery and measuring nerve conduction velocity on worms and human subjects, andit is challenging to get students to finish watching these complicated experiments. The biggest challenge that students face while watching these experiment demonstrations is their own emotions. When we were editing the films of the labs, we did not reduce the complexity, but we explained concepts by using concepts and objects that students are already familiar with so we do not trigger anxiety. To reduce boredom, we employed three major methods: questioning, humor, and increasing the pace. To address potential anxiety or reluctance about the in-person part of the lab, we mention at the beginning of every lab session that making mistakes is completely acceptable and,as they make mistakes, we help them understand what went wrong and how to correct it. We also introduce additional activities in some lab sessions to pique their interest. For instance, we ask students to test the effects of Red Bull on crickets and investigate whether students who play more video games have higher conduction velocities in the median nerve. Thus far, our flipped lab has been quite successful in terms of maintaining video retention rates and in-person attendance rates. A notable example of the effectiveness of improved hands-on skills is the cockroach microscopic surgery. Before implementing the flipped lab, only 10% of students were able to successfully complete the surgery and acquire nerve activity recordings. With the flipped lab, 90% of students were able to obtain a recording independently.",,funjournal.org,
JUNE-22-3-01,2024,22,3,Editorials,EDITOR IN CHIEF,editorial,False,,EDITOR IN CHIEF: And We’ll Have FUN FUN FUN,Reynolds ER,Reynolds,,E,34,35,10.59390/GZLW1868,https://www.funjournal.org/wp-content/uploads/2024/08/june-22-e34.pdf,https://www.funjournal.org/volume-22-issue-3-spring-2024/reynolds-june-223e34-e35/,https://www.funjournal.org/4172-2/,0,,,funjournal.org,
JUNE-22-3-02,2024,22,3,Articles,,article,False,,Sherlock Holmes and the Neurophysiologists: Unraveling the “Mystery” of Active Learning Success,"French LB, Stauffer M, Salazar Requena M",French,,A,160,166,10.59390/EHEK8915,https://www.funjournal.org/wp-content/uploads/2024/08/june-22-160-s001.pdf,https://www.funjournal.org/volume-22-issue-3-spring-2024/french-et-al-june-223a160-a166/,https://www.funjournal.org/4172-2/,3,,,funjournal.org,
JUNE-22-3-03,2024,22,3,Articles,,article,False,,Integrating Intercultural Competence into a Neuroscience Curriculum through a Short-Term Study Abroad Program,"Herin GA, Lewis GM",Herin,,A,167,176,10.59390/PVEC2816,https://www.funjournal.org/wp-content/uploads/2024/08/june-22-167-s002.pdf,https://www.funjournal.org/volume-22-issue-3-spring-2024/herin-and-lewis-june-223a167-a176/,https://www.funjournal.org/4172-2/,2,,,funjournal.org,
JUNE-22-3-04,2024,22,3,Articles,,article,False,,Use of Buzz Buttons to Illustrate Taste Perception Principles in a Sensation and Perception Laboratory Exercise,Jeye BM,Jeye,,A,177,184,10.59390/BCLX3929,https://www.funjournal.org/wp-content/uploads/2024/08/june-22-177-s001.pdf,https://www.funjournal.org/volume-22-issue-3-spring-2024/jeye-june-223a177-a184/,https://www.funjournal.org/4172-2/,1,,,funjournal.org,
JUNE-22-3-05,2024,22,3,Articles,,article,False,,Forbidden Neurds: A Neuroscience Word Game,Kaur AK,Kaur,,A,185,196,10.59390/PAHQ2595,https://www.funjournal.org/wp-content/uploads/2024/08/june-22-185.pdf,https://www.funjournal.org/volume-22-issue-3-spring-2024/kaur-june-223a185-a196/,https://www.funjournal.org/4172-2/,0,,,funjournal.org,
JUNE-22-3-06,2024,22,3,Articles,,article,False,,Low-Cost Classroom and Laboratory Exercises for Investigating Both Wave and Event-Related Electroencephalogram Potentials,"Smith K, Pilger A, Amorim MLM, Mircic S, Reining Z, Ristow N, Miller D, Leonhardt A, Donovan JC, Meier M, Marzullo TC, Serve0Kamp E, Steiner P, Gage GJ",Smith,,A,197,206,10.59390/YNPH4485,https://www.funjournal.org/wp-content/uploads/2024/08/june-22-197.pdf,https://www.funjournal.org/volume-22-issue-3-spring-2024/smith-et-al-june-223a197-a206/,https://www.funjournal.org/4172-2/,0,,,funjournal.org,
JUNE-22-3-07,2024,22,3,Articles,,article,False,,Neurosimilator for Undergraduate Biophysics and Neurophysiology Courses,"Dupuis F, Shlyonsky V, de Prelle B, Gall D",Dupuis,,A,207,216,10.59390/MIUV3158,https://www.funjournal.org/wp-content/uploads/2024/08/june-22-207-s001.pdf,https://www.funjournal.org/volume-22-issue-3-spring-2024/dupuis-et-al-june-223a207-a216/,https://www.funjournal.org/4172-2/,1,,,funjournal.org,
JUNE-22-3-08,2024,22,3,Articles,,article,False,,Neurodiversity in the Minds of Students: From Perception to Campus Programming,"Castleman BV, Jarvinen LZ, Jarvinen MK",Castleman,,A,217,223,10.59390/QCWZ6366,https://www.funjournal.org/wp-content/uploads/2024/09/june-22-217.pdf,https://www.funjournal.org/volume-22-issue-3-spring-2024/cattleman-et-al-june-223a217-a223/,https://www.funjournal.org/4172-2/,0,,,funjournal.org,
JUNE-22-3-09,2024,22,3,Articles,,article,False,,The Neuroscience Research Opportunities to Increase Diversity Program: Transformative and Successful Research Training Strategies for Undergraduate Students within Hispanic Serving Institutions,"Maldonado-Vlaar CS, Garcia-Arras JE",Maldonado-Vlaar,,A,224,232,10.59390/ZGLZ3652,https://www.funjournal.org/wp-content/uploads/2024/08/june-22-224.pdf,https://www.funjournal.org/volume-22-issue-3-spring-2024/maldonado-vlaar-and-garcia-arraras-june-223a224-a232/,https://www.funjournal.org/4172-2/,0,,,funjournal.org,
JUNE-22-3-10,2024,22,3,Articles,,article,False,,The Efficacy of a Novel Board Game to Teach Cable Properties to Introductory Neuroscience Undergraduate Students,"Rydbom J, Das Soumyaa, Storm A, Nemes-Baran A",Rydbom,,A,233,245,10.59390/RWPQ9487,https://www.funjournal.org/wp-content/uploads/2024/08/june-22-233.pdf,https://www.funjournal.org/volume-22-issue-3-spring-2024/rydbom-et-al-june-223a233-a245/,https://www.funjournal.org/4172-2/,0,,,funjournal.org,
JUNE-22-3-11,2024,22,3,Articles,,article,False,,Memphis NeuroSTART Program: Promoting Student Success and Increasing the Diversity of Applicants to Neuroscience Graduate Programs,"Sable HJK, Lester DB",Sable,,A,246,255,10.59390/YGCW6032,https://www.funjournal.org/wp-content/uploads/2024/09/june-22-246-s001.pdf,https://www.funjournal.org/volume-22-issue-3-spring-2024/sable-lester-june-223-a246-a255/,https://www.funjournal.org/4172-2/,0,,,funjournal.org,
JUNE-22-3-12,2024,22,3,Articles,,article,False,,Virtual Dissection Table Case Studies for Undergraduate Neuroanatomy Written Assignments,"Wang J, Beecher K, Chehrehasa F",Wang,,A,256,264,10.59390/JDOG5046,https://www.funjournal.org/wp-content/uploads/2024/08/june-22-256.pdf,https://www.funjournal.org/volume-22-issue-3-spring-2024/wang-et-al-june-223a256-a264/,https://www.funjournal.org/4172-2/,0,,,funjournal.org,
JUNE-22-3-13,2024,22,3,Articles,,article,False,,"Interactive Notebooks Improve Students’ Understanding of Developmental Neurobiology, Attitudes Toward Research, and Experimental Design Competency in a Lecture-Based Neuroscience Course","Reyes-Nava NG, Esparza D, Suarez V, Quintana A, Olimpo JT",Reyes-Nava,,A,265,272,10.59390/NQCA2038,https://www.funjournal.org/wp-content/uploads/2024/08/june-22-265-s001.pdf,https://www.funjournal.org/volume-22-issue-3-spring-2024/reyes-nava-et-al-june-223a265-a272/,https://www.funjournal.org/4172-2/,3,,,funjournal.org,
JUNE-22-3-14,2024,22,3,Articles,,article,False,,An In-depth Exploration of the Interplay between fMRI Methods and Theory in Cognitive Neuroscience,Huffman DJ,Huffman,,A,273,288,10.59390/ZABM1739,https://www.funjournal.org/wp-content/uploads/2024/08/june-22-273.pdf,https://www.funjournal.org/volume-22-issue-3-spring-2024/huffman-june-223a273-a288/,https://www.funjournal.org/4172-2/,0,,,funjournal.org,
JUNE-22-3-15,2024,22,3,Articles,,article,False,,Using BioRender for Active Learning: Exploring Learning-Style Preference and Visual-Spatial Ability in Undergraduate Students,"Ha J, Afana D, Moghaddam KN, Nicholas A",Ha,,A,289,295,10.59390/QWMZ9919,https://www.funjournal.org/wp-content/uploads/2024/09/june-22-289.pdf,https://www.funjournal.org/volume-22-issue-3-spring-2024/ha-et-al-june-223a289-a295/,https://www.funjournal.org/4172-2/,0,,,funjournal.org,
JUNE-22-3-16,2024,22,3,Media Reviews,,review,False,,Introducing BRAINOER: The Behavioral Research and Interdisciplinary Neuroscience Open Educational Repository,close content main element section close by builder template,close,"Harris Bozer AL, Civitello NA, Rawlings ED, Leach LF",R,1,5,10.59390/SYLO7794,https://www.funjournal.org/wp-content/uploads/2024/08/june-22-r1.pdf,https://www.funjournal.org/volume-22-issue-3-spring-2024/bozer-et-al-june-223r1-r5/,https://www.funjournal.org/4172-2/,0,,,funjournal.org,
JUNE-23-1-01,2024,23,1,Editorials,EDITOR IN CHIEF,editorial,False,,EDITOR IN CHIEF: SfN 2024 report: Sweet Home Chicago – JUNE and FUN Faculty Awards,"Reynolds ER, Rhinehart E, Kang YY",Reynolds,,E,17,19,10.59390/ZKGV9815,https://www.funjournal.org/wp-content/uploads/2024/12/june-23-e17.pdf,https://www.funjournal.org/fall-2024-volume-23-issue-1/reynolds-june-231-e17-e19/,https://www.funjournal.org/2024-volume-23-issue-1/,0,,,funjournal.org,
JUNE-23-1-02,2024,23,1,Editorials,EDITORIAL,editorial,False,,EDITORIAL: Historical Depictions of the Brain: The Origins from the Non-Western World,Yousef T,Yousef,,E,1,4,10.59390/ZTVE5756,https://www.funjournal.org/wp-content/uploads/2024/12/june-23-e1.pdf,https://www.funjournal.org/fall-2024-volume-23-issue-1/yousef-june-231e1-e4/,https://www.funjournal.org/2024-volume-23-issue-1/,0,"Any written work concerning the history of neuroanatomy would be difficult to imagine without acknowledging the pioneering works of Santiago Ramón y Cajal and Camillo Golgi. Cajal improved upon Golgi’s staining technique at the turn of the 20th century. He implemented it to deliver the world’s first incredibly detailed visualizations of cellular networks of the nervous system. Dating further back to the 15th century, most students of neuroanatomy or of the philosophy of science are familiar with René Decartes’ depiction of mind-body dualism which illustrates the passing of visual information to the brain. These illustrations (i.e., mostly Cajal’s) have gone on to significantly influence future research, commonly featured as visual aids in neuroscience presentations. Like most of the historical depictions of the brain, including medieval illustrations of trepanning, these drawings are of western European origin. Little, if any work has attempted to compile or assess historical depictions of the brain from outside of the western world. It is very likely that non-western historical depictions of the brain exist, but are less popularized and have been scarce in the circulating historical literature. Thus, more historical investigations are required to balance these views for a complete historical lens on neuroanatomy. Since early civilizations existed far across the globe, it is likely that depictions of the nervous system have existed before the aforementioned scholars who make up the mainstream approach to neuroanatomy history education. The present work aims to introduce students and instructors of neuroscience, and particularly neuroanatomy, to other early illustrated neuroanatomical works which may be less popularized. Additionally, this assessment seeks to provide a deeper understanding of the historical emergence of neuroscience and more specifically, neuroanatomy. This article attempts to start this conversation, utilizing what are thought to be the first modern neuroanatomical analyses of some of the cited illustrations from the non-western world.",,funjournal.org,
JUNE-23-1-03,2024,23,1,Editorials,EDITORIAL,editorial,False,,"EDITORIAL: Approaching Diversity, Equity, And Inclusion in The Faculty for Undergraduate Neuroscience: Are we There Yet?","Neuwirth LS, Quadros-Mennella PS, Abrams M, Nahmani M, Bates S, Tobiansky DJ, Seraphin SB, Maeng LY, Shah A, Penton R, Tan T, Cabañas E, Linden M, Kang YY",Neuwirth,,E,5,16,10.59390/EUCP1513,https://www.funjournal.org/wp-content/uploads/2024/12/june-23-e5.pdf,https://www.funjournal.org/fall-2024-volume-23-issue-1/neuwirth-et-al-june-231e5-e16/,https://www.funjournal.org/2024-volume-23-issue-1/,0,,,funjournal.org,
JUNE-23-1-04,2024,23,1,Articles,,article,False,,Effects of Gamification on Student Success and Perception of Instruction in Neuroanatomy: A Retrospective Analysis,Fry BR,Fry,,A,1,8,10.59390/XSMV4309,https://www.funjournal.org/wp-content/uploads/2024/11/june-23-1.pdf,https://www.funjournal.org/fall-2024-volume-23-issue-1/fry-june-231a1-a8/,https://www.funjournal.org/2024-volume-23-issue-1/,0,"As a subset of active learning, gamification involves the application of gaming principles as a means of improving student outcomes in the classroom. Recent work has shown that such active learning strategies may be particularly effective at reducing the rate of failure in STEM courses. In this retrospective case study, I examined the effects on student exam performance, rate of failure, and perception of instruction following a semester-long course improvement project that involved implementing a novel tabletop style roleplaying game (Build-a-Zombie) during lab sessions in an undergraduate neuroanatomy course. The game I developed tasked students with using their knowledge from lecture to design their own pathological zombie nervous system. When compared to a previous cohort, students in the gamified version of the course showed significantly increased exam scores, a trend toward decreased rates of failure, and a more positive perception of instruction, even though lecture and exam content remained the same.",,funjournal.org,
JUNE-23-1-05,2024,23,1,Articles,,article,False,,"Active Learning Exercises in Synaptic Physiology and Connectivity for the Neuroscience Lecture Hall, Laboratory Course, or Outreach Setting","Meadows A, Sweiss R, Knchana V, Stour RF, Otazo GH, Nicholas A, Ramos RL",Meadows,,A,9,16,10.59390/QDTW7457,https://www.funjournal.org/wp-content/uploads/2024/12/june-23-9.pdf,https://www.funjournal.org/fall-2024-volume-23-issue-1/meadows-et-al-june-231a9-a16/,https://www.funjournal.org/2024-volume-23-issue-1/,0,"It is well-understood that active learning approaches have positive learning outcomes and improve retention. Active learning strategies for the neuroscience laboratory setting have been extensively developed. Fewer active learning approaches are available for the traditional lecture-based setting. Here we describe novel active learning exercises that teach fundamental principles of neuronal circuits and synaptic connectivity ideal for introductory neuroscience courses. Given the complexity of synaptic networks in the brain and the difficulty this material can present to students, our novel exercises can be beneficial to the neuroscience education community.",,funjournal.org,
JUNE-23-1-06,2024,23,1,Articles,,article,False,,An Integrative Brain and Behavior CURE (Course-Based Undergraduate Research Experience) Using Immunohistochemistry in the Fighting Fish Betta splendens,"Crescencio GA, Femi-Jegede OD, Zhang J, Aquino Vasquez EA, Wallace KJ",Crescencio,,A,17,25,10.59390/AFSC6949,https://www.funjournal.org/wp-content/uploads/2024/12/june-23-17-s001.pdf,https://www.funjournal.org/fall-2024-volume-23-issue-1/crescencio-et-al-june-231a17-a25/,https://www.funjournal.org/2024-volume-23-issue-1/,4,"Course-based undergraduate research experiences (CUREs) provide a variety of benefits to student learning outcomes. Here we describe an upper-level semester-long CURE that was implemented in Spring 2024 at Amherst College, a small liberal arts college, as part of the NEUR 313: Social Neuroendocrinology course. In the CURE students conducted behavioral and immunohistochemical assays in the fighting fish Betta splendens. Students assessed whether behavioral and neural response differed between fish exposed to social and nonsocial stimuli. The CURE exposed students to a suite of behavioral, wet lab, and data analysis techniques. In addition to completing weekly lab primers, the students’ research efforts culminated in a final written paper and oral presentation where students integrated both mechanistic and eco- evolutionary thinking. The CURE was very positively reviewed by the students, and future iterations of the CURE can be easily modified to fit new research topics that further explore biological questions through a neuroethological lens.",,funjournal.org,
JUNE-23-1-07,2024,23,1,Articles,,article,False,,How to Integrate Neuroethics into a Neuroscience Course – And Drive Student Engagement with Core Concepts,Boyd JL,Boyd,,A,26,34,10.59390/ZBGO4273,https://www.funjournal.org/wp-content/uploads/2024/12/june-23-26.pdf,https://www.funjournal.org/fall-2024-volume-23-issue-1/boyd-june-231a26-a34/,https://www.funjournal.org/2024-volume-23-issue-1/,0,"Students are thinking about ethical, moral, and societal implications of science—as individuals and communities—regardless of whether these topics are part of formal curricula. Ethical questions can arise from broad neuroscientific questions (What is consciousness?), emerging topics (e.g., synthetic biological intelligence), neurotechnologies (e.g., human brain organoids), and respective intersections (Could brain organoids be intelligent or conscious?). As a field of scholarship, the ethics of brain science, or ‘neuroethics’, can help students to situate what they are learning in the classroom within a broader socio-philosophical context that advances critical and ethical reasoning toward future neuroscience research or technologies. I will argue that neuroethics can also enhance student situational interest and cognitive engagement with core neuroscientific concepts that align with core learning objectives. Yet faculty face challenges when incorporating neuroethics topics into courses, which may include, but are not limited to i) lack of disciplinary expertise, ii) time or resource constraints within courses, or iii) the perceived lack of value in formally including ethics instructional content in courses focused on core concepts in neuroscience education. This Opinion article aims to demonstrate how these challenges can be overcome. I describe how the Value Reappraisal Model can be used as a process theory to guide integration of neuroethics into neuroscience curricula. My autoethnographic account of developing and teaching a new course provides a case study for faculty who are interested in creating curricular opportunities for students to engage with ethical issues by fostering deeper learning and appreciation of core concepts in neuroscience.",,funjournal.org,
JUNE-23-1-08,2024,23,1,Media Reviews,AMAZING PAPERS IN NEUROSCIENCE,review,False,,AMAZING PAPERS IN NEUROSCIENCE: Primary Literature for Teaching Neuroimmunology – An Instructor’s Resource,close content main element section close by builder template,close,Chivero ET,R,1,4,10.59390/QLFC4698,https://www.funjournal.org/wp-content/uploads/2024/11/june-23-r1.pdf,https://www.funjournal.org/fall-2024-volume-23-issue-1/chivero-june-231r1-r4/,https://www.funjournal.org/2024-volume-23-issue-1/,0,"Supplementing textbooks with primary literature in teaching neuroscience is a growing practice associated with several positive outcomes, such as increased content knowledge, research and data skills, and critical thinking. This pedagogical approach, however, still needs further development to make it accessible to instructors and valuable to students. This article describes a series of published articles we used in an undergraduate neuroimmunology course. Articles were selected to supplement the teaching of significant principles in the neuroimmunology of disease in neuro-infections, autoimmune diseases, and neurodegenerative diseases. Specifically, articles on multiple sclerosis, experimental autoimmune encephalitis, Herpes Simplex Virus 1, SIV/HIV infections, Alzheimer’s, and Parkinson’s diseases are described, and the pedagogical value of each is enunciated. These sources could be incorporated into a range of undergraduate and graduate courses to introduce several topics and principles of neuroimmunology.",,funjournal.org,
JUNE-23-2-01,2025,23,2,Editorials,EDITOR IN CHIEF,editorial,False,,EDITOR IN CHIEF: A Call to Action,Reynolds ER,Reynolds,,E,20,21,10.59390/AWFZ8889,https://www.funjournal.org/wp-content/uploads/2025/05/june23-e20.pdf,https://www.funjournal.org/volume-23-issue-2-spring-2025/reynolds-june-232e20-21/,https://www.funjournal.org/2024-volume-23-issue-1-2/,0,,,funjournal.org,
JUNE-23-2-02,2025,23,2,Editorials,EDITORIAL,editorial,False,,EDITORIAL: Open Educational Resources for Undergraduate Neuroscience Education,Hutchins JB & Harris A,Hutchins,,E,22,25,10.59390/JDTX8529,https://www.funjournal.org/wp-content/uploads/2025/05/june23-e22.pdf,https://www.funjournal.org/volume-23-issue-2-spring-2025/hutchins-harris-june-232e22-e25/,https://www.funjournal.org/2024-volume-23-issue-1-2/,0,,,funjournal.org,
JUNE-23-2-03,2025,23,2,Articles,,article,False,,A Cross-Course Experiment with a Word Recall Task and Salivary Cortisol Measurements,Ruscio MG & Widholm JJ,Ruscio,,A,35,43,10.59390/XIIC7680,https://www.funjournal.org/wp-content/uploads/2025/05/june-23-a35.pdf,https://www.funjournal.org/volume-23-issue-2-spring-2025/ruscio-widholm-june-232-a35-a43/,https://www.funjournal.org/2024-volume-23-issue-1-2/,0,"We describe the experimental design and procedures for a word recall task in combination with positive (i.e. pleasant) or negative (i.e. unpleasant) valance images and salivary cortisol response. The word recall task was a component of a 200-level psychological statistics and methods course. Two groups of student subjects were presented with one of two sets of 25 word-image pairs: identical words with images of positive or negative emotional valence. Salivary cortisol was collected prior to word-image pair presentation and following word recall. Cortisol was then analyzed in a 400-level advanced behavioral neuroscience laboratory course, and by student researchers (independent studies). These students learned the basic procedures of an enzyme immunoassay including aspects of quality control. Data collected across four semesters demonstrated word recall was significantly greater in subjects who viewed the positive valence word-image pairs. Salivary cortisol was not different between the groups. This paradigm generated a novel shared data set across classes appropriate for exploration and statistical analysis in each class. Conceptually, this approach provided a gateway for the discussion of the neuroendocrinology of cortisol and memory. It produced greater student investment in the experiment and outcome. Assessment data revealed significantly improved performance on a pre- versus post-quiz of central concepts in the 200-level course and to a lesser degree in the 400-level course. This approach resulted in a greater breadth and depth of topics that otherwise could not be accomplished within a single class. Here, we present guidelines for executing this experiment in the classroom with possibilities for novel variations",,funjournal.org,
JUNE-23-2-04,2025,23,2,Articles,,article,False,,Teaching Principles of an Action Potential Using Candy,Surendran S & Fall L,Surendran,,A,44,49,10.59390/KCYI1299,https://www.funjournal.org/wp-content/uploads/2025/05/june-23-a44.pdf,https://www.funjournal.org/volume-23-issue-2-spring-2025/surendran-fall-june-232-a44-a49/,https://www.funjournal.org/2024-volume-23-issue-1-2/,0,"Neurophysiology is crucial but often-intimidating subject for undergraduate students. To address the challenge of “neurophobia” educators have developed myriad techniques to inspire students and enhance their interest in the discipline. We therefore sought employ one such innovation to further engage our students, leveraging students’ familiarity with food to make the abstract concept of the action potential accessible.Seventy-seven Foundation Year students undertook a 60-minute in-person didactic lecture and then a two-hour active learning class using Smarties and Play-Doh to make a detailed model of an action potential and its constituent phases. They were given a post-activity five-point Likert questionnaire with four open-ended questions, and responses were analyzed with a weighted average (〖x̄〗w). Broadly, students enjoyed the playfulness of the activity and agreed that they would like to repeat it. Respondents did not agree that the activity per se motivated them, but they agreed that the activity improved their knowledge of action potentials, felt the format was appropriate to check their knowledge, and felt that it helped identify weaknesses in their understanding. Students felt they were able to connect with their team during the activity, that they learned from their teammates during the activity, and teamwork as a positive was a repeated theme in the open answer questions.Using Smarties to teach action potentials is a fun and effective way to teach neurophysiology and further research is required to determine its impact on student attainment.",,funjournal.org,
JUNE-23-2-05,2025,23,2,Articles,,article,False,,Undergraduate Learning Assistants Using Online Messaging Improves Student Educational Experiences in Large Neuroscience Lecture Course,"Lav NS, Schiefer EJ, Das S, Vancheeswaran N, Ahmad S, Nguyen M, & Nicholas A",Lav,,A,50,55,10.59390/VWEM4773,https://www.funjournal.org/wp-content/uploads/2025/05/june-23-a50-s001.pdf,https://www.funjournal.org/volume-23-issue-2-spring-2025/lav-et-al-june-232-a50-55/,https://www.funjournal.org/2024-volume-23-issue-1-2/,2,"This study investigated the impact of undergraduate learning assistants on students’ educational experiences in large lecture neuroscience courses. These courses were highly structured and incorporated weekly assignments co-developed with undergraduates trained in a Certified Learning Assistants Program (CLAP). We employed four undergraduate learning assistants (LAs) in two large lecture general education neurobiology courses who assisted the instructor in developing targeted homework assignments based on lecture content. Students were encouraged to interact with LAs via email, Canvas, or an online messaging platform. The messaging platform did not include the instructor or graduate student teaching assistant (TA). LAs provided weekly in-person homework assignment introductions and review sessions during lectures. At the end of the course, students answered surveys about their learning experience, communication preferences, and overall sense of belonging. Findings suggest that the incorporation of undergraduate learning assistants improved students’ sense of belonging and confidence in large lecture neuroscience courses. Students were more comfortable asking content questions of LAs in a collaborative group messaging chat without graduate TAs or the Instructor. Group chat communications were preferable to using their course Canvas site or traditional email. Student interest in the course was increased by knowing that the course assignments were generated by the undergraduate LAs. Although students felt that LAs improved their sense of belonging, they were still less comfortable interacting with LAs in person compared to online platforms. In summary, LA involvement provided effective peer support for students and student perspective for the instructor, increasing students’ sense of belonging and interest in course content.",,funjournal.org,
JUNE-23-2-06,2025,23,2,Articles,,article,False,,Using Case Studies from Neurocase to Promote an Understanding of and Appreciation for Behavioral and Forensic Neuroscience,"Flint, Jr. RW, Farnum K, & Rodriguez Steen LA",Flint,,A,56,65,10.59390/GZAT7086,https://www.funjournal.org/wp-content/uploads/2025/06/june-23-a56.pdf,https://www.funjournal.org/volume-23-issue-2-spring-2025/flint-et-al-june-232-a56-65/,https://www.funjournal.org/2024-volume-23-issue-1-2/,0,"Understanding both the content and the relevance of neuroscientific material is often challenging for undergraduate students. To increase student interest in, engagement with, and understanding of neuroscientific material, Forensic Psychology and Psychology majors completed group presentations of case studies selected from the journal Neurocase. Cases were selected to emphasize issues relevant to psychology and forensic psychology. Presentation groups consisted of students with the same major, and students were reassigned to different groups for each presentation, ensuring an opportunity to work with different classmates. Presentations included a summary of the case study, explanation of the connections to neuroscience (i.e., neuroscience content), and a description of the different careers that might be associated with that case. Each group also generated a question used to stimulate discussion of the case study with the class. In addition to the instructor’s assessment, students engaged in self- and peer-grading for each presentation. Demographic and group project questionnaires were administered after the last group project was completed. The project questionnaire consisted of 22 questions, using a Likert scale, and 3 free response questions. Non-parametric one-sample Wilcoxon Signed Ranks tests revealed statistically significant effects for all 22 questions. Students found the work interesting and valuable, reported an increased understanding of the field, its applications, and career relevance, and a facilitation of critical thinking about the material. Students also found the grading rubric and the peer grading process to be an effective means of assessing student involvement and performance",,funjournal.org,
JUNE-23-2-07,2025,23,2,Articles,,article,False,,Long-Term Learning Gains in Students Using Community Based Learning,"Stevens AA, Michael NA, & Radvansky GA",Stevens,,A,66,72,10.59390/NKAY3491,https://www.funjournal.org/wp-content/uploads/2025/05/june-23-a66-s001-.pdf,https://www.funjournal.org/volume-23-issue-2-spring-2025/stevens-et-al-june-232-a66-72/,https://www.funjournal.org/2024-volume-23-issue-1-2/,1,"A significant promise of scientific research is that basic science discoveries lead to innovations that result in positive change for individuals and communities. Considering this, translational communication skills and motivation to engage the general population are critical measures to consider when educating future scientists. A community-based learning (CBL) teaching method has been shown to be effective in developing these skills when used in higher education humanities settings, as students are able to synthesize class information with real-life community problem solving. Despite this evidence, CBL approaches are not generally practiced in STEM classroom settings. To assess the efficacy of CBL within a STEM setting, 90 undergraduate seniors in a Developmental Neuroscience course at the University of Notre Dame from 2017-2019 completed pre/post surveys focusing on four areas: content knowledge, scientific literature literacy, effective communication of scientific literature to the general population, and degree of civic engagement. During the course, students participated in a CBL experience along with regular coursework but were not subject to high-stakes examinations. Ten of 90 alumni completed the same pre/post survey to assess long-term learning gains. Results indicated significant gains in content knowledge, literature literacy, and translational ability between pre-course and post-course conditions, with significant gains maintained over time in the alumni condition. These data make a valuable contribution to both the STEM and CBL literature by demonstrating the long-term efficacy of a CBL approach in a STEM course in the absence of high-stakes examinations, as well as demonstrate long-term learning gains associated with scientific communication skills and dispositions towards civic engagement.",,funjournal.org,
JUNE-23-2-08,2025,23,2,Articles,,article,False,,Call for collaboration: Drafting a concept inventory for assessing neuroscience courses and curriculum,"Gaudier-Diaz MM, Mitchell ME, Parekh SV, & Robertson SD",Gaudier-Diaz,,A,73,81,10.59390/ZNKC2166,https://www.funjournal.org/wp-content/uploads/2025/05/june-23-a73-NCI-s001.pdf,https://www.funjournal.org/volume-23-issue-2-spring-2025/gaudier-diaz-et-al-june-232a73-a81/,https://www.funjournal.org/2024-volume-23-issue-1-2/,1,"Neuroscience draws upon concepts from biology, chemistry, computer sciences, philosophy, physics, and psychology, to study the nervous system. Growth of this field is evidenced by the expansion of neuroscience programs, all of which undergo accreditation to ensure educational quality. Content knowledge is commonly assessed for accreditation, but a standardized instrument measuring neuroscience content knowledge is yet to be developed. To address this gap, we are leveraging the eight neuroscience core concepts identified by Chen and colleagues to design a Neuroscience Concept Inventory (NCI). As a first draft, we generated a 57-multiple choice question tool and distributed among students in an introductory neuroscience course and declared neuroscience majors at a large public R1-institution. Item discrimination scores determining the quality of items ranged from 0.65-0.10, with 48 falling within acceptable range (>0.20). Alpha reliability scores determining reliability of items within a core concept ranged from 0.77-0.51, with 4 falling within acceptable range (>0.70). To exemplify the utility of a NCI, we present an accreditation report case study. Utilizing the NCI draft we demonstrate learning gains in an Introduction to Neuroscience course and among neuroscience majors. Our project sets the groundwork for the continued development of a reliable tool that facilitates content knowledge assessment of neuroscience programs and courses. The interdisciplinary nature and diversity of neuroscience programs present a major challenge to the development of a comprehensive content knowledge tool. Thus, we share this first draft as a call to the neuroscience community to join us to iteratively improve the instrument through collaboration and feedback. Those wishing to collaborate for tool development, please fill out this [Qualtrics Form](https://unc.az1.qualtrics.com/jfe/form/SV_cMSk2mA52XqfqSy)",,funjournal.org,
JUNE-23-2-09,2025,23,2,Articles,,article,False,,Addiction Education in the Undergraduate Space: A Novel Course Connecting Neurobiology of Addiction and Compassion for Individuals with Substance Use Disorder,Newman LC & Swisshelm AT,Newman,,A,82,88,10.59390/IPNN1533,https://www.funjournal.org/wp-content/uploads/2025/05/june-23-a82-s001pdf.pdf,https://www.funjournal.org/volume-23-issue-2-spring-2025/newman-swisshelm-june-232a82-a88/,https://www.funjournal.org/2024-volume-23-issue-1-2/,2,"Substance use disorder (SUD) is a chronic, relapsing disease with medical, psychological, and social complications. Sufficient knowledge of addiction mechanisms and compassion for individuals with SUD are essential for combatting the prevailing stigma associated with substance use and generating efforts for effective treatments. This article describes a unique undergraduate course on addiction where efforts to enhance understanding of the neurobiology of addiction are coordinated with an emphasis on the human element of SUD. Reinforcing the neurobiological details of addiction and their relation to SUD behaviors can humanize addiction and further motivate students to invest in learning these complex details. College students have increased exposure to and opportunities for drug use and face an increased risk of developing a SUD. Substance use among college students can contribute to physical, mental, academic, and social issues. A thorough education on the neurobiological mechanisms of addiction with emphasis on the human element can help students gain a better understanding of what happens in the brain and an appreciation for the disease nature of addiction. Ultimately, this knowledge can benefit students dealing directly or indirectly with SUD and can encourage and equip them to champion for more effective and empathetic approaches for tackling addiction. The impact of this course on student learning and motivation was measured by before and after course surveys. The results demonstrate that students developed a better understanding of addiction as a disease, gained a more compassionate view of individuals with SUD, and were inspired to learn more about how addiction affects the brain.",,funjournal.org,
JUNE-23-2-10,2025,23,2,Articles,,article,False,,Escape from traditional learning: A neuroscience escape room activity for neuroscience education,Munoz J & Boucher L,Munoz,,A,89,94,10.59390/DSQC2202,https://www.funjournal.org/wp-content/uploads/2025/05/june-23-a89-s001.pdf,https://www.funjournal.org/volume-23-issue-2-spring-2025/munoz-boucher-june-232a89-a94/,https://www.funjournal.org/2024-volume-23-issue-1-2/,1,"This paper provides a step-by-step guide to developing a neuroscience themed escape room. We designed the escape room based on our introductory neuroscience learning outcomes which required students to remember key concepts while working together both as a group and individually to solve six neuroscience-themed challenges. Data include time to escape, as well as the results of a post-event survey that had individual students rate the value of the activity, their own personal effort, and their perceptions of instructor contribution. We found that students enjoyed this activity and that the amount of personal effort put in by the student was correlated with how fast they solved the six challenges in our escape room. We conclude that the escape room is a low cost, high impact event that can motivate student learning of neuroscience and promote retention.",,funjournal.org,
JUNE-23-2-11,2025,23,2,Articles,,article,False,,Biopsychology Lab: COMT Genotype Associations with Vagal Tone and Frontal Alpha Asymmetry,"Smith BL, Dunham JE, Sweeney BM, Dearing C, Shepherd RH, & Bardgett ME",Smith,,A,95,103,10.59390/SMML6995,https://www.funjournal.org/wp-content/uploads/2025/05/june-23-a95.pdf,https://www.funjournal.org/volume-23-issue-2-spring-2025/smith-et-al-june-232a95-a103/,https://www.funjournal.org/2024-volume-23-issue-1-2/,0,,,funjournal.org,
JUNE-24-1-01,2025,24,1,Articles,,article,False,,A Model for Statewide Educational Outreach to Undergraduates: Implications From a Neuropsychology Outreach Program,"Lynn Schaefer, Hilary Bertisch",Schaefer,,,,,10.59390/001c.146553,,https://junejournal.scholasticahq.com/article/146553-a-model-for-statewide-educational-outreach-to-undergraduates-implications-from-a-neuropsychology-outreach-program,,0,"Clinical neuropsychology is a specialty of psychology that is closely related to neuroscience in that it assesses cognitive and functional brain-behavior relationships across a range of clinical diagnoses. As with many other related disciplines including neuroscience, educational outreach to students about clinical neuropsychology to increase vocational interest is essential to the field. This manuscript examines the feasibility of implementing one statewide educational outreach program for undergraduate students to learn about the specialty of clinical neuropsychology as a possible career path. The current program was developed by the authors of this manuscript, both of whom are clinical neuropsychologists and co-lead a committee for student outreach within a state organization which represents such professionals. As students in metropolitan areas are more likely to have exposure to neuropsychology, the emphasis of our program has been on outreach to university psychology and neuroscience departments, especially in more rural and geographically underrepresented areas of our state. The process of this outreach, the content of the presentations conducted through this program, and descriptive feedback from participants based on qualitative survey data (2023-2025) is presented. Based on the response and successful engagement rate from the colleges and universities that we have outreached, we have determined that our model offers a feasible means to conduct education about possible careers in neuropsychology to undergraduate students statewide. Practical recommendations for neuroscientists, psychologists, and other such professionals interested in initiating and implementing their own outreach programs within their specialties are also provided.",Outreach; statewide; underrepresented areas; neuropsychology; undergraduate,CrossRef (Scholastica),
JUNE-24-1-02,2025,24,1,Articles,,article,False,,A Novel Practical Session to Teach Concepts of Allometric Scaling of Brain Structures to Undergraduate Students Using Vertebrate Brains,"Christopher Cammies, Kelly Cavaciuti, Stephen H. Montgomery",Cammies,,,,,10.59390/001c.154559,,https://junejournal.scholasticahq.com/article/154559-a-novel-practical-session-to-teach-concepts-of-allometric-scaling-of-brain-structures-to-undergraduate-students-using-vertebrate-brains,,0,"Scaling relationships are central to interpreting patterns of morphological variation in brain composition. However, allometric scaling can be a difficult concept for students to understand, requiring the integration of evolutionary biology with mathematical relationships. The differential scaling of brain components over evolutionary time is particularly complex. The challenges associated with these concepts are further compounded by the lack of practical activities to allow students to explore these concepts in a neuroscience context. In this study, we present a novel practical session to teach these ideas to second year biology and zoology undergraduate students by combining traditional sheep and pig brain dissections with accessible staining techniques, and imaging using freely available software, that together enable allometric scaling relationships among brain components to be visualised and analysed in both an intraspecific and interspecific manner. Objectively, our data shows a statistically significant improvement (p=&lt;0.0001) in performance on questions related to the scaling concepts following the practical session. Subjectively, 93% of students wanted the lecturer to continue teaching this practical (with 0% of students against it being reused in future), with 89% believing the practical had increased their interest in studying neuroscience. Most students believed the practical had improved their understanding of the concepts and enhanced their ability to critically analyse literature on the topic of allometric scaling and brain anatomy. Students’ perceptions of the practical were positive with the average rating of perceived learning 8.11 out of 10 (where 10 is an excellent learning experience and 1 is a terrible learning experience). Aside from minor technical suggestions, the main improvements suggested by students were that they wished they had more time for the practical.",retina; critical thinking; anatomy; brains; allometric scaling; lab activity,CrossRef (Scholastica),
JUNE-24-1-03,2025,24,1,Media Review,,review,False,,AMAZING PAPERS in NEUROSCIENCE: Teaching Neurodevelopment Through the Discovery of Adult Neurogenesis,Ryan Cunningham,Cunningham,,,,,10.59390/001c.154518,,https://junejournal.scholasticahq.com/article/154518-amazing-papers-in-neuroscience-teaching-neurodevelopment-through-the-discovery-of-adult-neurogenesis,,0,"Neurogenesis is a critical process in neurodevelopment, contributing to the formation and function of the central nervous system (CNS). Historically, neurogenesis was thought to occur only during embryonic development. However, Eriksson et al. (1998) conducted the first study to confirm neurogenic regions within the adult human brain, using postmortem brain tissue to establish the presence of adult neurogenesis. This study identified adult neurogenesis to be present specifically within the dentate gyrus of the hippocampus, marking a groundbreaking advancement in neurodevelopmental research. The findings from this study highlight the significance of adult neurogenesis, which is now implicated in learning, memory, and in the understanding of neurological disorders such as Alzheimer’s Disease. Integrating this study into undergraduate education introduces students to a pivotal moment in the history of neurodevelopmental research, highlighting its lasting impact on adult neurogenesis research. The study’s manageable length, use of immunofluorescent techniques, and relevance to both basic and clinical neuroscience make it an ideal resource for undergraduate education. Students can develop their skills in critical thinking, scientific literacy, and appreciation of methodological innovation in neuroscience — all while learning and deepening their understanding of the importance of neurodevelopment.",Adult Neurogenesis; Neurodevelopment; Hippocampus; Dentate Gyrus; Progenitor Cells; Neuroplasticity; Amazing Papers,CrossRef (Scholastica),
JUNE-24-1-04,2025,24,1,Articles,,article,False,,An Advanced Undergraduate Laboratory Course: Calcium Imaging and Data Analysis – a Mini Graduate Research Experience,"Hua Bai, Zhuo Fu, Lina Ni",Bai,,,,,10.59390/001c.154223,,https://junejournal.scholasticahq.com/article/154223-an-advanced-undergraduate-laboratory-course-calcium-imaging-and-data-analysis-a-mini-graduate-research-experience,,0,"Calcium imaging has become a powerful and widely used technique to visualize and measure neural activity in real time, offering valuable insights into complex behaviors, neural networks, and brain function. However, implementing calcium imaging in undergraduate laboratories is challenging due to the need for specialized microscopy and advanced computational skills for data analysis. To help undergraduate students grasp the principles and analytical methods of calcium imaging through hands-on experience, we designed and taught a semester-long course. The course is structured around four key components, which reflect essential elements of graduate research training. (1) AI-assisted literature review helps students understand the fundamental principles of calcium imaging, its analytical methods, and relevant background information. (2) Calcium imaging demonstration provides students with hands-on exposure to calcium imaging procedures in a research setting. (3) Calcium imaging analysis introduces students using Python to analyze real research calcium imaging datasets. (4) Poster presentation allows students to present their findings and strengthen their scientific communication skills. The pedagogical goals of this course are to enhance students’ understanding of calcium imaging and its analytic methods while strengthening their abilities to read scientific literature and effectively communicate their research. Progress toward these goals is assessed through multiple approaches, including chalk talks, written assignments, code-based data analyses, and poster presentations. In addition, this course mirrors real research process to help students explore potential career paths in science.",calcium imaging; calcium imaging analysis; python; ImageJ; TrackMate; lab activity,CrossRef (Scholastica),
JUNE-24-1-05,2025,24,1,Media Review,,review,False,,Beyond the Brain Song: Can Music Help Us Teach Undergraduate Neuroscience? A Review of From Perception to Pleasure: The Neuroscience of Music and Why We Love It,"Lincoln G. Craton, John G. McCoy",Craton,,,,,10.59390/001c.154550,,https://junejournal.scholasticahq.com/article/154550-beyond-the-brain-song-can-music-help-us-teach-undergraduate-neuroscience-a-review-of-_from-perception-to-pleasure-the-neuroscience-of-music-and-why,,0,,music; book review; perception,CrossRef (Scholastica),
JUNE-24-1-06,2025,24,1,Articles,,article,False,,"Effect of Neutral and Negative Images on Galvanic Skin Response: An Activity for Courses in Forensic, Affective, and Behavioral Neuroscience","Robert W. Flint, Shania Jagda",Flint,,,,,10.59390/001c.154524,,https://junejournal.scholasticahq.com/article/154524-effect-of-neutral-and-negative-images-on-galvanic-skin-response-an-activity-for-courses-in-forensic-affective-and-behavioral-neuroscience,,0,"The galvanic skin response (GSR) has provided important scientific insight in a wide range of contexts and has been used in neuroscience research for many decades. It is important for undergraduate students to understand this versatile technique and its application in areas such as Affective, Behavioral, and Forensic Neuroscience. Participants in this study viewed a slideshow containing negative and neutral images selected from the RADIATE and IAPS databases after being connected to a small portable GSR biofeedback monitor. Images were presented for 7-sec on a computer screen followed by a 20-sec blank screen. Each participant’s highest GSR response during the 7-sec image presentation was recorded. Participants provided a valence rating, using a 5-point Likert scale, immediately after each image was presented. The mean GSR for images rated as negative was significantly higher than the mean GSR for images rated as neutral. Results were discussed with the class prior to the completion of demographic and activity effectiveness questionnaires. All responses were significant on the activity effectiveness questionnaire. Participants reported a better understanding of the use of GSR in neuroscience, considered this activity a valuable experience, and recommended its use in future classes.",galvanic skin response (GSR); stress; arousal; forensic neuroscience; affective neuroscience; behavioral neuroscience; classroom activity,CrossRef (Scholastica),
JUNE-24-1-07,2025,24,1,Articles,,article,False,,Exploring the Impact of Online Education on Scientific Presentation Skills in Women Neuroscience Students,"Stacey B. B. Dutton, Jennifer Larimore",Dutton,,,,,10.59390/001c.155318,,https://junejournal.scholasticahq.com/article/155318-exploring-the-impact-of-online-education-on-scientific-presentation-skills-in-women-neuroscience-students,,0,"Pedagogical shifts to online learning during the COVID-19 pandemic impacted learning outcomes for STEM students. Many courses have remained online after the pandemic, making it essential to assess the effectiveness of these practices on student skill development. While prior research has examined engagement, confidence, and self-efficacy, less is known about how online learning affects oral scientific communication skills. This study analyzed 23 undergraduate women enrolled in an upper-level neuroscience course at a women’s liberal arts college during Fall 2020. Using a pre/post format, we assessed students’ growth across three areas: (1) reading and analyzing primary neuroscience articles, (2) designing neuroscience-based experiments, and (3) developing and delivering oral scientific presentations. Assessments included weekly written article analyses and two oral presentations, evaluated with a rubric that measured experimental design, presentation slide quality, and oral communication. Results demonstrated significant improvement in students’ ability to critique scientific literature and construct professional presentation slides. In contrast, rubric scores for oral presentation performance showed no statistically significant gains, though this may reflect a ceiling effect, as most students scored at or near the rubric maximum in the pre-assessment. Taken together, these findings suggest that online learning environments can effectively support analytical and written aspects of science communication, while further refinement of assessment tools is needed to determine their impact on oral communication growth.",women in STEM; neuroscience education; remote learning; science communication; undergraduate students,CrossRef (Scholastica),
JUNE-24-1-08,2025,24,1,Articles,,article,False,,Investigating the Neural Control of Social Behavior in Drosophila melanogaster Using a Low-Cost Optogenetics System,"Eric D. Hoopfer, Aaron Heidgerken-Greene",Hoopfer,,,,,10.59390/001c.147378,,https://junejournal.scholasticahq.com/article/147378-investigating-the-neural-control-of-social-behavior-in-_drosophila-melanogaster_-using-a-low-cost-optogenetics-system,,0,"Optogenetics offers a powerful tool for students to explore how neural circuits generate behavior. Here we introduce a lab module using Drosophila to help students understand the principles of optogenetics through the study of social behaviors such as aggression and courtship. In this activity, students used the red-shifted opsin CsChrimson to activate P1 neurons—key regulators of male courtship and aggression. They observed that P1 activation elicits courtship in the absence of appropriate sensory cues and induces a persistent internal state that enhances aggression or courtship depending on social context, illustrating how a single neuronal population can regulate opponent behaviors and internal states. We implemented this module using FlyRig, an inexpensive, modular, open-source system we developed that provides precise light stimulation and synchronized video recordings suitable for automated tracking and classification tools. This lab module introduces students to the principles of optogenetics, experimental design, and quantitative behavior analysis, and provides a framework for exploring the neural basis of social behaviors and the internal states that drive them. Assessment of student experiences supports the utility of this lab activity in enhancing understanding of conceptual and experimental methods for studying neural control of behavior with optogenetics, as well as the usability of the FlyRig system for behavioral experiments.",optogenetics; Drosophila; social behavior; aggression; courtship,CrossRef (Scholastica),
JUNE-24-1-09,2025,24,1,Articles,,article,False,,Mindset Variations Among Undergraduate Neuroscience Students,"Jade A. Jones, Patrick R. Harrison, Bryant L. Hutson, Sabrina D. Robertson",Jones,,,,,10.59390/001c.154215,,https://junejournal.scholasticahq.com/article/154215-mindset-variations-among-undergraduate-neuroscience-students,,0,"Growth mindset, the belief that intelligence is malleable, is linked to academic success and resilience, particularly in STEM disciplines. Prior research suggests that students from historically excluded groups (defined by race, gender, and generation status) often exhibit weaker growth mindsets in STEM before interventions are introduced, primarily due to systemic barriers and heightened stress. We used a quantitative and qualitative approach to assess undergraduate students’ mindsets and compared mindsets across demographic groups. Most mindset studies focus on introductory STEM courses in higher education or K-12 populations. To our knowledge, our study is the first to explore mindsets in an undergraduate neuroscience context. Our findings challenge previous research, revealing that most neuroscience students display growth mindsets without intervention. Notably, growth mindset ratings were significantly higher among students who self-identified as belonging to racial and ethnic minority groups such as PEERs (Persons Excluded because of their Ethnicity or Race). These results highlight the need for further exploration of mindset across diverse demographics, particularly within the context of neuroscience education, as existing research largely focuses on disciplines such as biology, chemistry, mathematics, and physics.",growth mindset; fixed mindset; neuroscience education; equity in STEM; historically excluded groups; undergraduate students,CrossRef (Scholastica),
JUNE-24-1-10,2025,24,1,Editorial and Opinion,,editorial,False,,SfN 2025 Report: JUNE and FUN Faculty Awards,"Yuan Yuan Kang, Elaine R Reynolds, Jacqueline K Rose",Kang,,,,,10.59390/001c.154876,,https://junejournal.scholasticahq.com/article/154876-sfn-2025-report-june-and-fun-faculty-awards,,0,,editorial; sfn; faculty awards,CrossRef (Scholastica),
JUNE-24-1-11,2025,24,1,Articles,,article,False,,The Simplified BrainTower and Pipe Cleaners: Model Building as a Learning Tool in Neuroscience,"Andrew J Doherty, Joanna L Howarth",Doherty,,,,,10.59390/001c.153902,,https://junejournal.scholasticahq.com/article/153902-the-simplified-braintower-and-pipe-cleaners-model-building-as-a-learning-tool-in-neuroscience,,0,"Models have a long history of use in helping students to understand the three-dimensional organisation of biological structures. This is particularly true of neuroanatomical teaching where it is often difficult to distinguish grey and white matter in the fixed prosections often used in dissection rooms. A model system designed to help medical students understand the anatomy of the ascending and descending white matter tracts through the brain and spinal cord had the opposite effect: it made the task of learning these tracts more difficult. The model was complex and difficult for students to engage with. The aim of this study was to introduce a simplified version of this modelling system that was interactive and intuitive, to enable students to build a model in a single workshop session and to assess how the modeling activity impacted on students’ learning. Students were asked to build a model of either the anterolateral/spinothalamic tracts (ALS), the dorsal column/medial lemniscus tract (DCML) or the corticospinal tracts (CST) using pipe-cleaners to represent the route of the pathway, including the number of neurons. We found that students were easily able to build a representation of one of these tracts and that they could answer questions on the structure and function of the tract they built significantly better than similar questions related to the other tracts. This enhancement in knowledge was maintained through to end of unit exams eleven weeks after the modelling activity, demonstrating that actively building a model contributes to deep rather than superficial learning.",model; neuroanatomy; ascending tracts; descending tracts; anterolateral; spinothalamic; corticospinal; dorsal column; Simplified BrainTower,CrossRef (Scholastica),
JUNE-24-1-12,2025,24,1,Articles,,article,False,,Undergraduate Student Experience and Motivation Influence Perceived Benefits of Participation in Community Outreach,"Jason Martin, Davis Reina-Guerra, Leslie Stone-Roy",Martin,,,,,10.59390/001c.146556,,https://junejournal.scholasticahq.com/article/146556-undergraduate-student-experience-and-motivation-influence-perceived-benefits-of-participation-in-community-outreach,,0,"Community outreach benefits undergraduate students by providing opportunities to deepen content knowledge, practice teaching, develop a sense of scientific authority, and enhance communication skills. To evaluate whether students with varying academic levels or prior teaching experience differ in their motivations for volunteering and perceived benefits from Brain Awareness Week (BAW) outreach, we administered entry and exit surveys to undergraduate volunteers. The surveys included quantitative and qualitative questions to assess demographics, motivations, and prior outreach and teaching experience. Factor analysis of motivation items identified three constructs: career development, communication training, and STEM advocacy. Most students reported volunteering because they valued community outreach, enjoyed neuroscience, and/or wanted to enhance their resume / CV or applications. Lower-level students (freshmen and sophomores) were more motivated by career development ( p = 0.014, d = 0.68) and reported greater need for communication training ( p = 0.011, d = 0.69) compared to upper-level students. STEM advocacy scores were significantly higher among students with prior teaching experience, regardless of academic level ( p = 0.001, d = 0.84). Exit surveys indicated that career development was positively correlated with increased confidence in approaching faculty ( r = 0.58, p = 0.006) and communicating with diverse audiences ( r = 0.56, p = 0.005). These findings align with established literature on the benefits of outreach and support tailoring recruitment and training strategies based on students’ prior experience to enhance both engagement and educational outcomes.",Brain Awareness Week; volunteer motivation; academic experience; teaching experience; education; high school; outreach,CrossRef (Scholastica),
JUNE-24-2-01,2026,24,2,Articles,,article,False,,An Inquiry-Based Lab Exercise Investigating Student Cortisol Responses to Giving a Graded In-Class Presentation,Nicole M. Baran,Baran,,,,,10.59390/001c.157973,,https://junejournal.scholasticahq.com/article/157973-an-inquiry-based-lab-exercise-investigating-student-cortisol-responses-to-giving-a-graded-in-class-presentation,,0,"Inquiry-based lab exercises have been shown to enhance student scientific skills and confidence, increase inclusivity for underrepresented populations, and improve persistence in science. Here I share the results and learning outcomes of an inquiry-based laboratory project investigating salivary cortisol responses to psychosocial stressors in an upper-level Comparative Neuroendocrinology course at a small liberal arts college. In this experiment, students collected saliva samples from themselves during a normal lab day (baseline) and then 10 minutes after giving a graded, in-person presentation on a scientific journal article. We used a short, student-generated survey to measure self-reported anxiety levels, feelings about public speaking, and current workload. In a subsequent lab exercise, students performed a simulated enzyme-linked immunosorbent assay (ELISA) which was designed to illustrate important concepts in ELISA design including the usage of the standard curve and the importance of proper controls. I then provided students with their own anonymized data and collaborated with them to carry out the statistical analysis of the class dataset. The students collectively found that the experience of giving a graded presentation significantly increased salivary cortisol concentrations compared to baseline and that the increase in cortisol is positively associated with students’ self-reported experience of stress in response to public speaking. The multiple lab exercises culminated in a summative assignment to design a clear scientific poster sharing the results. The project led to extremely high student motivation and provided students with hands-on experience using foundational neuroendocrinological methods—as both the researcher and the subject.",neuroendocrinology; cortisol; stress; psychosocial stressors; lab activity; inquiry-based,CrossRef (Scholastica),
JUNE-24-2-02,2026,24,2,Articles,,article,False,,Comparative Investigations of the Neurophysiological Mechanisms of Escape Behavior: A Course-based Undergraduate Research Experience,"Eric R. Wengert, Roshan A. Jain",Wengert,,,,,10.59390/001c.160661,,https://junejournal.scholasticahq.com/article/160661-comparative-investigations-of-the-neurophysiological-mechanisms-of-escape-behavior-a-course-based-undergraduate-research-experience,,0,"Incorporating authentic research into undergraduate neurobiology courses significantly enhances student learning and builds the foundation for rigorous neuroscience training. These course-based undergraduate research experiences (CUREs) are high impact: they foster the skills of scientific inquiry, logical reasoning, scientific writing and communication, increase academic performance, and lead to a greater sense of belonging in STEM. Yet, the use of modern neurophysiological recording methodologies followed by rigorous analysis using computational tools remains relatively uncommon within undergraduate neuroscience curricula. In this article, we describe our recent development and implementation of a novel semester-long undergraduate course ( Advanced Laboratory in Neurobiology, Haverford College) in which students experimentally compare the neurophysiological mechanisms of escape behavior of crickets and zebrafish through pharmacological intervention, extracellular recordings, and in vivo calcium imaging. Students gained mastery in hands-on scientific skills for implementing the two recording approaches and also generated their own custom-written MATLAB scripts for data analysis of both the electrophysiological and calcium imaging raw data. To foster other scientific skills throughout the course, students maintained a digital laboratory notebook, wrote and submitted a project proposal resembling a fellowship grant application, participated in a journal club discussion, and communicated their scientific findings in a final oral presentation. End-of-semester survey data indicate that our course resulted in significant growth in conceptual understanding of neurophysiological principles and skill development using scientific approaches including rigorous analysis using computational tools. Overall, this comparative neurobiology CURE represents a strong and versatile platform on which students can engage neurophysiological and computational approaches as a component of their neuroscience education.",Mauthner cells; zebrafish; MATLAB; Course-based Undergraduate Research Experience; CURE; escape behavior; neuropharmacology; neurophysiology; giant interneurons; calcium imaging,CrossRef (Scholastica),
JUNE-24-2-03,2026,24,2,Articles,,article,False,,"Creative, Socially-Minded Communication Project on Neurodivergences Increases Self-Reported Content Knowledge, Collaboration Skills, and Personal Allyship","G. Daniel Holmes, Deborah E. Bauer, Sharon M. H. Gobes",Holmes,,,,,10.59390/001c.162900,,https://junejournal.scholasticahq.com/article/162900-creative-socially-minded-communication-project-on-neurodivergences-increases-self-reported-content-knowledge-collaboration-skills-and-personal-ally,,0,"Science communication, social consciousness, and collaboration are all essential for ethical, public-minded science. This zine-based communication project presents an opportunity for students to engage in authentic communication whilst developing their social, neurological, and justice-oriented understandings of neurodivergences. The project employed hands-on, team-based learning; generative writing-to-learn and writing-to-teach methodologies, augmented by the inclusion of artistic design; and authentic purpose and audience engagement. The success of the project was evaluated through self-assessment surveys, which students completed prior to and following the conclusion of the project. Combined quantitative and qualitative analysis of these surveys demonstrates that students made significant gains in knowledge of both the neurological and social aspects of neurodivergences across multiple domains. Students reported increases in depth of knowledge, as well as development of personal allyship, communication skills, and collaboration ability. The Zine Project may be implemented in undergraduate courses to support students in gaining these critical skills.",neurodiversity; science communication; outreach; student-centered pedagogy; culturally relevant pedagogy; authentic learning project,CrossRef (Scholastica),
JUNE-24-2-04,2026,24,2,Articles,,article,False,,Fostering Belonging Through Introducing Diverse Scientists in Undergraduate Neuroscience Lectures,Katharine V. Northcutt,Northcutt,,,,,10.59390/001c.161078,,https://junejournal.scholasticahq.com/article/161078-fostering-belonging-through-introducing-diverse-scientists-in-undergraduate-neuroscience-lectures,,0,"Fostering a sense of belonging in the scientific community is one way to increase the retention of students who belong to groups that have been historically excluded in STEM. In the past several years, I have attempted this in my undergraduate Neurobiology course by introducing students to several neuroscientists with each topic we cover. For each scientist, I spend 2-5 minutes total giving biographical information, introducing an example of the type of research they do, and explaining how their research is related to the lecture topic. The neuroscientists I have included are diverse in racial/ethnic background, gender identity, nationality, sexual orientation, disabilities/abilities, career trajectory, and career stage. Based on an anonymous survey, students overwhelmingly appreciated this aspect of lectures, reported that they are more interested in course material, and were more aware of career options in neuroscience. Students belonging to a group that has been historically under-represented in the sciences were particularly likely to report that they felt more represented in science. Fifty-three percent reported that they are more likely to pursue a career related to neuroscience because of this component of the course. Students said that “meeting” neuroscientists helped them not only realize the diversity of neuroscientists themselves but also the diversity of sub-fields within neuroscience. They also felt more empowered to get involved in research because I included examples of scientists in earlier career stages, such as graduate students, that were more relatable. This is an easy way to make a course more inclusive and can be used in a wide variety of course formats and sizes. It is not time intensive, complements existing course topics, and has a positive impact on students’ classroom experience.",diversity; lecture; neuroscientists; belonging; representation,CrossRef (Scholastica),
JUNE-24-2-05,2026,24,2,Articles,,article,False,,MacGyver Neuroscience: Cost-Effective Laboratory Exercises for Pre-Health Education,Patrick Foo,Foo,,,,,10.59390/001c.161862,,https://junejournal.scholasticahq.com/article/161862-macgyver-neuroscience-cost-effective-laboratory-exercises-for-pre-health-education,,0,"Developing effective Pre-Health curricula can be a challenge at primarily undergraduate institutions (PUIs). Limited course offerings, tight budgets, heterogeneous student populations, and ambitious learning outcomes pose challenges that will not likely diminish in the near future. Here we present a series of laboratory exercises embedded into a Neuroscience Minor program that are designed to introduce undergraduates to basic surgical skills, safety protocols, mammalian neuroanatomy, and endoscopic techniques. These low-cost laboratory activities can effectively illustrate applications of Neuroscience knowledge in various health care professions.",neuroscience pedagogy; neuroanatomy; medical education; virtual simulations; introductory courses; neuroscience minor,CrossRef (Scholastica),
JUNE-24-2-06,2026,24,2,Articles,,article,False,,Spinal Cord Anatomy for Visually Impaired Students: The Development of 3D-Printed Educational Models,"Roberto G. F. Ferreira, Gabrielle G. Garcia, Mariana A.P.C.S.G. Fischer, Daylane M. Maia, Luciana M. Miranda, Karinne C. Lopes, Edgar B.B. Galvão, Cláudio T. Mesquita",Ferreira,,,,,10.59390/001c.163854,,https://junejournal.scholasticahq.com/article/163854-spinal-cord-anatomy-for-visually-impaired-students-the-development-of-3d-printed-educational-models,,0,"Traditional neuroanatomy education heavily relies on visual perception, creating a significant barrier for visually impaired students. This report describes the development and initial application of tactile 3D-printed models designed to make spinal cord anatomy and neuronal morphology accessible. Using a workflow of digital reconstruction from classical anatomical references followed by Fused Deposition Modeling (FDM) 3D printing, we produced scaled-up, high-relief models of multipolar and bipolar neurons, spinal nerve formation, and distinct spinal cord segments. The models were printed with polylactic acid (PLA) and thermoplastic polyurethane (TPU) to enhance durability and tactile discrimination of delicate structures like nerve rootlets. A pilot evaluation with three blind students demonstrated that the models successfully translated abstract microscopic concepts into concrete, comprehensible objects, enabling the distinction of anatomical features that were previously indistinguishable in cadaveric specimens. Qualitative feedback provided insights into optimal scale, the effectiveness of high-relief modeling for spatial understanding, and the challenges of textural stimulation. Importantly, these tools also proved to be valuable cognitive aids for sighted learners, indicating their universal teaching potential. In summary, these reproducible 3D-printed models are a potential tool for inclusive education, offering an equitable and multisensory learning experience that benefits all students in grasping the complex three-dimensional organization of the human nervous system.",3D printing; inclusive education; spinal cord anatomy; visually-impaired students; neuroanatomy,CrossRef (Scholastica),
JUNE-24-2-07,2026,24,2,Articles,,article,False,,Transforming a Large-Enrollment Neuroscience Course With Active Learning: Using AI-Based Text Analysis to Capture What Traditional Evaluations Miss,"Mariana Teles, Erin Clabough, Taylor Byron",Teles,,,,,10.59390/001c.163545,,https://junejournal.scholasticahq.com/article/163545-transforming-a-large-enrollment-neuroscience-course-with-active-learning-using-ai-based-text-analysis-to-capture-what-traditional-evaluations-miss,,0,"Large-enrollment undergraduate neuroscience courses often rely on traditional lecture formats that limit student engagement with complex material. This study describes the redesign of a large-enrollment neuroscience course into a hybrid active learning format combining asynchronous online lectures with weekly small-group in-person sessions. To evaluate the impact of this redesign, we analyzed 547 open-ended student comments from 232 students across two semesters (one traditional lecture, one active learning) using zero-shot classification (an approach that uses a pre-trained language model to categorize text into researcher-defined themes), via an open-source large language model (BART), and compared these findings with Likert-scale questions. The active learning format produced significant improvements in students’ perceived learning experience and engagement, gains that were not visible in the Likert-scale data. This discrepancy highlights the limitations of Likert-scale evaluation tools for capturing the nuanced benefits of pedagogical innovations in large classrooms. We provide a practical framework neuroscience educators can adopt to redesign large courses and assess their impact using accessible AI tools, without requiring specialized technical expertise.",active learning; student feedback analysis; large enrollment courses,CrossRef (Scholastica),
JUNE-24-2-08,2026,24,2,Articles,,article,False,,Use of a Smartphone-Based App in an Online Behavioral Neuroscience Lab Course,Beatrice de Oca,de Oca,,,,,10.59390/001c.163102,,https://junejournal.scholasticahq.com/article/163102-use-of-a-smartphone-based-app-in-an-online-behavioral-neuroscience-lab-course,,0,"Course-based research can promote the development of scientific skills and improve understanding of the scientific method. However, these types of inquiry-based research experiences can be challenging to implement with online courses. I therefore designed a course-based undergraduate research experience suitable for an asynchronous online lab course in Biopsychology. Students in two online courses in Behavioral Neuroscience proposed and completed a study using a smartphone-based app that measures heart rate variability (HRV). Students developed background context on HRV as an index of parasympathetic nervous system activity. Then, students proposed an experiment to examine the effectiveness of a stress reduction intervention. Students measured HRV and subjective mood and stress before and after the intervention. Students summarized their project outcomes in a presentation. Student feedback regarding their engagement throughout the project was positive. In terms of student learning, students increased their agreement with statements reflecting mastery of one course learning outcome from the start to the end of the course. They also reported that the research project, including use of the HRV measurement app, was on average very important in learning about each of the learning outcomes. This project allows students in asynchronous online biopsychology courses to benefit from inquiry-based research.",inquiry-based learning; online education; biopsychology; lab activity; behavioral neuroscience,CrossRef (Scholastica),
JUNE-24-2-09,2026,24,2,Articles,,article,False,,“I Can Code”: An Innovative Workshop Introducing Students to Coding in the Context of Neuroscience Research,"Luca Iemi, Melissa Wright, Kara Pham, Anamaria Alexandrescu",Iemi,,,,,10.59390/001c.160812,,https://junejournal.scholasticahq.com/article/160812-i-can-code-an-innovative-workshop-introducing-students-to-coding-in-the-context-of-neuroscience-research,,0,"Learning to code and teaching it present distinct challenges for both students and instructors. This paper describes a workshop designed to help instructors introduce coding to neuroscience undergraduates and to help students get started with coding. The workshop integrates learning within a neuroscience context: instead of using abstract examples, students apply coding directly to real data from a published neuroscience research paper. The workshop was delivered as a brief (2–3-hour) session embedded within a required undergraduate neuroscience laboratory course. Survey data showed the workshop significantly enhanced students’ learning experience, boosting enjoyment, confidence, self-rated coding ability, and perceived usefulness. These findings suggest that the workshop can enhance students’ motivation, leading to better engagement and learning outcomes. We propose that this model of contextualized learning could help overcome current barriers in computational education for neuroscience.",coding; programming; workshop; data analysis; contextualized learning; computational education; coding attitudes; student engagement; student confidence,CrossRef (Scholastica),
JUNE-05-2-14,2007,5,2,Editorials,,editorial,False,,The Society for Neuroscience and the Undergraduate,AE Stuart,Stuart,,E,12,13,,,https://pubmed.ncbi.nlm.nih.gov/23495312/,https://www.funjournal.org/2007-volume-5-issue-2/,0,,,added by hand,
