item_id,year_label,volume,issue,era,item_type,is_fun_workshop,title,main_topic,main_topic_name,score_topic_0,score_topic_1,score_topic_2,score_topic_3,score_topic_4,score_topic_5,score_topic_6,score_topic_7,score_topic_8,score_topic_9,score_topic_10,score_topic_11,score_topic_12,score_topic_13,score_topic_14
JUNE-01-1-02,2002,1,1,Vol 1–5 (2002–2007),article,False,The Emergence of Non-Match-to-Sample Behavior in the Developing Rat Pup,1,Topic 1,0.0,0.1069,0.0007,0.0,0.0095,0.0,0.0,0.0,0.0,0.0,0.0034,0.0,0.0,0.0,0.0393
JUNE-01-1-03,2002,1,1,Vol 1–5 (2002–2007),article,False,And The Winner Is: Inviting Hollywood into the Neuroscience Classroom,12,Topic 12,0.0424,0.0279,0.0172,0.0007,0.0083,0.0227,0.0,0.0,0.014,0.0,0.0,0.0,0.059,0.0,0.0
JUNE-01-1-04,2002,1,1,Vol 1–5 (2002–2007),article,False,Exploring Neurogenesis in Crustaceans,6,Topic 6,0.0085,0.0395,0.0324,0.0,0.0051,0.0318,0.076,0.0,0.0039,0.0015,0.0251,0.0097,0.0,0.0564,0.0328
JUNE-01-1-05,2002,1,1,Vol 1–5 (2002–2007),article,False,Action Potentials in a Giant Algal Cell: A Comparative Approach to Mechanisms and Evolution of Excitability,6,Topic 6,0.0,0.0,0.0,0.0,0.0,0.0,0.3094,0.0,0.0,0.0,0.0,0.0,0.0,0.0,0.0
JUNE-01-2-03,2003,1,2,Vol 1–5 (2002–2007),article,False,Teaching Neuroscience at a Religious Institution: Pedagogical Models for Handling Neuroscience and Theology,10,Topic 10,0.0,0.0163,0.0052,0.0,0.0605,0.0,0.0,0.0,0.005,0.0,0.2171,0.015,0.0,0.0273,0.0
JUNE-01-2-04,2003,1,2,Vol 1–5 (2002–2007),article,False,Testing the Relationship Between Levels of Endogenous Testosterone and Physiological Responses to Facial Expressions in Men: An Experiment Conducted by Students in an Undergraduate Behavioral Neuroscience Class,1,Topic 1,0.0,0.1569,0.0,0.0,0.0,0.0,0.0422,0.0009,0.0,0.0,0.0128,0.0,0.0,0.0,0.005
JUNE-01-2-05,2003,1,2,Vol 1–5 (2002–2007),article,False,Integrated Undergraduate Research Experience for the Study of Brain Injury,1,Topic 1,0.0154,0.1468,0.0,0.1278,0.0,0.0,0.0,0.0067,0.0049,0.0509,0.0,0.0,0.0245,0.0,0.0
JUNE-01-2-06,2003,1,2,Vol 1–5 (2002–2007),article,False,Mentoring Undergraduate Students in Neuroscience Research: A Model System at Baldwin-Wallace College,1,Topic 1,0.0083,0.1219,0.0073,0.0,0.0755,0.0,0.0,0.0415,0.0237,0.0049,0.0645,0.0616,0.0,0.0,0.0
JUNE-02-1-02,2003,2,1,Vol 1–5 (2002–2007),article,False,"Experimental Methods in Neuroscience: An Undergraduate Neuroscience Laboratory Course for Teaching Ethical Issues, Laboratory Techniques, Experimental Design, and Analysis",1,Topic 1,0.022,0.285,0.0,0.0132,0.0,0.0,0.0,0.0,0.0,0.0,0.0,0.0044,0.0,0.0,0.0
JUNE-02-1-03,2003,2,1,Vol 1–5 (2002–2007),article,False,An Online Multimedia Resource in Behavioral Neuroscience,5,Topic 5,0.0,0.0,0.0,0.0,0.0,0.296,0.0,0.0057,0.0011,0.0213,0.0,0.0,0.0,0.0488,0.0
JUNE-02-1-04,2003,2,1,Vol 1–5 (2002–2007),article,False,An Online Lab Manual for Neurophysiology,5,Topic 5,0.0,0.0,0.0,0.0,0.0,0.3233,0.0389,0.0,0.0,0.0,0.0,0.0,0.0,0.0,0.0
JUNE-02-1-05,2003,2,1,Vol 1–5 (2002–2007),article,False,Evaluation of an Undergraduate Neuroscience Research Program at the University of Kentucky,11,Topic 11,0.0,0.0,0.0,0.0,0.0379,0.0052,0.0,0.0156,0.0,0.0,0.0542,0.2553,0.0,0.0,0.0
JUNE-02-1-06,2003,2,1,Vol 1–5 (2002–2007),article,False,Sex Differences and Organizational Effects of Androgen in Spinal Cord Motor Nuclei,13,Topic 13,0.0,0.0492,0.0,0.0064,0.0022,0.0396,0.0,0.0,0.0,0.0363,0.0,0.0,0.0,0.0746,0.0335
JUNE-02-2-03,2004,2,2,Vol 1–5 (2002–2007),article,False,Technical Note: Distributing Digital Video to Multiple Computers,5,Topic 5,0.0,0.0,0.0,0.0031,0.0,0.1517,0.0073,0.0,0.0156,0.0,0.0,0.0,0.0,0.0461,0.0025
JUNE-02-2-04,2004,2,2,Vol 1–5 (2002–2007),article,False,Ultrasonic Courtship Vocalizations of Adult Male Mice: A Laboratory Exercise Illustrating Comparable Activation by either Estradiol or Testosterone,9,Topic 9,0.0,0.0092,0.0,0.0643,0.0,0.0,0.0,0.0081,0.0,0.1773,0.0,0.0,0.0,0.0,0.0435
JUNE-02-2-05,2004,2,2,Vol 1–5 (2002–2007),article,False,Measuring Salivary Cortisol in the Behavioral Neuroscience Laboratory,1,Topic 1,0.0,0.1916,0.0,0.0,0.0,0.0,0.0,0.0,0.0452,0.0,0.0,0.0,0.0,0.0079,0.0157
JUNE-02-2-06,2004,2,2,Vol 1–5 (2002–2007),article,False,"Northeast Under/graduate Organization for Neuroscience, A Regional Neuroscience Meeting for Undergraduates, Graduate Students, and Faculty",11,Topic 11,0.0129,0.0,0.0,0.0,0.0535,0.0,0.0021,0.0,0.0041,0.0,0.0,0.2198,0.0,0.0,0.0
JUNE-03-1-02,2004,3,1,Vol 1–5 (2002–2007),article,False,An Inexpensive Alternative to Commercial Infrared Sensors,1,Topic 1,0.0,0.0757,0.0,0.0,0.0,0.0,0.0108,0.0,0.0257,0.0,0.0,0.0,0.0,0.0,0.0075
JUNE-03-1-03,2004,3,1,Vol 1–5 (2002–2007),article,False,Reconstructing the Paradigm: Teaching Across the Disciplines,10,Topic 10,0.0442,0.0,0.0048,0.0493,0.0,0.0,0.0,0.0,0.0,0.0,0.1628,0.0309,0.0,0.0,0.0
JUNE-03-1-04,2004,3,1,Vol 1–5 (2002–2007),article,False,"Emotional Arousal, Blood Glucose Levels, and Memory Modulation: Three Laboratory Exercises in Cognitive Neuroscience",1,Topic 1,0.0,0.1038,0.0098,0.0,0.0022,0.0,0.0,0.0,0.0754,0.0532,0.0026,0.0025,0.0,0.0268,0.0
JUNE-03-1-05,2004,3,1,Vol 1–5 (2002–2007),article,False,Tools for Physiology Labs: Inexpensive Equipment for Physiological Stimulation,1,Topic 1,0.0,0.0571,0.0008,0.0,0.0103,0.0054,0.0441,0.0119,0.0545,0.0144,0.0,0.0,0.0,0.0406,0.0147
JUNE-03-1-06,2004,3,1,Vol 1–5 (2002–2007),article,False,Allegheny College Hosts Neuroscience and Humanities Summer Institute,4,Topic 4,0.0,0.0,0.0,0.0115,0.1224,0.0011,0.0,0.0,0.0,0.007,0.0856,0.0,0.0,0.0,0.0
JUNE-03-1-07,2004,3,1,Vol 1–5 (2002–2007),article,False,Helping Students Get Into Graduate School,11,Topic 11,0.0,0.0,0.0,0.0,0.0,0.0,0.0117,0.0319,0.0,0.0,0.0,0.2691,0.0,0.0,0.0
JUNE-03-2-03,2005,3,2,Vol 1–5 (2002–2007),article,False,A Laboratory Exercise Demonstrating the Limited Circumstances in which the Cerebral Cortex is Engaged in Over Ground Locomotion,9,Topic 9,0.0036,0.0,0.0083,0.0,0.0133,0.0089,0.013,0.0055,0.0004,0.0985,0.0,0.0039,0.014,0.0785,0.0234
JUNE-03-2-04,2005,3,2,Vol 1–5 (2002–2007),article,False,The Clinical Neuroscience Course: Viewing Mental Health from Neurobiological Perspectives,10,Topic 10,0.0,0.0278,0.0139,0.0076,0.0,0.0046,0.0001,0.0128,0.0,0.0064,0.0975,0.0106,0.0,0.009,0.0
JUNE-03-2-05,2005,3,2,Vol 1–5 (2002–2007),article,False,Promoting Information Competency in Biological Psychology,13,Topic 13,0.0373,0.0133,0.0208,0.0,0.0042,0.0,0.0,0.0044,0.0,0.0131,0.0379,0.0343,0.0266,0.0526,0.0
JUNE-03-2-06,2005,3,2,Vol 1–5 (2002–2007),article,False,Use of the Herb Gymnema sylvestre to Illustrate the Principles of Gustatory Sensation: An Undergraduate Neuroscience Laboratory Exercise,9,Topic 9,0.0189,0.0,0.0,0.0,0.0,0.0,0.0,0.0,0.0,0.4145,0.0,0.0,0.0,0.0,0.0
JUNE-03-2-07,2005,3,2,Vol 1–5 (2002–2007),article,False,Column Chromatography Analysis of Brain Tissue: An Advanced Laboratory Exercise for Neuroscience Majors,1,Topic 1,0.0053,0.175,0.0039,0.1005,0.0,0.0,0.0055,0.0031,0.0075,0.0406,0.0,0.0,0.0,0.0,0.0
JUNE-04-1-04,2005,4,1,Vol 1–5 (2002–2007),article,False,A Rationale and Outline for an Undergraduate Course on the Philosophy and History of Science for Life Science Students,10,Topic 10,0.0,0.0,0.0,0.0,0.0,0.0,0.0145,0.0,0.0,0.0008,0.3438,0.0,0.0,0.0,0.0124
JUNE-04-1-05,2005,4,1,Vol 1–5 (2002–2007),article,False,Demonstrating the Temperature Sensitivity of Synaptic Transmission in a Drosophila Mutant,14,Topic 14,0.0,0.0,0.0,0.0,0.0,0.0,0.0463,0.0,0.0,0.0,0.0,0.0,0.0049,0.0,0.2266
JUNE-04-1-06,2005,4,1,Vol 1–5 (2002–2007),article,False,ols for Physiology Labs: An Inexpensive Means of Temperature Control,14,Topic 14,0.0,0.0067,0.0025,0.0,0.0002,0.0,0.0404,0.0,0.0121,0.0127,0.0,0.0,0.0,0.0202,0.0821
JUNE-04-1-07,2005,4,1,Vol 1–5 (2002–2007),article,False,An Investigative Laboratory Exercise Examining the Cell Signaling and Regulatory Properties of Neurons in the Regenerating Forelimbs of the Axolotl Ambystoma mexicanum,9,Topic 9,0.0,0.0554,0.0,0.0,0.0015,0.0,0.0443,0.0,0.0,0.1093,0.0042,0.01,0.0,0.0365,0.0383
JUNE-04-1-08,2005,4,1,Vol 1–5 (2002–2007),article,False,Get the Rhythm: Modeling Neuronal Activity,13,Topic 13,0.0,0.0,0.006,0.0094,0.0,0.0,0.1261,0.0,0.0,0.0,0.0,0.0,0.0,0.2943,0.0
JUNE-04-1-09,2005,4,1,Vol 1–5 (2002–2007),article,False,Writing to Learn: An Evaluation of the Calibrated Peer Review™ Program in Two Neuroscience Courses,0,Topic 0,0.1238,0.0,0.0,0.0,0.0071,0.0071,0.0,0.0,0.0,0.0066,0.0,0.0,0.0215,0.0,0.0
JUNE-04-2-04,2006,4,2,Vol 1–5 (2002–2007),article,False,Teaching Basic Principles of Neuroscience with Computer Simulations,13,Topic 13,0.0,0.0,0.0,0.0,0.0,0.0,0.0658,0.0014,0.0,0.0,0.0,0.0029,0.0145,0.3464,0.0465
JUNE-04-2-05,2006,4,2,Vol 1–5 (2002–2007),article,False,Responses to Sounds in the Central Auditory System of the Frog: An Advanced Electrophysiology Laboratory in Sensory Processing,6,Topic 6,0.0,0.016,0.0,0.0,0.0,0.0,0.1578,0.0,0.0091,0.0914,0.0115,0.0,0.0,0.0,0.0
JUNE-04-2-06,2006,4,2,Vol 1–5 (2002–2007),article,False,An Undergraduate Course on Publishing in Neuroscience,0,Topic 0,0.0897,0.0,0.0,0.0,0.0048,0.0625,0.0,0.0,0.0,0.0,0.0,0.0,0.0,0.0,0.0
JUNE-04-2-07,2006,4,2,Vol 1–5 (2002–2007),article,False,Using Extracellular Single-unit Electrophysiological Data as a Substrate for Investigative Laboratory Exercises,1,Topic 1,0.0,0.1299,0.01,0.0596,0.0,0.0019,0.0434,0.0,0.0044,0.0,0.0682,0.0007,0.0,0.0091,0.0
JUNE-04-2-08,2006,4,2,Vol 1–5 (2002–2007),article,False,MATLAB-based Simulation of Whole-Cell and Single-Channel Currents,13,Topic 13,0.0,0.0342,0.0,0.0268,0.0,0.0033,0.0848,0.0,0.0,0.0,0.0,0.0108,0.0,0.1475,0.0
JUNE-05-1-03,2006,5,1,Vol 1–5 (2002–2007),article,False,Functional Magnetic Resonance Imaging (fMRI): A Brief Exercise for an Undergraduate Laboratory Course,9,Topic 9,0.0174,0.044,0.0,0.0397,0.0075,0.021,0.0,0.0163,0.1166,0.1399,0.0,0.007,0.0,0.0,0.0
JUNE-05-1-04,2006,5,1,Vol 1–5 (2002–2007),article,False,Collaborative Research in Teaching: Collaboration between Laboratory Courses at Neighboring Institutions,1,Topic 1,0.0324,0.2177,0.0,0.0045,0.0113,0.0,0.0,0.0175,0.0,0.0,0.013,0.0358,0.0,0.0,0.0
JUNE-05-1-05,2006,5,1,Vol 1–5 (2002–2007),article,False,"Cultivation of an Interdisciplinary, Research-Based Neuroscience Minor at Hope College",10,Topic 10,0.0,0.0089,0.0,0.0,0.0376,0.0,0.0,0.0126,0.0,0.0,0.2404,0.0,0.0,0.0,0.0
JUNE-05-1-06,2006,5,1,Vol 1–5 (2002–2007),article,False,Using Biographies to Illustrate the Intrapersonal and Interpersonal Dynamics of Science,10,Topic 10,0.0,0.0,0.0,0.0032,0.0,0.0,0.0,0.0069,0.0,0.0,0.2491,0.0,0.0,0.0,0.0
JUNE-05-2-06,2007,5,2,Vol 1–5 (2002–2007),article,False,Teaching About the Brain and Reaching the Community: Undergraduates in the Pipeline Neuroscience Program at the University of Pennsylvania,7,Topic 7,0.0,0.0,0.0114,0.0042,0.0,0.0,0.0,0.3493,0.0,0.0,0.0,0.0106,0.0,0.0,0.0
JUNE-05-2-07,2007,5,2,Vol 1–5 (2002–2007),article,False,Methods for Handling Missing Data in the Behavioral Neurosciences: Don’t Throw the Baby Rat out with the Bath Water,1,Topic 1,0.0,0.2116,0.0611,0.0697,0.0,0.0,0.0,0.0,0.0,0.0,0.0,0.0031,0.0,0.0,0.0
JUNE-05-2-08,2007,5,2,Vol 1–5 (2002–2007),article,False,The Use of Case Studies in Teaching Undergraduate Neuroscience,2,Topic 2,0.0,0.0,0.4241,0.0,0.0057,0.0,0.0,0.0,0.007,0.0442,0.0,0.0,0.0,0.0,0.0
JUNE-05-2-09,2007,5,2,Vol 1–5 (2002–2007),article,False,An Undergraduate Neuroscience Seminar Based on the Annual Meeting of the Society for Neuroscience,11,Topic 11,0.0421,0.0023,0.0011,0.0022,0.0431,0.027,0.0011,0.0,0.0026,0.0034,0.0083,0.0849,0.0069,0.0,0.0
JUNE-05-2-10,2007,5,2,Vol 1–5 (2002–2007),article,False,"IFEL TOUR: A Description of the Introduction to FUN Electrophysiology Labs Workshop at Bowdoin College, July 27-30, and the Resultant Faculty Learning Community",4,Topic 4,0.0,0.0059,0.0,0.0,0.266,0.0,0.0114,0.0655,0.0,0.0,0.0,0.0,0.0,0.0,0.0
JUNE-05-2-11,2007,5,2,Vol 1–5 (2002–2007),article,False,Use of the Pyrithiamine-Induced Thiamine Deficient Animal Model of Korskoff’s Syndrome for Exploratory Research Activities in Undergraduate Physiological Psychology,1,Topic 1,0.0,0.176,0.0062,0.0,0.0,0.0,0.0,0.0284,0.0,0.0,0.0,0.0,0.0523,0.0436,0.0
JUNE-05-2-12,2007,5,2,Vol 1–5 (2002–2007),article,False,Utility and Versatility of Extracellar Recordings from the Cockroach for Neurophysiological Instruction and Demonstration,6,Topic 6,0.0,0.0,0.0,0.0067,0.0,0.0182,0.1902,0.0,0.0,0.0509,0.0112,0.0,0.0,0.0568,0.0
JUNE-06-1-04,2007,6,1,Vol 6–10 (2007–2012),article,False,DataView: A Tutorial Tool for Data Analysis. Template-based Spike Sorting and Frequency Analysis.,1,Topic 1,0.0,0.1184,0.0,0.0669,0.0,0.0001,0.0297,0.0,0.0301,0.0,0.0,0.0,0.0,0.0112,0.0
JUNE-06-1-05,2007,6,1,Vol 6–10 (2007–2012),article,False,"Novel in silico Method for Teaching Cytoarchitecture, Cellular Diversity, and Gene Expression in the Mammalian Brain",3,Topic 3,0.0,0.0,0.0057,0.2852,0.0,0.0068,0.0,0.0,0.0,0.0135,0.0,0.0543,0.0,0.0,0.0299
JUNE-06-1-06,2007,6,1,Vol 6–10 (2007–2012),article,False,Technical Note: Construction of a Simple Suction Electrode for Extracellular Recording and Stimulation,6,Topic 6,0.0,0.0,0.0,0.0,0.0,0.0,0.3176,0.0,0.0082,0.0,0.0,0.0,0.0,0.0,0.0
JUNE-06-1-07,2007,6,1,Vol 6–10 (2007–2012),article,False,NorthEast Under/graduate Research Organization for Neuroscience (NEURON): Our Third New York City Meeting,11,Topic 11,0.0019,0.0,0.0,0.0,0.0585,0.0,0.0015,0.0,0.0,0.007,0.0,0.1893,0.0,0.0,0.0
JUNE-06-1-08,2007,6,1,Vol 6–10 (2007–2012),article,False,Dual Format Course Design: Neuroanatomy and Neurophysiology for Adult Learners,5,Topic 5,0.0,0.0,0.0428,0.0136,0.0,0.3947,0.0,0.0,0.0,0.0,0.0,0.0,0.0141,0.0,0.0
JUNE-06-2-02,2008,6,2,Vol 6–10 (2007–2012),article,False,Undergraduate Neuroscience Education: Blueprints for the 21st Century,4,Topic 4,0.0,0.0,0.0254,0.0,0.1436,0.0,0.0,0.0,0.0,0.0,0.141,0.0047,0.0,0.0,0.0
JUNE-06-2-03,2008,6,2,Vol 6–10 (2007–2012),article,False,Using a Paradigm Shift to Teach Neurobiology and the Nature of Science—a C.R.E.A.T.E.-based Approach,13,Topic 13,0.0,0.0435,0.0063,0.0128,0.0,0.0,0.0009,0.0,0.0,0.0,0.1249,0.0,0.0,0.1387,0.0102
JUNE-06-2-04,2008,6,2,Vol 6–10 (2007–2012),article,False,Demonstrating Cerebral Vascular Networks: A Comparison of Methods for the Teaching Laboratory,1,Topic 1,0.0,0.0563,0.0147,0.0381,0.0,0.0408,0.0,0.0,0.026,0.0339,0.0,0.0061,0.0202,0.0352,0.0136
JUNE-06-2-05,2008,6,2,Vol 6–10 (2007–2012),article,False,Crayfish Aggression and the Androgenic Gland in a Behavior Lab for Non-Majors,14,Topic 14,0.0,0.0098,0.0,0.0,0.0,0.0602,0.017,0.0129,0.0,0.0608,0.017,0.0,0.0024,0.0,0.0626
JUNE-06-2-06,2008,6,2,Vol 6–10 (2007–2012),article,False,Effective Use of Computer Simulations in an Introductory Neuroscience Laboratory,13,Topic 13,0.0,0.0505,0.0,0.0,0.0057,0.0039,0.0,0.0,0.0332,0.0,0.0202,0.0,0.0615,0.146,0.0
JUNE-06-2-07,2008,6,2,Vol 6–10 (2007–2012),article,False,Online Multimedia Teaching Tool for Parkinson’s Disease,5,Topic 5,0.0,0.0,0.0686,0.0,0.0,0.3217,0.0,0.0,0.0,0.017,0.0321,0.0,0.0022,0.0,0.0
JUNE-06-2-08,2008,6,2,Vol 6–10 (2007–2012),article,False,Adapting the Learning-Cycle to Enrich Undergraduate Neuroscience Education for All Students,10,Topic 10,0.0,0.0649,0.0,0.0,0.0,0.0104,0.0,0.0113,0.0051,0.0,0.1361,0.0,0.0758,0.0431,0.0
JUNE-07-1-02,2008,7,1,Vol 6–10 (2007–2012),article,False,SWIMMY: Free Software for Teaching Neurophysiology of Neuronal Circuits,13,Topic 13,0.0,0.0,0.0,0.0,0.0,0.1221,0.0079,0.0,0.0032,0.0422,0.0,0.0,0.0277,0.2584,0.0274
JUNE-07-1-03,2008,7,1,Vol 6–10 (2007–2012),article,False,The Digital Microscope: A Tool for Teaching Laboratory Skills in Distance Learning Courses,1,Topic 1,0.0012,0.1334,0.0,0.0546,0.0,0.0736,0.0032,0.0085,0.0098,0.0,0.0059,0.0156,0.011,0.0066,0.0
JUNE-07-1-04,2008,7,1,Vol 6–10 (2007–2012),article,False,Experiencing Visuo-Motor Plasticity by Prism Adaptation in a Classroom Setting,9,Topic 9,0.0,0.0063,0.0089,0.0,0.0,0.0,0.0097,0.0,0.0083,0.0637,0.0,0.0,0.0125,0.0602,0.0151
JUNE-07-1-05,2008,7,1,Vol 6–10 (2007–2012),article,False,Virtual EEG: A Software-Based Electroencephalogram Designed for Undergraduate Neuroscience-Related Courses,8,Topic 8,0.0,0.0,0.0058,0.0364,0.0,0.0006,0.0172,0.0,0.4385,0.0,0.0,0.0,0.0,0.0,0.0
JUNE-07-1-06,2008,7,1,Vol 6–10 (2007–2012),article,False,"A Laboratory Exercise for a College-Level, Introductory Neuroscience Course Demonstrating Effects of Housing Environment on Anxiety and Psychostimulant Sensitivity",1,Topic 1,0.0,0.1611,0.0,0.0,0.0,0.0023,0.0,0.0067,0.0,0.149,0.0,0.0,0.0,0.0,0.0185
JUNE-07-1-07,2008,7,1,Vol 6–10 (2007–2012),article,False,"Constructing Inexpensive, Flexible, and Versatile Microdialysis Probes in an Undergraduate Microdialysis Research Lab",1,Topic 1,0.0009,0.07,0.0,0.0,0.0,0.0537,0.0,0.0,0.0147,0.0008,0.0057,0.0193,0.0153,0.0043,0.0112
JUNE-07-2-04,2009,7,2,Vol 6–10 (2007–2012),article,False,The Flatworm Planaria as a Toxicology and Behavioral Pharmacology Animal Model in Undergraduate Research Experiences,1,Topic 1,0.0,0.1616,0.0044,0.0,0.0,0.0,0.0,0.0,0.0,0.0,0.0,0.0,0.0094,0.0021,0.0195
JUNE-07-2-05,2009,7,2,Vol 6–10 (2007–2012),article,False,Every Cell Counts: An Inquiry-Based Approach to Address a Novel Research Question in an Undergraduate Neuroscience Lab,1,Topic 1,0.0134,0.0888,0.0,0.0257,0.0,0.0417,0.0,0.0106,0.0,0.0,0.0108,0.0,0.0611,0.0,0.0
JUNE-07-2-06,2009,7,2,Vol 6–10 (2007–2012),article,False,Northeast Under/graduate Research Organization for Neuroscience (NEURON): Our Thirteenth Conference for Neuroscience Trainees and Educators,11,Topic 11,0.0,0.0,0.0006,0.0,0.0,0.0,0.0,0.0161,0.0,0.0,0.0,0.2444,0.0,0.0211,0.0105
JUNE-07-2-07,2009,7,2,Vol 6–10 (2007–2012),article,False,Successful Integration of Interactive Neuroscience Simulations into a Non-Laboratory Sensation & Perception Course,13,Topic 13,0.0,0.0466,0.0,0.0,0.0034,0.0126,0.0,0.0295,0.0161,0.0738,0.057,0.0113,0.0527,0.0974,0.0
JUNE-07-2-08,2009,7,2,Vol 6–10 (2007–2012),article,False,"Interactive Methods for Teaching Action Potentials, an Example of Teaching Innovation from Neuroscience Postdoctoral Fellows in the Fellowships in Research and Science Teaching (FIRST) Program",11,Topic 11,0.0,0.0,0.0,0.002,0.0256,0.0114,0.1169,0.0,0.01,0.0,0.1036,0.1247,0.0,0.0,0.0
JUNE-07-2-09,2009,7,2,Vol 6–10 (2007–2012),article,False,The Student Surgeon: A Behavioral Neuroendocrinology Laboratory Exercise in Rats,1,Topic 1,0.0,0.2378,0.0,0.0,0.0021,0.0,0.0,0.0,0.0,0.0449,0.0,0.0,0.0,0.0,0.0163
JUNE-08-1-01,2009,8,1,Vol 6–10 (2007–2012),article,True,"Introduction to Papers from the FUN 2008 Macalester Workshops Proceedings of the 2008 Faculty for Undergraduate Neuroscience Workshops at Macalester College, St. Paul, MN, July 17 to July 20, 2008",4,Topic 4,0.0,0.0,0.0,0.0,0.1912,0.0,0.0,0.0,0.0,0.0,0.0,0.0,0.0,0.0,0.0
JUNE-08-1-02,2009,8,1,Vol 6–10 (2007–2012),article,True,Jeanne Narum: A Lifetime of Achievement,11,Topic 11,0.0,0.0,0.0037,0.0,0.0,0.0,0.0,0.0,0.0,0.0,0.0,0.0145,0.0,0.0,0.0
JUNE-08-1-03,2009,8,1,Vol 6–10 (2007–2012),article,True,"Sex, Gender, and the Brain: A Non-Majors Course Linking Neuroscience and Women’s Studies",2,Topic 2,0.0536,0.027,0.1139,0.0589,0.0,0.0082,0.0,0.0033,0.0,0.0021,0.0084,0.0,0.0,0.0,0.001
JUNE-08-1-04,2009,8,1,Vol 6–10 (2007–2012),article,True,Vision and Art: An Interdisciplinary Approach to Neuroscience Education,10,Topic 10,0.0,0.0226,0.0035,0.0,0.0,0.0,0.0089,0.0265,0.0222,0.0139,0.1619,0.0003,0.0311,0.0682,0.0
JUNE-08-1-05,2009,8,1,Vol 6–10 (2007–2012),article,True,Building Neural Networks Within the Academy: Connecting Neuroscience to Other Disciplines,10,Topic 10,0.0,0.0,0.0,0.0,0.0,0.0,0.0,0.0,0.0,0.0,0.1628,0.0057,0.0,0.0972,0.0
JUNE-08-1-06,2009,8,1,Vol 6–10 (2007–2012),article,True,A Self-Study Tutorial using the Allen Brain Explorer and Brain Atlas to Teach Concepts of Mammalian Neuroanatomy and Brain Function,3,Topic 3,0.0,0.0,0.0,0.4682,0.0,0.0,0.0,0.0,0.0,0.0,0.0,0.0,0.0,0.0,0.0
JUNE-08-1-07,2009,8,1,Vol 6–10 (2007–2012),article,True,Modular Digital Course in Undergraduate Neuroscience Education (MDCUNE): A Website Offering Free Digital Tools for Neuroscience Educators,13,Topic 13,0.0,0.004,0.0,0.0198,0.0682,0.1049,0.0,0.0,0.0,0.0,0.0,0.0,0.0,0.1405,0.0548
JUNE-08-1-08,2009,8,1,Vol 6–10 (2007–2012),article,True,Teaching Neurophysiology to Undergraduates using Neurons in Action,6,Topic 6,0.0021,0.0,0.0,0.0,0.0,0.018,0.2374,0.0,0.0,0.0,0.0,0.0,0.0,0.0901,0.0
JUNE-08-1-09,2009,8,1,Vol 6–10 (2007–2012),article,True,Developing a Project-Oriented Introduction to Neuroscience Lab at Hope College,1,Topic 1,0.0719,0.0947,0.0,0.0108,0.0,0.0441,0.0,0.0112,0.0,0.0,0.0629,0.0,0.0,0.0,0.0365
JUNE-08-1-10,2009,8,1,Vol 6–10 (2007–2012),article,True,Teaching Laboratory Neuroscience at Bowdoin: The Laboratory Instructor Perspective,1,Topic 1,0.0,0.1351,0.0,0.0,0.0447,0.0046,0.0,0.0119,0.0039,0.0084,0.0669,0.0,0.0125,0.0018,0.04
JUNE-08-1-11,2009,8,1,Vol 6–10 (2007–2012),article,True,"g-PRIME: A Free, Windows Based Data Acquisition and Event Analysis Software Package for Physiology in Classrooms and Research Labs",1,Topic 1,0.0,0.1028,0.005,0.0289,0.0,0.0,0.0175,0.0,0.046,0.0,0.0,0.0,0.0,0.0631,0.0
JUNE-08-1-12,2009,8,1,Vol 6–10 (2007–2012),article,True,Teaching Undergraduate Neuroscience in the Digital Age,5,Topic 5,0.0,0.0,0.0,0.0381,0.0249,0.103,0.0,0.0,0.0003,0.0,0.0,0.0123,0.0041,0.0137,0.0006
JUNE-08-1-13,2009,8,1,Vol 6–10 (2007–2012),article,True,Higher Education and the Society for Neuroscience: a website proposal that helped catalyze a change in policy.,4,Topic 4,0.0047,0.0,0.0,0.0192,0.0712,0.02,0.0009,0.0,0.0,0.0,0.0,0.0314,0.0037,0.0,0.0
JUNE-08-1-14,2009,8,1,Vol 6–10 (2007–2012),article,True,Brain Awareness Week and Beyond: Encouraging the Next Generation,7,Topic 7,0.0023,0.0,0.0,0.1205,0.0914,0.0,0.0,0.1477,0.0,0.0,0.0576,0.0,0.0,0.0,0.0
JUNE-08-1-15,2009,8,1,Vol 6–10 (2007–2012),article,True,New(er) Kids on the Block – Voices of Junior FUN Faculty,4,Topic 4,0.0104,0.0,0.0,0.0,0.225,0.0,0.0,0.0,0.0,0.0,0.0,0.0,0.0158,0.0,0.0
JUNE-08-1-16,2009,8,1,Vol 6–10 (2007–2012),article,True,SOMAS-URM: The Evolution of a Mentoring and Summer Research Program,4,Topic 4,0.009,0.0,0.0,0.0,0.2262,0.0,0.0,0.0082,0.0,0.0,0.0,0.1035,0.0,0.0,0.0
JUNE-08-1-17,2009,8,1,Vol 6–10 (2007–2012),article,True,Facilities Planning for the Neuroscience Curriculum at a Primarily Undergraduate Institution: St. Olaf College’s Regents Hall of Natural and Mathematical Sciences,10,Topic 10,0.0,0.013,0.0,0.0,0.0178,0.0,0.0,0.0,0.0123,0.0,0.1767,0.0,0.0,0.0,0.0
JUNE-08-1-18,2009,8,1,Vol 6–10 (2007–2012),article,True,"The Journal of Undergraduate Neuroscience Education: History, Challenges, and Future Developments",4,Topic 4,0.0071,0.0,0.0086,0.0,0.1755,0.015,0.0,0.0,0.0,0.007,0.0,0.0,0.0,0.0,0.0
JUNE-08-1-19,2009,8,1,Vol 6–10 (2007–2012),article,True,Establishing a New Paradigm for Diversity: A Case for Restructuring the Academic Training Environment,11,Topic 11,0.0,0.0,0.1671,0.0,0.0,0.0,0.0,0.0,0.0,0.0,0.0,0.1746,0.0,0.0,0.0
JUNE-08-2-03,2010,8,2,Vol 6–10 (2007–2012),article,False,Laboratory Class Project: Using a Cichlid Fish display Tank to Teach Students about Complex Behavioral Systems,1,Topic 1,0.0007,0.1039,0.0,0.0023,0.0,0.0,0.0,0.0033,0.0,0.0077,0.0392,0.0019,0.0105,0.0,0.0079
JUNE-08-2-04,2010,8,2,Vol 6–10 (2007–2012),article,False,Narratives and Neurons: Stories of Damaged Brains,2,Topic 2,0.0214,0.0005,0.2131,0.0,0.0378,0.0,0.0,0.0,0.0027,0.0,0.0697,0.0056,0.0,0.0063,0.0084
JUNE-08-2-05,2010,8,2,Vol 6–10 (2007–2012),article,False,Undergraduate Neuroscience Faculty: Results from a Survey of Faculty for Undergraduate Neuroscience Members,4,Topic 4,0.0,0.0,0.0,0.0,0.2503,0.0,0.0,0.0,0.0115,0.0072,0.0,0.0238,0.0,0.0,0.0
JUNE-08-2-06,2010,8,2,Vol 6–10 (2007–2012),article,False,FUN Survey 2009,4,Topic 4,0.0,0.0,0.0,0.0,0.2312,0.0,0.0,0.0,0.0,0.0,0.0,0.0,0.0,0.0,0.0
JUNE-08-2-07,2010,8,2,Vol 6–10 (2007–2012),article,False,Exploration of Gerontogenes in the Nervous System: A Multi-Level Neurogenomics Laboratory Module for an Intermediate Neuroscience and Behavior Course,14,Topic 14,0.0,0.0891,0.0,0.0,0.0,0.0,0.0,0.0,0.0,0.0,0.0226,0.0,0.0,0.0,0.1944
JUNE-08-2-08,2010,8,2,Vol 6–10 (2007–2012),article,False,Demonstrations of Neural Network Computations Involving Students,13,Topic 13,0.0019,0.0,0.0,0.0043,0.0,0.0,0.0,0.0,0.0224,0.0,0.0,0.0,0.0,0.3556,0.0
JUNE-08-2-09,2010,8,2,Vol 6–10 (2007–2012),article,False,Social Neuroscience at the College of Saint Rose: The Art of Team Teaching in Emerging Areas of Psychological Science,10,Topic 10,0.0,0.0,0.0,0.0,0.0013,0.0,0.0,0.0441,0.0007,0.0,0.1526,0.0,0.0,0.0,0.0339
JUNE-09-1-03,2010,9,1,Vol 6–10 (2007–2012),article,False,Benefits of a Professional Training Year for Undergraduates on a Neuroscience Degree Scheme,11,Topic 11,0.0101,0.0,0.0,0.0,0.0006,0.0028,0.0,0.0,0.0022,0.0005,0.011,0.114,0.0262,0.0025,0.0
JUNE-09-1-04,2010,9,1,Vol 6–10 (2007–2012),article,False,Using Neurogenetics and the Warmth-Gated Ion Channel TRPA1 to Study the Neural Basis of Behavior in Drosophila,14,Topic 14,0.0,0.0,0.0158,0.0173,0.0,0.0,0.0084,0.0,0.0012,0.0,0.0,0.0,0.0,0.0618,0.313
JUNE-09-1-05,2010,9,1,Vol 6–10 (2007–2012),article,False,A Visually-Induced Eyelid Droop Illusion as a Classroom Demonstration of Cross-Modality,9,Topic 9,0.0,0.0,0.0005,0.0312,0.0,0.0079,0.0,0.0135,0.0006,0.1085,0.0405,0.0,0.0254,0.0679,0.0
JUNE-09-1-06,2010,9,1,Vol 6–10 (2007–2012),article,False,Teaching Basic Neurophysiology Using Intact Earthworms,6,Topic 6,0.0005,0.0455,0.0007,0.0,0.0,0.0152,0.2527,0.0034,0.0,0.0,0.0009,0.0027,0.0,0.0,0.0
JUNE-09-1-07,2010,9,1,Vol 6–10 (2007–2012),article,False,Meeting the Challenge of Preparing Undergraduates for Careers in Cognitive Neuroscience,8,Topic 8,0.0047,0.0,0.0001,0.0,0.0,0.0,0.0,0.0186,0.3258,0.0,0.0,0.0099,0.0,0.0,0.0
JUNE-09-1-08,2010,9,1,Vol 6–10 (2007–2012),article,False,Dissection of the Hippocampus Proper and the Associated Structures in Preserved Horse Brains,3,Topic 3,0.0,0.0,0.0113,0.1451,0.0,0.0,0.0,0.0,0.0,0.0088,0.0,0.0,0.0116,0.0,0.0
JUNE-09-1-09,2010,9,1,Vol 6–10 (2007–2012),article,False,Exploring the Complexities of Experimental Design: Using an On-line Reaction Time Program,1,Topic 1,0.0158,0.1047,0.0,0.0,0.0,0.0,0.0,0.0,0.0,0.0,0.0902,0.0,0.0032,0.0023,0.0
JUNE-09-1-10,2010,9,1,Vol 6–10 (2007–2012),article,False,Design and Construction of a Two-Temperature Preference Behavioral Assay,14,Topic 14,0.0,0.0961,0.0044,0.0,0.0,0.0,0.0,0.0,0.0,0.0,0.0,0.0,0.0,0.0,0.1203
JUNE-09-1-11,2010,9,1,Vol 6–10 (2007–2012),article,False,Neural Networks: Making Connections about the Brain and about College,7,Topic 7,0.0,0.0,0.0,0.1438,0.0,0.0,0.0,0.1755,0.0,0.0244,0.0,0.0,0.056,0.0176,0.0
JUNE-09-2-04,2011,9,2,Vol 6–10 (2007–2012),article,False,Volunteerism is Key to Offering Successful Neuroscience Outreach with Limited Resources,7,Topic 7,0.0,0.0,0.0,0.0967,0.0503,0.0,0.0,0.1903,0.0,0.0,0.0,0.0,0.0,0.0,0.0
JUNE-09-2-05,2011,9,2,Vol 6–10 (2007–2012),article,False,Undergraduate Neuroscience Education in the U.S.: An Analysis using Data from the National Center for Education Statistics,11,Topic 11,0.0,0.05,0.0,0.0158,0.0216,0.0,0.001,0.0,0.0017,0.0,0.0016,0.1212,0.0,0.0,0.0
JUNE-09-2-06,2011,9,2,Vol 6–10 (2007–2012),article,False,An Undergraduate Laboratory Exercise to Study Weber’s Law,9,Topic 9,0.0015,0.0433,0.0,0.0,0.0,0.0111,0.0,0.0,0.0,0.3389,0.0,0.0,0.0,0.0,0.0
JUNE-09-2-07,2011,9,2,Vol 6–10 (2007–2012),article,False,"SYNAPSE, Symposium for Young Neuroscientists and Professors of the Southeast: A One-day, Regional Neuroscience Meeting Focusing on Undergraduate Research",4,Topic 4,0.0,0.0,0.0,0.0,0.0847,0.0015,0.0,0.0028,0.0,0.0,0.0,0.0814,0.006,0.0,0.0158
JUNE-09-2-08,2011,9,2,Vol 6–10 (2007–2012),article,False,Incorporating Scientific Publishing into an Undergraduate Neuroscience Course: A Case Study Using IMPULSE,0,Topic 0,0.0896,0.0628,0.0459,0.0,0.0631,0.0,0.0,0.0157,0.002,0.0,0.0,0.0,0.0,0.0,0.0
JUNE-09-2-09,2011,9,2,Vol 6–10 (2007–2012),article,False,Music and the Mind: A New Interdisciplinary Course on the Science of Musical Experience,10,Topic 10,0.0,0.0071,0.0,0.0,0.0,0.0,0.0,0.0,0.0,0.0348,0.2096,0.0,0.0131,0.0,0.0
JUNE-10-1-03,2011,10,1,Vol 6–10 (2007–2012),article,False,Strategies For Fostering Synergy between Neuroscience Programs and Chemistry Departments,10,Topic 10,0.0,0.0023,0.0,0.0,0.0105,0.0,0.0,0.0196,0.0,0.0,0.0469,0.036,0.0391,0.0041,0.0
JUNE-10-1-04,2011,10,1,Vol 6–10 (2007–2012),article,False,A Mechanism for Multidisciplinary Dialogue: The Memory & … Series,10,Topic 10,0.002,0.0373,0.0202,0.0,0.028,0.0,0.0,0.0009,0.0031,0.0,0.1205,0.0124,0.0,0.0313,0.0
JUNE-10-1-05,2011,10,1,Vol 6–10 (2007–2012),article,False,The Use of “Non-Fiction Novels” in a Sensation and Perception Course,12,Topic 12,0.0067,0.0,0.0,0.0,0.0,0.0084,0.0,0.0,0.0,0.1027,0.0,0.0,0.1146,0.0,0.0
JUNE-10-1-06,2011,10,1,Vol 6–10 (2007–2012),article,False,Human Brains Engaged in Rat Brains: Student-driven Neuroanatomy Research in an Introductory Biology Lab Course,1,Topic 1,0.0086,0.1447,0.0062,0.0492,0.0072,0.0235,0.0,0.0,0.0,0.0,0.0483,0.0,0.0423,0.0156,0.0
JUNE-10-1-07,2011,10,1,Vol 6–10 (2007–2012),article,False,Decreasing Neuroscience Anxiety in an Introductory Neuroscience Course: An Analysis Using Data from a Modified Science Anxiety Scale,10,Topic 10,0.0,0.0457,0.0,0.0,0.0,0.0,0.0,0.0089,0.0,0.0,0.0686,0.0,0.0058,0.0,0.0
JUNE-10-1-08,2011,10,1,Vol 6–10 (2007–2012),article,False,Integrating Community Outreach into the Undergraduate Neuroscience Classroom,7,Topic 7,0.0,0.0,0.0,0.0,0.0497,0.0115,0.0,0.3631,0.0007,0.0,0.0,0.0,0.0,0.0,0.0
JUNE-10-1-09,2011,10,1,Vol 6–10 (2007–2012),article,False,“Writing in Neuroscience”: A Course Designed for Neuroscience Undergraduate Students,0,Topic 0,0.1356,0.0,0.0,0.0,0.0078,0.0,0.0,0.0,0.0,0.0,0.0,0.0084,0.0,0.0,0.0
JUNE-10-1-10,2011,10,1,Vol 6–10 (2007–2012),article,False,Practical Experience with Age-related Dementia: Implementation and Outcomes of a Semester-long Service Learning Project in Neuropsychology,7,Topic 7,0.0051,0.0,0.0045,0.0,0.0095,0.0032,0.0,0.1736,0.0117,0.0,0.0022,0.0038,0.0429,0.0,0.0
JUNE-10-1-11,2011,10,1,Vol 6–10 (2007–2012),article,False,Use of Personal EEG Monitors in a Behavioral Neuroscience Course to Investigate Natural Setting Sleep Patterns and the Factors Affecting Them in College Students,8,Topic 8,0.0036,0.0562,0.0183,0.0002,0.0031,0.0,0.0,0.0051,0.1326,0.0,0.0,0.0,0.0099,0.0,0.0076
JUNE-10-1-12,2011,10,1,Vol 6–10 (2007–2012),article,False,A Conceptual Framework for Interdisciplinary Curriculum Design: A Case Study in Neuroscience,10,Topic 10,0.0,0.0,0.0167,0.0,0.0,0.0,0.0,0.0,0.0,0.0,0.3058,0.0,0.0,0.0,0.0
JUNE-10-1-13,2011,10,1,Vol 6–10 (2007–2012),article,False,Design Plans for an Inexpensive Tail Flick Analgesia Meter,1,Topic 1,0.0042,0.0945,0.0003,0.0012,0.0069,0.0219,0.0027,0.0135,0.0488,0.0,0.0074,0.0,0.0,0.0288,0.001
JUNE-10-1-14,2011,10,1,Vol 6–10 (2007–2012),article,False,A Modified Golgi-Cox Procedure for use in Undergraduate Courses,1,Topic 1,0.0081,0.078,0.0,0.0,0.0,0.0,0.0222,0.0,0.0116,0.0293,0.0087,0.0,0.0,0.0376,0.0
JUNE-10-2-03,2012,10,2,Vol 6–10 (2007–2012),article,False,Assessing Development of an Interdisciplinary Perspective in an Undergraduate Neuroscience Course,10,Topic 10,0.0,0.0043,0.0003,0.0003,0.0,0.0,0.0217,0.0,0.0037,0.0296,0.2273,0.0,0.0,0.0,0.0
JUNE-10-2-04,2012,10,2,Vol 6–10 (2007–2012),article,False,Characterizing Mystery Cell Lines: Student-driven Research Projects in an Undergraduate Neuroscience Laboratory Course,1,Topic 1,0.0209,0.1524,0.0,0.0,0.0,0.016,0.0094,0.0071,0.0,0.0,0.0,0.0,0.033,0.0235,0.0
JUNE-10-2-05,2012,10,2,Vol 6–10 (2007–2012),article,False,"Drugs, the Brain, and Behavior: A Graduate Student-run Comprehensive Course in Neuroscience",10,Topic 10,0.0501,0.0,0.0,0.0367,0.0,0.0,0.0,0.0,0.0,0.0,0.0971,0.0751,0.0,0.0,0.0334
JUNE-10-2-06,2012,10,2,Vol 6–10 (2007–2012),article,False,Using In Vivo Voltammetry to Demonstrate Drug Action: A Student Laboratory Experience in Neurochemistry,1,Topic 1,0.0,0.1498,0.0,0.0,0.0,0.0,0.0716,0.0097,0.0,0.0,0.0,0.0,0.0321,0.0,0.0
JUNE-10-2-07,2012,10,2,Vol 6–10 (2007–2012),article,False,Bio-amplifier with Driven Shield Inputs to Reduce Electrical Noise and its Application to Laboratory Teaching of Electrophysiology,6,Topic 6,0.0,0.0,0.0,0.0,0.0,0.0,0.1672,0.0132,0.0971,0.0,0.0,0.0,0.0064,0.0291,0.0
JUNE-10-2-08,2012,10,2,Vol 6–10 (2007–2012),article,False,Using Equivalence-Based Instruction to Increase Efficiency in Teaching Neuroanatomy,12,Topic 12,0.0,0.0043,0.0083,0.0591,0.0,0.0278,0.0002,0.0,0.0,0.0289,0.0,0.0017,0.12,0.0,0.0
JUNE-10-2-09,2012,10,2,Vol 6–10 (2007–2012),article,False,An Undergraduate Laboratory Exercise Examining the Psychomotor Stimulant Effects of Caffeine in Laboratory Rats,1,Topic 1,0.0,0.1938,0.0,0.0,0.0,0.0,0.0,0.0,0.0,0.0933,0.0009,0.0001,0.0,0.011,0.0
JUNE-11-1-02,2012,11,1,Vol 11–15 (2012–2017),article,True,Wikipedia Neuroscience Stub Editing in an Introductory Undergraduate Neuroscience Course,7,Topic 7,0.053,0.0009,0.0007,0.0,0.0022,0.0,0.0,0.1123,0.0,0.0208,0.0,0.0,0.0738,0.0,0.0
JUNE-11-1-03,2012,11,1,Vol 11–15 (2012–2017),article,True,Elevating Student Potential: Creating Digital Video to Teach Neurotransmission,5,Topic 5,0.0001,0.0,0.0153,0.0067,0.0,0.0665,0.0094,0.0105,0.0164,0.0,0.0617,0.0045,0.0608,0.0075,0.0097
JUNE-11-1-04,2012,11,1,Vol 11–15 (2012–2017),article,True,Developing at Team-taught Capstone Course in Neuroscience,10,Topic 10,0.0,0.0062,0.0,0.0,0.0061,0.0,0.0,0.0129,0.0044,0.0,0.1681,0.013,0.0,0.0,0.0
JUNE-11-1-05,2012,11,1,Vol 11–15 (2012–2017),article,True,An Undergraduate taught Course on Consciousness and Mind,12,Topic 12,0.0,0.0009,0.0,0.0198,0.0012,0.0039,0.0,0.0212,0.0079,0.0011,0.0581,0.0026,0.0854,0.0002,0.0
JUNE-11-1-07,2012,11,1,Vol 11–15 (2012–2017),article,True,"Vision and Change in Undergraduate Biology Education: A Call to Action Presentation to Faculty for Undergraduate Neuroscience, July 2011",4,Topic 4,0.004,0.0005,0.0,0.0,0.1164,0.0074,0.01,0.0,0.0,0.0,0.1067,0.0,0.0111,0.0,0.0
JUNE-11-1-08,2012,11,1,Vol 11–15 (2012–2017),article,True,Identifying and Using ‘Core Competencies’ to Help Design and Assess Undergraduate Neuroscience Curricula,10,Topic 10,0.0,0.0129,0.016,0.0012,0.0741,0.01,0.0,0.0,0.0,0.0,0.0964,0.0,0.0,0.0,0.0
JUNE-11-1-09,2012,11,1,Vol 11–15 (2012–2017),article,True,Working with your Administration to Garner Support for Neuroscience Programs,4,Topic 4,0.0,0.0,0.047,0.0103,0.059,0.0387,0.0,0.0,0.0075,0.0,0.03,0.0413,0.0113,0.0,0.0031
JUNE-11-1-10,2012,11,1,Vol 11–15 (2012–2017),article,True,"External Reviews, Internal Influences: Consultations and the Undergraduate Neuroscience Curriculum",4,Topic 4,0.0,0.0,0.0,0.0,0.21,0.0,0.0,0.0223,0.0,0.0,0.0,0.0,0.0,0.0,0.0
JUNE-11-1-11,2012,11,1,Vol 11–15 (2012–2017),article,True,Cultivating Diversity and Competency in STEM: Challenges and Remedies for Removing Virtual Barriers to Constructing Diverse Higher Education Communities of Success,11,Topic 11,0.0,0.0,0.0,0.0,0.0,0.0,0.0,0.0,0.0,0.0,0.0656,0.2695,0.0,0.0,0.0
JUNE-11-1-12,2012,11,1,Vol 11–15 (2012–2017),article,True,OPINION: Diversity in Neuroscience. We Know the Problem. Are We Really Still Debating the Solutions?,11,Topic 11,0.0,0.0,0.0,0.0,0.0009,0.0004,0.0099,0.0,0.0,0.0,0.1123,0.1798,0.0,0.0,0.0
JUNE-11-1-13,2012,11,1,Vol 11–15 (2012–2017),article,True,The Intentional Mentor: Effective Mentorship of Undergraduate Science Students,10,Topic 10,0.003,0.0,0.0,0.0,0.0482,0.0,0.0,0.0198,0.0,0.0,0.1909,0.0451,0.0,0.0,0.0
JUNE-11-1-14,2012,11,1,Vol 11–15 (2012–2017),article,True,Classroom Activities: Simple Strategies to Incorporate Student-Centered Activities within Undergraduate Science Lectures,12,Topic 12,0.0,0.0,0.0,0.0,0.0,0.0119,0.0,0.0,0.0,0.0,0.0335,0.0,0.2498,0.0,0.0
JUNE-11-1-15,2012,11,1,Vol 11–15 (2012–2017),article,True,Creating Cross-disciplinary Courses,10,Topic 10,0.0007,0.0058,0.0,0.0,0.0239,0.0038,0.0295,0.0,0.0036,0.0,0.1679,0.0459,0.0,0.0,0.0137
JUNE-11-1-16,2012,11,1,Vol 11–15 (2012–2017),article,True,Accelerated Integrated Science Sequence: An Interdisciplinary Introductory Course for Science Majors,10,Topic 10,0.0,0.0,0.0,0.0,0.0,0.0,0.0,0.0,0.0,0.0,0.3554,0.0,0.0,0.0,0.0
JUNE-11-1-17,2012,11,1,Vol 11–15 (2012–2017),article,True,Collaborative Online Writing Assignments to Foster Active Learning,5,Topic 5,0.0606,0.0,0.0,0.0,0.0,0.1201,0.0012,0.0,0.0,0.0,0.0,0.0,0.0948,0.0,0.0
JUNE-11-1-18,2012,11,1,Vol 11–15 (2012–2017),article,True,Service Learning in Neuroscience Courses,7,Topic 7,0.0001,0.0111,0.0032,0.0,0.0,0.0085,0.0,0.1712,0.0,0.0031,0.0155,0.0,0.008,0.0224,0.0082
JUNE-11-1-19,2012,11,1,Vol 11–15 (2012–2017),article,True,The Value of Partnerships in Science Education: A Win-Win Situation,7,Topic 7,0.0,0.0,0.0,0.0,0.0525,0.0,0.0,0.2633,0.0,0.0,0.1906,0.0,0.0,0.0,0.0
JUNE-11-1-20,2012,11,1,Vol 11–15 (2012–2017),article,True,Neuroscience Study Abroad: Developing a Short-Term Summer Course,11,Topic 11,0.0176,0.0411,0.0,0.0,0.0559,0.0063,0.0,0.0,0.003,0.0097,0.0135,0.0657,0.0332,0.0,0.0
JUNE-11-1-21,2012,11,1,Vol 11–15 (2012–2017),article,True,Shared Innovations in Education: Writing and Reviewing for the Undergraduate Neuroscience Community,4,Topic 4,0.0211,0.0261,0.0,0.0,0.2173,0.0,0.0,0.0,0.0,0.0,0.0,0.0,0.0,0.0,0.0
JUNE-11-1-22,2012,11,1,Vol 11–15 (2012–2017),article,True,Planning and Designing Spaces for the Sciences,10,Topic 10,0.0,0.0363,0.0,0.0,0.0141,0.0,0.0,0.0155,0.0,0.0,0.184,0.0,0.0,0.0,0.0
JUNE-11-1-23,2012,11,1,Vol 11–15 (2012–2017),article,True,Teaching Neuroinformatics with an Emphasis on Quantitative Locus Analysis,14,Topic 14,0.0,0.0,0.0,0.0914,0.0417,0.065,0.0,0.0,0.0043,0.0,0.0,0.0,0.0,0.0,0.095
JUNE-11-1-24,2012,11,1,Vol 11–15 (2012–2017),article,True,Exploring Sensory Neuroscience Through Experience and Experiment,9,Topic 9,0.0,0.0115,0.0488,0.0,0.0,0.0,0.0496,0.0063,0.009,0.1096,0.0101,0.0,0.0,0.0,0.0
JUNE-11-1-25,2012,11,1,Vol 11–15 (2012–2017),article,True,A Structured-Inquiry Approach to Teaching Neurophysiology Using Computer Simulation,13,Topic 13,0.0266,0.0112,0.0,0.0277,0.0,0.0001,0.0478,0.0,0.0,0.0,0.0,0.0,0.0451,0.192,0.0
JUNE-11-1-26,2012,11,1,Vol 11–15 (2012–2017),article,True,The Fundamentals of Flying: Simple and Inexpensive Strategies for Employing Drosophila Genetics in Neuroscience Teaching Laboratories,14,Topic 14,0.0,0.0,0.0,0.0039,0.0015,0.0019,0.0,0.0,0.0011,0.0,0.0,0.0225,0.0,0.0,0.3014
JUNE-11-1-27,2012,11,1,Vol 11–15 (2012–2017),article,True,Electroretinograms in Drosophila: A Robust and Genetically Accessible Electrophysiological System for the Undergraduate Laboratory,14,Topic 14,0.0,0.0,0.0034,0.0,0.0,0.0,0.0779,0.0,0.0043,0.0094,0.0,0.0076,0.0,0.0026,0.2889
JUNE-11-1-28,2012,11,1,Vol 11–15 (2012–2017),article,True,Classic Clinical Technique Adapted to Demonstrate Autonomic Nervous System Physiology in an Undergraduate Laboratory Course,6,Topic 6,0.0,0.0387,0.0277,0.0,0.0,0.0,0.0442,0.009,0.006,0.0311,0.0076,0.0,0.0,0.0,0.0191
JUNE-11-1-29,2012,11,1,Vol 11–15 (2012–2017),article,True,The Homemade Alternative: Teaching Human Neurophysiology with Instrumentation Made (Almost) from Scratch,1,Topic 1,0.0,0.1486,0.0,0.009,0.0048,0.0046,0.064,0.0,0.0507,0.0,0.0,0.0,0.0,0.0309,0.0
JUNE-11-2-02,2013,11,2,Vol 11–15 (2012–2017),article,False,An Undergraduate Laboratory Exercise to Study Sensory Inhibition,9,Topic 9,0.0,0.0017,0.0004,0.0,0.0003,0.0,0.0498,0.0,0.0,0.2011,0.0,0.0067,0.0,0.0093,0.0178
JUNE-11-2-03,2013,11,2,Vol 11–15 (2012–2017),article,False,Da Vinci Coding? Using Renaissance Artists’ Depictions of the Brain to Engage Student Interest in Neuroanatomy,3,Topic 3,0.0,0.0234,0.0225,0.1773,0.0,0.0,0.0,0.0,0.0,0.0507,0.007,0.0,0.0484,0.011,0.0
JUNE-11-2-04,2013,11,2,Vol 11–15 (2012–2017),article,False,Using Chick Forebrain Neurons to Model Neurodegeneration and Protection in an Undergraduate Neuroscience Laboratory Course,1,Topic 1,0.0222,0.1395,0.0054,0.0181,0.0,0.0,0.0188,0.0036,0.0,0.0,0.0,0.0032,0.0,0.0237,0.0138
JUNE-12-1-04,2013,12,1,Vol 11–15 (2012–2017),article,False,Three Colossal Neurons: A New Approach to an Old Classroom Demonstration,13,Topic 13,0.0,0.0,0.0,0.0,0.0,0.0028,0.0,0.0,0.0,0.0662,0.0,0.0,0.0465,0.2263,0.0
JUNE-12-1-05,2013,12,1,Vol 11–15 (2012–2017),article,False,Engaging the Audience: Developing Presentation Skills in Science Students,10,Topic 10,0.0187,0.0194,0.0,0.0004,0.0285,0.0023,0.0,0.0088,0.0032,0.0027,0.0893,0.0328,0.0119,0.0,0.0
JUNE-12-1-06,2013,12,1,Vol 11–15 (2012–2017),article,False,MetaNeuron: A Free Neuron Simulation Program for Teaching Cellular Neurophysiology,6,Topic 6,0.0,0.0,0.0,0.0005,0.0,0.0175,0.2485,0.0,0.0,0.0,0.0,0.0,0.0,0.1125,0.0
JUNE-12-1-07,2013,12,1,Vol 11–15 (2012–2017),article,False,Using Case Studies as a Semester-Long Tool to Teach Neuroanatomy and Structure-Function Relationships to Undergraduates,2,Topic 2,0.0,0.0,0.2645,0.1265,0.0,0.0,0.0,0.0002,0.0,0.015,0.0,0.0,0.0379,0.0043,0.0
JUNE-12-1-08,2013,12,1,Vol 11–15 (2012–2017),article,False,Can You Change a Student’s Mind in a Course about the Brain? Belief Change Following an Introductory Course in Biological Psychology,10,Topic 10,0.0007,0.0106,0.0037,0.0266,0.0,0.0,0.0057,0.0,0.0002,0.0314,0.0916,0.0205,0.0351,0.0101,0.0518
JUNE-12-1-09,2013,12,1,Vol 11–15 (2012–2017),article,False,Pleasure and Pain: Teaching Neuroscientific Principles of Hedonism in a Large General Education Undergraduate Course,12,Topic 12,0.0552,0.0,0.0,0.0271,0.0,0.0015,0.0041,0.0009,0.0408,0.0159,0.0151,0.0466,0.0747,0.0194,0.0025
JUNE-12-1-10,2013,12,1,Vol 11–15 (2012–2017),article,False,The Use of Haiku to Convey Complex Concepts in Neuroscience,10,Topic 10,0.1087,0.0,0.0,0.0,0.0,0.0,0.0,0.0,0.0,0.0,0.1637,0.0,0.0067,0.0141,0.0
JUNE-12-1-11,2013,12,1,Vol 11–15 (2012–2017),article,False,Basic Neuron Model Electrical Equivalent Circuit: An Undergraduate Laboratory Exercise,13,Topic 13,0.0,0.0002,0.0,0.0,0.0,0.0,0.0031,0.0,0.0,0.1621,0.0,0.0,0.0,0.1886,0.0
JUNE-12-1-12,2013,12,1,Vol 11–15 (2012–2017),article,False,Community-Based Experiential Learning for Second Year Neuroscience Undergraduates,7,Topic 7,0.0,0.0,0.0073,0.0,0.0069,0.0017,0.0,0.1937,0.0182,0.0071,0.0167,0.0111,0.0186,0.0,0.0022
JUNE-12-1-13,2013,12,1,Vol 11–15 (2012–2017),article,False,Studying Temporal Properties of Stimulus-Evoked Responses in the Ventral Nerve Cord of Insects,6,Topic 6,0.0001,0.0112,0.0,0.0,0.0012,0.0,0.239,0.0,0.0,0.0536,0.0,0.0,0.0,0.0,0.0105
JUNE-12-1-14,2013,12,1,Vol 11–15 (2012–2017),article,False,Using Crickets to Introduce Neurophysiology to Early Undergraduate Students,6,Topic 6,0.0,0.0666,0.0,0.0,0.0027,0.0075,0.1787,0.007,0.0021,0.029,0.0,0.0,0.0193,0.0994,0.0261
JUNE-12-1-15,2013,12,1,Vol 11–15 (2012–2017),article,False,The Use of Mock NSF-type Grant Proposals and Blind Peer Review as the Capstone Assignment in Upper-Level Neurobiology and Cell Biology Courses,0,Topic 0,0.1091,0.0,0.0,0.0,0.0213,0.0,0.0007,0.0,0.0,0.0,0.0,0.0,0.0,0.0,0.0
JUNE-12-1-16,2013,12,1,Vol 11–15 (2012–2017),article,False,Engaging Undergraduates in a Unique Neuroscience Research Opportunity: A Collaborative Research Experience Between a Primarily Undergraduate Institution (PUI) and a Major Research Institution,11,Topic 11,0.007,0.0075,0.0116,0.0,0.0529,0.0252,0.0138,0.0,0.0474,0.0087,0.0066,0.0834,0.0338,0.0093,0.0114
JUNE-12-2-02,2014,12,2,Vol 11–15 (2012–2017),article,False,The Student as Teacher: Reflections on Collaborative Learning in a Senior Seminar,12,Topic 12,0.0096,0.0076,0.0,0.0,0.0041,0.0023,0.0,0.0094,0.0,0.0,0.0619,0.0037,0.1172,0.0,0.0
JUNE-12-2-03,2014,12,2,Vol 11–15 (2012–2017),article,False,A Mind of Their Own: Using Inquiry-based Teaching to Build Critical Thinking Skills and Intellectual Engagement in an Undergraduate Neuroanatomy Course,12,Topic 12,0.0125,0.0,0.1041,0.0207,0.0084,0.0,0.0,0.0,0.0,0.0,0.0,0.0,0.1749,0.0,0.0
JUNE-12-2-04,2014,12,2,Vol 11–15 (2012–2017),article,False,Behavioral Observation of Xenopus Tadpole Swimming for Neuroscience Labs,14,Topic 14,0.0,0.0174,0.0097,0.0,0.0,0.0138,0.0232,0.0,0.0,0.0038,0.0,0.0,0.0,0.0657,0.0884
JUNE-12-2-05,2014,12,2,Vol 11–15 (2012–2017),article,False,Positron Emission Tomography (PET) and Graphical Kinetic Data Analysis of the Dopamine Neurotransmitter System: An Exercise for an Undergraduate Laboratory Course,1,Topic 1,0.0051,0.166,0.0,0.0767,0.0006,0.0,0.0,0.0202,0.0271,0.0514,0.0,0.0007,0.021,0.0183,0.0
JUNE-12-2-06,2014,12,2,Vol 11–15 (2012–2017),article,False,NeuroLab: A Set of Graphical Computer Simulations to Support Neuroscience Instruction at the High School and Undergraduate Level,13,Topic 13,0.0,0.0388,0.0,0.0,0.0,0.0,0.0,0.039,0.0,0.0,0.0,0.0,0.035,0.2577,0.0
JUNE-12-2-07,2014,12,2,Vol 11–15 (2012–2017),article,False,Complementing Neurophysiology Education for Developing Countries via Cost-Effective Virtual Labs: Case Studies and Classroom Scenarios,13,Topic 13,0.0,0.0684,0.0573,0.0,0.0127,0.0946,0.0086,0.0096,0.0496,0.0,0.0164,0.0,0.0,0.0994,0.0
JUNE-12-2-08,2014,12,2,Vol 11–15 (2012–2017),article,False,Application of a Spike Sorting Procedure to Analyze Recordings in the Crayfish Ventral Superficial Flexor Preparation: A High Resolution Approach to the Study of Neuromodulators on Axons and Synapses,6,Topic 6,0.0,0.0,0.0,0.0,0.0,0.0,0.3391,0.0101,0.0,0.0,0.0,0.0,0.0,0.0,0.0
JUNE-12-2-09,2014,12,2,Vol 11–15 (2012–2017),article,False,Classroom Demonstration of the Visual Effects of Eye Diseases,9,Topic 9,0.0,0.0,0.0154,0.0,0.0,0.008,0.0294,0.0033,0.0363,0.0907,0.0115,0.0006,0.0,0.0207,0.0
JUNE-12-2-10,2014,12,2,Vol 11–15 (2012–2017),article,False,Attitudes Toward Animal Research: Revisiting Gallup and Beckstead (1988),1,Topic 1,0.0,0.1043,0.0,0.0,0.0156,0.0,0.0,0.0282,0.0,0.0,0.0525,0.0,0.0,0.0,0.0
JUNE-12-2-11,2014,12,2,Vol 11–15 (2012–2017),article,False,Controversies in Neuroscience: A Literature-Based Course for First year Undergraduates that Improves Scientific Confidence While Teaching Concepts,0,Topic 0,0.0984,0.0,0.0128,0.0,0.0,0.0,0.0,0.0,0.0041,0.0138,0.0625,0.0158,0.0362,0.0045,0.0
JUNE-13-1-02,2014,13,1,Vol 11–15 (2012–2017),article,False,Developing a New Experimental System for an Undergraduate Laboratory Exercise to Teach Theories of Visuomotor Learning,9,Topic 9,0.0,0.0489,0.0138,0.0,0.0133,0.0,0.0077,0.0,0.0103,0.1451,0.0026,0.0021,0.004,0.0737,0.0
JUNE-13-1-03,2014,13,1,Vol 11–15 (2012–2017),article,False,K-12 Neuroscience Education Outreach Program: Interactive Activities for Educating Students about Neuroscience,7,Topic 7,0.0,0.0,0.0,0.1193,0.0,0.0,0.0,0.1822,0.0,0.0,0.0865,0.0625,0.0084,0.0,0.0
JUNE-13-1-04,2014,13,1,Vol 11–15 (2012–2017),article,False,Students Apply Research Methods to Consumer Decisions About Cognitive Enhancing Drinks,8,Topic 8,0.0058,0.0491,0.0,0.0,0.0049,0.0,0.0,0.0133,0.1696,0.0249,0.0,0.0,0.0692,0.0,0.0
JUNE-13-1-05,2014,13,1,Vol 11–15 (2012–2017),article,False,“Thinking like a Neuroscientist”: Using Scaffolded Grant Proposals to Foster Scientific Thinking in a Freshman Neuroscience Course,12,Topic 12,0.0887,0.0095,0.0,0.0,0.0,0.003,0.0,0.0,0.0188,0.0,0.0,0.0081,0.0938,0.0,0.0
JUNE-13-1-06,2014,13,1,Vol 11–15 (2012–2017),article,False,A Proposal for Undergraduate Students’ Inclusion in Brain Awareness Week: Promoting Interest in Curricular Neuroscience Components,7,Topic 7,0.0,0.0,0.0019,0.0902,0.0247,0.0,0.0113,0.0934,0.0,0.0,0.0,0.0284,0.0102,0.0226,0.0
JUNE-13-1-07,2014,13,1,Vol 11–15 (2012–2017),article,False,Engaging Undergraduate Summer Research Students and Faculty in a Regional Neuroscience Network,4,Topic 4,0.0,0.028,0.0,0.0,0.118,0.0,0.0,0.0512,0.0,0.0,0.0667,0.0948,0.0066,0.0022,0.0
JUNE-13-1-08,2014,13,1,Vol 11–15 (2012–2017),article,False,Recording Field Potentials From Zebrafish Larvae During Escape Responses,6,Topic 6,0.0041,0.049,0.0,0.0,0.0,0.0,0.2027,0.0,0.0257,0.0028,0.0,0.0,0.0,0.0,0.0837
JUNE-13-2-03,2015,13,2,Vol 11–15 (2012–2017),article,False,Dark Adaptation and Purkinje Shift: A Laboratory Exercise in Perceptual Neuroscience,9,Topic 9,0.0041,0.0242,0.0085,0.0068,0.0,0.0164,0.0151,0.0,0.0327,0.1536,0.0113,0.0,0.0,0.0242,0.0
JUNE-13-2-04,2015,13,2,Vol 11–15 (2012–2017),article,False,Brain Literate: Making Neuroscience Accessible to a Wider Audience of Undergraduates,10,Topic 10,0.0246,0.0,0.0,0.0403,0.0102,0.0,0.0,0.0432,0.0,0.0091,0.2109,0.0032,0.013,0.0,0.0
JUNE-13-2-05,2015,13,2,Vol 11–15 (2012–2017),article,False,A Classic Improved: Minor Tweaks Yield Major Benefits in Crayfish Slow-Flexor Preparations,6,Topic 6,0.0016,0.0,0.0,0.0,0.0,0.0,0.2668,0.0,0.0115,0.0,0.0,0.0,0.0,0.0,0.0
JUNE-13-2-06,2015,13,2,Vol 11–15 (2012–2017),article,False,"Mad Dogs, Vampires, and Zombie Ants: A Multidisciplinary Approach to Teaching Neuroscience, Behavior, and Microbiology",14,Topic 14,0.0125,0.0127,0.0118,0.0,0.0,0.0,0.0041,0.0,0.0,0.0,0.0341,0.0,0.0,0.0,0.1418
JUNE-13-2-07,2015,13,2,Vol 11–15 (2012–2017),article,False,Undergraduate Neuropharmacology: A Model for Delivering College-Level Neuroscience to High School Students in situ,7,Topic 7,0.0,0.0,0.0,0.0,0.0,0.0,0.0037,0.317,0.0,0.0,0.0,0.0046,0.0,0.0,0.0
JUNE-13-2-08,2015,13,2,Vol 11–15 (2012–2017),article,False,"Exercises in Anatomy, Connectivity, and Morphology using Neuromorpho.org and the Allen Brain Atlas",3,Topic 3,0.0,0.0113,0.0,0.317,0.0,0.082,0.018,0.0,0.0011,0.0036,0.0,0.0,0.0,0.0068,0.002
JUNE-13-2-09,2015,13,2,Vol 11–15 (2012–2017),article,False,Teaching Science Writing in an Introductory Lab Course,0,Topic 0,0.1426,0.0,0.0,0.0,0.0019,0.0,0.0,0.0,0.0,0.0,0.0379,0.0,0.0023,0.0,0.0
JUNE-13-2-10,2015,13,2,Vol 11–15 (2012–2017),article,False,Active Learning in a Neuroethics Course Positively Impacts Moral Judgment Development in Undergraduates,10,Topic 10,0.0083,0.0,0.0436,0.0,0.0176,0.0017,0.0,0.0072,0.0,0.0,0.113,0.0,0.0631,0.0,0.0164
JUNE-13-3-03,2015,13,3,Vol 11–15 (2012–2017),article,True,VideoHacking: Automated Tracking and Quantification of Locomotor Behavior with Open Source Software and Off-the-Shelf Video Equipment,1,Topic 1,0.0,0.1306,0.0,0.023,0.0,0.027,0.0118,0.0,0.0277,0.0,0.0,0.0,0.0,0.0053,0.0316
JUNE-13-3-04,2015,13,3,Vol 11–15 (2012–2017),article,True,ERIN: A Portal to Resources for Higher Education in Neuroscience,4,Topic 4,0.0,0.0,0.0,0.0267,0.0857,0.0588,0.0022,0.0,0.0018,0.0,0.0358,0.03,0.0,0.0013,0.0
JUNE-13-3-05,2015,13,3,Vol 11–15 (2012–2017),article,True,Documenting Laboratory Procedures with Video,5,Topic 5,0.0,0.0301,0.0,0.0,0.0,0.1457,0.0,0.0043,0.0069,0.0218,0.0,0.0,0.0,0.0143,0.0
JUNE-13-3-06,2015,13,3,Vol 11–15 (2012–2017),article,True,Retention of Underrepresented Minority Faculty: Strategic Initiatives for Institutional Value Proposition Based on Perspectives from a Range of Academic Institutions,11,Topic 11,0.0,0.0,0.0,0.0,0.0452,0.0,0.0,0.0,0.0,0.0,0.0205,0.2889,0.0,0.0,0.0
JUNE-13-3-07,2015,13,3,Vol 11–15 (2012–2017),article,True,Intentional Excellence in the Baldwin Wallace University Neuroscience Program,4,Topic 4,0.0232,0.0355,0.0,0.0,0.0853,0.0,0.0,0.0301,0.0014,0.0001,0.0319,0.0397,0.0,0.0098,0.0085
JUNE-13-3-08,2015,13,3,Vol 11–15 (2012–2017),article,True,Best Practices: The Neuroscience Program at Central Michigan University,4,Topic 4,0.0097,0.0459,0.0,0.0,0.187,0.0,0.0,0.0282,0.0,0.0,0.0184,0.0138,0.0093,0.0,0.0
JUNE-13-3-09,2015,13,3,Vol 11–15 (2012–2017),article,True,Career Transitions for Faculty Members Committed to Undergraduate Neuroscience Education,4,Topic 4,0.0,0.0,0.0063,0.0,0.2021,0.0,0.0,0.0138,0.0009,0.0,0.0,0.0726,0.0021,0.0,0.0
JUNE-13-3-10,2015,13,3,Vol 11–15 (2012–2017),article,True,Techniques and Technology to Revise Content Delivery and Model Critical Thinking in the Neuroscience Classroom,12,Topic 12,0.0157,0.0458,0.0,0.0,0.0041,0.0002,0.0,0.0,0.0,0.0,0.0284,0.0,0.1926,0.0125,0.0
JUNE-13-3-11,2015,13,3,Vol 11–15 (2012–2017),article,True,Light Activated Escape Circuits: A Behavior and Neurophysiology Lab Module using Drosophila Optogenetics,14,Topic 14,0.0,0.0,0.0,0.0,0.0001,0.0,0.1031,0.0,0.0,0.0,0.0,0.0067,0.0,0.0607,0.2811
JUNE-13-3-12,2015,13,3,Vol 11–15 (2012–2017),article,True,Gel Scramble: An E-Tool for Teaching Molecular Neuroscience,5,Topic 5,0.0075,0.0507,0.0,0.0177,0.0,0.0886,0.0,0.0,0.0,0.0443,0.0,0.0,0.0,0.0232,0.016
JUNE-13-3-13,2015,13,3,Vol 11–15 (2012–2017),article,True,Neuroscience and Global Learning,10,Topic 10,0.0108,0.0012,0.0,0.0071,0.0223,0.0086,0.0062,0.0063,0.0074,0.0,0.0762,0.0321,0.0057,0.0,0.004
JUNE-13-3-14,2015,13,3,Vol 11–15 (2012–2017),article,True,How to Successfully Incorporate Undergraduate Researchers Into a Complex Research Program at a Large Institution,1,Topic 1,0.0,0.0707,0.0,0.0093,0.0,0.0,0.0002,0.0105,0.0224,0.0112,0.0039,0.0589,0.0503,0.0,0.0042
JUNE-13-3-15,2015,13,3,Vol 11–15 (2012–2017),article,True,"Mission-Driven, Manageable and Meaningful Assessment of an Undergraduate Neuroscience Program",10,Topic 10,0.0,0.0071,0.0003,0.0085,0.0026,0.0091,0.0,0.0006,0.0,0.0,0.1303,0.0,0.0506,0.0032,0.0
JUNE-13-3-16,2015,13,3,Vol 11–15 (2012–2017),article,True,In Situ Teaching: Fusing Labs & Lectures in Undergraduate Science Courses to Enhance Immersion in Scientific Research,10,Topic 10,0.0,0.061,0.0,0.0,0.0091,0.0691,0.0,0.0,0.008,0.0078,0.0998,0.0038,0.0625,0.0,0.0046
JUNE-13-3-17,2015,13,3,Vol 11–15 (2012–2017),article,True,"In Vivo Time-Lapse Imaging in the Zebrafish Lateral Line: A Flexible, Open-Ended Research Project for an Undergraduate Neurobiology Laboratory Course",1,Topic 1,0.0038,0.1251,0.004,0.0,0.0005,0.0,0.0132,0.0,0.0,0.0,0.025,0.0,0.0,0.0,0.0259
JUNE-13-3-18,2015,13,3,Vol 11–15 (2012–2017),article,True,Using the Humanities to Teach Neuroscience to Non-majors,10,Topic 10,0.0029,0.0,0.0,0.0,0.0252,0.0,0.0027,0.001,0.0,0.0021,0.2552,0.0,0.0071,0.0063,0.0
JUNE-13-3-19,2015,13,3,Vol 11–15 (2012–2017),article,True,Electrophysiology Meets Ecology: Investigating How Vision is Tuned to the Life Style of an Animal using Electroretinography,6,Topic 6,0.0,0.0397,0.0167,0.0,0.0,0.0045,0.0903,0.0001,0.0378,0.06,0.0101,0.0021,0.0,0.0,0.0085
JUNE-13-3-20,2015,13,3,Vol 11–15 (2012–2017),article,True,Student Friendly Technique to Demonstrate Coordination between Postural (Involuntary) and Voluntary Muscle Contractions,9,Topic 9,0.0,0.0,0.0143,0.0,0.0,0.0,0.0281,0.0068,0.0191,0.0953,0.0448,0.0,0.0,0.0041,0.0238
JUNE-14-1-03,2015,14,1,Vol 11–15 (2012–2017),article,False,Psychoactive Substances Bill and Act of New Zealand: A Chance to Engage Undergraduate Scientists with Society using a Transfer Learning Paradigm,10,Topic 10,0.0106,0.0,0.0,0.0,0.0206,0.0,0.0088,0.0136,0.0,0.0,0.1837,0.0,0.039,0.0,0.0001
JUNE-14-1-04,2015,14,1,Vol 11–15 (2012–2017),article,False,Snack Cake ‘Dissection’: A Flipped Classroom Exercise to Engage Undergraduates with Basic Neuroanatomy,9,Topic 9,0.0,0.0,0.0191,0.0721,0.0,0.119,0.0,0.0,0.0,0.1418,0.0,0.0,0.0765,0.0,0.0
JUNE-14-1-05,2015,14,1,Vol 11–15 (2012–2017),article,False,Pencil-and-Paper Neural Networks: An Undergraduate Laboratory Exercise in Computational Neuroscience,13,Topic 13,0.004,0.0,0.0,0.0,0.0,0.0,0.0,0.0,0.0,0.0809,0.0,0.0,0.0,0.3476,0.0
JUNE-14-1-06,2015,14,1,Vol 11–15 (2012–2017),article,False,Developing the Next Generation of Civic-Minded Neuroscience Scholars: Incorporating Service Learning and Advocacy Throughout a Neuroscience Program,7,Topic 7,0.0021,0.0,0.0,0.0058,0.0137,0.0,0.0064,0.2532,0.0,0.0039,0.0045,0.0,0.0,0.0,0.0
JUNE-14-1-07,2015,14,1,Vol 11–15 (2012–2017),article,False,Extracellular Recording of Light Responses from Optic Nerve Fibers and the Caudal Photoreceptor in the Crayfish,6,Topic 6,0.0,0.0485,0.0,0.0077,0.0,0.0022,0.2287,0.0,0.0,0.0322,0.0,0.0,0.0,0.0,0.0
JUNE-14-1-08,2015,14,1,Vol 11–15 (2012–2017),article,False,Non-Fiction Memoirs in the Neuroscience Classroom: A Window into the Minds of Those Affected by Addiction,10,Topic 10,0.0274,0.0129,0.0007,0.0203,0.0,0.0,0.0011,0.0641,0.0,0.0037,0.0709,0.0,0.0056,0.0,0.0054
JUNE-14-1-09,2015,14,1,Vol 11–15 (2012–2017),article,False,Using Tinbergen’s Four Questions as the Framework for a Neuroscience Capstone Course,10,Topic 10,0.0251,0.0,0.0524,0.0,0.0,0.0,0.0038,0.0,0.0,0.0,0.1563,0.0,0.0074,0.0407,0.0
JUNE-14-1-10,2015,14,1,Vol 11–15 (2012–2017),article,False,Undergraduate Biocuration: Developing Tomorrow’s Researchers While Mining Today’s Data,3,Topic 3,0.0,0.1014,0.0603,0.1063,0.0,0.0163,0.0,0.0,0.0017,0.0,0.0,0.0465,0.0,0.0052,0.0
JUNE-14-1-11,2015,14,1,Vol 11–15 (2012–2017),article,False,The Cognitive Neuroscience of Sign Language: Engaging Undergraduate Students’ Critical Thinking Skills Using the Primary Literature,8,Topic 8,0.0881,0.0099,0.0208,0.0,0.0,0.0,0.0,0.0,0.1001,0.0127,0.0,0.0,0.0348,0.0096,0.0
JUNE-14-1-12,2015,14,1,Vol 11–15 (2012–2017),article,False,A Series of Computational Neuroscience Labs Increases Comfort with MATLAB,13,Topic 13,0.0,0.0191,0.0,0.0,0.0,0.0035,0.0,0.0121,0.0,0.0,0.0,0.0162,0.0038,0.3034,0.0
JUNE-14-1-13,2015,14,1,Vol 11–15 (2012–2017),article,False,Excitable Membranes and Action Potentials in Paramecia: An Analysis of the Electrophysiology of Ciliates,6,Topic 6,0.0034,0.0102,0.0,0.0006,0.0,0.0,0.2995,0.0,0.0,0.0,0.0,0.0,0.0,0.0,0.0
JUNE-14-2-07,2016,14,2,Vol 11–15 (2012–2017),article,False,A Quantitative Examination of Undergraduate Neuroscience Majors Applying and Matriculating to Osteopathic Medical School,11,Topic 11,0.0,0.0118,0.0079,0.005,0.0,0.0,0.0007,0.0788,0.0001,0.0025,0.0455,0.1369,0.0,0.0,0.0
JUNE-14-2-08,2016,14,2,Vol 11–15 (2012–2017),article,False,Incorporating an ERP Project into Undergraduate Instruction,8,Topic 8,0.0,0.016,0.0,0.0038,0.0,0.0,0.0,0.0,0.527,0.0,0.0,0.0,0.0,0.0,0.0
JUNE-14-2-09,2016,14,2,Vol 11–15 (2012–2017),article,False,The BRAIN Initiative Provides a Unifying Context for Integrating Core STEM Competencies into a Neurobiology Course,3,Topic 3,0.06,0.0,0.0,0.1617,0.0,0.0,0.001,0.0,0.0,0.0,0.03,0.0182,0.0,0.0,0.0
JUNE-14-2-10,2016,14,2,Vol 11–15 (2012–2017),article,False,“C.R.E.A.T.E.”-ing Unique Primary-Source Research Paper Assignments for a Pleasure and Pain Course Teaching Neuroscientific Principles in a Large General Education Undergraduate Course,12,Topic 12,0.0417,0.0387,0.0072,0.0009,0.0,0.0,0.0,0.0068,0.0174,0.0101,0.0,0.0025,0.0581,0.0125,0.0006
JUNE-14-2-11,2016,14,2,Vol 11–15 (2012–2017),article,False,Illuminating the Undergraduate Behavioral Neuroscience Laboratory: A Guide for the in vivo Application of Optogenetics in Mammalian Model Organisms,14,Topic 14,0.0036,0.0564,0.0024,0.0,0.0,0.0,0.0,0.0038,0.0,0.0,0.0,0.0083,0.0007,0.0,0.1612
JUNE-14-2-12,2016,14,2,Vol 11–15 (2012–2017),article,False,Evaluation of Changes in Ghanaian Students’ Attitudes Towards Science Following Neuroscience Outreach Activities: A Means to Identify Effective Ways to Inspire Interest in Science Careers,7,Topic 7,0.0,0.0,0.0,0.0,0.0,0.0,0.0,0.244,0.0,0.0,0.207,0.0,0.0,0.0,0.0
JUNE-14-2-13,2016,14,2,Vol 11–15 (2012–2017),article,False,Breadboard Amplifier: Building and Using Simple Electrophysiology Equipment,13,Topic 13,0.0,0.0546,0.0,0.0,0.0,0.0241,0.0605,0.0053,0.0524,0.0,0.0,0.0,0.0,0.0956,0.0
JUNE-14-2-14,2016,14,2,Vol 11–15 (2012–2017),article,False,Using Cultured Mammalian Neurons to Study Cellular Processes and Neurodegeneration: A Suite of Undergraduate Lab Exercises,14,Topic 14,0.0141,0.0659,0.0155,0.0022,0.0,0.0,0.0267,0.0,0.0,0.0,0.0,0.0086,0.0,0.0506,0.0669
JUNE-14-2-15,2016,14,2,Vol 11–15 (2012–2017),article,False,Lights! Camera! Action Projects! Engaging Psychopharmacology Students in Service-based Action Projects Focusing on Student Alcohol Abuse,7,Topic 7,0.0,0.0496,0.0,0.0,0.0002,0.0,0.0515,0.1829,0.0,0.0,0.0,0.0,0.0,0.0,0.0
JUNE-14-2-16,2016,14,2,Vol 11–15 (2012–2017),case study,False,Nora’s Medulla: A Problem-Based Learning Case for Neuroscience Fundamentals,2,Topic 2,0.0,0.0,0.2947,0.0,0.0,0.0,0.0211,0.0558,0.0,0.0,0.0,0.0,0.021,0.0155,0.0126
JUNE-15-1-04,2016,15,1,Vol 11–15 (2012–2017),article,False,Undergraduate Neuroscience Education in the U.S.: Quantitative Comparisons of Programs and Graduates in the Broader Context of Undergraduate Life Sciences Education,10,Topic 10,0.0,0.0048,0.0,0.0,0.0,0.0,0.0,0.0,0.0,0.0,0.1145,0.0742,0.0,0.0,0.0
JUNE-15-1-05,2016,15,1,Vol 11–15 (2012–2017),article,False,A Model for Teaching Advanced Neuroscience Methods: A Student-Run Seminar to Increase Practical Understanding and Confidence,10,Topic 10,0.045,0.0475,0.0123,0.0,0.0,0.0,0.0,0.0,0.0374,0.0106,0.0735,0.0593,0.0127,0.0,0.0
JUNE-15-1-06,2016,15,1,Vol 11–15 (2012–2017),article,False,Simulated in vivo Electrophysiology Experiments Provide Previously Inaccessible Insights into Visual Physiology,6,Topic 6,0.0,0.1126,0.0,0.0,0.0,0.0806,0.1845,0.0,0.0031,0.0212,0.0,0.0,0.0,0.0426,0.0
JUNE-15-1-07,2016,15,1,Vol 11–15 (2012–2017),article,False,"The Influence of Assay Design, Blinding, and Gymnema sylvestre on Sucrose Detection by Humans",9,Topic 9,0.0,0.1043,0.0,0.0219,0.0,0.0,0.0,0.0,0.0,0.1405,0.0,0.0,0.0,0.0,0.0
JUNE-15-1-08,2016,15,1,Vol 11–15 (2012–2017),article,False,An Undergraduate Laboratory Exercise that Demonstrates the Difference Between Peripherally and Centrally Mediated Measures,9,Topic 9,0.0,0.0211,0.0117,0.0,0.0027,0.0006,0.0061,0.0,0.0,0.2851,0.0,0.0016,0.0,0.0123,0.0004
JUNE-15-1-09,2016,15,1,Vol 11–15 (2012–2017),article,False,Are Electrode Caps Worth the Investment? An Evaluation of EEG Methods in Undergraduate Neuroscience Laboratory Courses and Research,8,Topic 8,0.0,0.0,0.0,0.0,0.0,0.0,0.0153,0.0,0.3633,0.0,0.0,0.0,0.0,0.0,0.0
JUNE-15-1-10,2016,15,1,Vol 11–15 (2012–2017),article,False,Use of Structural Assessment of Knowledge for Outcomes Assessment in the Neuroscience Classroom,10,Topic 10,0.0,0.0,0.0178,0.0632,0.0,0.0,0.0,0.0,0.0,0.0,0.0937,0.0,0.092,0.0209,0.0059
JUNE-15-1-11,2016,15,1,Vol 11–15 (2012–2017),article,False,An Inquiry-Based Approach to Study the Synapse: Student-Driven Experiments Using C. elegans,14,Topic 14,0.0057,0.0943,0.0,0.0,0.0,0.0207,0.002,0.0,0.0,0.0,0.0059,0.0,0.065,0.0,0.1222
JUNE-15-1-12,2016,15,1,Vol 11–15 (2012–2017),article,False,The Miracle Fruit: An Undergraduate Laboratory Exercise in Taste Sensation and Perception,9,Topic 9,0.0,0.0,0.0,0.0,0.0,0.0,0.0,0.0,0.0,0.4688,0.0,0.0,0.0,0.0,0.0
JUNE-15-1-13,2016,15,1,Vol 11–15 (2012–2017),article,False,The Establishment of an On-Campus Neurotraining Center at a Small University: Internship Experience Using Neuropsychological Techniques,7,Topic 7,0.0,0.0182,0.0038,0.0,0.0005,0.0068,0.0,0.0636,0.0,0.0005,0.0463,0.0587,0.0,0.0041,0.0
JUNE-15-1-14,2016,15,1,Vol 11–15 (2012–2017),article,False,Using a Pop-Science Book to Teach Introductory Neuroscience: Advantages for Science Majors and Non-Science Majors Alike,10,Topic 10,0.0123,0.0,0.0409,0.0128,0.0,0.0,0.0086,0.0,0.0,0.0,0.2075,0.0,0.0458,0.025,0.0
JUNE-15-1-15,2016,15,1,Vol 11–15 (2012–2017),article,False,From Botox to Behavior: Neuroscience for Non-scientists at Emory,10,Topic 10,0.0055,0.0,0.0192,0.0,0.0,0.0,0.0,0.0,0.0,0.0,0.1833,0.0,0.0552,0.0,0.0337
JUNE-15-1-16,2016,15,1,Vol 11–15 (2012–2017),article,False,Word Origins of Common Neuroscience Terms for Use in an Undergraduate Classroom,12,Topic 12,0.0,0.0,0.0,0.0,0.008,0.0015,0.0,0.0,0.0141,0.0332,0.0029,0.0,0.0871,0.0061,0.0
JUNE-15-1-17,2016,15,1,Vol 11–15 (2012–2017),article,False,Using Rubrics as a Scientific Writing Instructional Method in Early Stage Undergraduate Neuroscience Study,0,Topic 0,0.1618,0.0032,0.0,0.0,0.0,0.0,0.0,0.0,0.0,0.0,0.0005,0.0,0.0,0.0,0.0
JUNE-15-1-18,2016,15,1,Vol 11–15 (2012–2017),article,False,“Social” Neuroscience: Leveraging Social Media to Increase Student Engagement and Public Understanding of Neuroscience,10,Topic 10,0.0,0.0,0.0,0.0,0.0,0.0153,0.0,0.089,0.0,0.0,0.1116,0.0,0.0,0.0,0.0241
JUNE-15-1-19,2016,15,1,Vol 11–15 (2012–2017),case study,False,The Woman Born Without a Cerebellum: A Real-Life Case Adapted for Use in an Undergraduate Developmental and Systems Neuroscience Course,2,Topic 2,0.0,0.0,0.2551,0.0329,0.0,0.0,0.0,0.0,0.0,0.0404,0.0,0.0,0.0788,0.0,0.0
JUNE-15-1-20,2016,15,1,Vol 11–15 (2012–2017),case study,False,Professor Eric Can’t See: A Project-Based Learning Case for Neurobiology Students,2,Topic 2,0.014,0.0,0.3389,0.0,0.0,0.0,0.0096,0.0,0.0,0.0179,0.0,0.0,0.0,0.0,0.0
JUNE-15-2-05,2017,15,2,Vol 11–15 (2012–2017),article,False,"Neurogaming Technology Meets Neuroscience Education: A Cost-Effective, Scalable, and Highly Portable Undergraduate Teaching Laboratory for Neuroscience",8,Topic 8,0.0,0.011,0.0,0.0021,0.0,0.0047,0.0,0.0,0.3106,0.0,0.0096,0.0,0.0471,0.0,0.0
JUNE-15-2-06,2017,15,2,Vol 11–15 (2012–2017),article,False,A Protocol Demonstrating 60 Different Drosophila Behaviors in One Assay,14,Topic 14,0.0049,0.0,0.0,0.0,0.0,0.0,0.0,0.0051,0.0051,0.0866,0.0,0.0074,0.0,0.0,0.282
JUNE-15-2-07,2017,15,2,Vol 11–15 (2012–2017),article,False,An Algebra-Based Introductory Computational Neuroscience Course with Lab,13,Topic 13,0.0008,0.0304,0.0,0.0204,0.0,0.0,0.0,0.0,0.0,0.0,0.0,0.0,0.0,0.3789,0.0
JUNE-15-2-08,2017,15,2,Vol 11–15 (2012–2017),article,False,Recognition Without Words: Using Taste to Explore Survival Processing,9,Topic 9,0.0,0.0019,0.0018,0.0,0.0044,0.0,0.0,0.0,0.0211,0.183,0.006,0.0102,0.0049,0.0138,0.0
JUNE-15-2-09,2017,15,2,Vol 11–15 (2012–2017),article,False,Don’t Believe the Gripe! Increasing Course Structure in a Large Non-majors Neuroscience Course,12,Topic 12,0.0,0.0,0.1,0.0,0.0,0.0737,0.0,0.0,0.0,0.0,0.0,0.0,0.2624,0.0,0.0
JUNE-15-2-10,2017,15,2,Vol 11–15 (2012–2017),article,False,Redesigning a Neuroscience Laboratory Course for Multiple Sections: An Action Research Project to Engage Students,1,Topic 1,0.0,0.0834,0.0,0.0,0.0,0.0,0.0318,0.0303,0.0055,0.0,0.0306,0.0052,0.0481,0.0038,0.0
JUNE-15-2-11,2017,15,2,Vol 11–15 (2012–2017),article,False,A Rat Model of Fetal Alcohol Syndrome: A Series of Undergraduate Laboratory Exercises for Biopsychology Courses,1,Topic 1,0.0036,0.2171,0.023,0.0,0.0,0.0,0.0,0.0,0.0,0.0,0.0,0.0,0.0,0.0026,0.0
JUNE-15-2-12,2017,15,2,Vol 11–15 (2012–2017),article,False,"The Use of Modular, Electronic Neuron Simulators for Neural Circuit Construction Produces Learning Gains in an Undergraduate Anatomy and Physiology Course",13,Topic 13,0.0002,0.0228,0.0028,0.0,0.0057,0.0,0.0043,0.0016,0.0101,0.0016,0.0,0.0,0.0246,0.2599,0.021
JUNE-15-2-13,2017,15,2,Vol 11–15 (2012–2017),article,False,A Critical Thinking Activity on Drug Tolerance for Undergraduate Neuroscience Courses,12,Topic 12,0.0044,0.0216,0.0,0.0,0.0,0.0,0.0,0.0049,0.0,0.0,0.0,0.0,0.2254,0.0115,0.0031
JUNE-15-2-14,2017,15,2,Vol 11–15 (2012–2017),article,False,Grasshopper DCMD: An Undergraduate Electrophysiology Lab for Investigating Single-Unit Responses to Behaviorally-Relevant Stimuli,6,Topic 6,0.0,0.036,0.0,0.0,0.0,0.0,0.1191,0.0,0.0401,0.0269,0.0,0.0,0.0,0.1076,0.0757
JUNE-15-2-15,2017,15,2,Vol 11–15 (2012–2017),case study,False,Locate the Lesion: A Project-Based Learning Case that Stimulates Comprehension and Application of Neuroanatomy,2,Topic 2,0.0,0.0,0.1922,0.0008,0.0,0.0028,0.0,0.0,0.0,0.0051,0.0168,0.0,0.0026,0.0142,0.002
JUNE-15-2-16,2017,15,2,Vol 11–15 (2012–2017),case study,False,Drugs & the Brain: Case-Based Instruction for an Undergraduate Neuropharmacology Course,12,Topic 12,0.0129,0.0,0.138,0.0281,0.0034,0.0294,0.0,0.005,0.0,0.0,0.0,0.0,0.1625,0.0,0.0
JUNE-16-1-05,2017,16,1,Vol 16–20 (2017–2022),article,False,An Interactive Simulation Program for Exploring Computational Models of Auto-Associative Memory,13,Topic 13,0.0,0.0,0.0,0.0,0.0,0.0,0.0,0.0,0.0,0.0,0.0018,0.0,0.0,0.3924,0.0
JUNE-16-1-06,2017,16,1,Vol 16–20 (2017–2022),article,False,"Diversity of Graduates from Bachelor’s, Master’s and Doctoral Degree Neuroscience Programs in the United States",11,Topic 11,0.0,0.0014,0.0,0.0121,0.0,0.0,0.0,0.0,0.0,0.0,0.0051,0.2261,0.0099,0.0,0.0
JUNE-16-1-07,2017,16,1,Vol 16–20 (2017–2022),article,False,A Case Study in the Use of Primary Literature in the Context of Authentic Learning Pedagogy in the Undergraduate Neuroscience Classroom,10,Topic 10,0.0234,0.0,0.0765,0.0,0.0,0.0,0.0,0.0,0.0,0.002,0.1603,0.0,0.056,0.0034,0.0
JUNE-16-1-08,2017,16,1,Vol 16–20 (2017–2022),article,False,Measuring Salivary Alpha-Amylase in the Undergraduate Neuroscience Laboratory,1,Topic 1,0.0,0.1397,0.0021,0.0,0.0,0.0,0.033,0.0,0.0,0.0056,0.0,0.0,0.0,0.0,0.0
JUNE-16-1-09,2017,16,1,Vol 16–20 (2017–2022),article,False,An Attitudinal Survey of Undergraduate Neuroscience Students Regarding Their Views on the Relevance of Lectures to their Education,12,Topic 12,0.0,0.0067,0.0308,0.0006,0.0133,0.0302,0.0,0.0,0.002,0.0,0.045,0.0,0.116,0.0,0.0
JUNE-16-1-10,2017,16,1,Vol 16–20 (2017–2022),article,False,Using the Tools of Behavioral Neuroscience to Determine the Identity of Different Mouse Strains in a Laboratory Course,1,Topic 1,0.0,0.2039,0.0021,0.0,0.0,0.0,0.0,0.0,0.0007,0.0,0.0,0.0,0.0096,0.0007,0.0477
JUNE-16-1-11,2017,16,1,Vol 16–20 (2017–2022),article,False,Cartoon Network: A Tool for Open-Ended Exploration of Neural Circuits,13,Topic 13,0.0,0.0,0.0,0.0,0.0,0.0,0.0,0.0061,0.0,0.0132,0.0,0.0,0.0,0.4112,0.0607
JUNE-16-1-12,2017,16,1,Vol 16–20 (2017–2022),article,False,“Brevity is the Soul of Wit”: Use of a Stepwise Project to Teach Concise Scientific Writing,0,Topic 0,0.1693,0.0,0.0,0.0,0.0,0.0,0.0,0.0,0.0,0.0,0.0,0.0003,0.0,0.0,0.0
JUNE-16-1-13,2017,16,1,Vol 16–20 (2017–2022),article,False,Using Action-Mapping to Design a Non-Majors Neuroeconomics Course to Teach First-Year Collegiate Skills,10,Topic 10,0.0,0.0268,0.0,0.0,0.0,0.003,0.0,0.0075,0.0,0.0,0.1696,0.0,0.0082,0.0,0.0
JUNE-16-1-14,2017,16,1,Vol 16–20 (2017–2022),article,False,Characterizing the Undergraduate Neuroscience Major in the U. S.: An Examination of Course Requirements and Institution-Program Associations,11,Topic 11,0.0,0.0267,0.0,0.0104,0.0184,0.0246,0.0,0.0,0.0164,0.0,0.1035,0.1249,0.0,0.0,0.0
JUNE-16-1-15,2017,16,1,Vol 16–20 (2017–2022),article,False,Teaching with Big Data: Report from the 2016 Society for Neuroscience Teaching Workshop,3,Topic 3,0.0,0.0,0.0,0.3102,0.0518,0.0,0.0,0.0,0.0,0.0,0.0,0.0055,0.0,0.0073,0.0
JUNE-16-1-16,2017,16,1,Vol 16–20 (2017–2022),article,False,Integrating Brain Science into Health Studies: An Interdisciplinary Course in Contemplative Neuroscience and Yoga,10,Topic 10,0.0,0.0,0.0133,0.0003,0.0,0.0127,0.0,0.0,0.0051,0.001,0.3044,0.0,0.0134,0.0,0.0
JUNE-16-1-17,2017,16,1,Vol 16–20 (2017–2022),article,False,Learning Experimental Design through Targeted Student-Centric Journal Club with Screencasting,1,Topic 1,0.0364,0.1481,0.0,0.0,0.002,0.0112,0.0,0.0,0.0,0.0061,0.0143,0.0123,0.0,0.0,0.0
JUNE-16-1-18,2017,16,1,Vol 16–20 (2017–2022),article,False,Interviewing Neuroscientists for an Undergraduate Honors Project,7,Topic 7,0.0344,0.0397,0.0,0.0,0.0,0.0008,0.0038,0.0524,0.0047,0.0,0.0119,0.012,0.0055,0.0,0.0
JUNE-16-1-19,2017,16,1,Vol 16–20 (2017–2022),article,False,Front and Back Flipping for Neurobiology! Developing a Hybrid Upper-Division Lab Course,5,Topic 5,0.0,0.0194,0.0021,0.0,0.0,0.2696,0.0,0.0,0.0,0.0,0.0,0.0,0.1074,0.0,0.0
JUNE-16-1-20,2017,16,1,Vol 16–20 (2017–2022),article,False,An Integrative Approach to STEM Concepts in an Introductory Neuroscience Course: Gains in Interdisciplinary Awareness,10,Topic 10,0.0,0.0,0.0,0.0059,0.0,0.0,0.0,0.0,0.0,0.0012,0.2389,0.022,0.0391,0.0294,0.0
JUNE-16-1-21,2017,16,1,Vol 16–20 (2017–2022),case study,False,Using Case Studies to Promote Student Engagement in Primary Literature Data Analysis and Evaluation,2,Topic 2,0.043,0.0164,0.3496,0.0,0.0,0.0,0.0,0.0,0.0,0.0,0.0,0.0,0.0,0.0,0.0
JUNE-16-2-04,2018,16,2,Vol 16–20 (2017–2022),article,False,Clinical Neuroscience in Practice: An Experiential Learning Course for Undergraduates Offered by Neurosurgeons and Neuroscientists,11,Topic 11,0.0,0.0045,0.0492,0.0,0.0,0.0028,0.0,0.1197,0.0209,0.0058,0.0,0.1221,0.003,0.0,0.0
JUNE-16-2-05,2018,16,2,Vol 16–20 (2017–2022),article,False,Using Blogs as Practice Writing About Original Neuroscience Papers Enhances Students’ Confidence in Their Critical Analysis of Research,0,Topic 0,0.134,0.0,0.0,0.0,0.0004,0.015,0.0,0.0067,0.0039,0.001,0.0,0.007,0.0015,0.0083,0.0014
JUNE-16-2-06,2018,16,2,Vol 16–20 (2017–2022),article,False,A Simple Method for Teaching Bayesian Hypothesis Testing in the Brain and Behavioral Sciences,1,Topic 1,0.0,0.0998,0.002,0.0386,0.0,0.0,0.0,0.0,0.0042,0.0141,0.0001,0.0135,0.0,0.0,0.0
JUNE-16-2-07,2018,16,2,Vol 16–20 (2017–2022),article,False,"The Design, Implementation, and Assessment of an Undergraduate Neurobiology Course using a Project-Based Approach",10,Topic 10,0.0082,0.0191,0.0172,0.0,0.0,0.0,0.0,0.0109,0.0,0.0,0.1002,0.0,0.0791,0.0268,0.0
JUNE-16-2-08,2018,16,2,Vol 16–20 (2017–2022),article,False,A Low-Cost Morris Water Maze for Undergraduate Research: Construction and Demonstration in a Rat Model of Obesity-Induced Diabetes,1,Topic 1,0.0,0.0826,0.0013,0.0,0.0,0.0061,0.0,0.0,0.0252,0.0053,0.0,0.0203,0.0064,0.0082,0.0
JUNE-16-2-09,2018,16,2,Vol 16–20 (2017–2022),article,False,Using Optogenetics to Understand Neuronal Mechanisms Underlying Behavior in C. elegans,14,Topic 14,0.0,0.0235,0.0,0.0,0.0,0.0,0.0,0.0,0.0,0.0,0.0,0.0,0.0,0.0,0.3711
JUNE-16-2-10,2018,16,2,Vol 16–20 (2017–2022),article,False,Partnerships in Neuroscience Research Between Small Colleges and Large Institutions: A Case Study,11,Topic 11,0.0,0.0054,0.0598,0.0,0.0,0.0,0.0,0.0666,0.0078,0.0,0.0506,0.1812,0.0,0.0,0.0
JUNE-16-2-11,2018,16,2,Vol 16–20 (2017–2022),article,False,The Olfactory Proboscis Extension Response in the Honey Bee: A Laboratory Exercise in Classical Conditioning,9,Topic 9,0.0,0.0412,0.0,0.0,0.0002,0.0,0.0025,0.0,0.0088,0.2061,0.0,0.0099,0.0,0.0,0.0
JUNE-16-2-12,2018,16,2,Vol 16–20 (2017–2022),article,False,Aversive and Appetitive Learning in Drosophila Larvae: A Simple and Powerful Suite of Laboratory Modules for Classroom or Open-ended Research Projects,1,Topic 1,0.005,0.1546,0.0,0.0,0.0,0.0,0.0,0.0683,0.0,0.0,0.0,0.0,0.0,0.0,0.1465
JUNE-16-2-13,2018,16,2,Vol 16–20 (2017–2022),article,False,Using ImageJ to Assess Neurite Outgrowth in Mammalian Cell Cultures: Research Data Quantification Exercises in Undergraduate Neuroscience Lab,13,Topic 13,0.0049,0.0842,0.0061,0.0658,0.0,0.0,0.0055,0.0,0.002,0.0219,0.0,0.0027,0.0,0.0953,0.0589
JUNE-16-2-14,2018,16,2,Vol 16–20 (2017–2022),case study,False,Epilepsy and the Action Potential: Using Case Based Instruction and Primary Literature in a Neurobiology Course,2,Topic 2,0.0241,0.0,0.2708,0.0,0.0,0.0,0.1189,0.0,0.0,0.0,0.0,0.0056,0.0,0.0,0.0
JUNE-16-3-05,2018,16,3,Vol 16–20 (2017–2022),article,True,Cartoon Network Update: New features for exploring of neural circuits,13,Topic 13,0.0,0.0,0.0,0.0,0.0,0.0,0.0,0.0,0.0,0.0,0.0,0.0108,0.0,0.3987,0.0023
JUNE-16-3-06,2018,16,3,Vol 16–20 (2017–2022),article,True,Open Source Software Tools for Teaching Neuroscience,10,Topic 10,0.0,0.0092,0.0,0.003,0.0291,0.0,0.0007,0.0,0.0189,0.0,0.1244,0.0031,0.0111,0.1238,0.0
JUNE-16-3-07,2018,16,3,Vol 16–20 (2017–2022),article,True,Demystifying Graduate School: Navigating a PhD in Neuroscience and Beyond,11,Topic 11,0.0,0.0,0.0,0.0,0.0,0.0022,0.0,0.0,0.0,0.0,0.0,0.3105,0.0,0.0,0.0
JUNE-16-3-08,2018,16,3,Vol 16–20 (2017–2022),article,True,Recording EMG Signals on a Computer Sound Card,13,Topic 13,0.0,0.0203,0.0,0.0181,0.0,0.0,0.0391,0.0,0.0485,0.0,0.0,0.0,0.0,0.0913,0.0
JUNE-16-3-09,2018,16,3,Vol 16–20 (2017–2022),article,True,“Doing” the Reading: What Neuroscience Instructors Should Know about Reading Compliance and Comprehension in College,0,Topic 0,0.0554,0.0,0.0186,0.0,0.0516,0.0,0.0,0.0131,0.0,0.0007,0.0,0.0,0.0,0.0,0.0
JUNE-16-3-10,2018,16,3,Vol 16–20 (2017–2022),article,True,Specific Aims Workshop: Your Grant in a Sound Bite,4,Topic 4,0.0283,0.0,0.0,0.0112,0.069,0.0065,0.002,0.0,0.0,0.0,0.0,0.0233,0.0,0.0041,0.0
JUNE-16-3-11,2018,16,3,Vol 16–20 (2017–2022),article,True,Demonstrating Connections Between Neuron Signaling and Behavior using C. elegans Learning Assays and Optogenetics in a Laboratory Class,14,Topic 14,0.0,0.0758,0.0,0.0,0.0663,0.0,0.0,0.0,0.0,0.0,0.0,0.0,0.0,0.0,0.2169
JUNE-16-3-12,2018,16,3,Vol 16–20 (2017–2022),article,True,NeuroBytes Electronic Neuron Simulators and the 2017 FUN Summer Workshop,4,Topic 4,0.0,0.0,0.0,0.0,0.2216,0.0,0.0,0.0,0.0,0.0,0.0,0.0,0.0,0.1182,0.0124
JUNE-16-3-13,2018,16,3,Vol 16–20 (2017–2022),article,True,Using Online Images to Teach Quantitative Skills via Comparative Neuroanatomy: Applying the Directives of Vision and Change,3,Topic 3,0.0,0.0,0.008,0.1449,0.0,0.0966,0.0041,0.0,0.0,0.0255,0.026,0.0,0.002,0.0,0.0185
JUNE-16-3-14,2018,16,3,Vol 16–20 (2017–2022),article,True,The New Blueprints: Undergraduate Neuroscience Education in the Twenty-First Century,4,Topic 4,0.0,0.0,0.0052,0.0,0.2598,0.0,0.0,0.0,0.0,0.0,0.0198,0.0,0.0,0.0,0.0
JUNE-16-3-15,2018,16,3,Vol 16–20 (2017–2022),article,True,A Discussion of Diversity and Inclusivity at the Institutional Level: The Need For a Strategic Plan,11,Topic 11,0.0,0.0,0.0091,0.0,0.0219,0.0059,0.0,0.0,0.0,0.0,0.0,0.1753,0.0234,0.0,0.0
JUNE-16-3-16,2018,16,3,Vol 16–20 (2017–2022),article,True,The Allen Brain Atlas as a Resource for Teaching Undergraduate Neuroscience,3,Topic 3,0.0,0.0,0.0,0.4513,0.0,0.0,0.0,0.0,0.0,0.0,0.0,0.0059,0.0,0.0,0.0
JUNE-16-3-17,2018,16,3,Vol 16–20 (2017–2022),article,True,Building an Inclusive Classroom,12,Topic 12,0.0,0.0,0.0,0.0,0.0,0.0,0.0,0.0,0.0,0.0,0.0473,0.0765,0.1049,0.0,0.0
JUNE-16-3-18,2018,16,3,Vol 16–20 (2017–2022),article,True,Expanding Collaborations between the Neuroscience Training Committee of the Society for Neuroscience and the Faculty for Undergraduate Neuroscience,4,Topic 4,0.0,0.0,0.0,0.0,0.2862,0.0,0.0,0.0,0.0,0.0,0.0,0.0459,0.0203,0.0,0.0
JUNE-16-3-19,2018,16,3,Vol 16–20 (2017–2022),article,True,Reducing the Cost of Electrophysiology in the Teaching Laboratory,1,Topic 1,0.0,0.0758,0.0,0.0,0.0108,0.0319,0.0527,0.0,0.0353,0.0133,0.0,0.0,0.0,0.0135,0.0012
JUNE-16-3-20,2018,16,3,Vol 16–20 (2017–2022),article,True,Muscle Spindles and Our Sense of Physical Self: Kinesthetic Illusions of Limb Position and Posture,9,Topic 9,0.0,0.0026,0.0068,0.0085,0.0561,0.0,0.0634,0.0153,0.0,0.0801,0.0036,0.0,0.0002,0.0031,0.0
JUNE-16-3-21,2018,16,3,Vol 16–20 (2017–2022),article,True,Probing Synaptic Transmission and Behavior in Drosophila with Optogenetics: A Laboratory Exercise,14,Topic 14,0.0,0.0,0.0,0.0,0.0024,0.0,0.0023,0.0,0.0,0.0047,0.0,0.0,0.0,0.0,0.409
JUNE-17-1-03,2018,17,1,Vol 16–20 (2017–2022),article,False,Analysis of Student Attitudes of a Neurobiology Themed Inquiry Based Research Experience in First Year Biology Labs,1,Topic 1,0.0128,0.0931,0.0,0.0,0.0,0.0339,0.0,0.0062,0.0,0.0,0.0777,0.0257,0.0367,0.0,0.0103
JUNE-17-1-04,2018,17,1,Vol 16–20 (2017–2022),article,False,Recommendations for Developing an EEG Laboratory at a Primarily Undergraduate Institution,8,Topic 8,0.0,0.0,0.016,0.0,0.0282,0.0,0.0,0.0,0.4558,0.0,0.0,0.009,0.0,0.0,0.0
JUNE-17-1-05,2018,17,1,Vol 16–20 (2017–2022),article,False,Neuroscience and Sustainability: An Online Module on “Environmental Neuroscience”,5,Topic 5,0.005,0.0,0.0028,0.0,0.0,0.1105,0.0016,0.0,0.0008,0.0215,0.0987,0.0087,0.0021,0.0232,0.0347
JUNE-17-1-06,2018,17,1,Vol 16–20 (2017–2022),article,False,Mystery Neurotransmitters! An Active Learning Activity on Synaptic Function for Undergraduate Students,12,Topic 12,0.0022,0.0,0.0,0.012,0.0,0.0,0.0109,0.0,0.0,0.0,0.0,0.0,0.2049,0.0,0.0458
JUNE-17-1-07,2018,17,1,Vol 16–20 (2017–2022),article,False,The Neuroscience Classroom Remodeled with Team-Based Learning,12,Topic 12,0.0036,0.0,0.0044,0.0,0.012,0.0055,0.0,0.0,0.0,0.0,0.0053,0.0,0.2257,0.0,0.0
JUNE-17-1-08,2018,17,1,Vol 16–20 (2017–2022),article,False,Teaching Dose-response Relationships Through Aminoglycoside Block of Mechanotransduction Channels in Lateral Line Hair Cells of Larval Zebrafish,1,Topic 1,0.0031,0.1397,0.0,0.0,0.0,0.0,0.0264,0.0,0.0,0.0,0.0,0.0,0.0,0.0,0.023
JUNE-17-1-09,2018,17,1,Vol 16–20 (2017–2022),article,False,Raising Awareness About Prescription and Stimulant Abuse in College Students Through On-Campus Community Involvement Projects,7,Topic 7,0.0,0.0587,0.0005,0.0,0.0106,0.0,0.0,0.1441,0.0,0.0,0.0,0.0,0.0,0.0,0.0
JUNE-17-1-10,2018,17,1,Vol 16–20 (2017–2022),article,False,"A Report on the Qualities, Skills, and Characteristics Desired by Top Neuroscience Graduate Programs",11,Topic 11,0.008,0.014,0.0084,0.0,0.0,0.0,0.0075,0.0481,0.0,0.0076,0.0,0.2069,0.0,0.0,0.0
JUNE-17-1-11,2018,17,1,Vol 16–20 (2017–2022),article,False,Impact of Experiential Neuroscience of Meditation Course on Attitudes Toward Mediation and Science,10,Topic 10,0.0,0.0219,0.0,0.0035,0.0,0.0213,0.0,0.0266,0.0073,0.0104,0.1678,0.0,0.0,0.0,0.0
JUNE-17-1-12,2018,17,1,Vol 16–20 (2017–2022),article,False,Using iBiology as a Tool for Undergraduate Neuroscience Education,5,Topic 5,0.0,0.0076,0.0,0.0,0.0511,0.1275,0.0019,0.0,0.0006,0.0,0.088,0.0,0.0,0.0,0.0098
JUNE-17-1-13,2018,17,1,Vol 16–20 (2017–2022),article,False,The Behavioral Effects of Oral Psychostimulant Ingestion on a Laboratory Rat Sample: An Undergraduate Research Experience,1,Topic 1,0.0,0.2782,0.0,0.0,0.0,0.0,0.0,0.0,0.0,0.0359,0.0,0.0,0.0,0.0,0.0
JUNE-17-1-14,2018,17,1,Vol 16–20 (2017–2022),article,False,Using a Contrast Illusion to Teach Principles of Neural Processing,9,Topic 9,0.0019,0.0,0.0,0.0,0.0,0.0,0.0,0.0,0.0078,0.2119,0.0135,0.0,0.0575,0.1491,0.0006
JUNE-17-1-15,2018,17,1,Vol 16–20 (2017–2022),article,False,"Engaging, Entertaining, and Educating Under-Served and At-Risk Youth with STEM-Based Activities",7,Topic 7,0.0038,0.0113,0.0,0.0,0.0194,0.0,0.0,0.1673,0.0,0.0,0.0256,0.0082,0.0363,0.0207,0.0
JUNE-17-1-16,2018,17,1,Vol 16–20 (2017–2022),article,False,Classroom-Based Research Experiences to Support Underserved STEM Student Success: From Introductory Inquiry to Optogenetics in the Embryonic Chicken,10,Topic 10,0.0008,0.0249,0.0,0.0,0.0221,0.0,0.0,0.086,0.0,0.0,0.1214,0.031,0.0218,0.0,0.0355
JUNE-17-1-17,2018,17,1,Vol 16–20 (2017–2022),technical,False,How to Train a Honey Bee,1,Topic 1,0.0,0.0897,0.0041,0.0,0.0,0.0,0.0,0.0,0.0097,0.0,0.0,0.0735,0.0078,0.0,0.0836
JUNE-17-2-03,2019,17,2,Vol 16–20 (2017–2022),article,False,Long Term Potentiation in Mouse Hippocampal Slices in an Undergraduate Laboratory Course,1,Topic 1,0.0011,0.1358,0.0014,0.0161,0.0008,0.0,0.0821,0.0,0.0196,0.0,0.0,0.0,0.0,0.0509,0.0
JUNE-17-2-04,2019,17,2,Vol 16–20 (2017–2022),article,False,Hands-on Undergraduate Experiences Using Low-Cost Electroencephalography (EEG) Devices,8,Topic 8,0.0,0.0,0.0,0.0,0.0,0.0082,0.0,0.0091,0.3556,0.0,0.0248,0.0046,0.0182,0.0,0.0
JUNE-17-2-05,2019,17,2,Vol 16–20 (2017–2022),article,False,Development of an Introductory Neuroscience Teaching Experience for Undergraduates with a Low-Cost Neuroscience Summer Academy,7,Topic 7,0.0002,0.0129,0.0,0.0,0.0632,0.0019,0.0,0.1746,0.0133,0.0,0.0,0.1234,0.0,0.0023,0.0003
JUNE-17-2-06,2019,17,2,Vol 16–20 (2017–2022),article,False,An Effective Model for Engaging Faculty and Undergraduate Students in Neuroscience Outreach with Middle Schoolers,7,Topic 7,0.0109,0.0,0.0,0.0113,0.0,0.0,0.0,0.3258,0.0,0.0052,0.0105,0.0,0.023,0.0,0.0
JUNE-17-2-07,2019,17,2,Vol 16–20 (2017–2022),article,False,"Motivation, Belongingness, and Anxiety in Neuroscience Undergraduates: Emphasizing First Generation College Students",11,Topic 11,0.0,0.0253,0.0011,0.0,0.0224,0.0,0.0113,0.0498,0.0,0.0038,0.0425,0.0925,0.0432,0.0,0.0
JUNE-17-2-08,2019,17,2,Vol 16–20 (2017–2022),article,False,Development of Low-Cost Tactile Neuroanatomy Learning Tools for Students with Visual-Impairmen,3,Topic 3,0.0,0.0,0.0282,0.063,0.0109,0.0248,0.0165,0.0,0.0404,0.0443,0.0,0.0435,0.0245,0.0,0.0033
JUNE-17-2-09,2019,17,2,Vol 16–20 (2017–2022),article,False,Neuroscience and Education Colleagues Collaborate to Design and Assess Effective Brain Outreach for Preschoolers,7,Topic 7,0.0,0.0,0.0,0.0243,0.0,0.0115,0.0,0.2316,0.0,0.0,0.0831,0.0,0.0223,0.0,0.0
JUNE-17-2-10,2019,17,2,Vol 16–20 (2017–2022),case study,False,Two Scientists Share Nobel Prize for the First Time! A Case Study Developed for Exploring the History of Neuroanatomy,2,Topic 2,0.0591,0.0,0.2324,0.0438,0.0,0.0,0.0,0.0046,0.0,0.0134,0.0,0.0,0.0,0.0225,0.0
JUNE-17-2-11,2019,17,2,Vol 16–20 (2017–2022),technical,False,An Electrophysiological Investigation of Power-Amplification in the Ballistic Mantis Shrimp Punch,9,Topic 9,0.0017,0.0675,0.0,0.0,0.0,0.0,0.0818,0.0,0.0093,0.1492,0.0293,0.0,0.0,0.0,0.0507
JUNE-18-1-02,2019,18,1,Vol 16–20 (2017–2022),article,False,Student-led Recaps and Retrieval Practice: A Simple Classroom Activity Emphasizing Effective Learning Strategies,12,Topic 12,0.0062,0.0038,0.0,0.0,0.069,0.0,0.0,0.0007,0.0176,0.0032,0.003,0.0281,0.171,0.0,0.0003
JUNE-18-1-03,2019,18,1,Vol 16–20 (2017–2022),article,False,Cognitive and Non-Cognitive Outcomes Associated with Student Engagement in a Novel Brain Chemoarchitecture Mapping Course-Based Undergraduate Research Experience,3,Topic 3,0.0148,0.0,0.0,0.2312,0.0,0.0,0.0004,0.0115,0.0,0.0,0.2001,0.0,0.0207,0.0,0.0
JUNE-18-1-04,2019,18,1,Vol 16–20 (2017–2022),article,False,Everyday Neuroscience: A Community Engagement Course,7,Topic 7,0.0087,0.0,0.0,0.0,0.0,0.0,0.0,0.3812,0.0,0.0054,0.0,0.0,0.0329,0.0,0.0
JUNE-18-1-05,2019,18,1,Vol 16–20 (2017–2022),article,False,Quantitative Indicators of Continued Growth in Undergraduate Neuroscience Education in the US,10,Topic 10,0.0,0.0081,0.0,0.0178,0.0089,0.0,0.005,0.0,0.0,0.0021,0.1257,0.0817,0.0,0.0,0.0
JUNE-18-1-06,2019,18,1,Vol 16–20 (2017–2022),article,False,Modulating the Zebrafish Camouflage Response Pathway to Illustrate Neuroendocrine Control Over a Robust and Quantifiable Behavior,1,Topic 1,0.0,0.116,0.0007,0.0,0.0,0.0,0.0175,0.0,0.0,0.0,0.0,0.0,0.0,0.0,0.1003
JUNE-18-1-07,2019,18,1,Vol 16–20 (2017–2022),article,False,Versatile Undergraduate Neurobiology Course-Based Research Experiences Using Open Access 3D Electron Microscopy Image Volumes,3,Topic 3,0.0,0.0844,0.0011,0.1277,0.0,0.0136,0.0106,0.0,0.0,0.0,0.0102,0.0147,0.0193,0.0,0.0126
JUNE-18-1-08,2019,18,1,Vol 16–20 (2017–2022),case study,False,The Mysterious Case of Patient X: A Case Study for Neuroscience Students,2,Topic 2,0.0,0.0,0.3503,0.0198,0.0,0.0,0.0,0.0,0.0,0.0,0.0,0.027,0.0,0.0,0.0146
JUNE-18-1-09,2019,18,1,Vol 16–20 (2017–2022),case study,False,‘Without A Key’: A Classroom Case Study,2,Topic 2,0.0,0.021,0.229,0.0654,0.0,0.0,0.0,0.0149,0.0231,0.0,0.0,0.0,0.0,0.0218,0.0
JUNE-18-1-10,2019,18,1,Vol 16–20 (2017–2022),technical,False,3D Printing Neuron Equivalent Circuits: An Undergraduate Laboratory Exercise,13,Topic 13,0.0,0.0001,0.0,0.0,0.0,0.0,0.0311,0.0026,0.0,0.0465,0.0,0.0,0.0,0.2586,0.0
JUNE-18-2-03,2020,18,2,Vol 16–20 (2017–2022),article,False,Interactive Student-Centered Neuroscience Workshops for Sixth Graders Enhance Science Knowledge and Education Attitudes,10,Topic 10,0.0,0.0,0.0,0.017,0.0121,0.0,0.0,0.1248,0.0,0.0004,0.187,0.0,0.0,0.0,0.0
JUNE-18-2-04,2020,18,2,Vol 16–20 (2017–2022),article,False,Chick Embryonic Primary Astrocyte Cultures Provide an Effective and Scalable Model for Authentic Research in a Laboratory Class,1,Topic 1,0.0373,0.0719,0.022,0.0151,0.0,0.0,0.0179,0.0,0.0,0.0,0.0279,0.0,0.0,0.0103,0.0157
JUNE-18-2-05,2020,18,2,Vol 16–20 (2017–2022),article,False,Using Drosophila Motor Mutants to Teach Neurodevelopment in an Undergraduate Neurobiology Lab,14,Topic 14,0.0,0.053,0.0035,0.0,0.0,0.0,0.0,0.0041,0.0,0.1003,0.0083,0.0,0.0029,0.0601,0.1321
JUNE-18-2-06,2020,18,2,Vol 16–20 (2017–2022),article,False,Comparing Active Learning to Team-Based Learning in Undergraduate Neuroscience,12,Topic 12,0.0,0.0,0.0,0.0,0.0,0.0,0.0,0.0,0.0,0.0,0.0,0.0,0.258,0.0,0.0
JUNE-18-2-07,2020,18,2,Vol 16–20 (2017–2022),article,False,Cocktail Napkin Presentations: Design of an Activity to Enhance Undergraduate Communication and Critical Evaluation of Neuroscience Primary Literature,0,Topic 0,0.1277,0.0066,0.0294,0.0,0.0,0.0,0.0051,0.0,0.0,0.0,0.0509,0.0,0.0213,0.0,0.0
JUNE-18-2-08,2020,18,2,Vol 16–20 (2017–2022),article,False,Quantifying the Effects of Two Local Anesthetics on the Crayfish Stretch Receptor Organ: An Integrated Neurophysiology Lab,6,Topic 6,0.0,0.0407,0.0008,0.0034,0.0,0.0081,0.2259,0.0109,0.0,0.0046,0.0,0.0049,0.0,0.0,0.0
JUNE-18-2-09,2020,18,2,Vol 16–20 (2017–2022),article,False,Undergraduate Participation in the Society for Neuroscience,4,Topic 4,0.0,0.014,0.0,0.0326,0.1134,0.0,0.0,0.035,0.0,0.0,0.0,0.0632,0.0,0.0,0.0
JUNE-18-2-10,2020,18,2,Vol 16–20 (2017–2022),case study,False,Meningitis in College Students: Using a Case Study to Expose Introductory Neuroscience Students to Primary Scientific Literature and Applications of Neuroscience,2,Topic 2,0.096,0.0,0.1745,0.0,0.0037,0.0,0.0,0.0075,0.0,0.0,0.0034,0.0,0.0,0.0,0.0
JUNE-19-1-02,2020,19,1,Vol 16–20 (2017–2022),article,False,Reproducible Quantitative Stimulation Allows New Analysis of Crayfish Muscle Receptor Organ Responses,6,Topic 6,0.0,0.0491,0.0,0.0223,0.0,0.0,0.1913,0.0,0.0,0.0953,0.0,0.0019,0.0,0.0007,0.0
JUNE-19-1-03,2020,19,1,Vol 16–20 (2017–2022),article,False,Dissecting the Molecular and Neural Circuit Bases of Behavior as an Introduction to Discovery-Driven Research: A Report on a Course-Based Undergraduate Research Experience,14,Topic 14,0.0098,0.0,0.0025,0.0327,0.0,0.0,0.0,0.0046,0.0013,0.0,0.0112,0.0,0.0135,0.0,0.2937
JUNE-19-1-04,2020,19,1,Vol 16–20 (2017–2022),article,False,Evaluation of Students’ Conceptual Organization of Neuroscience May Depend on the Expert Referent,10,Topic 10,0.0,0.0,0.0048,0.0124,0.0,0.0,0.0011,0.0,0.0109,0.0001,0.0958,0.0088,0.0496,0.0554,0.0015
JUNE-19-1-05,2020,19,1,Vol 16–20 (2017–2022),article,False,"Physiologists Turned Geneticists: Identifying Transcripts and Genes for Neuronal Function in the Marbled Crayfish, Procambarus virginalis",14,Topic 14,0.0,0.0043,0.0,0.031,0.0,0.0087,0.0326,0.0,0.0295,0.0023,0.0362,0.0349,0.0241,0.0042,0.1018
JUNE-19-1-06,2020,19,1,Vol 16–20 (2017–2022),article,False,Integrating Research into the Undergraduate Curriculum: 1. Early Research Experiences and Training,10,Topic 10,0.0087,0.0,0.0,0.0,0.0675,0.0,0.0,0.0044,0.0,0.0,0.0944,0.0852,0.0472,0.0028,0.0005
JUNE-19-1-07,2020,19,1,Vol 16–20 (2017–2022),article,False,Integrating Research into the Undergraduate Curriculum: 2. Scaffolding Research Skills and Transitioning toward Independent Research,11,Topic 11,0.0221,0.0,0.0,0.0108,0.0347,0.0,0.0,0.001,0.005,0.0,0.0551,0.1718,0.0564,0.0,0.0132
JUNE-19-1-08,2020,19,1,Vol 16–20 (2017–2022),article,False,Integrating Research into the Undergraduate Curriculum: 3. Research Training in the Upper-level Neuroscience Curriculum,11,Topic 11,0.0036,0.0136,0.0034,0.0,0.0352,0.0,0.0,0.0,0.015,0.0,0.0884,0.1293,0.0,0.0355,0.0
JUNE-19-1-09,2020,19,1,Vol 16–20 (2017–2022),article,False,A Capstone Course Where Students Present Contemporary Neuroscience Research to High School Students,7,Topic 7,0.0086,0.0,0.0,0.0,0.0,0.0184,0.0003,0.2573,0.0,0.0,0.0,0.0108,0.0,0.0,0.0
JUNE-19-1-10,2020,19,1,Vol 16–20 (2017–2022),article,False,Learning How to Code While Analyzing an Open Access Electrophysiology Dataset,3,Topic 3,0.0,0.0093,0.0,0.1964,0.0035,0.0,0.0374,0.0,0.0,0.0,0.0,0.013,0.0,0.0429,0.0
JUNE-19-1-11,2020,19,1,Vol 16–20 (2017–2022),article,False,Non-Disposable Assignments for Remote Neuroscience Laboratory Teaching Using Analysis of Human Data,1,Topic 1,0.0139,0.1473,0.0,0.0542,0.0,0.0032,0.0,0.0,0.0681,0.0,0.0,0.0,0.0,0.0215,0.0
JUNE-19-1-12,2020,19,1,Vol 16–20 (2017–2022),article,False,Highlighting Diversity in Neuroscience through Course Content,11,Topic 11,0.0,0.0,0.0,0.0119,0.0,0.0167,0.0,0.0,0.0,0.0,0.0,0.1443,0.039,0.0,0.0
JUNE-19-1-13,2020,19,1,Vol 16–20 (2017–2022),article,False,Developing and Implementing Low-Cost Remote Laboratories for Undergraduate Biology and Neuroscience Courses,5,Topic 5,0.0004,0.07,0.0,0.0,0.0182,0.2548,0.0,0.0,0.02,0.0,0.0,0.0219,0.0063,0.0044,0.0
JUNE-19-1-14,2020,19,1,Vol 16–20 (2017–2022),article,False,Inexpensive Methods for Live Imaging of Central Pattern Generator Activity in the Drosophila Larval Locomotor System,14,Topic 14,0.0002,0.018,0.0,0.0076,0.0,0.0,0.0095,0.0,0.0428,0.0077,0.0,0.0,0.0122,0.0839,0.1332
JUNE-19-1-15,2020,19,1,Vol 16–20 (2017–2022),article,False,Building Your Own Neuroscience Equipment: A Precision Micromanipulator and an Epi-fluorescence Microscope for Calcium Imaging,14,Topic 14,0.008,0.0,0.0,0.0089,0.022,0.0326,0.038,0.0,0.03,0.0,0.0,0.008,0.0,0.0519,0.0862
JUNE-19-2-02,2021,19,2,Vol 16–20 (2017–2022),article,False,Effective Use of Student-Created Case Studies as Assessment in an Undergraduate Neuroscience,2,Topic 2,0.0312,0.0,0.422,0.0,0.0,0.0268,0.0,0.0,0.0,0.0,0.0,0.0,0.0256,0.0,0.0
JUNE-19-2-03,2021,19,2,Vol 16–20 (2017–2022),article,False,Teaching Neuroimmunology to Undergraduate Students: Resource for Full Course or Modular Implementation,0,Topic 0,0.1391,0.0,0.0125,0.0,0.0,0.0033,0.0,0.0103,0.0,0.0285,0.0,0.0,0.0404,0.0,0.0
JUNE-19-2-04,2021,19,2,Vol 16–20 (2017–2022),article,False,Teaching Computation in Neuroscience: Notes on the 2019 Society for Neuroscience Professional Development Workshop on Teaching,13,Topic 13,0.0,0.0,0.0,0.0455,0.1099,0.0,0.0,0.0,0.0,0.0,0.0,0.0077,0.0,0.1696,0.0
JUNE-19-2-05,2021,19,2,Vol 16–20 (2017–2022),article,False,Integrating Service Learning into a Neuropsychopharmacology Course,7,Topic 7,0.0163,0.052,0.0054,0.0024,0.0038,0.0,0.0,0.1394,0.0005,0.0,0.0187,0.0,0.0392,0.0185,0.0
JUNE-19-2-06,2021,19,2,Vol 16–20 (2017–2022),article,False,Cooperative Group Learning in Undergraduate Neuroscience: Using Simulations to Complement Problem-Solving Assignments,12,Topic 12,0.0119,0.0,0.0,0.0,0.0,0.0,0.0,0.0,0.0,0.0,0.0,0.0,0.14,0.1178,0.0
JUNE-19-2-07,2021,19,2,Vol 16–20 (2017–2022),article,False,"Reading the Brain: An Interdisciplinary First-Year Seminar on the Intersection of Neuroscience, Literature, and Popular Culture",10,Topic 10,0.0232,0.0,0.0,0.0907,0.0,0.0,0.0,0.0,0.0396,0.0,0.1796,0.0,0.0,0.0,0.0
JUNE-19-2-08,2021,19,2,Vol 16–20 (2017–2022),article,False,"Assessment of Mapping the Brain , a Novel Research and Neurotechnology Based Approach for the Modern Neuroscience Classroom",3,Topic 3,0.0494,0.0272,0.0031,0.1757,0.0,0.0,0.0,0.0014,0.0095,0.0086,0.002,0.0513,0.0351,0.0,0.0353
JUNE-19-2-09,2021,19,2,Vol 16–20 (2017–2022),article,False,A Course-Based Research Experience Using the Allen Brain Map: From Research Question to Poster Session,3,Topic 3,0.0,0.0,0.0,0.3825,0.0,0.0,0.0,0.0,0.0,0.0,0.0,0.0,0.0,0.0,0.0187
JUNE-19-2-10,2021,19,2,Vol 16–20 (2017–2022),case study,False,Phantom Limb Pain: Feeling Sensation from a Limb That is No Longer Present and What it Can Reveal about Our Brain Anatomy,2,Topic 2,0.0098,0.0018,0.1006,0.0352,0.0,0.0621,0.0,0.0,0.0001,0.0518,0.0,0.0,0.0,0.004,0.0066
JUNE-20-1-04,2021,20,1,Vol 16–20 (2017–2022),article,False,DRD4 Allele Frequency as a Lab Exercise in Neuroscience and Genetics Courses,9,Topic 9,0.0,0.0617,0.0,0.0,0.0,0.0008,0.0,0.0407,0.0,0.0822,0.0,0.0214,0.0,0.0,0.0656
JUNE-20-1-05,2021,20,1,Vol 16–20 (2017–2022),article,False,Pedagogical Activities for Assessing Human and Rat Taste-Related Behavioral Responses to Gymnema sylvestre,1,Topic 1,0.0,0.1278,0.0,0.0,0.0,0.0,0.0097,0.008,0.0,0.0,0.0,0.0,0.0049,0.0,0.0
JUNE-20-1-06,2021,20,1,Vol 16–20 (2017–2022),article,False,Signal : A Neurotransmission Board Game,12,Topic 12,0.0,0.0,0.0,0.0,0.0201,0.0,0.0823,0.0,0.0,0.0,0.0,0.0,0.1911,0.0,0.0149
JUNE-20-1-07,2021,20,1,Vol 16–20 (2017–2022),article,False,"The Spine Lab: A Short-Duration, Fully-Remote Course-Based Undergraduate Research Experience",3,Topic 3,0.0,0.0019,0.0,0.0889,0.0022,0.0692,0.0,0.0,0.0,0.0197,0.0797,0.0059,0.0467,0.0,0.0689
JUNE-20-1-08,2021,20,1,Vol 16–20 (2017–2022),article,False,Race and the Ivory Tower: An Antiracism Exercise for an Undergraduate Neuroscience Classroom,5,Topic 5,0.0093,0.0,0.0063,0.0,0.0044,0.1375,0.0,0.0056,0.0,0.1145,0.1021,0.0,0.0,0.0,0.0136
JUNE-20-1-09,2021,20,1,Vol 16–20 (2017–2022),article,False,Class Size and Student Performance in a Team-Based Learning Course,12,Topic 12,0.0,0.006,0.0,0.0,0.006,0.0,0.0044,0.0,0.0,0.0025,0.0,0.0236,0.1753,0.0,0.0
JUNE-20-1-10,2021,20,1,Vol 16–20 (2017–2022),article,False,A Semester without Exams: Approaches in a Small And Large Course,12,Topic 12,0.0,0.0564,0.0,0.0,0.0,0.0161,0.0,0.0022,0.0,0.0,0.0118,0.0054,0.1187,0.0,0.0008
JUNE-20-1-11,2021,20,1,Vol 16–20 (2017–2022),article,False,Open-Ended Inquiry into Zebrafish Nerve Development Using Image Analysis,1,Topic 1,0.0078,0.176,0.0,0.0157,0.0013,0.0085,0.0078,0.0015,0.0,0.0,0.0305,0.0,0.0075,0.0258,0.0046
JUNE-20-1-12,2021,20,1,Vol 16–20 (2017–2022),article,False,The Open Neuroscience Initiative: A Free-to-Access and -Adopt Digital Textbook for Undergraduate Students of Introductory Neuroscience,3,Topic 3,0.0015,0.0015,0.0,0.0931,0.0,0.0423,0.0013,0.0,0.0007,0.0,0.054,0.0204,0.0279,0.0,0.0061
JUNE-20-1-13,2021,20,1,Vol 16–20 (2017–2022),article,False,Quantitative Characterization of Output from the Directionally Selective Visual Interneuron H1 in the Grey Flesh Fly Sarcophaga bullata,6,Topic 6,0.0,0.0075,0.0092,0.0032,0.0,0.0,0.1192,0.0,0.0286,0.0904,0.0,0.0,0.0,0.0247,0.017
JUNE-20-1-14,2021,20,1,Vol 16–20 (2017–2022),article,False,Pandemic Teaching: Using the Allen Cell Types Database for Final Semester Projects in an Undergraduate Neurophysiology Lab Course,3,Topic 3,0.0154,0.0339,0.0,0.2023,0.0,0.0787,0.11,0.0,0.0007,0.0,0.0,0.0,0.0128,0.0589,0.011
JUNE-20-1-15,2021,20,1,Vol 16–20 (2017–2022),case study,False,The Simpsons Neuron: A Case Study Exploring Neuronal Coding and the Scientific Method for Introductory and Advanced Neuroscience Courses,2,Topic 2,0.0,0.0059,0.265,0.0041,0.0,0.0,0.0642,0.0,0.0106,0.0,0.0665,0.0,0.0,0.0514,0.0
JUNE-20-2-05,2022,20,2,Vol 16–20 (2017–2022),article,True,Video Microscopy for Teaching: Optimizing the Field of View,5,Topic 5,0.0,0.0,0.0,0.0,0.0,0.3178,0.0011,0.0,0.0,0.0,0.0,0.0,0.0,0.0,0.0
JUNE-20-2-06,2022,20,2,Vol 16–20 (2017–2022),article,True,Increasing Self-Compassion: Review of the Literature and Recommendations,12,Topic 12,0.0056,0.0052,0.0001,0.0,0.0046,0.0136,0.0,0.0096,0.006,0.0048,0.0402,0.0207,0.0506,0.0004,0.0
JUNE-20-2-07,2022,20,2,Vol 16–20 (2017–2022),article,True,Podcasting Neuroscience: A Science Communication Assignment,10,Topic 10,0.0836,0.0,0.0,0.0,0.018,0.0245,0.0,0.0182,0.0,0.0,0.1495,0.0,0.0107,0.0,0.0
JUNE-20-2-08,2022,20,2,Vol 16–20 (2017–2022),article,True,Deep versus Shallow Processing: A Learning and Memory Experiment for Asynchronous and Synchronous Online Platforms,5,Topic 5,0.001,0.0344,0.0003,0.0,0.0,0.0958,0.0,0.0,0.0301,0.047,0.0,0.0,0.0091,0.01,0.0
JUNE-20-2-09,2022,20,2,Vol 16–20 (2017–2022),article,True,Why Students Cheat and How Understanding This Can Help Reduce the Frequency of Academic Misconduct in Higher Education: A Literature Review,11,Topic 11,0.0214,0.0,0.0086,0.0,0.0026,0.0,0.0067,0.0113,0.0,0.0,0.0199,0.129,0.0236,0.0,0.0
JUNE-20-2-10,2022,20,2,Vol 16–20 (2017–2022),article,True,The Development of Core Concepts for Neuroscience Higher Education: From Beginning to Summer Virtual Meeting Satellite Session,10,Topic 10,0.0,0.0,0.0,0.0256,0.0639,0.0034,0.0,0.0,0.0,0.0032,0.1084,0.003,0.0315,0.0507,0.0
JUNE-20-2-11,2022,20,2,Vol 16–20 (2017–2022),article,True,FraidyRat: A Virtual Module Examining the Neural Circuitry Underlying Fear Conditioning,13,Topic 13,0.0032,0.0,0.0,0.003,0.0,0.0876,0.0,0.0,0.0,0.0,0.0,0.0,0.0231,0.1925,0.0629
JUNE-20-2-12,2022,20,2,Vol 16–20 (2017–2022),article,True,Enhancing Student Research Experiences with Open Data from the Allen Brain Map,3,Topic 3,0.0,0.0512,0.0,0.3695,0.0,0.094,0.0,0.0,0.0,0.0,0.0,0.0,0.0,0.0,0.0
JUNE-20-2-13,2022,20,2,Vol 16–20 (2017–2022),article,True,Adapting Case Studies for Synchronous and Asynchronous Online Courses,2,Topic 2,0.0,0.0,0.318,0.0,0.0,0.2196,0.0,0.0,0.0,0.0,0.0,0.0,0.0,0.0,0.0
JUNE-20-2-14,2022,20,2,Vol 16–20 (2017–2022),article,True,Teaching About Sex and Gender in Neuroscience: More Than Meets the “XY”,10,Topic 10,0.0084,0.0036,0.0216,0.0108,0.0033,0.0386,0.0,0.0,0.0,0.0015,0.0864,0.0117,0.0,0.0,0.0011
JUNE-20-2-15,2022,20,2,Vol 16–20 (2017–2022),article,True,"PROJECT DiViNe: DIVERSE VOICES IN NEUROSCIENCE: Profiles of Rita Levi-Montalcini, Ricardo Miledi, Simon LeVay, Erich Jarvis, and Steve Ramirez",11,Topic 11,0.0223,0.0109,0.0,0.0,0.0,0.0001,0.0,0.0,0.0,0.0,0.0371,0.1352,0.0,0.0,0.0004
JUNE-20-2-16,2022,20,2,Vol 16–20 (2017–2022),article,True,"Deceived, Confused, or Peer Reviewed? Critical Information Literacy in a First-year Neuroscience Course",10,Topic 10,0.0342,0.0,0.0,0.0,0.0412,0.0096,0.0,0.0,0.0019,0.0015,0.093,0.0,0.0097,0.0115,0.0
JUNE-20-2-17,2022,20,2,Vol 16–20 (2017–2022),article,True,Virtual/Remote Labs for Fluorescent Immunocytochemistry or Western Blotting: The Next Best Thing to Being There,5,Topic 5,0.0055,0.083,0.0,0.0206,0.0,0.1946,0.0,0.0,0.0124,0.0101,0.0,0.0038,0.0,0.0522,0.0
JUNE-20-2-18,2022,20,2,Vol 16–20 (2017–2022),article,True,"Online Neuroscience Instruction: Insights, Lessons Learned, and Moving Forward",5,Topic 5,0.0,0.0,0.0251,0.0,0.0263,0.4123,0.0,0.0,0.0,0.0,0.0,0.0227,0.0,0.0,0.0
JUNE-20-2-19,2022,20,2,Vol 16–20 (2017–2022),article,True,"Designing a Simulation Lab: The Process that Led to Action Potentials Explored and Extended, Two Simulation-Based Neurobiology Labs",6,Topic 6,0.0014,0.0,0.0,0.0,0.0,0.0304,0.179,0.0,0.0,0.0,0.0269,0.0,0.0,0.0752,0.0
JUNE-20-2-20,2022,20,2,Vol 16–20 (2017–2022),article,True,Structured Worksheets: Simple Active Learning Strategies to Increase Transparency and Promote Communication,12,Topic 12,0.0,0.0041,0.0064,0.0,0.017,0.0,0.0,0.0,0.0,0.0,0.0,0.013,0.2574,0.0,0.0
JUNE-20-2-21,2022,20,2,Vol 16–20 (2017–2022),article,True,Teaching to Empower: Leveraging the Neuroscience of Now to Help Students Become Self-Regulated Learners,3,Topic 3,0.0052,0.0,0.0321,0.0767,0.0023,0.0,0.0063,0.0297,0.0035,0.013,0.0,0.0095,0.0292,0.0182,0.0045
JUNE-20-2-22,2022,20,2,Vol 16–20 (2017–2022),article,True,Digital Timeline Assignment of Key Opioid Research Articles Spanning Five Decades,0,Topic 0,0.102,0.0,0.0067,0.0031,0.0,0.0811,0.0,0.0,0.0,0.0,0.013,0.0,0.0,0.0,0.0
JUNE-20-2-23,2022,20,2,Vol 16–20 (2017–2022),article,True,A Resource to Future Proof the Laboratory in Uncertain Times,5,Topic 5,0.0,0.0578,0.0,0.0,0.0,0.4002,0.0037,0.0034,0.0,0.0,0.0306,0.0,0.0,0.0,0.0
JUNE-20-2-24,2022,20,2,Vol 16–20 (2017–2022),article,True,TrainingSpace: Neuroscience Education without Borders,3,Topic 3,0.0,0.0,0.0,0.1224,0.0,0.1152,0.0,0.0,0.0,0.0,0.0335,0.0826,0.0058,0.0335,0.0
JUNE-20-2-25,2022,20,2,Vol 16–20 (2017–2022),article,True,Neurosim: Some Thoughts on Using Computer Simulation in Teaching Electrophysiology,13,Topic 13,0.0,0.0,0.0,0.0,0.0125,0.0,0.1302,0.0,0.0,0.0,0.0,0.0089,0.0052,0.2389,0.0
JUNE-20-2-26,2022,20,2,Vol 16–20 (2017–2022),article,True,Meeting Behind the Seen: Synchronous Teaching without Virtual Meeting Fatigue,5,Topic 5,0.0002,0.0,0.0121,0.0,0.0063,0.1788,0.0,0.0,0.0092,0.0,0.0,0.0108,0.0064,0.0,0.0
JUNE-20-2-27,2022,20,2,Vol 16–20 (2017–2022),article,True,Neuroscience Ambassadors: Creating a Network of Academia-Community Partnerships,10,Topic 10,0.0,0.0,0.0,0.0,0.0555,0.0,0.0115,0.0861,0.0,0.0,0.1105,0.0178,0.0,0.0306,0.0
JUNE-20-3-04,2022,20,3,Vol 16–20 (2017–2022),article,False,Active Learning and Community Engagement: Pedagogical Synergy through the “Mobile Neuroscience Lab” Project,7,Topic 7,0.0,0.0,0.0,0.001,0.0,0.0,0.0,0.2873,0.0,0.0,0.0341,0.0,0.1084,0.0,0.0
JUNE-20-3-05,2022,20,3,Vol 16–20 (2017–2022),article,False,Effective Development of a Remote Full-Day Summer Neuroscience Program at the University of Pennsylvania,5,Topic 5,0.0131,0.0,0.0,0.0,0.0324,0.3383,0.0,0.0105,0.0,0.0,0.0057,0.0204,0.0063,0.0,0.0
JUNE-20-3-06,2022,20,3,Vol 16–20 (2017–2022),article,False,Feasibility and Utility of a Virtual Reality Laboratory Exercise in an Undergraduate Neuroscience Course,5,Topic 5,0.0042,0.0,0.0022,0.0267,0.0,0.0762,0.0,0.0071,0.0137,0.0759,0.0,0.0,0.0179,0.0131,0.0
JUNE-20-3-07,2022,20,3,Vol 16–20 (2017–2022),article,False,An Online Course in Contemplative Neuroscience Increases Dispositional Mindfulness and Reduces Meditation Barriers,5,Topic 5,0.0,0.0,0.0032,0.0,0.0,0.2091,0.0,0.0023,0.0,0.0,0.1072,0.0194,0.0014,0.0,0.0
JUNE-20-3-08,2022,20,3,Vol 16–20 (2017–2022),article,False,Opportunities to Discuss Diversity-Related Topics in Neuroscience Courses,11,Topic 11,0.0,0.002,0.0177,0.0105,0.0,0.0,0.0,0.0,0.0085,0.0,0.0434,0.1559,0.0096,0.0093,0.0083
JUNE-20-3-09,2022,20,3,Vol 16–20 (2017–2022),article,False,Recording from Snail Motor Nerves to Investigate Central Pattern Generation,13,Topic 13,0.0,0.051,0.0,0.0,0.0,0.0,0.046,0.009,0.0,0.0562,0.0,0.0,0.0,0.087,0.0269
JUNE-20-3-10,2022,20,3,Vol 16–20 (2017–2022),article,False,The FUN Exchange: A Community-Driven Repository of Resources for Neuroscience Educators,5,Topic 5,0.0,0.0,0.0,0.001,0.0895,0.2673,0.0,0.0,0.0,0.0,0.0,0.0,0.0,0.0,0.0
JUNE-20-3-11,2022,20,3,Vol 16–20 (2017–2022),article,False,Measuring Sex Differences in the Corpus Callosum by Undergraduates at a Small and a Large Institution,5,Topic 5,0.0,0.0511,0.0,0.1191,0.0,0.1872,0.0,0.0,0.0,0.0,0.0085,0.0,0.0,0.0,0.0
JUNE-21-1-02,2022,21,1,Vol 21–24 (2022–2026),article,False,Promoting Scientific Exchange and Student Training through Scientific Meetings; Insights from a Joint Virtual Undergraduate Neuroscience Conference During the COVID-19 Pandemic,5,Topic 5,0.0135,0.0,0.0,0.0,0.0265,0.1012,0.0,0.0,0.0047,0.0,0.0,0.0868,0.0,0.009,0.0
JUNE-21-1-03,2022,21,1,Vol 21–24 (2022–2026),article,False,"Teaching Neuroscience: Reviving Neuroanatomy, Notes on the 2022 Society for Neuroscience Professional Development Workshop on Teaching",3,Topic 3,0.0,0.0,0.0233,0.277,0.1013,0.0,0.0,0.0,0.0,0.0095,0.0,0.0,0.0107,0.0183,0.0053
JUNE-21-1-04,2022,21,1,Vol 21–24 (2022–2026),article,False,A Versatile Psychoneuroimmunology Course-based Undergraduate Research Experience,3,Topic 3,0.0146,0.0178,0.007,0.0769,0.0,0.0,0.0,0.0091,0.0084,0.0,0.0271,0.0083,0.0294,0.0,0.0503
JUNE-21-1-05,2022,21,1,Vol 21–24 (2022–2026),article,False,NeuroStudies: A Model of an Interdisciplinary Neuroscience Studies Minor,10,Topic 10,0.0,0.0,0.017,0.0,0.0608,0.0,0.0,0.0007,0.0173,0.0,0.2074,0.0368,0.0,0.0,0.0
JUNE-21-1-06,2022,21,1,Vol 21–24 (2022–2026),article,False,The Mismatch Between Neuroscience Graduate Training and Professional Skill Sets,11,Topic 11,0.0138,0.014,0.0,0.0116,0.0,0.0,0.0,0.0,0.0,0.0,0.0,0.2815,0.0,0.0011,0.0
JUNE-21-1-07,2022,21,1,Vol 21–24 (2022–2026),article,False,The Creation of High-Resolution Brain Cross-sections for 3D Printing and Virtual Reality Applications,3,Topic 3,0.0,0.0,0.0001,0.1558,0.0,0.11,0.0,0.0,0.0152,0.0651,0.0,0.0,0.0,0.0413,0.0
JUNE-21-1-08,2022,21,1,Vol 21–24 (2022–2026),article,False,A Course Design for Remote Teaching Advanced Topics in Neuroscience,10,Topic 10,0.0016,0.0164,0.0,0.0,0.0317,0.0914,0.0,0.0012,0.002,0.0099,0.1352,0.0,0.0181,0.0,0.0
JUNE-21-1-09,2022,21,1,Vol 21–24 (2022–2026),article,False,Using Zebrafish Embryos to Study Pharmacological Effects on Neural Development in Hands-On Neurobiology Laboratory Activities,13,Topic 13,0.0,0.0845,0.0,0.0,0.0114,0.0448,0.0,0.0246,0.0,0.0,0.0044,0.0,0.0,0.1149,0.0413
JUNE-21-1-10,2022,21,1,Vol 21–24 (2022–2026),article,False,Student Evaluation of a Learning Community Model Adapted to Student and Curriculum Needs,7,Topic 7,0.0,0.0062,0.003,0.0,0.0467,0.0,0.0036,0.117,0.0073,0.002,0.059,0.0,0.0047,0.0333,0.0029
JUNE-21-1-11,2022,21,1,Vol 21–24 (2022–2026),article,False,Pipette Olympics: An Engaging Exercise for Undergraduate Laboratory Training,1,Topic 1,0.0056,0.1122,0.0,0.0,0.0176,0.0423,0.0002,0.0,0.0046,0.0627,0.0,0.0273,0.0,0.0,0.0
JUNE-21-2-04,2023,21,2,Vol 21–24 (2022–2026),article,False,Cross-Course Harmonized Assignments in Neuroscience,10,Topic 10,0.0147,0.0,0.0002,0.0018,0.0,0.0,0.0,0.0,0.0145,0.0,0.0968,0.0,0.0599,0.0063,0.0
JUNE-21-2-05,2023,21,2,Vol 21–24 (2022–2026),article,False,An Affordable Three-Dimensional (3D) Printed Recording Chamber for Two-Electrode Voltage Clamp Electrophysiology,6,Topic 6,0.0,0.0,0.0008,0.0,0.0038,0.0089,0.1292,0.0,0.0399,0.0,0.0131,0.0078,0.0,0.0248,0.0016
JUNE-21-2-06,2023,21,2,Vol 21–24 (2022–2026),article,False,The COVID-19 and Taste Lab: A Mini Course-based Undergraduate Research Experience on Taste Differences and COVID-19 Susceptibility,9,Topic 9,0.0,0.0,0.0,0.0294,0.0,0.0644,0.0,0.0,0.0,0.1344,0.0677,0.0012,0.0497,0.0,0.0219
JUNE-21-2-07,2023,21,2,Vol 21–24 (2022–2026),article,False,Sleepy Mice Case Study: Implementation and Assessment,2,Topic 2,0.0,0.0,0.3571,0.0981,0.0,0.0034,0.0,0.0,0.0,0.0,0.0793,0.0,0.0,0.0,0.0
JUNE-21-2-08,2023,21,2,Vol 21–24 (2022–2026),article,False,Comparing Student Performance in Emergency Remote and Face-to-Face Collaborative Learning Courses,12,Topic 12,0.0,0.0007,0.0122,0.0,0.0,0.0847,0.0,0.0,0.0,0.0,0.0221,0.0099,0.1533,0.0,0.0
JUNE-21-2-09,2023,21,2,Vol 21–24 (2022–2026),article,False,The NEURON Program: Utilizing Low-Cost Neuroscience for Remote Education Outreach,7,Topic 7,0.0018,0.0,0.0,0.0,0.0066,0.0211,0.0179,0.212,0.0363,0.0,0.0,0.0887,0.0,0.0359,0.0
JUNE-21-2-10,2023,21,2,Vol 21–24 (2022–2026),article,False,An Undergraduate Laboratory Series Using C. elegans That Prepares Students for Independent Inquiry,1,Topic 1,0.0019,0.1406,0.0,0.0,0.0069,0.0,0.0,0.0,0.0,0.0,0.0,0.0,0.0083,0.0,0.0909
JUNE-21-2-11,2023,21,2,Vol 21–24 (2022–2026),article,False,Quantitative and Qualitative Representation of Introductory and Advanced EEG Concepts: An Exploration of Different EEG Setups,8,Topic 8,0.0,0.0,0.0088,0.0,0.0,0.0,0.0,0.0,0.2931,0.0,0.0153,0.0,0.0,0.0,0.0039
JUNE-21-2-12,2023,21,2,Vol 21–24 (2022–2026),article,False,Smartphone-enabled Web-based Simulation of Cellular Neurophysiology for Laboratory Course and its Effectiveness,13,Topic 13,0.0043,0.0,0.0,0.0,0.0,0.0309,0.0962,0.0249,0.003,0.0,0.0,0.0103,0.0007,0.1953,0.0
JUNE-21-2-13,2023,21,2,Vol 21–24 (2022–2026),article,False,Effects of a Service-Learning Neuroscience Course on Mood and Intergroup Anxiety,7,Topic 7,0.0,0.0171,0.0,0.0,0.0,0.0,0.0,0.411,0.0,0.0,0.0,0.0,0.0,0.0,0.0
JUNE-22-1-02,2023,22,1,Vol 21–24 (2022–2026),article,False,A Versatile Semester-Long Course-Based Undergraduate Research Experience using Optogenetics and RNAi to Identify Genes Important for Synapse Function,14,Topic 14,0.0126,0.029,0.0,0.0429,0.0,0.0,0.0,0.002,0.0,0.0,0.0047,0.0499,0.06,0.0,0.2128
JUNE-22-1-03,2023,22,1,Vol 21–24 (2022–2026),article,False,PopScience: Teaching Students to Communicate Scientific Findings to the General Public,0,Topic 0,0.1637,0.0,0.0111,0.0,0.0,0.0,0.0,0.0017,0.0,0.0,0.0,0.0,0.0,0.0,0.0
JUNE-22-1-04,2023,22,1,Vol 21–24 (2022–2026),article,False,Early-Career Pedagogical Practice: The Value of Training Undergraduates to Teach,11,Topic 11,0.0179,0.0262,0.0,0.0,0.0024,0.002,0.0,0.0004,0.0,0.0,0.0201,0.088,0.05,0.0,0.0
JUNE-22-1-05,2023,22,1,Vol 21–24 (2022–2026),article,False,Does Insomnia Cause Revenge Seeking Behavior? Using a Puzzle-Based Sleep Lab Educational Escape Room to Teach Circadian Rhythms in a Large Introductory Neuroscience Course,12,Topic 12,0.0,0.007,0.0173,0.0079,0.0,0.0126,0.015,0.0005,0.0411,0.0,0.0024,0.0031,0.1017,0.0055,0.042
JUNE-22-1-06,2023,22,1,Vol 21–24 (2022–2026),article,False,Poppy Seed Consumption and Oral Fluid Opioids Detection: A Classroom Demonstration of Psychopharmacological Concepts,1,Topic 1,0.0163,0.0611,0.0,0.0,0.002,0.0126,0.0056,0.0056,0.0,0.0497,0.0233,0.0,0.0205,0.0114,0.0
JUNE-22-1-07,2023,22,1,Vol 21–24 (2022–2026),article,False,Using Drosophila Two-Choice Assay to Study Optogenetics in Hands-On Neurobiology Laboratory Activities,14,Topic 14,0.0,0.0,0.0,0.0,0.0,0.0,0.0,0.0,0.0,0.0995,0.0,0.0,0.0,0.0,0.2857
JUNE-22-1-08,2023,22,1,Vol 21–24 (2022–2026),article,False,Reducing Brain Injury Misconceptions and Willingness to Risk Concussion with a Three-Week Introductory-level Neuroscience Course,3,Topic 3,0.0017,0.0,0.0026,0.1587,0.0,0.0,0.0,0.0356,0.0,0.0008,0.0187,0.0,0.0082,0.0,0.0
JUNE-22-1-09,2023,22,1,Vol 21–24 (2022–2026),article,False,Primary Afferent Depolarization and the Gate Control Theory of Pain: A Tutorial Simulation,13,Topic 13,0.0193,0.0,0.0069,0.0083,0.0,0.0,0.0017,0.0062,0.0,0.0543,0.0,0.0,0.0,0.138,0.0
JUNE-22-1-10,2023,22,1,Vol 21–24 (2022–2026),article,False,CASE STUDY: Mapping Human Neuronal Diversity in the Search for New Therapeutics: Using Real Human Neuron Data Sets to Build Student Quantitative Skills,2,Topic 2,0.0,0.0143,0.3221,0.1237,0.0,0.0,0.006,0.0,0.0,0.0,0.0821,0.0,0.0,0.0,0.0
JUNE-22-1-11,2023,22,1,Vol 21–24 (2022–2026),article,False,Teaching Scientific Literature Analysis: A Systematic Adoption of Skill-Building Methods to Enrich Research Training for Undergraduate Students,0,Topic 0,0.1263,0.0195,0.0,0.009,0.0,0.0013,0.0,0.0,0.0066,0.0,0.0,0.0228,0.0185,0.0,0.0144
JUNE-22-2-06,2024,22,2,Vol 21–24 (2022–2026),article,True,You’re Getting on my Nerves! A Board Game to Teach Action Potential Propagation and Cable Properties,6,Topic 6,0.0,0.0,0.0,0.0,0.001,0.0,0.2149,0.0,0.0,0.0,0.0006,0.0,0.0966,0.0,0.0
JUNE-22-2-07,2024,22,2,Vol 21–24 (2022–2026),article,True,A Case for the Use of Open Data as a Tool to Incorporate Socioscientific Topics into Neuroscience Education,3,Topic 3,0.0,0.0,0.0484,0.1886,0.0,0.0066,0.0,0.0,0.0,0.0,0.1337,0.0,0.0,0.0,0.0
JUNE-22-2-08,2024,22,2,Vol 21–24 (2022–2026),article,True,Integrating Programming into Neuroscience Courses,13,Topic 13,0.0045,0.0,0.0,0.0099,0.0049,0.0,0.0,0.0041,0.0002,0.0,0.0101,0.0359,0.0,0.1638,0.0
JUNE-22-2-09,2024,22,2,Vol 21–24 (2022–2026),article,True,"Designing and Teaching Courses on Sex, Gender, and the Brain: Two Implementations in the Undergraduate Classroom",10,Topic 10,0.0,0.0,0.0,0.0424,0.0015,0.0631,0.0,0.0,0.0,0.0,0.0636,0.0265,0.0121,0.0,0.0
JUNE-22-2-10,2024,22,2,Vol 21–24 (2022–2026),article,True,"microPublication Biology : An introduction to Publishing and Teaching with a Small-Format, Peer-Reviewed Journal",4,Topic 4,0.0108,0.0473,0.0016,0.0525,0.0984,0.0244,0.0,0.0,0.0,0.0,0.0,0.0,0.0,0.0,0.0255
JUNE-22-2-11,2024,22,2,Vol 21–24 (2022–2026),article,True,Building Community and Developing Professionally through FUN Final Friday Sessions,4,Topic 4,0.0,0.0,0.0,0.0,0.1729,0.0154,0.0,0.0105,0.0111,0.0,0.0452,0.0626,0.0023,0.0019,0.0
JUNE-22-2-12,2024,22,2,Vol 21–24 (2022–2026),article,True,Increasing Accessibility Through Popular Press Books into Neuroscience Coursework,12,Topic 12,0.006,0.0,0.0122,0.0,0.0076,0.002,0.0009,0.0037,0.0071,0.0,0.0134,0.0182,0.0389,0.0,0.0104
JUNE-22-2-13,2024,22,2,Vol 21–24 (2022–2026),article,True,Mini-Symposium: Training the Trainers of the Next Generation of Neuroscience Advocates,10,Topic 10,0.0099,0.0,0.0,0.0035,0.0977,0.0168,0.0,0.0156,0.0,0.0,0.197,0.0689,0.0,0.0,0.0
JUNE-22-2-14,2024,22,2,Vol 21–24 (2022–2026),article,True,"Centering Diversity, Equity, and Inclusion in Graduate Admissions",11,Topic 11,0.0,0.0,0.0,0.0,0.0,0.0,0.0,0.0,0.0,0.0,0.0,0.4403,0.0,0.0,0.0
JUNE-22-2-15,2024,22,2,Vol 21–24 (2022–2026),article,True,Teaching the Nature of Science Improves Scientific Literacy Among Students Not Majoring in STEM,10,Topic 10,0.0515,0.0,0.0,0.0,0.0,0.0,0.0,0.0,0.0,0.0,0.2746,0.0116,0.0,0.0,0.0
JUNE-22-2-16,2024,22,2,Vol 21–24 (2022–2026),article,True,Making an Effective Flipped Neuroscience Lab by Approaching Students from their Emoticons,5,Topic 5,0.0,0.048,0.0,0.0052,0.0,0.1696,0.0348,0.0023,0.0188,0.0085,0.0,0.0048,0.0036,0.0072,0.0133
JUNE-22-3-02,2024,22,3,Vol 21–24 (2022–2026),article,False,Sherlock Holmes and the Neurophysiologists: Unraveling the “Mystery” of Active Learning Success,12,Topic 12,0.0128,0.0321,0.0007,0.0,0.0,0.0,0.0159,0.0162,0.0,0.0,0.0,0.0,0.2092,0.0013,0.0129
JUNE-22-3-03,2024,22,3,Vol 21–24 (2022–2026),article,False,Integrating Intercultural Competence into a Neuroscience Curriculum through a Short-Term Study Abroad Program,10,Topic 10,0.0388,0.0024,0.0,0.0,0.0131,0.0041,0.0097,0.0066,0.0,0.0038,0.1289,0.058,0.0044,0.0087,0.0
JUNE-22-3-04,2024,22,3,Vol 21–24 (2022–2026),article,False,Use of Buzz Buttons to Illustrate Taste Perception Principles in a Sensation and Perception Laboratory Exercise,9,Topic 9,0.0,0.0,0.0,0.0,0.0,0.0,0.0,0.0,0.0,0.4575,0.0,0.0,0.0,0.0,0.0
JUNE-22-3-05,2024,22,3,Vol 21–24 (2022–2026),article,False,Forbidden Neurds: A Neuroscience Word Game,12,Topic 12,0.0,0.0,0.0,0.0,0.0315,0.0,0.0177,0.0,0.0,0.0,0.0247,0.0,0.2029,0.0,0.0
JUNE-22-3-06,2024,22,3,Vol 21–24 (2022–2026),article,False,Low-Cost Classroom and Laboratory Exercises for Investigating Both Wave and Event-Related Electroencephalogram Potentials,8,Topic 8,0.0,0.0501,0.0,0.0,0.0018,0.0,0.025,0.0,0.4059,0.0489,0.0,0.0,0.0,0.0131,0.0
JUNE-22-3-07,2024,22,3,Vol 21–24 (2022–2026),article,False,Neurosimilator for Undergraduate Biophysics and Neurophysiology Courses,13,Topic 13,0.0,0.0673,0.0,0.0,0.0,0.0,0.0602,0.0,0.0,0.0004,0.0,0.0,0.02,0.2221,0.0
JUNE-22-3-08,2024,22,3,Vol 21–24 (2022–2026),article,False,Neurodiversity in the Minds of Students: From Perception to Campus Programming,10,Topic 10,0.0074,0.0117,0.0045,0.0,0.0332,0.0007,0.0,0.0332,0.0011,0.0516,0.072,0.049,0.0027,0.0121,0.0055
JUNE-22-3-09,2024,22,3,Vol 21–24 (2022–2026),article,False,The Neuroscience Research Opportunities to Increase Diversity Program: Transformative and Successful Research Training Strategies for Undergraduate Students within Hispanic Serving Institutions,11,Topic 11,0.0,0.0,0.0016,0.0006,0.0,0.0,0.0,0.015,0.0,0.0,0.0,0.3067,0.0,0.0327,0.0
JUNE-22-3-10,2024,22,3,Vol 21–24 (2022–2026),article,False,The Efficacy of a Novel Board Game to Teach Cable Properties to Introductory Neuroscience Undergraduate Students,12,Topic 12,0.0,0.0,0.0,0.0,0.0152,0.0,0.1483,0.0,0.0,0.0,0.0,0.0,0.1914,0.0,0.0
JUNE-22-3-11,2024,22,3,Vol 21–24 (2022–2026),article,False,Memphis NeuroSTART Program: Promoting Student Success and Increasing the Diversity of Applicants to Neuroscience Graduate Programs,11,Topic 11,0.0,0.0082,0.0,0.0,0.0,0.0,0.0,0.0268,0.0,0.0,0.0099,0.3665,0.0,0.0,0.0
JUNE-22-3-12,2024,22,3,Vol 21–24 (2022–2026),article,False,Virtual Dissection Table Case Studies for Undergraduate Neuroanatomy Written Assignments,2,Topic 2,0.0199,0.0,0.1848,0.0742,0.0035,0.0386,0.0,0.0,0.0084,0.0158,0.0,0.0096,0.0416,0.0,0.0
JUNE-22-3-13,2024,22,3,Vol 21–24 (2022–2026),article,False,"Interactive Notebooks Improve Students’ Understanding of Developmental Neurobiology, Attitudes Toward Research, and Experimental Design Competency in a Lecture-Based Neuroscience Course",10,Topic 10,0.0024,0.087,0.0,0.0159,0.0,0.0,0.0,0.0009,0.0,0.0,0.2358,0.0,0.0337,0.0,0.0
JUNE-22-3-14,2024,22,3,Vol 21–24 (2022–2026),article,False,An In-depth Exploration of the Interplay between fMRI Methods and Theory in Cognitive Neuroscience,8,Topic 8,0.0106,0.0117,0.0,0.0922,0.0,0.0,0.0,0.0,0.1664,0.0286,0.0,0.0,0.0,0.0465,0.0
JUNE-22-3-15,2024,22,3,Vol 21–24 (2022–2026),article,False,Using BioRender for Active Learning: Exploring Learning-Style Preference and Visual-Spatial Ability in Undergraduate Students,12,Topic 12,0.0106,0.0017,0.0,0.0,0.0,0.0265,0.0,0.0,0.001,0.0,0.0128,0.0,0.1725,0.0,0.0
JUNE-23-1-04,2024,23,1,Vol 21–24 (2022–2026),article,False,Effects of Gamification on Student Success and Perception of Instruction in Neuroanatomy: A Retrospective Analysis,12,Topic 12,0.0,0.0,0.0448,0.0167,0.0,0.0166,0.0,0.0,0.0,0.0491,0.0,0.0,0.2528,0.0,0.0
JUNE-23-1-05,2024,23,1,Vol 21–24 (2022–2026),article,False,"Active Learning Exercises in Synaptic Physiology and Connectivity for the Neuroscience Lecture Hall, Laboratory Course, or Outreach Setting",12,Topic 12,0.0,0.0,0.0014,0.0321,0.0,0.0,0.0056,0.0309,0.0,0.0,0.0,0.0,0.209,0.0271,0.0264
JUNE-23-1-06,2024,23,1,Vol 21–24 (2022–2026),article,False,An Integrative Brain and Behavior CURE (Course-Based Undergraduate Research Experience) Using Immunohistochemistry in the Fighting Fish Betta splendens,14,Topic 14,0.0022,0.0711,0.0,0.0672,0.0,0.0,0.0,0.0107,0.0,0.0,0.0468,0.0,0.0056,0.0088,0.1132
JUNE-23-1-07,2024,23,1,Vol 21–24 (2022–2026),article,False,How to Integrate Neuroethics into a Neuroscience Course – And Drive Student Engagement with Core Concepts,10,Topic 10,0.0,0.0,0.0223,0.0765,0.0189,0.0,0.0,0.0,0.0023,0.0,0.1918,0.0,0.0068,0.0144,0.0
JUNE-23-2-03,2025,23,2,Vol 21–24 (2022–2026),article,False,A Cross-Course Experiment with a Word Recall Task and Salivary Cortisol Measurements,1,Topic 1,0.0,0.1576,0.0082,0.0074,0.0,0.0011,0.0,0.0,0.0,0.0,0.0,0.0,0.0362,0.0,0.0
JUNE-23-2-04,2025,23,2,Vol 21–24 (2022–2026),article,False,Teaching Principles of an Action Potential Using Candy,6,Topic 6,0.0,0.0,0.0,0.0,0.0094,0.0041,0.2542,0.0,0.0,0.0,0.0435,0.0,0.0825,0.0,0.0
JUNE-23-2-05,2025,23,2,Vol 21–24 (2022–2026),article,False,Undergraduate Learning Assistants Using Online Messaging Improves Student Educational Experiences in Large Neuroscience Lecture Course,12,Topic 12,0.0075,0.0,0.0,0.0,0.0,0.1245,0.0,0.0,0.0,0.0,0.0,0.0528,0.1357,0.0,0.0
JUNE-23-2-06,2025,23,2,Vol 21–24 (2022–2026),article,False,Using Case Studies from Neurocase to Promote an Understanding of and Appreciation for Behavioral and Forensic Neuroscience,2,Topic 2,0.0009,0.0257,0.2479,0.0,0.0,0.0083,0.0,0.004,0.0139,0.0,0.0234,0.0008,0.1045,0.0,0.0
JUNE-23-2-07,2025,23,2,Vol 21–24 (2022–2026),article,False,Long-Term Learning Gains in Students Using Community Based Learning,10,Topic 10,0.0674,0.0,0.0,0.0,0.0,0.0,0.0,0.0261,0.0,0.0,0.1043,0.0126,0.0389,0.0,0.0
JUNE-23-2-08,2025,23,2,Vol 21–24 (2022–2026),article,False,Call for collaboration: Drafting a concept inventory for assessing neuroscience courses and curriculum,10,Topic 10,0.0,0.0,0.0292,0.0023,0.0,0.0059,0.0,0.0,0.0,0.0082,0.1937,0.0,0.0498,0.0332,0.0
JUNE-23-2-09,2025,23,2,Vol 21–24 (2022–2026),article,False,Addiction Education in the Undergraduate Space: A Novel Course Connecting Neurobiology of Addiction and Compassion for Individuals with Substance Use Disorder,10,Topic 10,0.006,0.0,0.0111,0.0212,0.0,0.0,0.003,0.0524,0.0022,0.0059,0.0609,0.0,0.0153,0.0,0.0106
JUNE-23-2-10,2025,23,2,Vol 21–24 (2022–2026),article,False,Escape from traditional learning: A neuroscience escape room activity for neuroscience education,12,Topic 12,0.0,0.0,0.0,0.0,0.0048,0.0,0.0328,0.0046,0.0183,0.0,0.0,0.0,0.0623,0.0,0.0407
JUNE-23-2-11,2025,23,2,Vol 21–24 (2022–2026),article,False,Biopsychology Lab: COMT Genotype Associations with Vagal Tone and Frontal Alpha Asymmetry,12,Topic 12,0.0,0.0398,0.0,0.0497,0.0,0.0,0.0,0.0,0.0886,0.0079,0.0009,0.0,0.0962,0.0,0.0465
JUNE-24-1-01,2025,24,1,Vol 21–24 (2022–2026),article,False,A Model for Statewide Educational Outreach to Undergraduates: Implications From a Neuropsychology Outreach Program,7,Topic 7,0.0,0.0017,0.0052,0.0,0.0,0.0,0.0,0.2266,0.0159,0.0013,0.0,0.0249,0.0,0.0009,0.0
JUNE-24-1-02,2025,24,1,Vol 21–24 (2022–2026),article,False,A Novel Practical Session to Teach Concepts of Allometric Scaling of Brain Structures to Undergraduate Students Using Vertebrate Brains,3,Topic 3,0.0077,0.0018,0.0,0.1388,0.0089,0.0012,0.0,0.0073,0.0099,0.0175,0.0144,0.0,0.069,0.0324,0.0
JUNE-24-1-04,2025,24,1,Vol 21–24 (2022–2026),article,False,An Advanced Undergraduate Laboratory Course: Calcium Imaging and Data Analysis – a Mini Graduate Research Experience,13,Topic 13,0.0332,0.0227,0.0,0.029,0.0,0.0,0.0,0.0,0.0387,0.0,0.0,0.0309,0.0,0.0586,0.0329
JUNE-24-1-06,2025,24,1,Vol 21–24 (2022–2026),article,False,"Effect of Neutral and Negative Images on Galvanic Skin Response: An Activity for Courses in Forensic, Affective, and Behavioral Neuroscience",1,Topic 1,0.0034,0.0715,0.0,0.0,0.0067,0.0,0.0111,0.0015,0.0082,0.012,0.0,0.0135,0.0364,0.0188,0.0042
JUNE-24-1-07,2025,24,1,Vol 21–24 (2022–2026),article,False,Exploring the Impact of Online Education on Scientific Presentation Skills in Women Neuroscience Students,5,Topic 5,0.0778,0.0064,0.0,0.0,0.0,0.1868,0.0,0.0102,0.0,0.0,0.0655,0.0,0.0,0.0,0.0
JUNE-24-1-08,2025,24,1,Vol 21–24 (2022–2026),article,False,Investigating the Neural Control of Social Behavior in Drosophila melanogaster Using a Low-Cost Optogenetics System,14,Topic 14,0.0,0.0,0.0,0.0,0.0,0.0039,0.0,0.0069,0.0,0.0,0.0128,0.0,0.0,0.0388,0.3661
JUNE-24-1-09,2025,24,1,Vol 21–24 (2022–2026),article,False,Mindset Variations Among Undergraduate Neuroscience Students,11,Topic 11,0.0,0.0027,0.0095,0.0,0.0,0.0,0.0,0.0,0.0,0.0018,0.0819,0.1287,0.0272,0.0,0.0
JUNE-24-1-11,2025,24,1,Vol 21–24 (2022–2026),article,False,The Simplified BrainTower and Pipe Cleaners: Model Building as a Learning Tool in Neuroscience,13,Topic 13,0.0,0.003,0.0075,0.0359,0.0096,0.0,0.0,0.0,0.0,0.0072,0.0184,0.001,0.0501,0.1299,0.0087
JUNE-24-1-12,2025,24,1,Vol 21–24 (2022–2026),article,False,Undergraduate Student Experience and Motivation Influence Perceived Benefits of Participation in Community Outreach,7,Topic 7,0.0168,0.0,0.0,0.0194,0.0,0.0001,0.0,0.2766,0.0,0.0027,0.0,0.0769,0.0199,0.0,0.0
JUNE-24-2-01,2026,24,2,Vol 21–24 (2022–2026),article,False,An Inquiry-Based Lab Exercise Investigating Student Cortisol Responses to Giving a Graded In-Class Presentation,1,Topic 1,0.0243,0.1571,0.0,0.0,0.0,0.0411,0.0,0.0172,0.0,0.0293,0.0206,0.0098,0.0099,0.0,0.0
JUNE-24-2-02,2026,24,2,Vol 21–24 (2022–2026),article,False,Comparative Investigations of the Neurophysiological Mechanisms of Escape Behavior: A Course-based Undergraduate Research Experience,14,Topic 14,0.0532,0.0463,0.0,0.0411,0.0,0.0,0.0506,0.0,0.0082,0.0,0.0069,0.0315,0.008,0.0258,0.0777
JUNE-24-2-03,2026,24,2,Vol 21–24 (2022–2026),article,False,"Creative, Socially-Minded Communication Project on Neurodivergences Increases Self-Reported Content Knowledge, Collaboration Skills, and Personal Allyship",10,Topic 10,0.0365,0.0005,0.0,0.0,0.0,0.0,0.0,0.0718,0.0,0.0,0.1736,0.0,0.0363,0.0,0.0
JUNE-24-2-04,2026,24,2,Vol 21–24 (2022–2026),article,False,Fostering Belonging Through Introducing Diverse Scientists in Undergraduate Neuroscience Lectures,11,Topic 11,0.0021,0.0,0.0,0.0,0.0,0.0071,0.0,0.0113,0.0072,0.0016,0.0294,0.1869,0.046,0.0,0.0
JUNE-24-2-05,2026,24,2,Vol 21–24 (2022–2026),article,False,MacGyver Neuroscience: Cost-Effective Laboratory Exercises for Pre-Health Education,1,Topic 1,0.0,0.0906,0.0157,0.0254,0.0227,0.001,0.0,0.0,0.0334,0.0,0.043,0.0095,0.014,0.0442,0.0
JUNE-24-2-06,2026,24,2,Vol 21–24 (2022–2026),article,False,Spinal Cord Anatomy for Visually Impaired Students: The Development of 3D-Printed Educational Models,13,Topic 13,0.0,0.0,0.009,0.0361,0.0003,0.0231,0.0325,0.0,0.0062,0.0369,0.0064,0.011,0.0048,0.1191,0.0
JUNE-24-2-07,2026,24,2,Vol 21–24 (2022–2026),article,False,Transforming a Large-Enrollment Neuroscience Course With Active Learning: Using AI-Based Text Analysis to Capture What Traditional Evaluations Miss,12,Topic 12,0.0,0.0,0.0,0.0,0.0,0.0788,0.0,0.0,0.0,0.0,0.0,0.0,0.2402,0.0,0.0
JUNE-24-2-08,2026,24,2,Vol 21–24 (2022–2026),article,False,Use of a Smartphone-Based App in an Online Behavioral Neuroscience Lab Course,5,Topic 5,0.0186,0.0717,0.0,0.0,0.0,0.2685,0.0,0.0045,0.0,0.0,0.0,0.0,0.006,0.0,0.0084
JUNE-24-2-09,2026,24,2,Vol 21–24 (2022–2026),article,False,“I Can Code”: An Innovative Workshop Introducing Students to Coding in the Context of Neuroscience Research,13,Topic 13,0.0008,0.0217,0.0,0.0616,0.0867,0.0,0.0,0.0,0.0,0.0,0.0,0.0,0.0188,0.0988,0.0
