item_id,year_label,volume,issue,item_type,is_fun_workshop,title,first_author,pmid,doi,openalex_ids,citations_total,citations_first_5_years,citations_by_year,icite_citations,citations_retrieved
JUNE-01-1-01,2002,1,1,editorial,False,Introducing The Journal of Undergraduate Neuroscience Education (JUNE),Lom,23495292,,W183389940,9,0,2009: 1; 2012: 2; 2013: 1; 2015: 1; 2018: 1; 2019: 1; 2021: 1; 2024: 1,9,2026-09-27
JUNE-01-1-02,2002,1,1,article,False,The Emergence of Non-Match-to-Sample Behavior in the Developing Rat Pup,Gittis,23493448,,W2123891249,2,0,2018: 1; 2024: 1,2,2026-09-27
JUNE-01-1-03,2002,1,1,article,False,And The Winner Is: Inviting Hollywood into the Neuroscience Classroom,Wiertelak,23493171,,W1719925799,12,1,2005: 1; 2010: 1; 2011: 1; 2015: 3; 2016: 1; 2017: 1; 2021: 3; 2024: 1,7,2026-09-27
JUNE-01-1-04,2002,1,1,article,False,Exploring Neurogenesis in Crustaceans,Paul,23493254,,W2186889906,3,1,2003: 1; 2012: 1; 2024: 1,2,2026-09-27
JUNE-01-1-05,2002,1,1,article,False,Action Potentials in a Giant Algal Cell: A Comparative Approach to Mechanisms and Evolution of Excitability,Johnson,23493389,,W2131146534,30,2,2004: 1; 2006: 1; 2007: 4; 2008: 1; 2012: 3; 2014: 4; 2015: 2; 2017: 1; 2018: 2; 2019: 1; 2021: 1; 2022: 1; 2023: 4; 2024: 3; 2025: 1,19,2026-09-27
JUNE-01-1-06,2002,1,1,review,False,Book Review: Mood Genes,Bernd,,,,,,,,2026-09-27
JUNE-01-1-07,2002,1,1,review,False,Textbook Review: Biological Psychology,Nolan,,,,,,,,2026-09-27
JUNE-01-1-08,2002,1,1,review,False,Media Review: Crawdad: A CD-ROM Lab Manual for Neurophysiology,Parfitt,,,,,,,,2026-09-27
JUNE-01-1-09,2002,1,1,review,False,Media Review: The Secret Life of the Brain,Brosnan-Watters,,,,,,,,2026-09-27
JUNE-01-2-01,2003,1,2,editorial,False,"Introductory Neuroscience – Courses in an Evolving Concept, Teaching That Which is Yet to be Defined",Wiertelak,23741202,,W141322187,5,0,2008: 1; 2009: 2; 2011: 1; 2017: 1,6,2026-09-27
JUNE-01-2-02,2003,1,2,editorial,False,Essay: Research Jobs for Recent College Graduates: A Comparison Between Traditional Lab Technician Positions and NIH’s Postbaccalaureate IRTA Fellowship,Herbert,23741203,,W2097997103,0,0,,0,2026-09-27
JUNE-01-2-03,2003,1,2,article,False,Teaching Neuroscience at a Religious Institution: Pedagogical Models for Handling Neuroscience and Theology,Struthers,23741199,,W312134116,1,1,2005: 1,1,2026-09-27
JUNE-01-2-04,2003,1,2,article,False,Testing the Relationship Between Levels of Endogenous Testosterone and Physiological Responses to Facial Expressions in Men: An Experiment Conducted by Students in an Undergraduate Behavioral Neuroscience Class,Thompson,23741200,,W2103874892,4,1,2005: 1; 2010: 1; 2013: 1; 2014: 1,2,2026-09-27
JUNE-01-2-05,2003,1,2,article,False,Integrated Undergraduate Research Experience for the Study of Brain Injury,Barnes,23741201,,W1645311208,2,2,2005: 1; 2006: 1,2,2026-09-27
JUNE-01-2-06,2003,1,2,article,False,Mentoring Undergraduate Students in Neuroscience Research: A Model System at Baldwin-Wallace College,Mickley,23741198,,W2185550446,13,3,2006: 1; 2007: 2; 2008: 1; 2010: 1; 2015: 3; 2019: 1; 2020: 3; 2021: 1,9,2026-09-27
JUNE-01-2-07,2003,1,2,review,False,Synaptic Transmission: A Four Step Process,Ramirez,23741204,,W139179637,2,1,2003: 1; 2010: 1,1,2026-09-27
JUNE-01-2-08,2003,1,2,review,False,In Search of the Lost Cord,Horch,,,,,,,,2026-09-27
JUNE-01-2-09,2003,1,2,review,False,Decoding Darkness,Hales,,,,,,,,2026-09-27
JUNE-02-1-01,2003,2,1,editorial,False,Attaining Goals Through Partnerships,Ramirez,23495294,,W2173781089,1,1,2006: 1,1,2026-09-27
JUNE-02-1-02,2003,2,1,article,False,"Experimental Methods in Neuroscience: An Undergraduate Neuroscience Laboratory Course for Teaching Ethical Issues, Laboratory Techniques, Experimental Design, and Analysis",Hall,23493933,,W1533289564,8,2,2004: 1; 2006: 1; 2009: 1; 2012: 1; 2013: 2; 2021: 2,6,2026-09-27
JUNE-02-1-03,2003,2,1,article,False,An Online Multimedia Resource in Behavioral Neuroscience,Lane,23493962,,W2155762349,1,1,2007: 1,1,2026-09-27
JUNE-02-1-04,2003,2,1,article,False,An Online Lab Manual for Neurophysiology,Olivo,23494073,,W2129951081,19,6,2004: 1; 2007: 5; 2008: 1; 2009: 1; 2012: 2; 2014: 2; 2015: 3; 2016: 2; 2018: 2,12,2026-09-27
JUNE-02-1-05,2003,2,1,article,False,Evaluation of an Undergraduate Neuroscience Research Program at the University of Kentucky,Gould,23494130,,W2116663572,5,0,2017: 1; 2021: 1; 2022: 1; 2023: 1; 2025: 1,5,2026-09-27
JUNE-02-1-06,2003,2,1,article,False,Sex Differences and Organizational Effects of Androgen in Spinal Cord Motor Nuclei,Grisham,23494208,,W2137390202,6,0,2009: 1; 2011: 1; 2015: 1; 2017: 1; 2022: 2,5,2026-09-27
JUNE-02-1-07,2003,2,1,review,False,Media Review: Undergraduate Publishing Opportunities,close,,,,,,,,2026-09-27
JUNE-02-2-01,2004,2,2,editorial,False,The Road From Damascas: An Interview with Huda Akil,Paul,23495297,,W1682319548,1,0,2017: 1,1,2026-09-27
JUNE-02-2-02,2004,2,2,editorial,False,Privatization of Public Education: The Real Weapons of Mass Destruction,Dunbar,23495296,,W2275070044,0,0,,0,2026-09-27
JUNE-02-2-03,2004,2,2,article,False,Technical Note: Distributing Digital Video to Multiple Computers,Murray,23493464,,W342030935,0,0,,0,2026-09-27
JUNE-02-2-04,2004,2,2,article,False,Ultrasonic Courtship Vocalizations of Adult Male Mice: A Laboratory Exercise Illustrating Comparable Activation by either Estradiol or Testosterone,Kerchner,23493490,,W2161698136,3,0,2011: 1; 2020: 1; 2021: 1,1,2026-09-27
JUNE-02-2-05,2004,2,2,article,False,Measuring Salivary Cortisol in the Behavioral Neuroscience Laboratory,Kalman,23493518,,W2128426344,53,5,2004: 1; 2005: 2; 2006: 1; 2008: 1; 2009: 2; 2011: 3; 2013: 5; 2014: 6; 2015: 2; 2016: 4; 2017: 4; 2018: 2; 2019: 5; 2020: 3; 2021: 4; 2022: 5; 2023: 2; 2025: 1,26,2026-09-27
JUNE-02-2-06,2004,2,2,article,False,"Northeast Under/graduate Organization for Neuroscience, A Regional Neuroscience Meeting for Undergraduates, Graduate Students, and Faculty",Frye,23495295,,W2181813043,8,2,2006: 1; 2007: 1; 2009: 2; 2011: 1; 2012: 1; 2020: 1; 2022: 1,7,2026-09-27
JUNE-02-2-07,2004,2,2,review,False,"Book Review: Nature via Nurture: Genes, Experience, and What Makes Us Human",Pizzi,,,,,,,,2026-09-27
JUNE-02-2-08,2004,2,2,review,False,Book Review: The Compleat Academic: A Career Guide,Kazama,,,,,,,,2026-09-27
JUNE-02-2-09,2004,2,2,review,False,Media Review: Neurons in Action: Computer Simulations with NeuroLab,Barry,,,,,,,,2026-09-27
JUNE-02-2-10,2004,2,2,review,False,Media Review: A Comparison of Two Programs for the Control of Behavioral Experiments,Wilson,23495298,,W2271912159,0,0,,0,2026-09-27
JUNE-03-1-01,2004,3,1,editorial,False,Developing Graduate-Undergraduate Neuroscience Connections,Gittis,23495299,,W2396166077,0,0,,0,2026-09-27
JUNE-03-1-02,2004,3,1,article,False,An Inexpensive Alternative to Commercial Infrared Sensors,Wilson,23493616,,W2417841195,5,0,2011: 1; 2014: 1; 2015: 1; 2016: 1; 2022: 1,2,2026-09-27
JUNE-03-1-03,2004,3,1,article,False,Reconstructing the Paradigm: Teaching Across the Disciplines,Brown,23493654,,W2117067035,4,0,2013: 1; 2015: 1; 2018: 1; 2021: 1,3,2026-09-27
JUNE-03-1-04,2004,3,1,article,False,"Emotional Arousal, Blood Glucose Levels, and Memory Modulation: Three Laboratory Exercises in Cognitive Neuroscience",Flint,23493939,,W2149604510,10,2,2007: 2; 2010: 1; 2011: 1; 2013: 2; 2014: 1; 2017: 1; 2018: 1; 2019: 1,7,2026-09-27
JUNE-03-1-05,2004,3,1,article,False,Tools for Physiology Labs: Inexpensive Equipment for Physiological Stimulation,Land,23493817,,W2122441346,25,9,2005: 1; 2006: 1; 2007: 5; 2008: 2; 2009: 4; 2012: 2; 2013: 2; 2015: 4; 2018: 1; 2020: 2; 2024: 1,18,2026-09-27
JUNE-03-1-06,2004,3,1,article,False,Allegheny College Hosts Neuroscience and Humanities Summer Institute,Macel,23493745,,W185023692,1,0,2010: 1,1,2026-09-27
JUNE-03-1-07,2004,3,1,article,False,Helping Students Get Into Graduate School,Fischer,23493858,,W1409223971,8,3,2006: 1; 2007: 1; 2008: 1; 2015: 1; 2017: 1; 2018: 1; 2023: 1; 2024: 1,5,2026-09-27
JUNE-03-2-01,2005,3,2,editorial,False,Preparing the Next Generation of Neuroscience Educators,Hardwick,23495300,,W1441726766,4,4,2006: 1; 2009: 3,3,2026-09-27
JUNE-03-2-02,2005,3,2,editorial,False,An Interview with Carla Shatz – Harvard’s First Female Neurobiology Chair,Paul,23495301,,W2289409806,2,1,2006: 1; 2017: 1,2,2026-09-27
JUNE-03-2-03,2005,3,2,article,False,A Laboratory Exercise Demonstrating the Limited Circumstances in which the Cerebral Cortex is Engaged in Over Ground Locomotion,Buford,23494163,,W290948710,3,1,2006: 1; 2010: 1; 2012: 1,2,2026-09-27
JUNE-03-2-04,2005,3,2,article,False,The Clinical Neuroscience Course: Viewing Mental Health from Neurobiological Perspectives,Lambert,23494100,,W36336186,3,1,2007: 1; 2011: 1; 2023: 1,1,2026-09-27
JUNE-03-2-05,2005,3,2,article,False,Promoting Information Competency in Biological Psychology,Freberg,23492841,,W254178741,2,0,2018: 1; 2020: 1,2,2026-09-27
JUNE-03-2-06,2005,3,2,article,False,Use of the Herb Gymnema sylvestre to Illustrate the Principles of Gustatory Sensation: An Undergraduate Neuroscience Laboratory Exercise,Schroeder,23493970,,W2134414192,18,0,2001: 1; 2012: 2; 2015: 1; 2016: 3; 2017: 1; 2018: 1; 2019: 1; 2020: 2; 2021: 1; 2022: 1; 2023: 3; 2024: 1,13,2026-09-27
JUNE-03-2-07,2005,3,2,article,False,Column Chromatography Analysis of Brain Tissue: An Advanced Laboratory Exercise for Neuroscience Majors,Church,23492882,,W2126474018,46,16,2006: 1; 2007: 8; 2008: 6; 2009: 1; 2010: 2; 2012: 1; 2013: 1; 2014: 1; 2015: 5; 2017: 3; 2018: 1; 2019: 3; 2020: 4; 2021: 7; 2023: 2,44,2026-09-27
JUNE-03-2-08,2005,3,2,review,False,"BOOK REVIEW: Writing With Style: APA Style Made Easy, Third Edition",Multhaup,,,,,,,,2026-09-27
JUNE-03-2-09,2005,3,2,review,False,OF NOTE: Brief Reviews of Resources for Undergraduate Neuroscience Educators,collected,23495302,,W2287028898,2,0,2012: 1; 2024: 1,2,2026-09-27
JUNE-04-1-01,2005,4,1,editorial,False,Essay: There’s a Pony in Here Somewhere! Reflections on Integrating Teaching and Research at Predominantly Undergraduate Institutions,Ramirez,23495305,,W218870819,4,2,2006: 1; 2008: 1; 2016: 1; 2017: 1,4,2026-09-27
JUNE-04-1-02,2005,4,1,editorial,False,An Interview with Neurogeneticist Rudolph Tanzi,Lom,23495304,,W66926478,0,0,,0,2026-09-27
JUNE-04-1-03,2005,4,1,editorial,False,Editorial: Blueprints for Undergraduate Neuroscience Curricula: Roadmaps to What End?,Kerchner,23495303,,W329393581,2,0,2012: 2,2,2026-09-27
JUNE-04-1-04,2005,4,1,article,False,A Rationale and Outline for an Undergraduate Course on the Philosophy and History of Science for Life Science Students,Hockberger,21289866,,W2126203719,3,0,2013: 1; 2016: 1; 2024: 1,4,2026-09-27
JUNE-04-1-05,2005,4,1,article,False,Demonstrating the Temperature Sensitivity of Synaptic Transmission in a Drosophila Mutant,Krans,23493164,,W207033873,16,3,1999: 1; 2005: 1; 2006: 1; 2007: 1; 2010: 2; 2011: 2; 2012: 2; 2014: 1; 2016: 1; 2018: 1; 2020: 1; 2021: 1; 2023: 1,14,2026-09-27
JUNE-04-1-06,2005,4,1,article,False,ols for Physiology Labs: An Inexpensive Means of Temperature Control,Krans,23493108,,W163182529,7,3,1999: 1; 2005: 1; 2006: 1; 2007: 1; 2010: 2; 2020: 1,6,2026-09-27
JUNE-04-1-07,2005,4,1,article,False,An Investigative Laboratory Exercise Examining the Cell Signaling and Regulatory Properties of Neurons in the Regenerating Forelimbs of the Axolotl Ambystoma mexicanum,Mead,23493055,,W2185046174,0,0,,0,2026-09-27
JUNE-04-1-08,2005,4,1,article,False,Get the Rhythm: Modeling Neuronal Activity,Meuth,23493337,,W218689755,11,5,2006: 2; 2008: 2; 2009: 1; 2014: 1; 2015: 1; 2017: 1; 2018: 2; 2021: 1,8,2026-09-27
JUNE-04-1-09,2005,4,1,article,False,Writing to Learn: An Evaluation of the Calibrated Peer Review™ Program in Two Neuroscience Courses,Prichard,23493247,,W2125545541,20,2,2007: 1; 2009: 1; 2011: 3; 2012: 1; 2016: 2; 2017: 1; 2019: 2; 2020: 2; 2021: 2; 2022: 2; 2023: 1; 2024: 2,10,2026-09-27
JUNE-04-1-10,2005,4,1,review,False,Textbook Review: Behavioral Neurobiology. An integrative approach.,Wotton,,,,,,,,2026-09-27
JUNE-04-2-01,2006,4,2,editorial,False,Editorial: Neuro Now!: Should Neuroscience be a Department or a Program?,Lewis,23495306,,W1720219089,7,2,2009: 2; 2011: 2; 2012: 1; 2017: 1; 2021: 1,6,2026-09-27
JUNE-04-2-02,2006,4,2,editorial,False,Essay: Funding Undergraduate Neuroscience Education: CCLI Yesterday and Today,Pruitt,23493497,,W2238398880,0,0,,0,2026-09-27
JUNE-04-2-03,2006,4,2,editorial,False,erview: Nature or Nurture – Is A Successful Neuroscientist Born or Created? Interview with Rusty Gage,Paul,23495307,,W1895354081,1,0,2017: 1,1,2026-09-27
JUNE-04-2-04,2006,4,2,article,False,Teaching Basic Principles of Neuroscience with Computer Simulations,Av-Ron,23493644,,W241193991,28,10,2006: 2; 2007: 3; 2008: 1; 2009: 3; 2010: 1; 2013: 2; 2014: 3; 2015: 1; 2016: 2; 2017: 1; 2018: 2; 2019: 1; 2020: 2; 2021: 1; 2022: 1; 2023: 2,17,2026-09-27
JUNE-04-2-05,2006,4,2,article,False,Responses to Sounds in the Central Auditory System of the Frog: An Advanced Electrophysiology Laboratory in Sensory Processing,Ferragamo,23493471,,W304186994,2,0,2011: 1; 2023: 1,2,2026-09-27
JUNE-04-2-06,2006,4,2,article,False,An Undergraduate Course on Publishing in Neuroscience,Jones,23493661,,W130894827,12,2,2007: 1; 2009: 1; 2011: 1; 2012: 1; 2013: 2; 2014: 1; 2017: 1; 2019: 1; 2024: 1; 2025: 2,4,2026-09-27
JUNE-04-2-07,2006,4,2,article,False,Using Extracellular Single-unit Electrophysiological Data as a Substrate for Investigative Laboratory Exercises,Cousens,23493564,,W249497715,0,0,,0,2026-09-27
JUNE-04-2-08,2006,4,2,article,False,MATLAB-based Simulation of Whole-Cell and Single-Channel Currents,Molitor,23493427,,W164487065,7,1,2007: 1; 2014: 1; 2015: 1; 2018: 1; 2019: 2; 2022: 1,4,2026-09-27
JUNE-04-2-09,2006,4,2,review,False,Textbook Review: The Design of Experiments in Neuroscience,Cameron,,,,,,,,2026-09-27
JUNE-05-1-01,2006,5,1,editorial,False,Literature and the History of Neuroscience,Harrington,23495309,,W218259476,6,2,2007: 2; 2013: 1; 2016: 1; 2021: 1; 2024: 1,5,2026-09-27
JUNE-05-1-02,2006,5,1,editorial,False,"Interview: Neuroethologist Ron Hoy on College, Careers, and Crawdads",Ruble,23495308,,W38396883,1,0,2011: 1,1,2026-09-27
JUNE-05-1-03,2006,5,1,article,False,Functional Magnetic Resonance Imaging (fMRI): A Brief Exercise for an Undergraduate Laboratory Course,Hurd,23493760,,W1626256924,8,2,2005: 1; 2008: 1; 2010: 1; 2014: 1; 2017: 2; 2019: 1; 2021: 1,6,2026-09-27
JUNE-05-1-04,2006,5,1,article,False,Collaborative Research in Teaching: Collaboration between Laboratory Courses at Neighboring Institutions,Yates,23493811,,W1421593714,3,2,2009: 2; 2015: 1,2,2026-09-27
JUNE-05-1-05,2006,5,1,article,False,"Cultivation of an Interdisciplinary, Research-Based Neuroscience Minor at Hope College",Chase,23493857,,W199832342,1,1,2009: 1,1,2026-09-27
JUNE-05-1-06,2006,5,1,article,False,Using Biographies to Illustrate the Intrapersonal and Interpersonal Dynamics of Science,Mori,23493947,,W2198071295,5,1,2007: 1; 2011: 1; 2015: 1; 2022: 1; 2025: 1,5,2026-09-27
JUNE-05-1-07,2006,5,1,review,False,Technology Review: Data Acquisition and Display for Electrophysiology: PC Oscilloscopes,George,23493990,,W51767273,3,1,2007: 1; 2014: 1; 2018: 1,4,2026-09-27
JUNE-05-1-08,2006,5,1,review,False,Textbook Review: Discovering Biological Psychology,Brosnan-Watters,,,,,,,,2026-09-27
JUNE-05-1-09,2006,5,1,review,False,Media Review: The Neuron Connection: Modeling Parkinson’s Disease,Pollack,23495311,,W2286609695,1,1,2009: 1,1,2026-09-27
JUNE-05-1-10,2006,5,1,review,False,Media Review: Resources for Teaching Mammalian Neuroanatomy Using Sheep Brains,Grisham,23495310,,W1572932593,9,3,2007: 1; 2009: 1; 2010: 1; 2015: 2; 2018: 1; 2019: 1; 2022: 1; 2025: 1,9,2026-09-27
JUNE-05-2-01,2007,5,2,editorial,False,JUNE as the Voice for Undergraduate Neuroscience Education,Gary,23495315,,W324166690,0,0,,0,2026-09-27
JUNE-05-2-02,2007,5,2,editorial,False,Neuroscience and the Liberal Arts,Ramirez,23495316,,W133438707,5,1,2007: 1; 2012: 1; 2013: 1; 2015: 1; 2016: 1,5,2026-09-27
JUNE-05-2-03,2007,5,2,editorial,False,Evolution and the Neuroscience Curriculum: A Call to Action,Pizzi,23495317,,W1554830198,0,0,,0,2026-09-27
JUNE-05-2-04,2007,5,2,editorial,False,Commentary: Work through SfN — but Keep Higher Education and K-12 Separate,Olivo,23495313,,W1731058957,1,1,2009: 1,1,2026-09-27
JUNE-05-2-05,2007,5,2,editorial,False,Commentary: Toward a Better Neuroscience Tomorrow: Thoughts on the Society for Neuroscience and the Undergraduate,Wiertelak,23495314,,W1577220758,0,0,,0,2026-09-27
JUNE-05-2-06,2007,5,2,article,False,Teaching About the Brain and Reaching the Community: Undergraduates in the Pipeline Neuroscience Program at the University of Pennsylvania,Edlow,23493190,,W278803136,13,0,2012: 1; 2015: 1; 2016: 2; 2020: 2; 2021: 3; 2022: 2; 2023: 2,10,2026-09-27
JUNE-05-2-07,2007,5,2,article,False,Methods for Handling Missing Data in the Behavioral Neurosciences: Don’t Throw the Baby Rat out with the Bath Water,Rubin,23493038,,W2004445339,131,3,1994: 1; 2011: 3; 2012: 5; 2013: 11; 2014: 10; 2015: 13; 2016: 11; 2017: 15; 2018: 13; 2019: 8; 2020: 16; 2021: 8; 2022: 2; 2023: 5; 2024: 5; 2025: 5,79,2026-09-27
JUNE-05-2-08,2007,5,2,article,False,The Use of Case Studies in Teaching Undergraduate Neuroscience,Meil,23493154,,W74189385,25,3,2010: 2; 2011: 1; 2012: 1; 2013: 1; 2014: 1; 2015: 1; 2016: 2; 2017: 4; 2018: 2; 2019: 1; 2020: 2; 2021: 3; 2022: 2; 2023: 1; 2025: 1,16,2026-09-27
JUNE-05-2-09,2007,5,2,article,False,An Undergraduate Neuroscience Seminar Based on the Annual Meeting of the Society for Neuroscience,Bucci,23492858,,W1453925357,1,0,2015: 1,1,2026-09-27
JUNE-05-2-10,2007,5,2,article,False,"IFEL TOUR: A Description of the Introduction to FUN Electrophysiology Labs Workshop at Bowdoin College, July 27-30, and the Resultant Faculty Learning Community",Mead,23493095,,W2125290407,6,1,2007: 1; 2013: 1; 2015: 1; 2018: 3,5,2026-09-27
JUNE-05-2-11,2007,5,2,article,False,Use of the Pyrithiamine-Induced Thiamine Deficient Animal Model of Korskoff’s Syndrome for Exploratory Research Activities in Undergraduate Physiological Psychology,Flint,23494173,,W2097325027,1,0,2020: 1,1,2026-09-27
JUNE-05-2-12,2007,5,2,article,False,Utility and Versatility of Extracellar Recordings from the Cockroach for Neurophysiological Instruction and Demonstration,Ramos,23494074,,W2138812133,20,4,2007: 2; 2009: 2; 2013: 2; 2014: 1; 2015: 2; 2016: 1; 2017: 2; 2018: 3; 2019: 1; 2021: 2; 2023: 1; 2024: 1,17,2026-09-27
JUNE-05-2-13,2007,5,2,review,False,Media Review: Shaken: Journey into the Mind of a Parkinson’s Patient,close,,,,,,,,2026-09-27
JUNE-06-1-01,2007,6,1,editorial,False,Mentorship: The Bond that Brings Us Together,Dunbar,23495319,,W324580300,0,0,,0,2026-09-27
JUNE-06-1-02,2007,6,1,editorial,False,Interview: Darcy Kelley — Pioneering the Frontiers of Science Education,Julie,23495320,,W2239112265,1,1,2011: 1,1,2026-09-27
JUNE-06-1-03,2007,6,1,editorial,False,Letter to Editor: More on Literature and the History of Neuroscience: Using the Writings of Silas Weir Mitchell (1829–1914) in Teaching the History of Neuroscience,Todman,23495321,,W280488425,2,0,2021: 1; 2024: 1,2,2026-09-27
JUNE-06-1-04,2007,6,1,article,False,DataView: A Tutorial Tool for Data Analysis. Template-based Spike Sorting and Frequency Analysis.,Heitler,23493818,,W2267294914,16,0,2015: 1; 2017: 1; 2018: 2; 2019: 4; 2020: 5; 2021: 1; 2024: 2,17,2026-09-27
JUNE-06-1-05,2007,6,1,article,False,"Novel in silico Method for Teaching Cytoarchitecture, Cellular Diversity, and Gene Expression in the Mammalian Brain",Ramos,23493835,,W211500546,13,4,2008: 1; 2009: 2; 2010: 1; 2012: 1; 2015: 1; 2017: 1; 2018: 1; 2020: 1; 2021: 2; 2022: 2,14,2026-09-27
JUNE-06-1-06,2007,6,1,article,False,Technical Note: Construction of a Simple Suction Electrode for Extracellular Recording and Stimulation,Johnson,23493751,,W115636423,22,3,2009: 2; 2011: 1; 2012: 1; 2014: 1; 2015: 1; 2017: 1; 2018: 1; 2019: 1; 2020: 5; 2021: 2; 2022: 3; 2023: 1; 2024: 1; 2025: 1,20,2026-09-27
JUNE-06-1-07,2007,6,1,article,False,NorthEast Under/graduate Research Organization for Neuroscience (NEURON): Our Third New York City Meeting,Goyette,23495318,,W80809844,3,1,2011: 1; 2020: 1; 2022: 1,2,2026-09-27
JUNE-06-1-08,2007,6,1,article,False,Dual Format Course Design: Neuroanatomy and Neurophysiology for Adult Learners,Estes,23493658,,W2195382947,5,1,2011: 1; 2013: 1; 2015: 1; 2017: 1; 2018: 1,4,2026-09-27
JUNE-06-1-09,2007,6,1,review,False,Media Review: An Introduction to Nervous Systems By Ralph H. Greenspan,Johnson,,,,,,,,2026-09-27
JUNE-06-2-01,2008,6,2,editorial,False,New Challenges and Changes for JUNE,Gary,23495322,,W2301439392,1,1,2009: 1,1,2026-09-27
JUNE-06-2-02,2008,6,2,article,False,Undergraduate Neuroscience Education: Blueprints for the 21st Century,Eric,23493318,,W2284017732,37,7,2011: 4; 2012: 3; 2013: 2; 2014: 2; 2015: 6; 2016: 4; 2017: 3; 2018: 4; 2019: 1; 2020: 1; 2021: 1; 2022: 3; 2023: 1; 2025: 2,35,2026-09-27
JUNE-06-2-03,2008,6,2,article,False,Using a Paradigm Shift to Teach Neurobiology and the Nature of Science—a C.R.E.A.T.E.-based Approach,Sally,23493428,,W1521984053,30,4,2009: 1; 2010: 1; 2011: 2; 2013: 3; 2014: 3; 2015: 3; 2016: 1; 2017: 3; 2018: 4; 2019: 1; 2020: 3; 2021: 1; 2022: 1; 2023: 2; 2024: 1,23,2026-09-27
JUNE-06-2-04,2008,6,2,article,False,Demonstrating Cerebral Vascular Networks: A Comparison of Methods for the Teaching Laboratory,Raddy,23493521,,W2267775033,9,0,2013: 1; 2014: 1; 2015: 1; 2017: 2; 2018: 2; 2019: 1; 2022: 1,9,2026-09-27
JUNE-06-2-05,2008,6,2,article,False,Crayfish Aggression and the Androgenic Gland in a Behavior Lab for Non-Majors,Kristina,23493454,,W345119246,3,2,2009: 2; 2014: 1,2,2026-09-27
JUNE-06-2-06,2008,6,2,article,False,Effective Use of Computer Simulations in an Introductory Neuroscience Laboratory,Joel,23493239,,W141011439,12,4,2009: 3; 2012: 1; 2014: 1; 2015: 1; 2018: 1; 2019: 1; 2021: 2; 2022: 1; 2023: 1,8,2026-09-27
JUNE-06-2-07,2008,6,2,article,False,Online Multimedia Teaching Tool for Parkinson’s Disease,Greg,23493487,,W316411708,6,3,2009: 1; 2011: 1; 2012: 1; 2013: 1; 2015: 1; 2023: 1,4,2026-09-27
JUNE-06-2-08,2008,6,2,article,False,Adapting the Learning-Cycle to Enrich Undergraduate Neuroscience Education for All Students,Mark,23493626,,W326656585,2,0,2014: 1; 2024: 1,1,2026-09-27
JUNE-06-2-09,2008,6,2,review,False,"Fundamentals of Human Neuropsychology, 6th Edition",Gina,,,,,,,,2026-09-27
JUNE-07-1-01,2008,7,1,editorial,False,Lessons in Hope,Gary,23495323,,W2289043524,1,0,2019: 1,0,2026-09-27
JUNE-07-1-02,2008,7,1,article,False,SWIMMY: Free Software for Teaching Neurophysiology of Neuronal Circuits,William,23492869,,W1588065919,9,3,2007: 1; 2009: 2; 2010: 1; 2013: 1; 2016: 1; 2017: 2; 2022: 1,7,2026-09-27
JUNE-07-1-03,2008,7,1,article,False,The Digital Microscope: A Tool for Teaching Laboratory Skills in Distance Learning Courses,Eleanor,23493976,,W1500005374,0,0,,0,2026-09-27
JUNE-07-1-04,2008,7,1,article,False,Experiencing Visuo-Motor Plasticity by Prism Adaptation in a Classroom Setting,Andrea,23494088,,W206531058,2,0,2013: 1; 2021: 1,1,2026-09-27
JUNE-07-1-05,2008,7,1,article,False,Virtual EEG: A Software-Based Electroencephalogram Designed for Undergraduate Neuroscience-Related Courses,Benjamin,23493937,,W157603313,11,3,2008: 1; 2010: 2; 2016: 2; 2017: 1; 2018: 2; 2020: 2; 2023: 1,9,2026-09-27
JUNE-07-1-06,2008,7,1,article,False,"A Laboratory Exercise for a College-Level, Introductory Neuroscience Course Demonstrating Effects of Housing Environment on Anxiety and Psychostimulant Sensitivity",Laurel,23493884,,W1587356649,4,0,2013: 1; 2015: 1; 2016: 1; 2017: 1,3,2026-09-27
JUNE-07-1-07,2008,7,1,article,False,"Constructing Inexpensive, Flexible, and Versatile Microdialysis Probes in an Undergraduate Microdialysis Research Lab",Sally,23493044,,W2297651091,3,1,2012: 1; 2019: 1; 2021: 1,2,2026-09-27
JUNE-07-2-01,2009,7,2,editorial,False,A Special Time for JUNE,Gary,23495324,,W329742376,0,0,,0,2026-09-27
JUNE-07-2-02,2009,7,2,editorial,False,Interview: Donald G. Stein: Pioneer in the Areas of Neuroplasticity and Recovery of Function,Gary,23495325,,W117635310,1,0,2023: 1,0,2026-09-27
JUNE-07-2-03,2009,7,2,editorial,False,Commentary: Developing New Courses and Exploring New Teaching Approaches: The Role of “Unexpected Feedback”,Cynthia,23495326,,W294440300,0,0,,0,2026-09-27
JUNE-07-2-04,2009,7,2,article,False,The Flatworm Planaria as a Toxicology and Behavioral Pharmacology Animal Model in Undergraduate Research Experiences,Oné,23493443,,W270150833,24,1,2011: 1; 2014: 1; 2015: 1; 2016: 5; 2017: 4; 2018: 3; 2019: 2; 2020: 2; 2021: 1; 2022: 1; 2024: 2; 2025: 1,29,2026-09-27
JUNE-07-2-05,2009,7,2,article,False,Every Cell Counts: An Inquiry-Based Approach to Address a Novel Research Question in an Undergraduate Neuroscience Lab,Melissa,23493111,,W2125590699,3,2,2011: 1; 2012: 1; 2018: 1,3,2026-09-27
JUNE-07-2-06,2009,7,2,article,False,Northeast Under/graduate Research Organization for Neuroscience (NEURON): Our Thirteenth Conference for Neuroscience Trainees and Educators,Jay,23493230,,W252501211,4,3,2009: 2; 2011: 1; 2020: 1,4,2026-09-27
JUNE-07-2-07,2009,7,2,article,False,Successful Integration of Interactive Neuroscience Simulations into a Non-Laboratory Sensation & Perception Course,Uta,23493155,,W2160544894,3,0,2015: 2; 2021: 1,3,2026-09-27
JUNE-07-2-08,2009,7,2,article,False,"Interactive Methods for Teaching Action Potentials, an Example of Teaching Innovation from Neuroscience Postdoctoral Fellows in the Fellowships in Research and Science Teaching (FIRST) Program",Keen-Rhinehart,23493377,,W2138643468,9,3,2013: 3; 2017: 1; 2018: 1; 2020: 1; 2021: 2; 2022: 1,4,2026-09-27
JUNE-07-2-09,2009,7,2,article,False,The Student Surgeon: A Behavioral Neuroendocrinology Laboratory Exercise in Rats,Meg,23493251,,W2414653557,7,1,2013: 1; 2016: 2; 2017: 1; 2020: 2; 2021: 1,6,2026-09-27
JUNE-07-2-10,2009,7,2,review,False,Media Review: Dissection of the Human Brain,Douglas,,,,,,,,2026-09-27
JUNE-08-1-01,2009,8,1,article,True,"Introduction to Papers from the FUN 2008 Macalester Workshops Proceedings of the 2008 Faculty for Undergraduate Neuroscience Workshops at Macalester College, St. Paul, MN, July 17 to July 20, 2008",Bruce,23495327,,W1673349076,2,2,2010: 1; 2012: 1,2,2026-09-27
JUNE-08-1-02,2009,8,1,article,True,Jeanne Narum: A Lifetime of Achievement,Julio,23495328,,W1587326848,0,0,,0,2026-09-27
JUNE-08-1-03,2009,8,1,article,True,"Sex, Gender, and the Brain: A Non-Majors Course Linking Neuroscience and Women’s Studies",Kristina,23493514,,W2160977902,9,4,2010: 1; 2011: 1; 2012: 1; 2013: 1; 2016: 2; 2021: 1; 2022: 1; 2024: 1,8,2026-09-27
JUNE-08-1-04,2009,8,1,article,True,Vision and Art: An Interdisciplinary Approach to Neuroscience Education,Rosa,23493842,,W50455763,10,3,2010: 1; 2011: 2; 2016: 1; 2019: 1; 2020: 2; 2021: 1; 2024: 2,5,2026-09-27
JUNE-08-1-05,2009,8,1,article,True,Building Neural Networks Within the Academy: Connecting Neuroscience to Other Disciplines,Lawrence,23493585,,W2300885961,2,1,2010: 1; 2020: 1,2,2026-09-27
JUNE-08-1-06,2009,8,1,article,True,A Self-Study Tutorial using the Allen Brain Explorer and Brain Atlas to Teach Concepts of Mammalian Neuroanatomy and Brain Function,Bruce,23493964,,W2117716115,10,2,2009: 1; 2010: 1; 2017: 1; 2018: 2; 2020: 1; 2021: 2; 2022: 2,10,2026-09-27
JUNE-08-1-07,2009,8,1,article,True,Modular Digital Course in Undergraduate Neuroscience Education (MDCUNE): A Website Offering Free Digital Tools for Neuroscience Educators,William,23494065,,W1505055211,4,0,2014: 1; 2016: 1; 2019: 1; 2021: 1,4,2026-09-27
JUNE-08-1-08,2009,8,1,article,True,Teaching Neurophysiology to Undergraduates using Neurons in Action,Ann,23493486,,W216109378,10,3,2012: 2; 2013: 1; 2014: 1; 2015: 1; 2017: 2; 2018: 1; 2021: 1; 2023: 1,9,2026-09-27
JUNE-08-1-09,2009,8,1,article,True,Developing a Project-Oriented Introduction to Neuroscience Lab at Hope College,Leah,23493904,,W2132875977,3,1,2012: 1; 2017: 1; 2020: 1,3,2026-09-27
JUNE-08-1-10,2009,8,1,article,True,Teaching Laboratory Neuroscience at Bowdoin: The Laboratory Instructor Perspective,Stephen,23493807,,W2127540894,2,0,2015: 1; 2021: 1,2,2026-09-27
JUNE-08-1-11,2009,8,1,article,True,"g-PRIME: A Free, Windows Based Data Acquisition and Event Analysis Software Package for Physiology in Classrooms and Research Labs",Gus,23493932,,W2187708822,22,4,1999: 1; 2010: 1; 2011: 1; 2012: 1; 2013: 1; 2014: 2; 2015: 2; 2018: 1; 2019: 2; 2020: 5; 2021: 2; 2022: 2; 2025: 1,21,2026-09-27
JUNE-08-1-12,2009,8,1,article,True,Teaching Undergraduate Neuroscience in the Digital Age,Christopher,23493189,,W310553727,10,3,2009: 1; 2010: 1; 2012: 1; 2014: 2; 2015: 1; 2016: 2; 2017: 1; 2021: 1,7,2026-09-27
JUNE-08-1-13,2009,8,1,article,True,Higher Education and the Society for Neuroscience: a website proposal that helped catalyze a change in policy.,Richard,23493238,,W1868292904,1,0,2015: 1,1,2026-09-27
JUNE-08-1-14,2009,8,1,article,True,Brain Awareness Week and Beyond: Encouraging the Next Generation,Colleen,23493673,,W304198927,8,1,2011: 1; 2014: 2; 2017: 1; 2019: 1; 2020: 1; 2021: 2,7,2026-09-27
JUNE-08-1-15,2009,8,1,article,True,New(er) Kids on the Block – Voices of Junior FUN Faculty,Shelly,23493309,,W2173063845,2,1,2011: 1; 2017: 1,2,2026-09-27
JUNE-08-1-16,2009,8,1,article,True,SOMAS-URM: The Evolution of a Mentoring and Summer Research Program,Julio,23493419,,W2292054141,7,3,2010: 1; 2012: 1; 2013: 1; 2018: 1; 2019: 1; 2020: 1; 2024: 1,6,2026-09-27
JUNE-08-1-17,2009,8,1,article,True,Facilities Planning for the Neuroscience Curriculum at a Primarily Undergraduate Institution: St. Olaf College’s Regents Hall of Natural and Mathematical Sciences,Gary,23493647,,W2176578717,4,3,2012: 1; 2013: 2; 2015: 1,2,2026-09-27
JUNE-08-1-18,2009,8,1,article,True,"The Journal of Undergraduate Neuroscience Education: History, Challenges, and Future Developments",Gary,23493469,,W1926970095,5,1,2012: 1; 2018: 2; 2019: 1; 2020: 1,5,2026-09-27
JUNE-08-1-19,2009,8,1,article,True,Establishing a New Paradigm for Diversity: A Case for Restructuring the Academic Training Environment,Joseph,23495329,,W1777877105,5,3,2011: 1; 2012: 1; 2013: 1; 2015: 1; 2017: 1,3,2026-09-27
JUNE-08-2-01,2010,8,2,editorial,False,Call for JUNE Editorial Board Members and Reviewers,William,,,,,,,,2026-09-27
JUNE-08-2-02,2010,8,2,editorial,False,"Bryan Kolb: Pioneer in Neuropsychology and Role Model for Teaching, Mentoring, and Involving Undergraduates in Neuroscience Research",Gary,23495331,,W154103923,0,0,,0,2026-09-27
JUNE-08-2-03,2010,8,2,article,False,Laboratory Class Project: Using a Cichlid Fish display Tank to Teach Students about Complex Behavioral Systems,Brian,23493462,,W2115586116,0,0,,0,2026-09-27
JUNE-08-2-04,2010,8,2,article,False,Narratives and Neurons: Stories of Damaged Brains,Mickley,23493566,,W240385854,4,0,2015: 1; 2017: 1; 2019: 1; 2021: 1,3,2026-09-27
JUNE-08-2-05,2010,8,2,article,False,Undergraduate Neuroscience Faculty: Results from a Survey of Faculty for Undergraduate Neuroscience Members,Jean,23493671,,W1788635059,6,2,2011: 1; 2012: 1; 2017: 1; 2019: 1; 2020: 1; 2025: 1,5,2026-09-27
JUNE-08-2-06,2010,8,2,article,False,FUN Survey 2009,,,,,,,,,2026-09-27
JUNE-08-2-07,2010,8,2,article,False,Exploration of Gerontogenes in the Nervous System: A Multi-Level Neurogenomics Laboratory Module for an Intermediate Neuroscience and Behavior Course,Kathleen,23493645,,W2133638974,3,2,2012: 2; 2015: 1,2,2026-09-27
JUNE-08-2-08,2010,8,2,article,False,Demonstrations of Neural Network Computations Involving Students,Christopher,23493501,,W1414409519,3,2,2011: 1; 2013: 1; 2017: 1,2,2026-09-27
JUNE-08-2-09,2010,8,2,article,False,Social Neuroscience at the College of Saint Rose: The Art of Team Teaching in Emerging Areas of Psychological Science,Robert,23493798,,W2148458206,6,2,2012: 1; 2013: 1; 2016: 1; 2020: 1; 2021: 1; 2023: 1,5,2026-09-27
JUNE-09-1-01,2010,9,1,editorial,False,We Are JUNE,Dunbar,23495332,,W293066067,0,0,,0,2026-09-27
JUNE-09-1-02,2010,9,1,editorial,False,Articulating the Dual Role of Undergraduate Neuroscience Education: What FUN and the Society for Neuroscience Can Do,Gittis,23495333,,W1462220995,2,0,2009: 1; 2020: 1,1,2026-09-27
JUNE-09-1-03,2010,9,1,article,False,Benefits of a Professional Training Year for Undergraduates on a Neuroscience Degree Scheme,Santer,23494962,,W1935787901,1,0,2018: 1,0,2026-09-27
JUNE-09-1-04,2010,9,1,article,False,Using Neurogenetics and the Warmth-Gated Ion Channel TRPA1 to Study the Neural Basis of Behavior in Drosophila,Berni,23494686,,W1558193346,17,5,2011: 2; 2012: 3; 2016: 3; 2017: 2; 2018: 2; 2019: 2; 2020: 1; 2021: 2,12,2026-09-27
JUNE-09-1-05,2010,9,1,article,False,A Visually-Induced Eyelid Droop Illusion as a Classroom Demonstration of Cross-Modality,Wolfe,23494808,,W1876659770,2,1,2013: 1; 2015: 1,2,2026-09-27
JUNE-09-1-06,2010,9,1,article,False,Teaching Basic Neurophysiology Using Intact Earthworms,Kladt,23494516,,W1523767079,28,9,2011: 1; 2013: 1; 2014: 7; 2015: 4; 2016: 2; 2017: 2; 2018: 3; 2019: 1; 2020: 1; 2022: 3; 2023: 1; 2024: 2,24,2026-09-27
JUNE-09-1-07,2010,9,1,article,False,Meeting the Challenge of Preparing Undergraduates for Careers in Cognitive Neuroscience,Mickley-Steinmetz,23495003,,W2128150174,6,0,2002: 1; 2017: 2; 2018: 1; 2019: 1; 2022: 1,4,2026-09-27
JUNE-09-1-08,2010,9,1,article,False,Dissection of the Hippocampus Proper and the Associated Structures in Preserved Horse Brains,Cope,23494866,,W93282216,2,0,2015: 1; 2016: 1,2,2026-09-27
JUNE-09-1-09,2010,9,1,article,False,Exploring the Complexities of Experimental Design: Using an On-line Reaction Time Program,Pollack,23494764,,W285707382,3,2,2013: 1; 2014: 1; 2022: 1,3,2026-09-27
JUNE-09-1-10,2010,9,1,article,False,Design and Construction of a Two-Temperature Preference Behavioral Assay,Daniels,23494724,,W194648158,4,1,2013: 1; 2019: 1; 2022: 1; 2025: 1,2,2026-09-27
JUNE-09-1-11,2010,9,1,article,False,Neural Networks: Making Connections about the Brain and about College,Kristina,23494920,,W1614562021,1,1,2012: 1,1,2026-09-27
JUNE-09-2-01,2011,9,2,editorial,False,"Friends, FUN, and the Future",Dunbar,23495334,,W2279068350,0,0,,0,2026-09-27
JUNE-09-2-02,2011,9,2,editorial,False,Opinion: Discussing Philosophy of Mind in Introductory Neuroscience Classes,Gendle,23495335,,W1800519343,0,0,,0,2026-09-27
JUNE-09-2-03,2011,9,2,editorial,False,Feature: Julio Ramirez Honored for Outstanding Mentorship by President Obama,Dunbar,23495336,,W88415631,0,0,,0,2026-09-27
JUNE-09-2-04,2011,9,2,article,False,Volunteerism is Key to Offering Successful Neuroscience Outreach with Limited Resources,Pearce,23494170,,W160939067,0,0,,0,2026-09-27
JUNE-09-2-05,2011,9,2,article,False,Undergraduate Neuroscience Education in the U.S.: An Analysis using Data from the National Center for Education Statistics,Ramos,23493915,,W2137101294,50,11,1982: 1; 1995: 1; 2002: 1; 2011: 1; 2012: 2; 2013: 1; 2014: 1; 2015: 6; 2016: 5; 2017: 4; 2018: 8; 2019: 5; 2020: 6; 2021: 2; 2022: 2; 2023: 1; 2025: 3,41,2026-09-27
JUNE-09-2-06,2011,9,2,article,False,An Undergraduate Laboratory Exercise to Study Weber’s Law,Holden,23493843,,W292146406,11,3,2011: 1; 2013: 1; 2015: 1; 2016: 1; 2017: 2; 2019: 3; 2022: 1; 2024: 1,4,2026-09-27
JUNE-09-2-07,2011,9,2,article,False,"SYNAPSE, Symposium for Young Neuroscientists and Professors of the Southeast: A One-day, Regional Neuroscience Meeting Focusing on Undergraduate Research",Hurd,23493950,,W50295886,6,2,2011: 1; 2012: 1; 2020: 2; 2022: 2,5,2026-09-27
JUNE-09-2-08,2011,9,2,article,False,Incorporating Scientific Publishing into an Undergraduate Neuroscience Course: A Case Study Using IMPULSE,Jones,23494013,,W198225814,7,3,2013: 2; 2014: 1; 2016: 2; 2017: 1; 2019: 1,2,2026-09-27
JUNE-09-2-09,2011,9,2,article,False,Music and the Mind: A New Interdisciplinary Course on the Science of Musical Experience,Prichard,23494097,,W213896372,1,1,2014: 1,0,2026-09-27
JUNE-10-1-01,2011,10,1,editorial,False,Unquenchable Neuroscience,Grisham,23626500,,W4300291155,0,0,,0,2026-09-27
JUNE-10-1-02,2011,10,1,editorial,False,Commentary Input-output: The Role of Undergraduate Curriculum in Successful Graduate Training in the Neurosciences,Mennerick,23626501,,W196363501,4,1,2012: 1; 2017: 1; 2018: 1; 2020: 1,4,2026-09-27
JUNE-10-1-03,2011,10,1,article,False,Strategies For Fostering Synergy between Neuroscience Programs and Chemistry Departments,Ulness,23626488,,W1796816,1,0,2021: 1,1,2026-09-27
JUNE-10-1-04,2011,10,1,article,False,A Mechanism for Multidisciplinary Dialogue: The Memory & … Series,Multhaup,23626499,,W2306501385,0,0,,0,2026-09-27
JUNE-10-1-05,2011,10,1,article,False,The Use of “Non-Fiction Novels” in a Sensation and Perception Course,Gunther,23626489,,W189789613,7,3,2014: 1; 2015: 2; 2021: 1; 2024: 2; 2025: 1,5,2026-09-27
JUNE-10-1-06,2011,10,1,article,False,Human Brains Engaged in Rat Brains: Student-driven Neuroanatomy Research in an Introductory Biology Lab Course,Gardner,23626490,,W1425326455,7,4,2013: 1; 2014: 3; 2016: 2; 2018: 1,7,2026-09-27
JUNE-10-1-07,2011,10,1,article,False,Decreasing Neuroscience Anxiety in an Introductory Neuroscience Course: An Analysis Using Data from a Modified Science Anxiety Scale,Birkett,23626491,,W263902589,11,4,2013: 1; 2014: 2; 2015: 1; 2017: 1; 2021: 4; 2022: 2,6,2026-09-27
JUNE-10-1-08,2011,10,1,article,False,Integrating Community Outreach into the Undergraduate Neuroscience Classroom,Stevens,23626492,,W2100482452,19,4,2004: 1; 2007: 1; 2012: 2; 2013: 1; 2014: 1; 2016: 1; 2017: 3; 2018: 1; 2019: 1; 2020: 1; 2021: 1; 2023: 2; 2024: 1; 2025: 2,18,2026-09-27
JUNE-10-1-09,2011,10,1,article,False,“Writing in Neuroscience”: A Course Designed for Neuroscience Undergraduate Students,Adams,23626493,,W121089894,10,2,2013: 1; 2015: 1; 2017: 4; 2018: 1; 2019: 1; 2020: 1; 2022: 1,6,2026-09-27
JUNE-10-1-10,2011,10,1,article,False,Practical Experience with Age-related Dementia: Implementation and Outcomes of a Semester-long Service Learning Project in Neuropsychology,Olson,23626494,,W2291868854,0,0,,0,2026-09-27
JUNE-10-1-11,2011,10,1,article,False,Use of Personal EEG Monitors in a Behavioral Neuroscience Course to Investigate Natural Setting Sleep Patterns and the Factors Affecting Them in College Students,Marshall,23626495,,W1583193512,5,1,2014: 1; 2016: 1; 2018: 2; 2021: 1,3,2026-09-27
JUNE-10-1-12,2011,10,1,article,False,A Conceptual Framework for Interdisciplinary Curriculum Design: A Case Study in Neuroscience,Modo,23626496,,W149191150,11,0,2016: 1; 2018: 2; 2019: 1; 2020: 1; 2021: 3; 2022: 1; 2024: 2,6,2026-09-27
JUNE-10-1-13,2011,10,1,article,False,Design Plans for an Inexpensive Tail Flick Analgesia Meter,Otto,23626497,,W284758876,4,1,2012: 1; 2018: 1; 2019: 1; 2023: 1,3,2026-09-27
JUNE-10-1-14,2011,10,1,article,False,A Modified Golgi-Cox Procedure for use in Undergraduate Courses,Wright,23626498,,W1885485513,5,2,2014: 1; 2015: 1; 2016: 1; 2019: 1; 2020: 1,5,2026-09-27
JUNE-10-2-01,2012,10,2,editorial,False,The State of JUNE,Grisham,23505341,,W2262163590,2,2,2012: 2,2,2026-09-27
JUNE-10-2-02,2012,10,2,editorial,False,Quenchable Neuroscience: Why JUNE Needs to Focus on Getting Indexed in PubMed,Pulver,23505342,,W1797646940,0,0,,0,2026-09-27
JUNE-10-2-03,2012,10,2,article,False,Assessing Development of an Interdisciplinary Perspective in an Undergraduate Neuroscience Course,Crisp,23504673,,W1423128550,14,6,2012: 2; 2013: 1; 2015: 1; 2016: 2; 2017: 2; 2019: 1; 2020: 1; 2021: 1; 2022: 1; 2023: 1; 2024: 1,12,2026-09-27
JUNE-10-2-04,2012,10,2,article,False,Characterizing Mystery Cell Lines: Student-driven Research Projects in an Undergraduate Neuroscience Laboratory Course,Lemons,23504583,,W2244480900,6,2,2015: 1; 2016: 1; 2018: 1; 2023: 2; 2024: 1,6,2026-09-27
JUNE-10-2-05,2012,10,2,article,False,"Drugs, the Brain, and Behavior: A Graduate Student-run Comprehensive Course in Neuroscience",Ullrich,23503211,,W2195986043,7,3,2014: 2; 2016: 1; 2017: 1; 2021: 1; 2022: 1; 2023: 1,6,2026-09-27
JUNE-10-2-06,2012,10,2,article,False,Using In Vivo Voltammetry to Demonstrate Drug Action: A Student Laboratory Experience in Neurochemistry,Bergstrom,23504500,,W1580686178,0,0,,0,2026-09-27
JUNE-10-2-07,2012,10,2,article,False,Bio-amplifier with Driven Shield Inputs to Reduce Electrical Noise and its Application to Laboratory Teaching of Electrophysiology,Matsuzaka,23504543,,W347905997,12,3,2014: 1; 2015: 1; 2016: 1; 2017: 3; 2018: 3; 2019: 1; 2021: 1; 2024: 1,9,2026-09-27
JUNE-10-2-08,2012,10,2,article,False,Using Equivalence-Based Instruction to Increase Efficiency in Teaching Neuroanatomy,Pytte,23504446,,W63476789,30,7,2014: 1; 2015: 4; 2016: 2; 2018: 6; 2019: 3; 2020: 3; 2021: 3; 2022: 3; 2023: 3; 2024: 1; 2025: 1,14,2026-09-27
JUNE-10-2-09,2012,10,2,article,False,An Undergraduate Laboratory Exercise Examining the Psychomotor Stimulant Effects of Caffeine in Laboratory Rats,Pham,23504612,,W291833515,2,0,2021: 1; 2024: 1,2,2026-09-27
JUNE-11-1-01,2012,11,1,editorial,True,"Introduction to Volume 11, Issue 1 and Proceedings of the Faculty for Undergraduate Neuroscience Workshops at Pomona College, Claremont, CA, July 28 to July 31, 2011",Johnson,23495293,,W4302030341,1,0,2024: 1,1,2026-09-27
JUNE-11-1-02,2012,11,1,article,True,Wikipedia Neuroscience Stub Editing in an Introductory Undergraduate Neuroscience Course,Burdo,23494489,,W2094496052,11,3,2014: 1; 2015: 2; 2018: 1; 2020: 2; 2021: 3; 2022: 1; 2023: 1,11,2026-09-27
JUNE-11-1-03,2012,11,1,article,True,Elevating Student Potential: Creating Digital Video to Teach Neurotransmission,Jarvinen,23493934,,W185703573,3,1,2015: 1; 2019: 2,1,2026-09-27
JUNE-11-1-04,2012,11,1,article,True,Developing at Team-taught Capstone Course in Neuroscience,Kennedy,23493882,,W114488991,8,6,2013: 1; 2014: 3; 2015: 2; 2020: 1; 2021: 1,7,2026-09-27
JUNE-11-1-05,2012,11,1,article,True,An Undergraduate taught Course on Consciousness and Mind,Kronemer,23493499,,W121203922,4,2,2013: 1; 2016: 1; 2021: 1; 2023: 1,4,2026-09-27
JUNE-11-1-06,2012,11,1,editorial,True,Oh What FUN We’ve Had! Reflections on the Past and Look to the Future,Dickinson,23493526,,W341064704,0,0,,0,2026-09-27
JUNE-11-1-07,2012,11,1,article,True,"Vision and Change in Undergraduate Biology Education: A Call to Action Presentation to Faculty for Undergraduate Neuroscience, July 2011",Ledbetter,23494151,,W321044765,41,4,1995: 1; 2007: 1; 2011: 1; 2013: 1; 2016: 3; 2017: 5; 2018: 4; 2019: 4; 2020: 3; 2022: 3; 2023: 5; 2024: 7; 2025: 3,37,2026-09-27
JUNE-11-1-08,2012,11,1,article,True,Identifying and Using ‘Core Competencies’ to Help Design and Assess Undergraduate Neuroscience Curricula,Kerchner,23494749,,W1609206312,37,9,1959: 1; 2012: 1; 2013: 1; 2015: 4; 2016: 3; 2017: 5; 2018: 4; 2019: 2; 2020: 4; 2021: 5; 2022: 4; 2023: 2; 2025: 1,36,2026-09-27
JUNE-11-1-09,2012,11,1,article,True,Working with your Administration to Garner Support for Neuroscience Programs,Reiness,23494739,,W235630808,2,0,2018: 2,2,2026-09-27
JUNE-11-1-10,2012,11,1,article,True,"External Reviews, Internal Influences: Consultations and the Undergraduate Neuroscience Curriculum",Wiertelak,23493648,,W1956795630,0,0,,0,2026-09-27
JUNE-11-1-11,2012,11,1,article,True,Cultivating Diversity and Competency in STEM: Challenges and Remedies for Removing Virtual Barriers to Constructing Diverse Higher Education Communities of Success,Whittaker,23493445,,W279154869,72,13,2013: 1; 2014: 5; 2015: 3; 2016: 4; 2017: 6; 2018: 10; 2019: 3; 2020: 7; 2021: 11; 2022: 6; 2023: 5; 2024: 6; 2025: 5,28,2026-09-27
JUNE-11-1-12,2012,11,1,article,True,OPINION: Diversity in Neuroscience. We Know the Problem. Are We Really Still Debating the Solutions?,Weekes,23493229,,W114572814,8,0,2017: 1; 2019: 3; 2020: 3; 2021: 1,8,2026-09-27
JUNE-11-1-13,2012,11,1,article,True,The Intentional Mentor: Effective Mentorship of Undergraduate Science Students,Ramirez,23493810,,W269921358,30,5,2014: 2; 2016: 3; 2017: 3; 2018: 1; 2019: 2; 2020: 5; 2021: 7; 2022: 2; 2023: 2; 2024: 2; 2025: 1,10,2026-09-27
JUNE-11-1-14,2012,11,1,article,True,Classroom Activities: Simple Strategies to Incorporate Student-Centered Activities within Undergraduate Science Lectures,Lom,23494568,,W326886045,106,31,2013: 3; 2014: 8; 2015: 6; 2016: 14; 2017: 5; 2018: 6; 2019: 12; 2020: 16; 2021: 10; 2022: 7; 2023: 6; 2024: 10; 2025: 3,31,2026-09-27
JUNE-11-1-15,2012,11,1,article,True,Creating Cross-disciplinary Courses,Reynolds,23494491,,W325571807,9,0,2017: 1; 2018: 2; 2019: 2; 2020: 2; 2022: 2,4,2026-09-27
JUNE-11-1-16,2012,11,1,article,True,Accelerated Integrated Science Sequence: An Interdisciplinary Introductory Course for Science Majors,Copp,23494601,,W316427909,2,0,2018: 1; 2020: 1,1,2026-09-27
JUNE-11-1-17,2012,11,1,article,True,Collaborative Online Writing Assignments to Foster Active Learning,Olivo,23493457,,W276084836,7,3,2014: 2; 2016: 1; 2017: 1; 2020: 1; 2022: 1; 2023: 1,1,2026-09-27
JUNE-11-1-18,2012,11,1,article,True,Service Learning in Neuroscience Courses,Mead,23493330,,W2282480146,10,3,2013: 1; 2014: 1; 2016: 1; 2017: 1; 2018: 2; 2019: 2; 2020: 1; 2021: 1,7,2026-09-27
JUNE-11-1-19,2012,11,1,article,True,The Value of Partnerships in Science Education: A Win-Win Situation,Lacalla,23493678,,W6247755,3,0,2019: 1; 2020: 1; 2022: 1,4,2026-09-27
JUNE-11-1-20,2012,11,1,article,True,Neuroscience Study Abroad: Developing a Short-Term Summer Course,Ruscio,23493243,,W2144265558,2,1,2015: 1; 2024: 1,2,2026-09-27
JUNE-11-1-21,2012,11,1,article,True,Shared Innovations in Education: Writing and Reviewing for the Undergraduate Neuroscience Community,Wiertelak,23493195,,W211501716,1,0,2022: 1,0,2026-09-27
JUNE-11-1-22,2012,11,1,article,True,Planning and Designing Spaces for the Sciences,Weldon,23493426,,W2297020180,0,0,,0,2026-09-27
JUNE-11-1-23,2012,11,1,article,True,Teaching Neuroinformatics with an Emphasis on Quantitative Locus Analysis,Grisham,23493834,,W2189742934,4,0,2017: 1; 2021: 1; 2022: 1; 2024: 1,4,2026-09-27
JUNE-11-1-24,2012,11,1,article,True,Exploring Sensory Neuroscience Through Experience and Experiment,Wyttenbach,23493966,,W139609599,3,2,2012: 1; 2014: 1; 2018: 1,3,2026-09-27
JUNE-11-1-25,2012,11,1,article,True,A Structured-Inquiry Approach to Teaching Neurophysiology Using Computer Simulation,Crisp,23494064,,W168204689,8,3,2014: 1; 2015: 1; 2016: 1; 2019: 1; 2021: 2; 2022: 1; 2025: 1,7,2026-09-27
JUNE-11-1-26,2012,11,1,article,True,The Fundamentals of Flying: Simple and Inexpensive Strategies for Employing Drosophila Genetics in Neuroscience Teaching Laboratories,Pulver,23493248,,W2175728248,13,5,2002: 1; 2014: 2; 2015: 2; 2016: 1; 2017: 1; 2018: 2; 2020: 1; 2021: 1; 2022: 2,10,2026-09-27
JUNE-11-1-27,2012,11,1,article,True,Electroretinograms in Drosophila: A Robust and Genetically Accessible Electrophysiological System for the Undergraduate Laboratory,Vilinsky,23494679,,W1435341753,23,6,2014: 3; 2015: 1; 2016: 2; 2017: 2; 2018: 2; 2019: 2; 2020: 1; 2021: 4; 2022: 3; 2023: 1; 2024: 2,24,2026-09-27
JUNE-11-1-28,2012,11,1,article,True,Classic Clinical Technique Adapted to Demonstrate Autonomic Nervous System Physiology in an Undergraduate Laboratory Course,Colgan,23494716,,W266744680,3,2,2012: 1; 2014: 1; 2017: 1,3,2026-09-27
JUNE-11-1-29,2012,11,1,article,True,The Homemade Alternative: Teaching Human Neurophysiology with Instrumentation Made (Almost) from Scratch,Hauptman,23493343,,W165985247,2,1,2014: 1; 2019: 1,1,2026-09-27
JUNE-11-2-01,2013,11,2,editorial,False,Preparing New Minds and Communicating Innovations in Undergraduate Neuroscience Education: Welcoming Change in Many Forms,Wiertelak,23805060,,W1470467900,0,0,,0,2026-09-27
JUNE-11-2-02,2013,11,2,article,False,An Undergraduate Laboratory Exercise to Study Sensory Inhibition,Nguyen,23805057,,W1845277649,6,1,2016: 1; 2019: 5,2,2026-09-27
JUNE-11-2-03,2013,11,2,article,False,Da Vinci Coding? Using Renaissance Artists’ Depictions of the Brain to Engage Student Interest in Neuroanatomy,Watson,23805058,,W13608247,2,1,2015: 1; 2018: 1,3,2026-09-27
JUNE-11-2-04,2013,11,2,article,False,Using Chick Forebrain Neurons to Model Neurodegeneration and Protection in an Undergraduate Neuroscience Laboratory Course,Burdo,23805059,,W1780072134,4,0,2020: 1; 2023: 2; 2024: 1,4,2026-09-27
JUNE-11-2-05,2013,11,2,review,False,Book Review: Creating Modern Neuroscience: The Revolutionary 1950s,Cecala,,,,,,,,2026-09-27
JUNE-11-2-06,2013,11,2,review,False,Book Review: Brain Architecture: Understanding the Basic Plan (2nd ed.),Weldon,,,,,,,,2026-09-27
JUNE-12-1-01,2013,12,1,editorial,False,Opinion: A Win for Science: The Benefits of Mentoring High School Students in the Lab,Harley,24319397,,W252317745,2,0,2019: 1; 2025: 1,2,2026-09-27
JUNE-12-1-02,2013,12,1,editorial,False,Opinion: Science Communication to the General Public: Why We Need to Teach Undergraduate and Graduate Students this Skill as Part of Their Formal Scientific Training,Brownell,24319399,,W254487011,414,52,1993: 1; 2004: 1; 2005: 1; 2007: 1; 2010: 1; 2014: 2; 2015: 7; 2016: 16; 2017: 27; 2018: 43; 2019: 43; 2020: 36; 2021: 47; 2022: 45; 2023: 71; 2024: 43; 2025: 29,142,2026-09-27
JUNE-12-1-03,2013,12,1,editorial,False,Training Tomorrow’s Neuroscientists Today,Wiertelak,24319398,,W215966761,2,0,2021: 1; 2022: 1,2,2026-09-27
JUNE-12-1-04,2013,12,1,article,False,Three Colossal Neurons: A New Approach to an Old Classroom Demonstration,Holloway,24319384,,W2190737805,1,0,2022: 1,0,2026-09-27
JUNE-12-1-05,2013,12,1,article,False,Engaging the Audience: Developing Presentation Skills in Science Students,Stuart,24319389,,W144452587,13,1,2017: 1; 2018: 2; 2020: 2; 2021: 3; 2022: 2; 2023: 2; 2024: 1,6,2026-09-27
JUNE-12-1-06,2013,12,1,article,False,MetaNeuron: A Free Neuron Simulation Program for Teaching Cellular Neurophysiology,Newman,24319385,,W2109619030,12,2,2014: 1; 2016: 1; 2018: 2; 2019: 1; 2021: 3; 2022: 2; 2023: 1; 2024: 1,7,2026-09-27
JUNE-12-1-07,2013,12,1,article,False,Using Case Studies as a Semester-Long Tool to Teach Neuroanatomy and Structure-Function Relationships to Undergraduates,Kennedy,24319386,,W296670528,14,7,2014: 2; 2015: 1; 2016: 1; 2017: 3; 2018: 3; 2019: 2; 2023: 1; 2025: 1,11,2026-09-27
JUNE-12-1-08,2013,12,1,article,False,Can You Change a Student’s Mind in a Course about the Brain? Belief Change Following an Introductory Course in Biological Psychology,Harrington,24319387,,W140280588,5,3,2014: 1; 2015: 2; 2023: 1; 2025: 1,4,2026-09-27
JUNE-12-1-09,2013,12,1,article,False,Pleasure and Pain: Teaching Neuroscientific Principles of Hedonism in a Large General Education Undergraduate Course,Bodnar,24319388,,W188869326,4,3,2014: 1; 2016: 2; 2019: 1,2,2026-09-27
JUNE-12-1-10,2013,12,1,article,False,The Use of Haiku to Convey Complex Concepts in Neuroscience,Pollack,24319390,,W107563326,28,8,2014: 2; 2015: 3; 2016: 1; 2017: 2; 2018: 1; 2019: 4; 2020: 2; 2021: 3; 2023: 5; 2024: 4; 2025: 1,10,2026-09-27
JUNE-12-1-11,2013,12,1,article,False,Basic Neuron Model Electrical Equivalent Circuit: An Undergraduate Laboratory Exercise,Dabrowski,24319391,,W130164704,7,1,2017: 1; 2018: 1; 2019: 2; 2021: 2; 2024: 1,2,2026-09-27
JUNE-12-1-12,2013,12,1,article,False,Community-Based Experiential Learning for Second Year Neuroscience Undergraduates,Yu,24319392,,W314290455,6,1,2014: 1; 2018: 1; 2019: 1; 2021: 1; 2022: 2,6,2026-09-27
JUNE-12-1-13,2013,12,1,article,False,Studying Temporal Properties of Stimulus-Evoked Responses in the Ventral Nerve Cord of Insects,Ferragamo,24319393,,W118044779,0,0,,0,2026-09-27
JUNE-12-1-14,2013,12,1,article,False,Using Crickets to Introduce Neurophysiology to Early Undergraduate Students,Dagda,24319394,,W18952639,23,11,2013: 1; 2014: 4; 2015: 2; 2016: 2; 2017: 2; 2018: 2; 2019: 2; 2020: 3; 2021: 2; 2023: 1; 2024: 2,21,2026-09-27
JUNE-12-1-15,2013,12,1,article,False,The Use of Mock NSF-type Grant Proposals and Blind Peer Review as the Capstone Assignment in Upper-Level Neurobiology and Cell Biology Courses,Itagaki,24319395,,W220290600,9,5,2013: 1; 2014: 1; 2016: 1; 2017: 2; 2019: 1; 2020: 2; 2021: 1,8,2026-09-27
JUNE-12-1-16,2013,12,1,article,False,Engaging Undergraduates in a Unique Neuroscience Research Opportunity: A Collaborative Research Experience Between a Primarily Undergraduate Institution (PUI) and a Major Research Institution,Kreitzer,24319396,,W333110898,3,0,2020: 1; 2021: 1; 2025: 1,3,2026-09-27
JUNE-12-1-17,2013,12,1,review,False,Beyond The Brain: How Body and Environment Shape Animal and Human Minds,Cecala,,,,,,,,2026-09-27
JUNE-12-2-01,2014,12,2,editorial,False,"Expanding, Enriching and Sustaining Undergraduate Neuroscience Education",Wiertelak,24693266,,W81669328,0,0,,0,2026-09-27
JUNE-12-2-02,2014,12,2,article,False,The Student as Teacher: Reflections on Collaborative Learning in a Senior Seminar,Kurczek,24693265,,W2412461447,16,5,2015: 2; 2016: 2; 2018: 1; 2019: 3; 2020: 2; 2021: 3; 2022: 1; 2023: 2,8,2026-09-27
JUNE-12-2-03,2014,12,2,article,False,A Mind of Their Own: Using Inquiry-based Teaching to Build Critical Thinking Skills and Intellectual Engagement in an Undergraduate Neuroanatomy Course,Greenwald,24693256,,W326712140,33,12,2014: 1; 2015: 1; 2016: 2; 2017: 2; 2018: 6; 2019: 4; 2020: 5; 2021: 8; 2022: 3; 2024: 1,15,2026-09-27
JUNE-12-2-04,2014,12,2,article,False,Behavioral Observation of Xenopus Tadpole Swimming for Neuroscience Labs,W-C,24693257,,W2127358013,8,4,2015: 1; 2017: 3; 2021: 2; 2023: 1; 2024: 1,9,2026-09-27
JUNE-12-2-05,2014,12,2,article,False,Positron Emission Tomography (PET) and Graphical Kinetic Data Analysis of the Dopamine Neurotransmitter System: An Exercise for an Undergraduate Laboratory Course,Mirrione,24693258,,W335159928,0,0,,1,2026-09-27
JUNE-12-2-06,2014,12,2,article,False,NeuroLab: A Set of Graphical Computer Simulations to Support Neuroscience Instruction at the High School and Undergraduate Level,Schettino,24693259,,W2339366557,12,4,2014: 1; 2015: 1; 2018: 2; 2019: 1; 2021: 4; 2022: 3,6,2026-09-27
JUNE-12-2-07,2014,12,2,article,False,Complementing Neurophysiology Education for Developing Countries via Cost-Effective Virtual Labs: Case Studies and Classroom Scenarios,Diwakar,24693260,,W1671525676,35,20,2014: 3; 2015: 4; 2016: 5; 2017: 3; 2018: 5; 2019: 2; 2020: 2; 2021: 3; 2022: 7; 2024: 1,5,2026-09-27
JUNE-12-2-08,2014,12,2,article,False,Application of a Spike Sorting Procedure to Analyze Recordings in the Crayfish Ventral Superficial Flexor Preparation: A High Resolution Approach to the Study of Neuromodulators on Axons and Synapses,Inam,24693261,,W2419474546,5,2,2015: 1; 2016: 1; 2019: 1; 2022: 1; 2024: 1,4,2026-09-27
JUNE-12-2-09,2014,12,2,article,False,Classroom Demonstration of the Visual Effects of Eye Diseases,A-M,24693262,,W139089942,0,0,,0,2026-09-27
JUNE-12-2-10,2014,12,2,article,False,Attitudes Toward Animal Research: Revisiting Gallup and Beckstead (1988),Metzger,24693263,,W150896438,7,5,2015: 1; 2017: 2; 2018: 2; 2019: 1; 2024: 1,6,2026-09-27
JUNE-12-2-11,2014,12,2,article,False,Controversies in Neuroscience: A Literature-Based Course for First year Undergraduates that Improves Scientific Confidence While Teaching Concepts,Willard,24693264,,W39342319,32,14,2015: 3; 2016: 1; 2017: 4; 2018: 6; 2019: 1; 2020: 5; 2021: 5; 2022: 2; 2023: 3; 2024: 1; 2025: 1,20,2026-09-27
JUNE-12-2-12,2014,12,2,review,False,"Permanent Present Tense: The Unforgettable Life of the Amnesic Patient, H.M.",Monuszko,,,,,,,,2026-09-27
JUNE-12-2-13,2014,12,2,review,False,Consciousness and the Brain: Deciphering How the Brain Codes our Thoughts,Kalat,,,,,,,,2026-09-27
JUNE-13-1-01,2014,13,1,editorial,False,The Reviews Are In: Resources For Undergraduate Neuroscience Education,Wiertelak,25565922,,W2295783732,0,0,,0,2026-09-27
JUNE-13-1-02,2014,13,1,article,False,Developing a New Experimental System for an Undergraduate Laboratory Exercise to Teach Theories of Visuomotor Learning,Kasuga,25565915,,W2346666265,0,0,,0,2026-09-27
JUNE-13-1-03,2014,13,1,article,False,K-12 Neuroscience Education Outreach Program: Interactive Activities for Educating Students about Neuroscience,Deal,25565921,,W2402917661,15,3,2016: 2; 2017: 1; 2019: 2; 2020: 3; 2021: 1; 2022: 4; 2024: 1; 2025: 1,14,2026-09-27
JUNE-13-1-04,2014,13,1,article,False,Students Apply Research Methods to Consumer Decisions About Cognitive Enhancing Drinks,Walters,25565916,,W185186236,1,1,2015: 1,1,2026-09-27
JUNE-13-1-05,2014,13,1,article,False,“Thinking like a Neuroscientist”: Using Scaffolded Grant Proposals to Foster Scientific Thinking in a Freshman Neuroscience Course,Köver,25565917,,W2346771672,7,2,2016: 1; 2018: 1; 2020: 2; 2021: 1; 2022: 1; 2023: 1,4,2026-09-27
JUNE-13-1-06,2014,13,1,article,False,A Proposal for Undergraduate Students’ Inclusion in Brain Awareness Week: Promoting Interest in Curricular Neuroscience Components,Martins,25565918,,W2346322873,5,2,2016: 1; 2018: 1; 2021: 2; 2023: 1,4,2026-09-27
JUNE-13-1-07,2014,13,1,article,False,Engaging Undergraduate Summer Research Students and Faculty in a Regional Neuroscience Network,Yates,25565919,,W2290298178,6,1,2012: 1; 2018: 1; 2020: 3; 2022: 1,5,2026-09-27
JUNE-13-1-08,2014,13,1,article,False,Recording Field Potentials From Zebrafish Larvae During Escape Responses,Monesson-Olson,25565920,,W3435958,9,6,2016: 2; 2017: 1; 2018: 3; 2019: 1; 2020: 1; 2023: 1,9,2026-09-27
JUNE-13-1-09,2014,13,1,review,False,Guide to Research Techniques in Neuroscience,Strickland,,,,,,,,2026-09-27
JUNE-13-1-10,2014,13,1,review,False,MATLAB for Neuroscientists: An Introduction to Scientific Computing in MATLAB (second edition),Grisham,,,,,,,,2026-09-27
JUNE-13-1-11,2014,13,1,review,False,Neuroscience: A Historical Introduction,Cecala,,,,,,,,2026-09-27
JUNE-13-1-12,2014,13,1,review,False,Portraits of the Mind: Visualizing the Brain from Antiquity to the 21st Century,Lom,,,,,,,,2026-09-27
JUNE-13-1-13,2014,13,1,review,False,"Joy, Guilt, Anger, Love",Kalat,,,,,,,,2026-09-27
JUNE-13-1-14,2014,13,1,review,False,Identification of Neural Markers Accompanying Memory,Krishnan,,,,,,,,2026-09-27
JUNE-13-2-01,2015,13,2,editorial,False,OPINION – A Changing Tide: What the New ‘Foundations of Behavior’ Section of the 2015 Medical College Admissions Test® Might Mean for Undergraduate Neuroscience Programs,Prichard,25838809,,W2411999106,9,6,2016: 2; 2017: 3; 2019: 1; 2020: 1; 2021: 1; 2022: 1,8,2026-09-27
JUNE-13-2-02,2015,13,2,editorial,False,There are So Many I Want to Thank: Inviting the Neuroscience Classroom into Hollywood,Wiertelak,25838810,,W2413241263,0,0,,0,2026-09-27
JUNE-13-2-03,2015,13,2,article,False,Dark Adaptation and Purkinje Shift: A Laboratory Exercise in Perceptual Neuroscience,Wolfe,25838803,,W2406919189,6,3,2017: 3; 2022: 1; 2024: 1; 2026: 1,3,2026-09-27
JUNE-13-2-04,2015,13,2,article,False,Brain Literate: Making Neuroscience Accessible to a Wider Audience of Undergraduates,Salomon,25838804,,W2394533119,7,3,2017: 1; 2018: 2; 2021: 1; 2022: 1; 2023: 1; 2025: 1,6,2026-09-27
JUNE-13-2-05,2015,13,2,article,False,A Classic Improved: Minor Tweaks Yield Major Benefits in Crayfish Slow-Flexor Preparations,Weller,25838805,,W303408438,5,3,2018: 2; 2019: 1; 2020: 1; 2021: 1,3,2026-09-27
JUNE-13-2-06,2015,13,2,article,False,"Mad Dogs, Vampires, and Zombie Ants: A Multidisciplinary Approach to Teaching Neuroscience, Behavior, and Microbiology",Esteban,25838806,,W2404276674,3,3,2015: 2; 2016: 1,3,2026-09-27
JUNE-13-2-07,2015,13,2,article,False,Undergraduate Neuropharmacology: A Model for Delivering College-Level Neuroscience to High School Students in situ,Martin-Morris,25838807,,W289178829,1,0,2025: 1,1,2026-09-27
JUNE-13-2-08,2015,13,2,article,False,"Exercises in Anatomy, Connectivity, and Morphology using Neuromorpho.org and the Allen Brain Atlas",Chu,25838808,,W2400552369,12,5,2015: 1; 2016: 1; 2017: 1; 2018: 2; 2021: 4; 2022: 2; 2024: 1,13,2026-09-27
JUNE-13-2-09,2015,13,2,article,False,Teaching Science Writing in an Introductory Lab Course,Holstein,25838801,,W2401210623,19,9,2016: 4; 2017: 2; 2018: 3; 2020: 1; 2021: 3; 2022: 3; 2024: 1; 2025: 2,7,2026-09-27
JUNE-13-2-10,2015,13,2,article,False,Active Learning in a Neuroethics Course Positively Impacts Moral Judgment Development in Undergraduates,Abu-Odeh,25838802,,W2147824377,7,1,2017: 1; 2021: 1; 2023: 1; 2024: 3; 2025: 1,4,2026-09-27
JUNE-13-2-11,2015,13,2,review,False,Neuroanatomy of Language Regions of the Human Brain,Harvey,,,,,,,,2026-09-27
JUNE-13-2-12,2015,13,2,review,False,"Neuroscience for Kids: Online Resources that Promote Student Engagement, Teaching and Learning about the Brain",Karikari,,,,,,,,2026-09-27
JUNE-13-3-01,2015,13,3,editorial,True,"Proceedings of the Faculty for Undergraduate Neuroscience Workshops at Ithaca College, Ithaca, NY, July 30 – Aug 3, 2014",Hardwick,26240537,,W2414898163,1,0,2024: 1,1,2026-09-27
JUNE-13-3-02,2015,13,3,editorial,True,The 2014 FUN Achievement Award,Beltz,26240536,,W2411980972,0,0,,0,2026-09-27
JUNE-13-3-03,2015,13,3,article,True,VideoHacking: Automated Tracking and Quantification of Locomotor Behavior with Open Source Software and Off-the-Shelf Video Equipment,Conklin,26240518,,W2433536783,25,11,2017: 4; 2018: 5; 2019: 2; 2021: 4; 2022: 3; 2023: 3; 2024: 4,12,2026-09-27
JUNE-13-3-04,2015,13,3,article,True,ERIN: A Portal to Resources for Higher Education in Neuroscience,Olivo,26240519,,W1219946890,8,4,2007: 1; 2015: 1; 2017: 2; 2018: 1; 2022: 1; 2024: 1; 2025: 1,7,2026-09-27
JUNE-13-3-05,2015,13,3,article,True,Documenting Laboratory Procedures with Video,Wyttenbach,26240520,,W2413975267,2,0,2021: 1; 2022: 1,1,2026-09-27
JUNE-13-3-06,2015,13,3,article,True,Retention of Underrepresented Minority Faculty: Strategic Initiatives for Institutional Value Proposition Based on Perspectives from a Range of Academic Institutions,Joseph,26240521,,W1065709995,157,35,2008: 1; 2012: 1; 2015: 1; 2016: 4; 2017: 5; 2018: 11; 2019: 14; 2020: 26; 2021: 32; 2022: 16; 2023: 13; 2024: 23; 2025: 10,77,2026-09-27
JUNE-13-3-07,2015,13,3,article,True,Intentional Excellence in the Baldwin Wallace University Neuroscience Program,Morris,26240522,,W2412862668,4,1,2018: 1; 2020: 3,4,2026-09-27
JUNE-13-3-08,2015,13,3,article,True,Best Practices: The Neuroscience Program at Central Michigan University,Dunbar,26240523,,W1105618269,3,2,2015: 1; 2019: 1; 2020: 1,3,2026-09-27
JUNE-13-3-09,2015,13,3,article,True,Career Transitions for Faculty Members Committed to Undergraduate Neuroscience Education,Dunbar,26240524,,W2381728341,1,1,2019: 1,1,2026-09-27
JUNE-13-3-10,2015,13,3,article,True,Techniques and Technology to Revise Content Delivery and Model Critical Thinking in the Neuroscience Classroom,Illig,26240525,,W2407966405,3,1,2018: 1; 2025: 2,1,2026-09-27
JUNE-13-3-11,2015,13,3,article,True,Light Activated Escape Circuits: A Behavior and Neurophysiology Lab Module using Drosophila Optogenetics,Titlow,26240526,,W1059096980,19,12,2002: 1; 2016: 2; 2017: 4; 2018: 6; 2020: 3; 2022: 1; 2023: 1; 2025: 1,17,2026-09-27
JUNE-13-3-12,2015,13,3,article,True,Gel Scramble: An E-Tool for Teaching Molecular Neuroscience,Grisham,26240527,,W2410816354,3,2,2016: 1; 2017: 1; 2021: 1,3,2026-09-27
JUNE-13-3-13,2015,13,3,article,True,Neuroscience and Global Learning,Ruscio,26240528,,W2408783061,4,0,2021: 1; 2022: 1; 2023: 2,0,2026-09-27
JUNE-13-3-14,2015,13,3,article,True,How to Successfully Incorporate Undergraduate Researchers Into a Complex Research Program at a Large Institution,Weldon,26240529,,W1064556283,8,5,2018: 2; 2019: 3; 2024: 3,4,2026-09-27
JUNE-13-3-15,2015,13,3,article,True,"Mission-Driven, Manageable and Meaningful Assessment of an Undergraduate Neuroscience Program",Muir,26240530,,W1110241309,15,5,2012: 1; 2017: 3; 2018: 1; 2019: 1; 2020: 3; 2021: 3; 2022: 1; 2024: 2,8,2026-09-27
JUNE-13-3-16,2015,13,3,article,True,In Situ Teaching: Fusing Labs & Lectures in Undergraduate Science Courses to Enhance Immersion in Scientific Research,Round,26240531,,W2409293180,11,4,2018: 1; 2019: 3; 2020: 4; 2021: 2; 2022: 1,3,2026-09-27
JUNE-13-3-17,2015,13,3,article,True,"In Vivo Time-Lapse Imaging in the Zebrafish Lateral Line: A Flexible, Open-Ended Research Project for an Undergraduate Neurobiology Laboratory Course",Marra,26240532,,W2402913652,10,4,2018: 3; 2019: 1; 2020: 3; 2021: 1; 2022: 1; 2024: 1,8,2026-09-27
JUNE-13-3-18,2015,13,3,article,True,Using the Humanities to Teach Neuroscience to Non-majors,McFarlane,26240533,,W2346906669,14,6,2016: 2; 2017: 1; 2018: 1; 2019: 2; 2021: 2; 2022: 5; 2023: 1,5,2026-09-27
JUNE-13-3-19,2015,13,3,article,True,Electrophysiology Meets Ecology: Investigating How Vision is Tuned to the Life Style of an Animal using Electroretinography,Stowasser,26240534,,W2418516659,9,2,2016: 1; 2018: 1; 2021: 1; 2023: 4; 2025: 2,7,2026-09-27
JUNE-13-3-20,2015,13,3,article,True,Student Friendly Technique to Demonstrate Coordination between Postural (Involuntary) and Voluntary Muscle Contractions,Colgan,26240535,,W2414409363,2,2,2018: 2,2,2026-09-27
JUNE-14-1-01,2015,14,1,editorial,False,OPINION: When All the Giants Are Gone,Ian,26557801,,W2414292605,3,2,2016: 1; 2018: 1; 2023: 1,1,2026-09-27
JUNE-14-1-02,2015,14,1,editorial,False,Ishi no ue ni mo san nen *: Warming to the Changing Face of Neuroscience and Neuroscience Education,Eric,26557802,,W2407203270,1,1,2017: 1,1,2026-09-27
JUNE-14-1-03,2015,14,1,article,False,Psychoactive Substances Bill and Act of New Zealand: A Chance to Engage Undergraduate Scientists with Society using a Transfer Learning Paradigm,Catherine,26557790,,W2413796242,1,1,2019: 1,1,2026-09-27
JUNE-14-1-04,2015,14,1,article,False,Snack Cake ‘Dissection’: A Flipped Classroom Exercise to Engage Undergraduates with Basic Neuroanatomy,Todd,26557799,,W2403915535,10,2,2008: 1; 2016: 1; 2018: 1; 2020: 2; 2021: 1; 2022: 2; 2023: 1; 2025: 1,8,2026-09-27
JUNE-14-1-05,2015,14,1,article,False,Pencil-and-Paper Neural Networks: An Undergraduate Laboratory Exercise in Computational Neuroscience,Kevin,26557791,,W2415855927,3,2,2017: 1; 2018: 1; 2022: 1,2,2026-09-27
JUNE-14-1-06,2015,14,1,article,False,Developing the Next Generation of Civic-Minded Neuroscience Scholars: Incorporating Service Learning and Advocacy Throughout a Neuroscience Program,Cecilia,26557792,,W2408592738,7,3,2016: 1; 2017: 1; 2018: 1; 2021: 1; 2022: 2; 2024: 1,7,2026-09-27
JUNE-14-1-07,2015,14,1,article,False,Extracellular Recording of Light Responses from Optic Nerve Fibers and the Caudal Photoreceptor in the Crayfish,Steven,26557793,,W2397418943,9,4,2018: 4; 2020: 1; 2021: 3; 2022: 1,5,2026-09-27
JUNE-14-1-08,2015,14,1,article,False,Non-Fiction Memoirs in the Neuroscience Classroom: A Window into the Minds of Those Affected by Addiction,Alexia,26557794,,W2410462201,10,1,2018: 1; 2020: 1; 2021: 2; 2022: 2; 2025: 4,5,2026-09-27
JUNE-14-1-09,2015,14,1,article,False,Using Tinbergen’s Four Questions as the Framework for a Neuroscience Capstone Course,John,26557795,,W2423085353,3,1,2017: 1; 2020: 1; 2022: 1,3,2026-09-27
JUNE-14-1-10,2015,14,1,article,False,Undergraduate Biocuration: Developing Tomorrow’s Researchers While Mining Today’s Data,Cassie,26557796,,W2412617098,32,15,2015: 1; 2016: 2; 2017: 3; 2018: 4; 2019: 5; 2020: 3; 2021: 5; 2022: 3; 2023: 3; 2024: 1; 2025: 2,27,2026-09-27
JUNE-14-1-11,2015,14,1,article,False,The Cognitive Neuroscience of Sign Language: Engaging Undergraduate Students’ Critical Thinking Skills Using the Primary Literature,Courtney,26557797,,W2176499347,0,0,,0,2026-09-27
JUNE-14-1-12,2015,14,1,article,False,A Series of Computational Neuroscience Labs Increases Comfort with MATLAB,David,26557798,,W2412280677,7,5,2008: 1; 2016: 1; 2017: 1; 2018: 2; 2019: 1; 2021: 1,4,2026-09-27
JUNE-14-1-13,2015,14,1,article,False,Excitable Membranes and Action Potentials in Paramecia: An Analysis of the Electrophysiology of Ciliates,Charles,26557800,,W2400752963,7,3,2017: 1; 2018: 1; 2019: 1; 2020: 3; 2024: 1,8,2026-09-27
JUNE-14-1-14,2015,14,1,review,False,Looking Inside the Brain: The Power of Neuroimaging,Barbara,,,,,,,,2026-09-27
JUNE-14-1-15,2015,14,1,review,False,An Instructor’s Guide to (Some of) the Most Amazing Papers in Neuroscience,Ian,26557803,,W2467937767,13,7,2016: 2; 2017: 2; 2018: 3; 2020: 2; 2022: 3; 2024: 1,9,2026-09-27
JUNE-14-1-16,2015,14,1,review,False,Consciousness: Confessions of a Romantic Reductionist,Ian,,,,,,,,2026-09-27
JUNE-14-1-17,2015,14,1,review,False,Tales from Both Sides of the Brain,Ian,,,,,,,,2026-09-27
JUNE-14-1-18,2015,14,1,review,False,The Synapse: Structure and Function,Neal,,,,,,,,2026-09-27
JUNE-14-1-19,2015,14,1,review,False,"Waking, Dreaming, Being",James,,,,,,,,2026-09-27
JUNE-14-2-01,2016,14,2,editorial,False,Developing Science Communication in Africa: Undergraduate and Graduate Students should be Trained and Actively Involved in Outreach Activity Development and Implementation,Karikari,27385932,,W2462848820,10,6,2016: 2; 2017: 1; 2018: 1; 2019: 2; 2021: 1; 2022: 1; 2023: 2,4,2026-09-27
JUNE-14-2-02,2016,14,2,editorial,False,"Nu Rho Psi , The National Honor Society in Neuroscience: A Decade of Progress",Hesp,27385933,,W2463501050,0,0,,0,2026-09-27
JUNE-14-2-03,2016,14,2,editorial,False,Case Studies and Neuroscience Education: Tools for Effective Teaching,Wiertelak,27385928,,W2507592122,15,8,2017: 7; 2019: 1; 2021: 4; 2022: 2; 2023: 1,14,2026-09-27
JUNE-14-2-04,2016,14,2,editorial,False,Career Advice: Finding a Job at a Predominantly Undergraduate Institution,Ramirez,27385929,,W2470873935,7,3,2019: 1; 2020: 2; 2021: 3; 2025: 1,4,2026-09-27
JUNE-14-2-05,2016,14,2,editorial,False,Diversity and is Inclusion,Vega,27385930,,W2498877706,1,1,2018: 1,1,2026-09-27
JUNE-14-2-06,2016,14,2,editorial,False,Teaching as THE Oldest Profession,Johnson,27385931,,W2484603921,0,0,,0,2026-09-27
JUNE-14-2-07,2016,14,2,article,False,A Quantitative Examination of Undergraduate Neuroscience Majors Applying and Matriculating to Osteopathic Medical School,Ramos,27385924,,W2489863604,21,12,2016: 1; 2017: 4; 2018: 1; 2019: 2; 2020: 4; 2021: 3; 2022: 3; 2023: 1; 2025: 2,17,2026-09-27
JUNE-14-2-08,2016,14,2,article,False,Incorporating an ERP Project into Undergraduate Instruction,Nyhus,27385925,,W2485231563,7,6,2008: 1; 2016: 1; 2017: 1; 2018: 2; 2019: 2,5,2026-09-27
JUNE-14-2-09,2016,14,2,article,False,The BRAIN Initiative Provides a Unifying Context for Integrating Core STEM Competencies into a Neurobiology Course,Schaefer,27385926,,W2497538387,5,2,2016: 1; 2018: 1; 2021: 1; 2022: 1; 2025: 1,3,2026-09-27
JUNE-14-2-10,2016,14,2,article,False,“C.R.E.A.T.E.”-ing Unique Primary-Source Research Paper Assignments for a Pleasure and Pain Course Teaching Neuroscientific Principles in a Large General Education Undergraduate Course,Bodnar,27385918,,W2505994709,11,8,2017: 3; 2019: 1; 2020: 4; 2021: 1; 2023: 1; 2024: 1,8,2026-09-27
JUNE-14-2-11,2016,14,2,article,False,Illuminating the Undergraduate Behavioral Neuroscience Laboratory: A Guide for the in vivo Application of Optogenetics in Mammalian Model Organisms,Roberts,27385919,,W2485853557,3,1,2018: 1; 2021: 1; 2024: 1,1,2026-09-27
JUNE-14-2-12,2016,14,2,article,False,Evaluation of Changes in Ghanaian Students’ Attitudes Towards Science Following Neuroscience Outreach Activities: A Means to Identify Effective Ways to Inspire Interest in Science Careers,Yawson,27385920,,W2479619719,15,7,2007: 1; 2016: 2; 2017: 1; 2019: 2; 2020: 2; 2021: 2; 2022: 1; 2023: 2; 2024: 1; 2025: 1,10,2026-09-27
JUNE-14-2-13,2016,14,2,article,False,Breadboard Amplifier: Building and Using Simple Electrophysiology Equipment,Crisp,27385921,,W2479300417,7,5,2018: 3; 2019: 2; 2021: 1; 2024: 1,7,2026-09-27
JUNE-14-2-14,2016,14,2,article,False,Using Cultured Mammalian Neurons to Study Cellular Processes and Neurodegeneration: A Suite of Undergraduate Lab Exercises,Catlin,27385922,,W2465278322,8,5,2018: 2; 2020: 3; 2023: 2; 2024: 1,6,2026-09-27
JUNE-14-2-15,2016,14,2,article,False,Lights! Camera! Action Projects! Engaging Psychopharmacology Students in Service-based Action Projects Focusing on Student Alcohol Abuse,Kennedy,27385923,,W2486214566,4,2,2018: 1; 2020: 1; 2021: 1; 2022: 1,1,2026-09-27
JUNE-14-2-16,2016,14,2,case study,False,Nora’s Medulla: A Problem-Based Learning Case for Neuroscience Fundamentals,Roesch,27385927,,W2486743600,16,11,2013: 1; 2016: 4; 2017: 4; 2018: 2; 2020: 1; 2021: 1; 2022: 1; 2023: 2,14,2026-09-27
JUNE-14-2-17,2016,14,2,review,False,Anxious: Using the Brain to Understand and Treat Fear and Anxiety,Cecala,,,,,,,,2026-09-27
JUNE-14-2-18,2016,14,2,review,False,Foundational Concepts in Neuroscience: A Brain-Mind Odyssey,Milar,,,,,,,,2026-09-27
JUNE-14-2-19,2016,14,2,review,False,Running Wheel for Earthworms,Wilson,27385934,,W2473590645,1,1,2017: 1,0,2026-09-27
JUNE-14-2-20,2016,14,2,review,False,The Mind’s Machine: Foundations of Brain and Behavior,Johnson,,,,,,,,2026-09-27
JUNE-15-1-01,2016,15,1,editorial,False,EDITORIAL — A New Feature in JUNE : Sharing the Amazing Papers of Neuroscience,Harrington,27980480,,W2602394430,1,0,2022: 1,1,2026-09-27
JUNE-15-1-02,2016,15,1,editorial,False,OPINION — Student Assisted Course Design,Birgbauer,27980481,,W2985763872,3,2,2017: 1; 2020: 1; 2023: 1,0,2026-09-27
JUNE-15-1-03,2016,15,1,editorial,False,EDITORIAL — Candles in the Dark,Johnson,27980482,,W2960910828,0,0,,0,2026-09-27
JUNE-15-1-04,2016,15,1,article,False,Undergraduate Neuroscience Education in the U.S.: Quantitative Comparisons of Programs and Graduates in the Broader Context of Undergraduate Life Sciences Education,Ramos,27980463,,W3021131089,25,14,1959: 1; 2012: 1; 2017: 2; 2018: 4; 2019: 5; 2020: 3; 2021: 2; 2022: 3; 2023: 1; 2024: 3,20,2026-09-27
JUNE-15-1-05,2016,15,1,article,False,A Model for Teaching Advanced Neuroscience Methods: A Student-Run Seminar to Increase Practical Understanding and Confidence,Harrison,27980464,,W2971830832,2,1,2018: 1; 2021: 1,2,2026-09-27
JUNE-15-1-06,2016,15,1,article,False,Simulated in vivo Electrophysiology Experiments Provide Previously Inaccessible Insights into Visual Physiology,Quiroga,27980465,,W2780740319,1,0,2021: 1,2,2026-09-27
JUNE-15-1-07,2016,15,1,article,False,"The Influence of Assay Design, Blinding, and Gymnema sylvestre on Sucrose Detection by Humans",Aleman,27980466,,W2847024178,2,0,2021: 1; 2023: 1,2,2026-09-27
JUNE-15-1-08,2016,15,1,article,False,An Undergraduate Laboratory Exercise that Demonstrates the Difference Between Peripherally and Centrally Mediated Measures,Lowe,27980467,,W2573064868,2,1,2020: 1; 2022: 1,0,2026-09-27
JUNE-15-1-09,2016,15,1,article,False,Are Electrode Caps Worth the Investment? An Evaluation of EEG Methods in Undergraduate Neuroscience Laboratory Courses and Research,Shields,27980468,,W3022687190,10,5,2017: 2; 2018: 2; 2019: 1; 2021: 1; 2022: 1; 2023: 1; 2024: 1; 2025: 1,5,2026-09-27
JUNE-15-1-10,2016,15,1,article,False,Use of Structural Assessment of Knowledge for Outcomes Assessment in the Neuroscience Classroom,Stevenson,27980469,,W2580277159,6,2,2020: 2; 2021: 2; 2022: 1; 2024: 1,2,2026-09-27
JUNE-15-1-11,2016,15,1,article,False,An Inquiry-Based Approach to Study the Synapse: Student-Driven Experiments Using C. elegans,Lemons,27980470,,W2578804765,19,8,2018: 3; 2019: 3; 2020: 2; 2021: 1; 2022: 7; 2023: 2; 2025: 1,11,2026-09-27
JUNE-15-1-12,2016,15,1,article,False,The Miracle Fruit: An Undergraduate Laboratory Exercise in Taste Sensation and Perception,Lipatova,27980471,,W3010218229,10,2,2001: 1; 2018: 1; 2020: 1; 2022: 2; 2023: 1; 2024: 4,6,2026-09-27
JUNE-15-1-13,2016,15,1,article,False,The Establishment of an On-Campus Neurotraining Center at a Small University: Internship Experience Using Neuropsychological Techniques,Schicatano,27980472,,W2998139327,0,0,,0,2026-09-27
JUNE-15-1-14,2016,15,1,article,False,Using a Pop-Science Book to Teach Introductory Neuroscience: Advantages for Science Majors and Non-Science Majors Alike,Been,27980473,,W2601807107,5,3,2017: 2; 2018: 1; 2022: 1; 2025: 1,5,2026-09-27
JUNE-15-1-15,2016,15,1,article,False,From Botox to Behavior: Neuroscience for Non-scientists at Emory,Roesch,27980474,,W2584545909,2,1,2017: 1; 2023: 1,2,2026-09-27
JUNE-15-1-16,2016,15,1,article,False,Word Origins of Common Neuroscience Terms for Use in an Undergraduate Classroom,Hallock,27980475,,W2574505475,0,0,,0,2026-09-27
JUNE-15-1-17,2016,15,1,article,False,Using Rubrics as a Scientific Writing Instructional Method in Early Stage Undergraduate Neuroscience Study,Clabough,27980476,,W2581106292,29,6,2000: 1; 2019: 3; 2020: 3; 2021: 8; 2022: 3; 2023: 5; 2024: 4; 2025: 2,6,2026-09-27
JUNE-15-1-18,2016,15,1,article,False,“Social” Neuroscience: Leveraging Social Media to Increase Student Engagement and Public Understanding of Neuroscience,Valentine,27980477,,W2561348788,22,20,2017: 2; 2019: 18; 2022: 1; 2024: 1,2,2026-09-27
JUNE-15-1-19,2016,15,1,case study,False,The Woman Born Without a Cerebellum: A Real-Life Case Adapted for Use in an Undergraduate Developmental and Systems Neuroscience Course,Brielmaier,27980478,,W2979390249,7,2,1959: 1; 2013: 1; 2017: 2; 2021: 1; 2022: 2,5,2026-09-27
JUNE-15-1-20,2016,15,1,case study,False,Professor Eric Can’t See: A Project-Based Learning Case for Neurobiology Students,Ogilvie,27980479,,W2920098726,7,4,2017: 1; 2018: 1; 2019: 1; 2020: 1; 2021: 1; 2022: 1; 2023: 1,6,2026-09-27
JUNE-15-1-21,2016,15,1,review,False,"BOOK REVIEW — A Matter of Wonder: What Biology Reveals About Us, Our World, and Our Dreams",Kalat,,,,,,,,2026-09-27
JUNE-15-1-22,2016,15,1,review,False,BOOK REVIEW — Learning and Behavior: A Contemporary Synthesis (2nd Edition),Meyers-Manor,,,,,,,,2026-09-27
JUNE-15-1-23,2016,15,1,review,False,"AMAZING PAPERS IN NEUROSCIENCE — Introducing Students to Subcortical Sensory, Motor, and Cognitive Processes Associated with Saccades using a Series of Papers by Goldberg and Wurtz",Cecala,27980483,,W2572624033,1,1,2016: 1,1,2026-09-27
JUNE-15-1-24,2016,15,1,review,False,"AMAZING PAPERS IN NEUROSCIENCE — Psychosocial Stress, Health, and the Hippocampus",Kennedy,27980484,,W2975382127,5,5,2016: 1; 2017: 3; 2020: 1,3,2026-09-27
JUNE-15-1-25,2016,15,1,review,False,AMAZING PAPERS IN NEUROSCIENCE — Both Genetic and Environmental Changes can Enhance Learning and Memory,Flinn,27980485,,W3022707908,3,2,2016: 1; 2017: 1; 2022: 1,3,2026-09-27
JUNE-15-1-26,2016,15,1,review,False,AMAZING PAPERS IN NEUROSCIENCE — Cockroaches Now Evading Death by Getting Bitter About Sweeteners,Bies,27980486,,W2981396550,1,1,2016: 1,1,2026-09-27
JUNE-15-1-27,2016,15,1,review,False,AMAZING PAPERS IN NEUROSCIENCE — Cognitive Neuroscience and Single-Word Processing,Sable,27980487,,W2979157016,1,1,2016: 1,1,2026-09-27
JUNE-15-1-28,2016,15,1,review,False,BOOK REVIEW — Psychophysics: A Practical Introduction (2nd Edition),Cecala,,,,,,,,2026-09-27
JUNE-15-1-29,2016,15,1,review,False,BOOK REVIEW — Principles of Neurobiology,Hoy,,,,,,,,2026-09-27
JUNE-15-2-01,2017,15,2,editorial,False,"Teach Local, Think Global: Best Practices in Neuroscience Education Without Big Budgets",Johnson,28690445,,W2976844009,1,1,2017: 1,1,2026-09-27
JUNE-15-2-02,2017,15,2,editorial,False,25 Years of FUN!,Ramirez,28690442,,W3014448948,0,0,,0,2026-09-27
JUNE-15-2-03,2017,15,2,editorial,False,A Guide for Undergraduates to the Society for Neuroscience Annual Meeting,José-Edwards,28690443,,W2920689779,1,1,2020: 1,1,2026-09-27
JUNE-15-2-04,2017,15,2,editorial,False,The Benefits of a Real-Time Web-Based Response System for Enhancing Engaged Learning in Classrooms and Public Science Events,Sarvary,28690444,,W3005966872,21,9,2019: 2; 2020: 3; 2021: 4; 2022: 1; 2023: 4; 2024: 6; 2025: 1,11,2026-09-27
JUNE-15-2-05,2017,15,2,article,False,"Neurogaming Technology Meets Neuroscience Education: A Cost-Effective, Scalable, and Highly Portable Undergraduate Teaching Laboratory for Neuroscience",de,28690430,,W2805655937,9,6,2017: 1; 2019: 1; 2020: 2; 2021: 2; 2023: 1; 2024: 2,4,2026-09-27
JUNE-15-2-06,2017,15,2,article,False,A Protocol Demonstrating 60 Different Drosophila Behaviors in One Assay,McKellar,28690431,,W2972346843,12,6,2018: 3; 2019: 1; 2020: 1; 2021: 1; 2022: 3; 2023: 2; 2024: 1,8,2026-09-27
JUNE-15-2-07,2017,15,2,article,False,An Algebra-Based Introductory Computational Neuroscience Course with Lab,Fink,28690432,,W3009789299,3,3,2017: 2; 2021: 1,3,2026-09-27
JUNE-15-2-08,2017,15,2,article,False,Recognition Without Words: Using Taste to Explore Survival Processing,Hallock,28690433,,W3021814614,1,0,2024: 1,1,2026-09-27
JUNE-15-2-09,2017,15,2,article,False,Don’t Believe the Gripe! Increasing Course Structure in a Large Non-majors Neuroscience Course,Nagel,28690434,,W3023701211,6,4,1973: 1; 2017: 2; 2020: 1; 2021: 1; 2022: 1,2,2026-09-27
JUNE-15-2-10,2017,15,2,article,False,Redesigning a Neuroscience Laboratory Course for Multiple Sections: An Action Research Project to Engage Students,Tu,28690435,,W2741233769,5,3,2018: 1; 2019: 1; 2020: 1; 2024: 1; 2025: 1,2,2026-09-27
JUNE-15-2-11,2017,15,2,article,False,A Rat Model of Fetal Alcohol Syndrome: A Series of Undergraduate Laboratory Exercises for Biopsychology Courses,Kehrberg,28690436,,W2951250394,0,0,,0,2026-09-27
JUNE-15-2-12,2017,15,2,article,False,"The Use of Modular, Electronic Neuron Simulators for Neural Circuit Construction Produces Learning Gains in an Undergraduate Anatomy and Physiology Course",Petto,28690437,,W2758127812,16,10,2002: 1; 2007: 1; 2017: 2; 2018: 4; 2019: 1; 2020: 2; 2021: 1; 2022: 1; 2023: 1; 2024: 2,8,2026-09-27
JUNE-15-2-13,2017,15,2,article,False,A Critical Thinking Activity on Drug Tolerance for Undergraduate Neuroscience Courses,Cammack,28690438,,W2980049499,7,6,2018: 2; 2020: 1; 2021: 3; 2022: 1,2,2026-09-27
JUNE-15-2-14,2017,15,2,article,False,Grasshopper DCMD: An Undergraduate Electrophysiology Lab for Investigating Single-Unit Responses to Behaviorally-Relevant Stimuli,Nguyen,28690439,,W2739307039,10,6,2018: 1; 2019: 2; 2021: 3; 2022: 2; 2024: 2,9,2026-09-27
JUNE-15-2-15,2017,15,2,case study,False,Locate the Lesion: A Project-Based Learning Case that Stimulates Comprehension and Application of Neuroanatomy,Lemons,28690440,,W2999271251,8,5,2017: 1; 2018: 1; 2019: 1; 2020: 1; 2021: 1; 2022: 1; 2023: 1; 2024: 1,7,2026-09-27
JUNE-15-2-16,2017,15,2,case study,False,Drugs & the Brain: Case-Based Instruction for an Undergraduate Neuropharmacology Course,Nagel,28690441,,W2980496570,10,7,2017: 2; 2018: 1; 2020: 1; 2021: 3; 2022: 2; 2025: 1,7,2026-09-27
JUNE-15-2-17,2017,15,2,review,False,Making Primary Literature Come Alive in the Classroom,Hartman,28690446,,W2966926952,16,9,2017: 2; 2018: 2; 2020: 3; 2021: 2; 2022: 3; 2024: 3; 2025: 1,12,2026-09-27
JUNE-15-2-18,2017,15,2,review,False,The Missing Manuscript of Dr. Jose Delgado´s Radio Controlled Bulls,close,28690447,,W2990493874,10,2,2018: 1; 2021: 1; 2022: 1; 2023: 1; 2024: 5; 2025: 1,1,2026-09-27
JUNE-16-1-01,2017,16,1,editorial,False,For the FUN of It,Johnson,29371854,,W2979340426,1,0,2024: 1,1,2026-09-27
JUNE-16-1-02,2017,16,1,editorial,False,After p Values: The New Statistics for Undergraduate Neuroscience Education,Calin-Jageman,29371851,,W2985186613,6,4,2018: 3; 2019: 1; 2022: 1; 2025: 1,6,2026-09-27
JUNE-16-1-03,2017,16,1,editorial,False,Devising a Method to Study if Wernicke’s Aphasia Patients are Aware that They Do Not Comprehend Language or Speak It Understandably,Hartman,29371852,,W2978502526,2,1,2019: 1; 2022: 1,1,2026-09-27
JUNE-16-1-04,2017,16,1,editorial,False,The University of Ibadan/Grass Foundation Workshop in Neuroscience Teaching,Dzakpasu,29371853,,W2971589522,0,0,,1,2026-09-27
JUNE-16-1-05,2017,16,1,article,False,An Interactive Simulation Program for Exploring Computational Models of Auto-Associative Memory,Fink,29371834,,W2952303686,1,1,2021: 1,1,2026-09-27
JUNE-16-1-06,2017,16,1,article,False,"Diversity of Graduates from Bachelor’s, Master’s and Doctoral Degree Neuroscience Programs in the United States",Ramos,29371835,,W3006022167,21,11,1995: 1; 2016: 1; 2019: 2; 2020: 4; 2021: 5; 2022: 2; 2023: 2; 2024: 2; 2025: 2,17,2026-09-27
JUNE-16-1-07,2017,16,1,article,False,A Case Study in the Use of Primary Literature in the Context of Authentic Learning Pedagogy in the Undergraduate Neuroscience Classroom,O’Keeffe,29371836,,W2975445369,7,4,1973: 1; 2017: 1; 2018: 1; 2020: 2; 2023: 1; 2024: 1,5,2026-09-27
JUNE-16-1-08,2017,16,1,article,False,Measuring Salivary Alpha-Amylase in the Undergraduate Neuroscience Laboratory,Bañuelos,29371837,,W3096418362,7,4,2018: 2; 2019: 1; 2020: 1; 2024: 2; 2025: 1,7,2026-09-27
JUNE-16-1-09,2017,16,1,article,False,An Attitudinal Survey of Undergraduate Neuroscience Students Regarding Their Views on the Relevance of Lectures to their Education,O’Keeffe,29371838,,W3010053546,7,4,2017: 1; 2018: 1; 2021: 2; 2022: 2; 2023: 1,3,2026-09-27
JUNE-16-1-10,2017,16,1,article,False,Using the Tools of Behavioral Neuroscience to Determine the Identity of Different Mouse Strains in a Laboratory Course,Wotton,29371839,,W2982169718,1,0,2023: 1,1,2026-09-27
JUNE-16-1-11,2017,16,1,article,False,Cartoon Network: A Tool for Open-Ended Exploration of Neural Circuits,Calin-Jageman,29371840,,W3021451827,4,4,2018: 1; 2019: 1; 2020: 1; 2021: 1,2,2026-09-27
JUNE-16-1-12,2017,16,1,article,False,“Brevity is the Soul of Wit”: Use of a Stepwise Project to Teach Concise Scientific Writing,Cyr,29371841,,W3022302873,4,3,2020: 2; 2021: 1; 2022: 1,3,2026-09-27
JUNE-16-1-13,2017,16,1,article,False,Using Action-Mapping to Design a Non-Majors Neuroeconomics Course to Teach First-Year Collegiate Skills,Franssen,29371842,,W2979253073,0,0,,0,2026-09-27
JUNE-16-1-14,2017,16,1,article,False,Characterizing the Undergraduate Neuroscience Major in the U. S.: An Examination of Course Requirements and Institution-Program Associations,Pinard-Welyczko,29371843,,W2983671964,23,13,1959: 1; 1995: 1; 2018: 2; 2019: 4; 2020: 6; 2021: 1; 2022: 3; 2023: 1; 2024: 2; 2025: 2,16,2026-09-27
JUNE-16-1-15,2017,16,1,article,False,Teaching with Big Data: Report from the 2016 Society for Neuroscience Teaching Workshop,Grisham,29371844,,W2767891305,14,7,2018: 2; 2020: 2; 2021: 3; 2022: 3; 2023: 2; 2024: 2,9,2026-09-27
JUNE-16-1-16,2017,16,1,article,False,Integrating Brain Science into Health Studies: An Interdisciplinary Course in Contemplative Neuroscience and Yoga,Wolfe,29371845,,W2945051202,10,5,2018: 2; 2019: 1; 2021: 2; 2022: 1; 2023: 1; 2024: 2; 2025: 1,7,2026-09-27
JUNE-16-1-17,2017,16,1,article,False,Learning Experimental Design through Targeted Student-Centric Journal Club with Screencasting,Carter,29371846,,W3021418606,5,3,2018: 1; 2020: 2; 2022: 1; 2023: 1,5,2026-09-27
JUNE-16-1-18,2017,16,1,article,False,Interviewing Neuroscientists for an Undergraduate Honors Project,Montiel,29371847,,W3021828818,0,0,,0,2026-09-27
JUNE-16-1-19,2017,16,1,article,False,Front and Back Flipping for Neurobiology! Developing a Hybrid Upper-Division Lab Course,White,29371848,,W3021317104,3,2,2018: 1; 2020: 1; 2024: 1,2,2026-09-27
JUNE-16-1-20,2017,16,1,article,False,An Integrative Approach to STEM Concepts in an Introductory Neuroscience Course: Gains in Interdisciplinary Awareness,Basu,29371849,,W3000522073,11,6,2019: 2; 2020: 1; 2021: 3; 2024: 4; 2026: 1,8,2026-09-27
JUNE-16-1-21,2017,16,1,case study,False,Using Case Studies to Promote Student Engagement in Primary Literature Data Analysis and Evaluation,Cook-Snyder,29371850,,W2988065322,10,4,2018: 1; 2020: 1; 2021: 2; 2022: 1; 2023: 2; 2024: 3,8,2026-09-27
JUNE-16-1-22,2017,16,1,review,False,A Guerilla Guide to Common Problems in ‘Neurostatistics’: Essential Statistical Topics in Neuroscience,Smith,29371855,,W3022330139,15,8,2018: 2; 2019: 3; 2020: 1; 2021: 2; 2022: 4; 2023: 3,15,2026-09-27
JUNE-16-1-23,2017,16,1,review,False,Three Scientific Controversies to Engage Students in Reading Primary Literature,close,29371856,,W2996604602,4,4,2018: 1; 2019: 1; 2020: 1; 2021: 1,3,2026-09-27
JUNE-16-2-01,2018,16,2,editorial,False,Active Learning for Students and Faculty,Johnson,30057505,,W3023689287,3,2,2019: 1; 2021: 1; 2024: 1,0,2026-09-27
JUNE-16-2-02,2018,16,2,editorial,False,The New Statistics for Neuroscience Majors: Thinking in Effect Sizes,Calin-Jageman,30057503,,W2950327395,19,13,2016: 1; 2019: 3; 2020: 2; 2021: 6; 2022: 2; 2023: 2; 2025: 1; 2026: 2,13,2026-09-27
JUNE-16-2-03,2018,16,2,editorial,False,Teaching Neuroanatomy Through a Historical Context,Neuwirth,30057504,,W2975436124,17,9,2019: 2; 2020: 2; 2021: 4; 2022: 1; 2023: 1; 2024: 3; 2025: 4,9,2026-09-27
JUNE-16-2-04,2018,16,2,article,False,Clinical Neuroscience in Practice: An Experiential Learning Course for Undergraduates Offered by Neurosurgeons and Neuroscientists,Simonds,30057492,,W3004550213,7,6,2020: 2; 2021: 1; 2022: 3; 2025: 1,4,2026-09-27
JUNE-16-2-05,2018,16,2,article,False,Using Blogs as Practice Writing About Original Neuroscience Papers Enhances Students’ Confidence in Their Critical Analysis of Research,Spix,30057493,,W3006415041,6,6,2020: 2; 2021: 2; 2022: 2,2,2026-09-27
JUNE-16-2-06,2018,16,2,article,False,A Simple Method for Teaching Bayesian Hypothesis Testing in the Brain and Behavioral Sciences,Faulkenberry,30057494,,W2992788278,5,4,2020: 3; 2021: 1; 2024: 1,3,2026-09-27
JUNE-16-2-07,2018,16,2,article,False,"The Design, Implementation, and Assessment of an Undergraduate Neurobiology Course using a Project-Based Approach",Zwick,30057495,,W3022816908,10,8,2019: 2; 2020: 4; 2021: 1; 2022: 1; 2023: 1; 2024: 1,7,2026-09-27
JUNE-16-2-08,2018,16,2,article,False,A Low-Cost Morris Water Maze for Undergraduate Research: Construction and Demonstration in a Rat Model of Obesity-Induced Diabetes,Gallivan,30057496,,W2989400541,7,1,2020: 1; 2023: 5; 2025: 1,6,2026-09-27
JUNE-16-2-09,2018,16,2,article,False,Using Optogenetics to Understand Neuronal Mechanisms Underlying Behavior in C. elegans,Pokala,30057497,,W2906492630,15,11,2018: 3; 2019: 1; 2020: 2; 2021: 4; 2022: 1; 2023: 1; 2025: 3,13,2026-09-27
JUNE-16-2-10,2018,16,2,article,False,Partnerships in Neuroscience Research Between Small Colleges and Large Institutions: A Case Study,McCoy,30057498,,W3021276105,5,4,2020: 1; 2021: 1; 2022: 2; 2023: 1,2,2026-09-27
JUNE-16-2-11,2018,16,2,article,False,The Olfactory Proboscis Extension Response in the Honey Bee: A Laboratory Exercise in Classical Conditioning,Van,30057499,,W2980394433,16,7,2018: 2; 2020: 1; 2021: 2; 2022: 2; 2023: 5; 2024: 1; 2025: 3,10,2026-09-27
JUNE-16-2-12,2018,16,2,article,False,Aversive and Appetitive Learning in Drosophila Larvae: A Simple and Powerful Suite of Laboratory Modules for Classroom or Open-ended Research Projects,Pavin,30057500,,W3018169017,1,1,2020: 1,1,2026-09-27
JUNE-16-2-13,2018,16,2,article,False,Using ImageJ to Assess Neurite Outgrowth in Mammalian Cell Cultures: Research Data Quantification Exercises in Undergraduate Neuroscience Lab,Pemberton,30057501,,W2989914281,60,34,2018: 1; 2019: 1; 2020: 8; 2021: 13; 2022: 11; 2023: 7; 2024: 17; 2025: 2,59,2026-09-27
JUNE-16-2-14,2018,16,2,case study,False,Epilepsy and the Action Potential: Using Case Based Instruction and Primary Literature in a Neurobiology Course,Sawyer,30057502,,W2974542010,6,4,1959: 1; 2020: 1; 2021: 1; 2022: 2; 2023: 1,5,2026-09-27
JUNE-16-2-15,2018,16,2,review,False,On the Application of Multivariate Statistical and Data Mining Analyses to Data in Neuroscience,Smith,30057506,,W2969863602,20,19,2019: 1; 2020: 2; 2021: 13; 2022: 3; 2023: 1,5,2026-09-27
JUNE-16-2-16,2018,16,2,review,False,Using a Model to Understand the Symptoms of Ophthalmoplegia,Wood,30057507,,W2903881809,4,1,2019: 1; 2023: 2; 2025: 1,3,2026-09-27
JUNE-16-2-17,2018,16,2,review,False,Constructing an Inexpensive Elevated Plus Maze,AMAZING,30057509,,W2980361886,2,2,2018: 1; 2019: 1,1,2026-09-27
JUNE-16-2-18,2018,16,2,review,False,"Characteristics, Emergent Properties and Functions of Somato-dendritic T- and L-Type Calcium Channels",Cleland,30057508,,W3021438214,0,0,,0,2026-09-27
JUNE-16-2-19,2018,16,2,review,False,One Brain. Two Minds? Many Questions.,Rosen,30057510,,W2956489585,1,1,2021: 1,1,2026-09-27
JUNE-16-2-20,2018,16,2,review,False,The Grasshopper Mouse and Bark Scorpion: Evolutionary Biology Meets Pain Modulation and Selective Receptor Inactivation,Thompson,30057511,,W2925585398,1,0,2023: 1,0,2026-09-27
JUNE-16-2-21,2018,16,2,review,False,Reviewing the Diverse Effects of Protein Phosphorylation in Neural Signaling Transduction,Scurfield,30057512,,W2989553890,2,2,2019: 1; 2020: 1,1,2026-09-27
JUNE-16-2-22,2018,16,2,review,False,Faces in the Brain: The Discovery of a Neuronal Subpopulation Selective for Face Recognition,Febery,30057513,,W2980435685,0,0,,0,2026-09-27
JUNE-16-2-23,2018,16,2,review,False,"Introduction to the Hypothalamic-Pituitary-Adrenal Axis: Healthy and Dysregulated Stress Responses, Developmental Stress and Neurodegeneration",close,30057514,,W2949682321,44,14,2019: 1; 2020: 2; 2021: 7; 2022: 4; 2023: 7; 2024: 12; 2025: 10; 2026: 1,39,2026-09-27
JUNE-16-3-01,2018,16,3,editorial,True,"EDITORIAL: Best Practices for Developing, Assessing, and Sustaining Inclusive Curricula: Proceedings of the 2017 Faculty for Undergraduate Neuroscience Workshop",Calin-Jageman,30254529,,W3022857371,5,2,2018: 1; 2020: 1; 2024: 3,5,2026-09-27
JUNE-16-3-02,2018,16,3,editorial,True,PERSPECTIVE: This is Not Your Grandmother’s Faculty Development Program,Mack,30254547,,W3022134875,0,0,,0,2026-09-27
JUNE-16-3-03,2018,16,3,editorial,True,PERSPECTIVE: Integrating Addiction in the Neuroscience Curriculum,Napier,30254548,,W3021111759,2,0,2025: 2,2,2026-09-27
JUNE-16-3-04,2018,16,3,editorial,True,PERSPECTIVE: Support for Undergraduate Neuroscience at the NSF and NIH,Carpenter,30254549,,W3023344406,1,0,2024: 1,1,2026-09-27
JUNE-16-3-05,2018,16,3,article,True,Cartoon Network Update: New features for exploring of neural circuits,Calin-Jageman,30254530,,W3022123754,4,4,2019: 1; 2020: 1; 2021: 2,2,2026-09-27
JUNE-16-3-06,2018,16,3,article,True,Open Source Software Tools for Teaching Neuroscience,Latimer,30254531,,W3023863328,13,12,2018: 1; 2020: 2; 2021: 6; 2022: 3; 2025: 1,5,2026-09-27
JUNE-16-3-07,2018,16,3,article,True,Demystifying Graduate School: Navigating a PhD in Neuroscience and Beyond,McLoon,30254532,,W3022652247,4,3,2018: 1; 2021: 1; 2022: 1; 2023: 1,3,2026-09-27
JUNE-16-3-08,2018,16,3,article,True,Recording EMG Signals on a Computer Sound Card,Crisp,30254533,,W2965584973,3,3,2018: 2; 2019: 1,3,2026-09-27
JUNE-16-3-09,2018,16,3,article,True,“Doing” the Reading: What Neuroscience Instructors Should Know about Reading Compliance and Comprehension in College,Cressman,30254534,,W2981011216,1,1,2018: 1,1,2026-09-27
JUNE-16-3-10,2018,16,3,article,True,Specific Aims Workshop: Your Grant in a Sound Bite,Kozlowski,30254535,,W3023340014,1,0,2023: 1,1,2026-09-27
JUNE-16-3-11,2018,16,3,article,True,Demonstrating Connections Between Neuron Signaling and Behavior using C. elegans Learning Assays and Optogenetics in a Laboratory Class,Rose,30254536,,W3004633238,4,4,2018: 3; 2022: 1,4,2026-09-27
JUNE-16-3-12,2018,16,3,article,True,NeuroBytes Electronic Neuron Simulators and the 2017 FUN Summer Workshop,Burdo,30254537,,W2994981903,2,0,2024: 1; 2025: 1,2,2026-09-27
JUNE-16-3-13,2018,16,3,article,True,Using Online Images to Teach Quantitative Skills via Comparative Neuroanatomy: Applying the Directives of Vision and Change,Grisham,30254538,,W2991198905,5,4,2021: 2; 2022: 2; 2025: 1,3,2026-09-27
JUNE-16-3-14,2018,16,3,article,True,The New Blueprints: Undergraduate Neuroscience Education in the Twenty-First Century,Wiertelak,30254539,,W2996950466,37,26,1959: 1; 2018: 1; 2019: 2; 2020: 6; 2021: 7; 2022: 10; 2023: 3; 2024: 4; 2025: 2; 2026: 1,25,2026-09-27
JUNE-16-3-15,2018,16,3,article,True,A Discussion of Diversity and Inclusivity at the Institutional Level: The Need For a Strategic Plan,Martinez,30254540,,W2991131683,47,26,2002: 1; 2020: 7; 2021: 8; 2022: 11; 2023: 7; 2024: 11; 2025: 2,25,2026-09-27
JUNE-16-3-16,2018,16,3,article,True,The Allen Brain Atlas as a Resource for Teaching Undergraduate Neuroscience,Gilbert,30254541,,W2986568670,22,15,2019: 2; 2020: 3; 2021: 4; 2022: 6; 2023: 3; 2024: 2; 2025: 2,18,2026-09-27
JUNE-16-3-17,2018,16,3,article,True,Building an Inclusive Classroom,Penner,30254542,,W2991432614,25,18,2019: 2; 2020: 7; 2021: 4; 2022: 5; 2023: 3; 2024: 3; 2025: 1,16,2026-09-27
JUNE-16-3-18,2018,16,3,article,True,Expanding Collaborations between the Neuroscience Training Committee of the Society for Neuroscience and the Faculty for Undergraduate Neuroscience,Dunbar,30254543,,W3023934918,2,2,2019: 1; 2022: 1,2,2026-09-27
JUNE-16-3-19,2018,16,3,article,True,Reducing the Cost of Electrophysiology in the Teaching Laboratory,Wyttenbach,30254544,,W3023172038,8,8,2019: 1; 2020: 3; 2021: 2; 2022: 2,6,2026-09-27
JUNE-16-3-20,2018,16,3,article,True,Muscle Spindles and Our Sense of Physical Self: Kinesthetic Illusions of Limb Position and Posture,Schiller,30254545,,W2951281197,4,2,2019: 2; 2024: 2,2,2026-09-27
JUNE-16-3-21,2018,16,3,article,True,Probing Synaptic Transmission and Behavior in Drosophila with Optogenetics: A Laboratory Exercise,Vilinsky,30254546,,W2994081608,11,6,2002: 1; 2008: 1; 2018: 1; 2020: 2; 2021: 1; 2022: 2; 2023: 2; 2024: 1,10,2026-09-27
JUNE-17-1-01,2018,17,1,editorial,False,FROM OUR CHIEF EDITOR: JUNE: The Journal of Neuroscience Education,Johnson,30618508,,W3023402901,2,2,2018: 2,0,2026-09-27
JUNE-17-1-02,2018,17,1,editorial,False,PERSPECTIVE: “Understanding Checkpoints” Followed by Self-Evaluation to Assess Students’ Scientific Literacy and Mastery of Content and Techniques,Schaefer,30618507,,W2983794233,0,0,,0,2026-09-27
JUNE-17-1-03,2018,17,1,article,False,Analysis of Student Attitudes of a Neurobiology Themed Inquiry Based Research Experience in First Year Biology Labs,Brabec,30618493,,W2996258869,5,1,2017: 1; 2022: 1; 2023: 1; 2024: 1; 2025: 1,1,2026-09-27
JUNE-17-1-04,2018,17,1,article,False,Recommendations for Developing an EEG Laboratory at a Primarily Undergraduate Institution,Ledwidge,30618494,,W3000749509,20,9,2020: 3; 2021: 4; 2022: 2; 2023: 5; 2024: 3; 2025: 3,13,2026-09-27
JUNE-17-1-05,2018,17,1,article,False,Neuroscience and Sustainability: An Online Module on “Environmental Neuroscience”,Wolfe,30618495,,W2989416985,6,3,2021: 3; 2023: 1; 2024: 2,5,2026-09-27
JUNE-17-1-06,2018,17,1,article,False,Mystery Neurotransmitters! An Active Learning Activity on Synaptic Function for Undergraduate Students,Cammack,30618496,,W2998113905,9,5,1959: 1; 2021: 3; 2022: 2; 2024: 2; 2025: 1,5,2026-09-27
JUNE-17-1-07,2018,17,1,article,False,The Neuroscience Classroom Remodeled with Team-Based Learning,Pollack,30618497,,W2994212894,6,4,2020: 3; 2022: 1; 2023: 1; 2025: 1,5,2026-09-27
JUNE-17-1-08,2018,17,1,article,False,Teaching Dose-response Relationships Through Aminoglycoside Block of Mechanotransduction Channels in Lateral Line Hair Cells of Larval Zebrafish,Peterson,30618498,,W3021394864,2,2,2019: 1; 2021: 1,2,2026-09-27
JUNE-17-1-09,2018,17,1,article,False,Raising Awareness About Prescription and Stimulant Abuse in College Students Through On-Campus Community Involvement Projects,Kennedy,30618499,,W2995863832,10,4,2020: 1; 2021: 2; 2022: 1; 2023: 1; 2024: 4; 2025: 1,6,2026-09-27
JUNE-17-1-10,2018,17,1,article,False,"A Report on the Qualities, Skills, and Characteristics Desired by Top Neuroscience Graduate Programs",Boyette-Davis,30618500,,W2974768040,7,6,2019: 1; 2020: 2; 2021: 1; 2022: 2; 2024: 1,6,2026-09-27
JUNE-17-1-11,2018,17,1,article,False,Impact of Experiential Neuroscience of Meditation Course on Attitudes Toward Mediation and Science,Olson,30618501,,W3005159664,4,3,2018: 1; 2020: 1; 2022: 1; 2023: 1,1,2026-09-27
JUNE-17-1-12,2018,17,1,article,False,Using iBiology as a Tool for Undergraduate Neuroscience Education,Rajan,30618502,,W3022343543,2,2,2020: 1; 2021: 1,1,2026-09-27
JUNE-17-1-13,2018,17,1,article,False,The Behavioral Effects of Oral Psychostimulant Ingestion on a Laboratory Rat Sample: An Undergraduate Research Experience,Howerter,30618503,,W3022388396,0,0,,0,2026-09-27
JUNE-17-1-14,2018,17,1,article,False,Using a Contrast Illusion to Teach Principles of Neural Processing,Glover,30618504,,W2983641519,3,2,2020: 2; 2023: 1,2,2026-09-27
JUNE-17-1-15,2018,17,1,article,False,"Engaging, Entertaining, and Educating Under-Served and At-Risk Youth with STEM-Based Activities",Bazzett,30618505,,W3022770560,6,4,2019: 1; 2021: 1; 2022: 2; 2023: 2,5,2026-09-27
JUNE-17-1-16,2018,17,1,article,False,Classroom-Based Research Experiences to Support Underserved STEM Student Success: From Introductory Inquiry to Optogenetics in the Embryonic Chicken,Formherz,30618506,,W3021703105,6,6,2020: 4; 2021: 2,6,2026-09-27
JUNE-17-1-17,2018,17,1,technical,False,How to Train a Honey Bee,Van,30618509,,W2980884116,1,0,2023: 1,2,2026-09-27
JUNE-17-1-18,2018,17,1,review,False,A Review of Developmental Neurobiology by Lynne M. Bianchi (in the Context of One Instructor’s Evolving Relationship with Scientific Textbooks),Lom,,,,,,,,2026-09-27
JUNE-17-1-19,2018,17,1,review,False,Six Autobiographies and Two Realistic Fiction Books as Tools to Engage Students in Neurobiology of Disease: A Guide for Instructors,close,,,,,,,,2026-09-27
JUNE-17-2-01,2019,17,2,editorial,False,FROM OUR CHIEF EDITOR: Innovation in Neuroscience Education for Diverse Student Populations,Ramos,31360135,,W3022380486,1,0,2018: 1,0,2026-09-27
JUNE-17-2-02,2019,17,2,editorial,False,PERSPECTIVE: Models for Spiking Neurons: Integrate-and-Fire Units and Relaxation Oscillators,Crisp,31360134,,W2990795434,4,4,2019: 2; 2021: 2,2,2026-09-27
JUNE-17-2-03,2019,17,2,article,False,Long Term Potentiation in Mouse Hippocampal Slices in an Undergraduate Laboratory Course,Quinan,31360126,,W2985458194,4,2,2019: 1; 2023: 1; 2024: 1; 2025: 1,6,2026-09-27
JUNE-17-2-04,2019,17,2,article,False,Hands-on Undergraduate Experiences Using Low-Cost Electroencephalography (EEG) Devices,Segawa,31360127,,W2981157475,9,7,2019: 1; 2020: 2; 2021: 1; 2023: 3; 2024: 2,7,2026-09-27
JUNE-17-2-05,2019,17,2,article,False,Development of an Introductory Neuroscience Teaching Experience for Undergraduates with a Low-Cost Neuroscience Summer Academy,Colpitts,31360128,,W3021318407,7,7,2019: 1; 2020: 1; 2021: 2; 2022: 1; 2023: 2,4,2026-09-27
JUNE-17-2-06,2019,17,2,article,False,An Effective Model for Engaging Faculty and Undergraduate Students in Neuroscience Outreach with Middle Schoolers,Vollbrecht,31360129,,W2956031195,18,15,2019: 1; 2020: 4; 2021: 1; 2022: 6; 2023: 3; 2024: 1; 2025: 2,13,2026-09-27
JUNE-17-2-07,2019,17,2,article,False,"Motivation, Belongingness, and Anxiety in Neuroscience Undergraduates: Emphasizing First Generation College Students",Gaudier-Diaz,31360130,,W2995591149,27,19,2019: 2; 2020: 6; 2021: 2; 2022: 2; 2023: 7; 2024: 6; 2025: 2,18,2026-09-27
JUNE-17-2-08,2019,17,2,article,False,Development of Low-Cost Tactile Neuroanatomy Learning Tools for Students with Visual-Impairmen,Diniz,31360131,,W2991653951,9,7,2019: 1; 2020: 1; 2021: 2; 2022: 2; 2023: 1; 2024: 1; 2025: 1,7,2026-09-27
JUNE-17-2-09,2019,17,2,article,False,Neuroscience and Education Colleagues Collaborate to Design and Assess Effective Brain Outreach for Preschoolers,Brown,31360132,,W3005931271,10,10,2019: 1; 2020: 3; 2021: 1; 2022: 4; 2023: 1,4,2026-09-27
JUNE-17-2-10,2019,17,2,case study,False,Two Scientists Share Nobel Prize for the First Time! A Case Study Developed for Exploring the History of Neuroanatomy,Mitrano,31360133,,W3012379804,8,6,2019: 1; 2020: 1; 2021: 2; 2022: 1; 2023: 1; 2024: 2,8,2026-09-27
JUNE-17-2-11,2019,17,2,technical,False,An Electrophysiological Investigation of Power-Amplification in the Ballistic Mantis Shrimp Punch,Pollak,31360136,,W2991524039,6,5,2019: 1; 2021: 2; 2022: 1; 2023: 1; 2024: 1,3,2026-09-27
JUNE-18-1-01,2019,18,1,editorial,False,JUNE: Continuing to Advance Neuroscience Education in the New Decade,Ramos,31983905,,W3012999685,0,0,,0,2026-09-27
JUNE-18-1-02,2019,18,1,article,False,Student-led Recaps and Retrieval Practice: A Simple Classroom Activity Emphasizing Effective Learning Strategies,Stavnezer,31983897,,W3010300266,15,12,2001: 1; 2019: 3; 2021: 6; 2022: 2; 2023: 1; 2024: 2,3,2026-09-27
JUNE-18-1-03,2019,18,1,article,False,Cognitive and Non-Cognitive Outcomes Associated with Student Engagement in a Novel Brain Chemoarchitecture Mapping Course-Based Undergraduate Research Experience,D’Arcy,31983898,,W3013604057,16,14,2019: 1; 2020: 2; 2021: 2; 2022: 6; 2023: 3; 2024: 2,18,2026-09-27
JUNE-18-1-04,2019,18,1,article,False,Everyday Neuroscience: A Community Engagement Course,Flanagan-Cato,31983899,,W3006130805,11,7,2019: 1; 2020: 1; 2021: 2; 2022: 1; 2023: 2; 2024: 3; 2025: 1,6,2026-09-27
JUNE-18-1-05,2019,18,1,article,False,Quantitative Indicators of Continued Growth in Undergraduate Neuroscience Education in the US,Rochon,31983900,,W3013053467,24,15,2019: 1; 2020: 4; 2021: 2; 2022: 6; 2023: 2; 2024: 7; 2025: 2,19,2026-09-27
JUNE-18-1-06,2019,18,1,article,False,Modulating the Zebrafish Camouflage Response Pathway to Illustrate Neuroendocrine Control Over a Robust and Quantifiable Behavior,Prakash,31983901,,W3004416128,4,3,2019: 1; 2021: 1; 2023: 1; 2025: 1,4,2026-09-27
JUNE-18-1-07,2019,18,1,article,False,Versatile Undergraduate Neurobiology Course-Based Research Experiences Using Open Access 3D Electron Microscopy Image Volumes,Nahmani,31983902,,W3003557272,12,11,2019: 1; 2020: 2; 2021: 4; 2022: 2; 2023: 2; 2024: 1,8,2026-09-27
JUNE-18-1-08,2019,18,1,case study,False,The Mysterious Case of Patient X: A Case Study for Neuroscience Students,Ogilvie,31983903,,W3004119645,7,6,1959: 1; 2019: 1; 2020: 1; 2021: 1; 2022: 2; 2023: 1,6,2026-09-27
JUNE-18-1-09,2019,18,1,case study,False,‘Without A Key’: A Classroom Case Study,Watson,31983904,,W3003455491,9,8,1959: 1; 2019: 1; 2020: 1; 2021: 2; 2022: 2; 2023: 2,7,2026-09-27
JUNE-18-1-10,2019,18,1,technical,False,3D Printing Neuron Equivalent Circuits: An Undergraduate Laboratory Exercise,Giglia,31983906,,W3001259115,4,3,2019: 1; 2020: 1; 2023: 1; 2024: 1,2,2026-09-27
JUNE-18-2-01,2020,18,2,editorial,False,When the COVID-19 Pandemic Changed Neuroscience Education,Ramos,32848523,,W3081084209,2,2,2020: 1; 2021: 1,2,2026-09-27
JUNE-18-2-02,2020,18,2,editorial,False,"Faculty for Undergraduate Neuroscience (FUN) Statement on Diversity, Equity, and Inclusion",Bayline,32848524,,W3081426840,7,6,2020: 1; 2021: 1; 2022: 1; 2023: 1; 2024: 2; 2025: 1,6,2026-09-27
JUNE-18-2-03,2020,18,2,article,False,Interactive Student-Centered Neuroscience Workshops for Sixth Graders Enhance Science Knowledge and Education Attitudes,Toledo,32848515,,W3080708428,7,6,2020: 1; 2022: 2; 2023: 2; 2024: 1; 2025: 1,5,2026-09-27
JUNE-18-2-04,2020,18,2,article,False,Chick Embryonic Primary Astrocyte Cultures Provide an Effective and Scalable Model for Authentic Research in a Laboratory Class,Haskew-Layton,32848516,,W3081355877,6,6,2020: 1; 2022: 1; 2023: 3; 2024: 1,6,2026-09-27
JUNE-18-2-05,2020,18,2,article,False,Using Drosophila Motor Mutants to Teach Neurodevelopment in an Undergraduate Neurobiology Lab,Rothhaas,32848517,,W3080851104,5,5,2020: 1; 2022: 3; 2023: 1,3,2026-09-27
JUNE-18-2-06,2020,18,2,article,False,Comparing Active Learning to Team-Based Learning in Undergraduate Neuroscience,Ng,32848518,,W3037811778,14,14,2020: 2; 2021: 3; 2022: 1; 2023: 3; 2024: 5,10,2026-09-27
JUNE-18-2-07,2020,18,2,article,False,Cocktail Napkin Presentations: Design of an Activity to Enhance Undergraduate Communication and Critical Evaluation of Neuroscience Primary Literature,Vidal,32848519,,W3080833858,3,3,2020: 1; 2021: 1; 2022: 1,3,2026-09-27
JUNE-18-2-08,2020,18,2,article,False,Quantifying the Effects of Two Local Anesthetics on the Crayfish Stretch Receptor Organ: An Integrated Neurophysiology Lab,Ewing,32848520,,W3080335516,5,5,2020: 1; 2021: 1; 2022: 2; 2024: 1,2,2026-09-27
JUNE-18-2-09,2020,18,2,article,False,Undergraduate Participation in the Society for Neuroscience,Ramos,32848521,,W3080651060,5,5,2020: 3; 2022: 2,3,2026-09-27
JUNE-18-2-10,2020,18,2,case study,False,Meningitis in College Students: Using a Case Study to Expose Introductory Neuroscience Students to Primary Scientific Literature and Applications of Neuroscience,Rollins,32848522,,W3080271873,8,7,1959: 1; 2020: 1; 2021: 1; 2022: 2; 2023: 1; 2024: 2,6,2026-09-27
JUNE-19-1-01,2020,19,1,editorial,False,Virtual was the Reality in Neuroscience Education during the COVID-19 Pandemic,Ramos,33880102,,W3153231512,4,3,1959: 1; 2021: 2; 2022: 1,3,2026-09-27
JUNE-19-1-02,2020,19,1,article,False,Reproducible Quantitative Stimulation Allows New Analysis of Crayfish Muscle Receptor Organ Responses,Ambrosini,33880088,,W3153388050,1,1,2020: 1,1,2026-09-27
JUNE-19-1-03,2020,19,1,article,False,Dissecting the Molecular and Neural Circuit Bases of Behavior as an Introduction to Discovery-Driven Research: A Report on a Course-Based Undergraduate Research Experience,Himmel,33880089,,W3152629045,2,2,2020: 1; 2022: 1,3,2026-09-27
JUNE-19-1-04,2020,19,1,article,False,Evaluation of Students’ Conceptual Organization of Neuroscience May Depend on the Expert Referent,Stevenson,33880090,,W3154337763,1,1,2020: 1,1,2026-09-27
JUNE-19-1-05,2020,19,1,article,False,"Physiologists Turned Geneticists: Identifying Transcripts and Genes for Neuronal Function in the Marbled Crayfish, Procambarus virginalis",Stein,33880091,,W3156556609,3,3,2020: 1; 2021: 1; 2022: 1,2,2026-09-27
JUNE-19-1-06,2020,19,1,article,False,Integrating Research into the Undergraduate Curriculum: 1. Early Research Experiences and Training,Buffalari,33880092,,W3153209595,22,20,1959: 1; 2020: 3; 2021: 2; 2022: 5; 2023: 6; 2024: 4; 2025: 1,15,2026-09-27
JUNE-19-1-07,2020,19,1,article,False,Integrating Research into the Undergraduate Curriculum: 2. Scaffolding Research Skills and Transitioning toward Independent Research,Morrison,33880093,,W3156998354,26,21,1959: 1; 2020: 3; 2021: 1; 2022: 5; 2023: 5; 2024: 7; 2025: 4,14,2026-09-27
JUNE-19-1-08,2020,19,1,article,False,Integrating Research into the Undergraduate Curriculum: 3. Research Training in the Upper-level Neuroscience Curriculum,Chase,33880094,,W3154131744,16,13,1959: 1; 2020: 3; 2022: 2; 2023: 5; 2024: 3; 2025: 2,13,2026-09-27
JUNE-19-1-09,2020,19,1,article,False,A Capstone Course Where Students Present Contemporary Neuroscience Research to High School Students,Kouh,33880095,,W3153909727,3,3,2020: 1; 2022: 1; 2023: 1,3,2026-09-27
JUNE-19-1-10,2020,19,1,article,False,Learning How to Code While Analyzing an Open Access Electrophysiology Dataset,Juavinett,33880096,,W3156737160,20,18,1959: 1; 2020: 1; 2021: 3; 2022: 6; 2023: 2; 2024: 6; 2025: 1,15,2026-09-27
JUNE-19-1-11,2020,19,1,article,False,Non-Disposable Assignments for Remote Neuroscience Laboratory Teaching Using Analysis of Human Data,Seraphim,33880097,,W3153877810,5,4,1959: 1; 2020: 1; 2021: 1; 2022: 2,4,2026-09-27
JUNE-19-1-12,2020,19,1,article,False,Highlighting Diversity in Neuroscience through Course Content,Linden,33880098,,W3153733202,7,7,2020: 1; 2021: 2; 2022: 4,6,2026-09-27
JUNE-19-1-13,2020,19,1,article,False,Developing and Implementing Low-Cost Remote Laboratories for Undergraduate Biology and Neuroscience Courses,Hanzlick-Burton,33880099,,W3152648825,15,13,1959: 1; 2020: 1; 2021: 1; 2022: 6; 2023: 4; 2024: 1; 2025: 1,12,2026-09-27
JUNE-19-1-14,2020,19,1,article,False,Inexpensive Methods for Live Imaging of Central Pattern Generator Activity in the Drosophila Larval Locomotor System,Booth,33880100,,W3127507181,4,4,2020: 2; 2022: 2,4,2026-09-27
JUNE-19-1-15,2020,19,1,article,False,Building Your Own Neuroscience Equipment: A Precision Micromanipulator and an Epi-fluorescence Microscope for Calcium Imaging,Ryan,33880101,,W3155312003,7,6,2020: 2; 2021: 1; 2022: 1; 2024: 2; 2025: 1,6,2026-09-27
JUNE-19-1-16,2020,19,1,review,False,AMAZING PAPERS IN NEUROSCIENCE: Sparse Neural Representation of Odor Predicts Learning,McManus,33880103,,W3152506978,1,1,2020: 1,1,2026-09-27
JUNE-19-1-17,2020,19,1,review,False,AMAZING PAPERS IN NEUROSCIENCE: Does It Feel Right or Wrong? The Neuroscience of Moral Judgement,Delgado-Sanchez,33880104,,W3153507230,3,2,2007: 1; 2020: 1; 2022: 1,2,2026-09-27
JUNE-19-1-18,2020,19,1,review,False,AMAZING PAPERS IN NEUROSCIENCE: Primary Literature In Clinical Neuroscience for In-Person Or Remote Instruction,Ramos,33880105,,W3155404838,1,1,2020: 1,1,2026-09-27
JUNE-19-1-19,2020,19,1,review,False,AMAZING PAPERS IN NEUROSCIENCE: The Legacy of the Kennard Principle,Elliott,33880106,,W3154610903,4,3,2020: 1; 2022: 1; 2023: 1; 2025: 1,5,2026-09-27
JUNE-19-1-20,2020,19,1,review,False,AMAZING PAPERS IN NEUROSCIENCE: Exploring Neuroplasticity in the Classroom: Teaching Cortical Reorganization in the Visual System with a Stroke Patient Study,Housman,33880107,,W3154319912,4,4,2020: 1; 2022: 2; 2024: 1,3,2026-09-27
JUNE-19-1-21,2020,19,1,review,False,AMAZING PAPERS IN NEUROSCIENCE: Discovering Memory: Using Sea Slugs to Teach learning and Memory,close,33880108,,W3153998934,1,1,2020: 1,1,2026-09-27
JUNE-19-2-01,2021,19,2,editorial,False,Moving Closer to the Way Neuroscience Education Was before the COVID-19 Pandemic,Ramos,34552443,,W3199523875,0,0,,0,2026-09-27
JUNE-19-2-02,2021,19,2,article,False,Effective Use of Student-Created Case Studies as Assessment in an Undergraduate Neuroscience,Bindelli,34552434,,W3200829071,8,7,2001: 1; 2021: 2; 2023: 3; 2024: 1; 2025: 1,6,2026-09-27
JUNE-19-2-03,2021,19,2,article,False,Teaching Neuroimmunology to Undergraduate Students: Resource for Full Course or Modular Implementation,Watanabe,34552435,,W3200163338,2,2,2021: 1; 2025: 1,1,2026-09-27
JUNE-19-2-04,2021,19,2,article,False,Teaching Computation in Neuroscience: Notes on the 2019 Society for Neuroscience Professional Development Workshop on Teaching,Grisham,34552436,,W3200052854,5,5,2021: 1; 2022: 3; 2024: 1,3,2026-09-27
JUNE-19-2-05,2021,19,2,article,False,Integrating Service Learning into a Neuropsychopharmacology Course,Cammack,34552437,,W3201297240,2,2,2021: 1; 2023: 1,1,2026-09-27
JUNE-19-2-06,2021,19,2,article,False,Cooperative Group Learning in Undergraduate Neuroscience: Using Simulations to Complement Problem-Solving Assignments,Northcutt,34552438,,W3200162419,5,5,2021: 1; 2022: 1; 2023: 1; 2024: 1; 2025: 1,4,2026-09-27
JUNE-19-2-07,2021,19,2,article,False,"Reading the Brain: An Interdisciplinary First-Year Seminar on the Intersection of Neuroscience, Literature, and Popular Culture",Wilson,34552439,,W3200400804,2,2,2021: 1; 2023: 1,2,2026-09-27
JUNE-19-2-08,2021,19,2,article,False,"Assessment of Mapping the Brain , a Novel Research and Neurotechnology Based Approach for the Modern Neuroscience Classroom",Johnson,34552440,,W3201545760,3,3,2021: 1; 2023: 1; 2024: 1,2,2026-09-27
JUNE-19-2-09,2021,19,2,article,False,A Course-Based Research Experience Using the Allen Brain Map: From Research Question to Poster Session,Ryan,34552441,,W3200943709,13,13,2021: 2; 2022: 5; 2023: 3; 2024: 2; 2025: 1,11,2026-09-27
JUNE-19-2-10,2021,19,2,case study,False,Phantom Limb Pain: Feeling Sensation from a Limb That is No Longer Present and What it Can Reveal about Our Brain Anatomy,Lemons,34552442,,W3201531718,2,2,2021: 1; 2023: 1,2,2026-09-27
JUNE-19-2-11,2021,19,2,review,False,AMAZING PAPERS IN NEUROSCIENCE: Teaching Principles of Place Cells,Sane,34552444,,W3201586600,1,1,2021: 1,1,2026-09-27
JUNE-19-2-12,2021,19,2,review,False,AMAZING PAPERS IN NEUROSCIENCE: Getting Graded: Teaching Principles of Chemical Synaptic Transmission without Action Potentials,Strathern,34552445,,W3200218545,3,3,2021: 1; 2023: 2,1,2026-09-27
JUNE-19-2-13,2021,19,2,review,False,AMAZING PAPERS IN NEUROSCIENCE: Exploring the Genetic Underpinnings of Aggression in Drosophila melanogaster,Takemori,34552446,,W3201566438,2,2,2021: 1; 2024: 1,2,2026-09-27
JUNE-19-2-14,2021,19,2,review,False,AMAZING PAPERS IN NEUROSCIENCE: Examining Empathy through Consolation Behavior in Prairie Voles,close,34552447,,W3199408016,2,2,2021: 1; 2025: 1,2,2026-09-27
JUNE-20-1-01,2021,20,1,editorial,False,Continued Challenges for Neuroscience Education During the COVID-19,Ramos,35540953,,W4285746780,2,2,2022: 2,2,2026-09-27
JUNE-20-1-02,2021,20,1,editorial,False,"Revisiting Diversity, Equity, and Inclusion Commitments and Instituting Lasting Actionable Changes in the Faculty for Undergraduate Neuroscience",Neuwirth,35540951,,W4285746671,8,8,2021: 1; 2022: 2; 2023: 1; 2024: 3; 2025: 1,7,2026-09-27
JUNE-20-1-03,2021,20,1,editorial,False,Reissue: A Decade of FUN: The First Ten Years of the Faculty for Undergraduate Neuroscience,Ramirez,35540946,,W4287526401,7,1,2006: 1; 2008: 1; 2009: 1; 2012: 1; 2018: 1; 2019: 1; 2021: 1,7,2026-09-27
JUNE-20-1-04,2021,20,1,article,False,DRD4 Allele Frequency as a Lab Exercise in Neuroscience and Genetics Courses,Koob,35540948,,W4285746858,1,1,2021: 1,1,2026-09-27
JUNE-20-1-05,2021,20,1,article,False,Pedagogical Activities for Assessing Human and Rat Taste-Related Behavioral Responses to Gymnema sylvestre,Na,,,,,,,,2026-09-27
JUNE-20-1-06,2021,20,1,article,False,Signal : A Neurotransmission Board Game,Kaur,35540950,,W4287522197,7,7,2021: 1; 2023: 2; 2024: 4,6,2026-09-27
JUNE-20-1-07,2021,20,1,article,False,"The Spine Lab: A Short-Duration, Fully-Remote Course-Based Undergraduate Research Experience",Wickam,35540947,,W4285746694,6,6,2021: 1; 2022: 1; 2023: 3; 2024: 1,5,2026-09-27
JUNE-20-1-08,2021,20,1,article,False,Race and the Ivory Tower: An Antiracism Exercise for an Undergraduate Neuroscience Classroom,Roth,35540943,,W4285746506,4,4,2021: 1; 2022: 1; 2024: 1; 2025: 1,3,2026-09-27
JUNE-20-1-09,2021,20,1,article,False,Class Size and Student Performance in a Team-Based Learning Course,Ng,35540942,,W4285746464,8,7,2021: 1; 2022: 1; 2023: 3; 2024: 2; 2026: 1,7,2026-09-27
JUNE-20-1-10,2021,20,1,article,False,A Semester without Exams: Approaches in a Small And Large Course,Branco,35540949,,W4285746850,5,5,2021: 1; 2022: 1; 2023: 2; 2025: 1,4,2026-09-27
JUNE-20-1-11,2021,20,1,article,False,Open-Ended Inquiry into Zebrafish Nerve Development Using Image Analysis,Petersen,35540941,,W4285746739,6,6,2021: 1; 2023: 3; 2024: 2,5,2026-09-27
JUNE-20-1-12,2021,20,1,article,False,The Open Neuroscience Initiative: A Free-to-Access and -Adopt Digital Textbook for Undergraduate Students of Introductory Neuroscience,Lim,35540940,,W4287488759,3,3,2021: 1; 2022: 1; 2024: 1,2,2026-09-27
JUNE-20-1-13,2021,20,1,article,False,Quantitative Characterization of Output from the Directionally Selective Visual Interneuron H1 in the Grey Flesh Fly Sarcophaga bullata,Gelperin,35540945,,W4285746819,1,1,2021: 1,2,2026-09-27
JUNE-20-1-14,2021,20,1,article,False,Pandemic Teaching: Using the Allen Cell Types Database for Final Semester Projects in an Undergraduate Neurophysiology Lab Course,Ho,35540944,,W4285746508,10,10,2021: 1; 2022: 4; 2023: 1; 2024: 4,11,2026-09-27
JUNE-20-1-15,2021,20,1,case study,False,The Simpsons Neuron: A Case Study Exploring Neuronal Coding and the Scientific Method for Introductory and Advanced Neuroscience Courses,Cammack,35540952,,W4285746423,1,1,2021: 1,1,2026-09-27
JUNE-20-2-01,2022,20,2,editorial,True,An Introduction to the Proceedings of the 2020 FUN Summer Virtual Meeting,Johnson,38323042,10.59390/LKPG6213,W4394762509,0,,,0,2026-09-27
JUNE-20-2-02,2022,20,2,editorial,True,Celebrating Diverse Voices in Neuroscience: Introducing Project DiViNe,Frenzel,38323059,10.59390/AXFD9450,W4394766419,4,,2022: 2; 2024: 1; 2026: 1,3,2026-09-27
JUNE-20-2-03,2022,20,2,editorial,True,"A Tale of Two Meetings: Indeed, the Worst of Times Gave Undergraduate Neuroscience Education One of the Best of Times",Wiertelak,38323064,10.59390/DWIP7136,W4394740962,0,,,0,2026-09-27
JUNE-20-2-04,2022,20,2,editorial,True,Convening the Undergraduate Neuroscience Education Community in a Period of Rapid Change: Insights from the FUN 2020 Summer Virtual Meeting,Basu,38323047,10.59390/TPQZ7702,W4394739101,3,,2024: 3,2,2026-09-27
JUNE-20-2-05,2022,20,2,article,True,Video Microscopy for Teaching: Optimizing the Field of View,Wyttenbach,38323055,10.59390/XOIG7838,W4394760997,1,,2022: 1,1,2026-09-27
JUNE-20-2-06,2022,20,2,article,True,Increasing Self-Compassion: Review of the Literature and Recommendations,Stutts,38323068,10.59390/WSZK3327,W4394766165,17,,2022: 1; 2024: 2; 2025: 9; 2026: 5,12,2026-09-27
JUNE-20-2-07,2022,20,2,article,True,Podcasting Neuroscience: A Science Communication Assignment,Kaur,38323063,10.59390/FKXM3006,W4394763959,6,,2022: 1; 2026: 5,3,2026-09-27
JUNE-20-2-08,2022,20,2,article,True,Deep versus Shallow Processing: A Learning and Memory Experiment for Asynchronous and Synchronous Online Platforms,Pollack,38323067,10.59390/FEAP4736,W4394761945,1,,2022: 1,1,2026-09-27
JUNE-20-2-09,2022,20,2,article,True,Why Students Cheat and How Understanding This Can H Reduce the Frequency of Academic Misconduct in Higher Education: A Literature Review,Miles,38323052,10.59390/LXMJ2920,W4394741088,56,,2022: 1; 2023: 5; 2024: 8; 2025: 16; 2026: 26,8,2026-09-27
JUNE-20-2-10,2022,20,2,article,True,The Development of Core Concepts for Neuroscience Higher Education: From Beginning to Summer Virtual Meeting Satellite Session,Chen,38323056,10.59390/GHOR4737,W4394761747,10,,2022: 2; 2023: 1; 2024: 3; 2025: 1; 2026: 3,8,2026-09-27
JUNE-20-2-11,2022,20,2,article,True,FraidyRat: A Virtual Module Examining the Neural Circuitry Underlying Fear Conditioning,Grisham,38323045,10.59390/kysi6629,W4394741181; W4411592864,1,,2022: 1,1,2026-09-27
JUNE-20-2-12,2022,20,2,article,True,Enhancing Student Research Experiences with Open Data from the Allen Brain Map,Casimo,38323046,10.59390/NWXO4043,W4394740182,6,,2022: 2; 2023: 2; 2024: 2,5,2026-09-27
JUNE-20-2-13,2022,20,2,article,True,Adapting Case Studies for Synchronous and Asynchronous Online Courses,Cook-Snyder,38323062,10.59390/NFRQ7249,W4394748898,4,,2022: 1; 2024: 2; 2025: 1,4,2026-09-27
JUNE-20-2-14,2022,20,2,article,True,Teaching About Sex and Gender in Neuroscience: More Than Meets the “XY”,Casto,38323054,10.59390/AZVZ2988,W4394739238,5,,2022: 1; 2023: 1; 2024: 2; 2026: 1,5,2026-09-27
JUNE-20-2-15,2022,20,2,article,True,"PROJECT DiViNe: DIVERSE VOICES IN NEUROSCIENCE: Profiles of Rita Levi-Montalcini, Ricardo Miledi, Simon LeVay, Erich Jarvis, and Steve Ramirez",Frenzel,38323060,10.59390/LVJD2796,W4394761150,3,,2022: 2; 2024: 1,3,2026-09-27
JUNE-20-2-16,2022,20,2,article,True,"Deceived, Confused, or Peer Reviewed? Critical Information Literacy in a First-year Neuroscience Course",Gold,38323066,10.59390/BKPW4729,W4394738565,3,,2022: 1; 2025: 1; 2026: 1,1,2026-09-27
JUNE-20-2-17,2022,20,2,article,True,Virtual/Remote Labs for Fluorescent Immunocytochemistry or Western Blotting: The Next Best Thing to Being There,Morrison,38323057,10.59390/XCGJ3727,W4394768056,1,,2022: 1,1,2026-09-27
JUNE-20-2-18,2022,20,2,article,True,"Online Neuroscience Instruction: Insights, Lessons Learned, and Moving Forward",Wee,38323053,10.59390/PQJQ5721,W4394742318,3,,2022: 1; 2024: 1; 2025: 1,2,2026-09-27
JUNE-20-2-19,2022,20,2,article,True,"Designing a Simulation Lab: The Process that Led to Action Potentials Explored and Extended, Two Simulation-Based Neurobiology Labs",Meir,38323065,10.59390/LLWZ6243,W4394764810,7,,2022: 3; 2023: 3; 2026: 1,4,2026-09-27
JUNE-20-2-20,2022,20,2,article,True,Structured Worksheets: Simple Active Learning Strategies to Increase Transparency and Promote Communication,Buffalari,38323058,10.59390/VOHJ7109,W4394763532,5,,2022: 1; 2024: 3; 2025: 1,3,2026-09-27
JUNE-20-2-21,2022,20,2,article,True,Teaching to Empower: Leveraging the Neuroscience of Now to Help Students Become Self-Regulated Learners,Imad,38323061,10.59390/WTLQ2344,W4394766233,10,,2022: 2; 2024: 1; 2025: 4; 2026: 3,3,2026-09-27
JUNE-20-2-22,2022,20,2,article,True,Digital Timeline Assignment of Key Opioid Research Articles Spanning Five Decades,Hill,38323051,10.59390/TVRA6768,W4394758420,1,,2022: 1,1,2026-09-27
JUNE-20-2-23,2022,20,2,article,True,A Resource to Future Proof the Laboratory in Uncertain Times,Calderon,38323049,10.59390/DCXY9279,W4394767564,5,,2022: 1; 2023: 2; 2025: 1; 2026: 1,2,2026-09-27
JUNE-20-2-24,2022,20,2,article,True,TrainingSpace: Neuroscience Education without Borders,George,38323044,10.59390/BIWD8550,W4394750802,2,,2022: 1; 2024: 1,3,2026-09-27
JUNE-20-2-25,2022,20,2,article,True,Neurosim: Some Thoughts on Using Computer Simulation in Teaching Electrophysiology,Heitler,38323048,10.59390/JGIP5297,W4394754414,11,,2022: 4; 2023: 2; 2024: 2; 2025: 2; 2026: 1,12,2026-09-27
JUNE-20-2-26,2022,20,2,article,True,Meeting Behind the Seen: Synchronous Teaching without Virtual Meeting Fatigue,Upchurch,38323043,10.59390/WXIP5336,W4394760964,2,,2022: 1; 2025: 1,1,2026-09-27
JUNE-20-2-27,2022,20,2,article,True,Neuroscience Ambassadors: Creating a Network of Academia-Community Partnerships,Flaisher-Grinberg,38323050,10.59390/LVZC1043,W4394758693,3,,2022: 1; 2023: 1; 2025: 1,3,2026-09-27
JUNE-20-2-28,2022,20,2,review,True,Open Education Resources for Neuroscience,Leussis,38323041,10.59390/CVBF7454,W4394738602,4,,2022: 1; 2023: 1; 2025: 1; 2026: 1,5,2026-09-27
JUNE-20-3-01,2022,20,3,editorial,False,EDITOR IN CHIEF: Growing and Evolving after Twenty Years of Neuroscience Education Scholarship,Ramos,39036721,10.59390/ABRK8282,W4390424081,0,,,0,2026-09-27
JUNE-20-3-02,2022,20,3,editorial,False,EDITORIAL: Teach Me and I’ll Remember,Bayline,39036722,10.59390/LHJI3567,W4390424115,0,,,0,2026-09-27
JUNE-20-3-03,2022,20,3,editorial,False,OPINION: Lessons Learned in Developing Virtual Neuroscience Labs,Canal,39036718,10.59390/FCUJ4587,W4390424144,0,,,0,2026-09-27
JUNE-20-3-04,2022,20,3,article,False,Active Learning and Community Engagement: Pedagogical Synergy through the “Mobile Neuroscience Lab” Project,Gilbertson,39036717,10.59390/VUNA6753,W4390424135,2,,2024: 1; 2026: 1,1,2026-09-27
JUNE-20-3-05,2022,20,3,article,False,Effective Development of a Remote Full-Day Summer Neuroscience Program at the University of Pennsylvania,Hipolit,39036714,10.59390/PDWF1446,W4390424088,0,,,0,2026-09-27
JUNE-20-3-06,2022,20,3,article,False,Feasibility and Utility of a Virtual Reality Laboratory Exercise in an Undergraduate Neuroscience Course,Broomell,39036723,10.59390/ZYCY4696,W4390424085,0,,,0,2026-09-27
JUNE-20-3-07,2022,20,3,article,False,An Online Course in Contemplative Neuroscience Increases Dispositional Mindfulness and Reduces Meditation Barriers,Wolfe,39036720,10.59390/EEBD8126,W4390424090,1,,2023: 1,0,2026-09-27
JUNE-20-3-08,2022,20,3,article,False,Opportunities to Discuss Diversity-Related Topics in Neuroscience Courses,Schreiber,39036724,10.59390/AOIN4016,W4390424078,0,,,1,2026-09-27
JUNE-20-3-09,2022,20,3,article,False,Recording from Snail Motor Nerves to Investigate Central Pattern Generation,Wyttenbach,39036715,10.59390/JCRT2250,W4390424093,0,,,0,2026-09-27
JUNE-20-3-10,2022,20,3,article,False,The FUN Exchange: A Community-Driven Repository of Resources for Neuroscience Educators,Jorgensen,39036713,10.59390/IVWG3242,W4390424133,0,,,0,2026-09-27
JUNE-20-3-11,2022,20,3,article,False,Measuring Sex Differences in the Corpus Callosum by Undergraduates at a Small and a Large Institution,Leung,39036716,10.59390/FULX3501,W4390424077,1,,2026: 1,0,2026-09-27
JUNE-20-3-12,2022,20,3,review,False,AMAZING PAPERS IN NEUROSCIENCE: Teaching the Applications of CRISPR/Cas9: Using the African Turquoise Killifish as a Novel Model of Aging and Age-Related Diseases,Hooper,39036719,10.59390/XZQL5300,W4390424074,1,,2024: 1,0,2026-09-27
JUNE-20-3-13,2022,20,3,review,False,"BOOK REVIEW: Connecting Dots Between Psychiatry, Neuroscience, and Memory: A Review of A Sense of Self: Memory, The Brain, and Who We Are by Veronica O’Keane",Hu,,10.59390/KCBV9244,W4390424098,0,,,,2026-09-27
JUNE-20-3-14,2022,20,3,review,False,BOOK REVIEW: So You Want to be a Neuroscientist by Ashley Juanvinett,close,,10.59390/OMGV8486,W4390424079,0,,,,2026-09-27
JUNE-21-1-01,2022,21,1,editorial,False,EDITOR IN CHIEF: The New and Even Better Normal,Reynolds,38322042,10.59390/VPAG4551,W4390358969,0,,,0,2026-09-27
JUNE-21-1-02,2022,21,1,article,False,Promoting Scientific Exchange and Student Training through Scientific Meetings; Insights from a Joint Virtual Undergraduate Neuroscience Conference During the COVID-19 Pandemic,Carter,38322052,10.59390/CBUS7460,W4390358949,1,,2022: 1,1,2026-09-27
JUNE-21-1-03,2022,21,1,article,False,"Teaching Neuroscience: Reviving Neuroanatomy, Notes on the 2022 Society for Neuroscience Professional Development Workshop on Teaching",Casimo,38322051,10.59390/BITB4303,W4390358978,3,,2022: 1; 2026: 2,1,2026-09-27
JUNE-21-1-04,2022,21,1,article,False,A Versatile Psychoneuroimmunology Course-based Undergraduate Research Experience,Mesmer,38322050,10.59390/OWVW3847,W4390358976,7,,2022: 2; 2023: 1; 2025: 3; 2026: 1,2,2026-09-27
JUNE-21-1-05,2022,21,1,article,False,NeuroStudies: A Model of an Interdisciplinary Neuroscience Studies Minor,Franssen,38322043,10.59390/FBNZ6901,W4390358966,1,,2022: 1,1,2026-09-27
JUNE-21-1-06,2022,21,1,article,False,The Mismatch Between Neuroscience Graduate Training and Professional Skill Sets,Shah,38322044,10.59390/PYRM1880,W4390358983,7,,2022: 1; 2023: 1; 2024: 2; 2025: 1; 2026: 2,3,2026-09-27
JUNE-21-1-07,2022,21,1,article,False,The Creation of High-Resolution Brain Cross-sections for 3D Printing and Virtual Reality Applications,Minear,38322048,10.59390/CVGG3853,W4390358944,2,,2022: 1; 2024: 1,2,2026-09-27
JUNE-21-1-08,2022,21,1,article,False,A Course Design for Remote Teaching Advanced Topics in Neuroscience,Ramos,38322047,10.59390/GSXQ3224,W4390358946,4,,2022: 2; 2025: 2,3,2026-09-27
JUNE-21-1-09,2022,21,1,article,False,Using Zebrafish Embryos to Study Pharmacological Effects on Neural Development in Hands-On Neurobiology Laboratory Activities,Schoenfeld,38322046,10.59390/RAKO7898,W4390358951,1,,2022: 1,2,2026-09-27
JUNE-21-1-10,2022,21,1,article,False,Student Evaluation of a Learning Community Model Adapted to Student and Curriculum Needs,Yu,38322049,10.59390/EVAY3425,W4390358967,1,,2022: 1,1,2026-09-27
JUNE-21-1-11,2022,21,1,article,False,Pipette Olympics: An Engaging Exercise for Undergraduate Laboratory Training,Richter,38322045,10.59390/NOYQ7921,W4390358964,4,,2022: 1; 2025: 2; 2026: 1,3,2026-09-27
JUNE-21-2-01,2023,21,2,editorial,False,EDITOR IN CHIEF: Of Chatbots and Colonizers,Reynolds,37588645,10.59390/YLHJ6332,W4385742353,1,,2024: 1,1,2026-09-27
JUNE-21-2-02,2023,21,2,editorial,False,EDITORIAL: The 2022 Faculty for Undergraduate Neuroscience Faculty Awards,Rinehart,37588642,10.59390/JPOE3730,W4385742336,0,,,0,2026-09-27
JUNE-21-2-03,2023,21,2,editorial,False,EDITORIAL: Using Open Neuroscience to Advance Equity in the Pedagogy and Research Infrastructure in Colleges/Universities Still Financially Impacted by COVID-19: The Emergence of a Global Resource Network Aimed at Integrating Neuroscience and Society,Chagas,37588641,10.59390/JVIC5712,W4385898725,1,,2024: 1,1,2026-09-27
JUNE-21-2-04,2023,21,2,article,False,Cross-Course Harmonized Assignments in Neuroscience,Branco,37588643,10.59390/BOTF3129,W4385742314,0,,,1,2026-09-27
JUNE-21-2-05,2023,21,2,article,False,An Affordable Three-Dimensional (3D) Printed Recording Chamber for Two-Electrode Voltage Clamp Electrophysiology,Shogren,37588644,10.59390/VSKD5667,W4385719330,1,,2026: 1,1,2026-09-27
JUNE-21-2-06,2023,21,2,article,False,The COVID-19 and Taste Lab: A Mini Course-based Undergraduate Research Experience on Taste Differences and COVID-19 Susceptibility,Wickham,37588646,10.59390/FDMA5232,W4385742338,2,,2024: 1; 2025: 1,1,2026-09-27
JUNE-21-2-07,2023,21,2,article,False,Sleepy Mice Case Study: Implementation and Assessment,Gaudier-Diaz,37588653,10.59390/RHSN3470,W4385742349,4,,2023: 1; 2024: 2; 2025: 1,3,2026-09-27
JUNE-21-2-08,2023,21,2,article,False,Comparing Student Performance in Emergency Remote and Face-to-Face Collaborative Learning Courses,Azizi,37588654,10.59390/AXNC2524,W4385742303,3,,2025: 2; 2026: 1,1,2026-09-27
JUNE-21-2-09,2023,21,2,article,False,The NEURON Program: Utilizing Low-Cost Neuroscience for Remote Education Outreach,Ramadan,37588648,10.59390/HMMK4371,W4385742317,7,,2023: 3; 2024: 3; 2025: 1,6,2026-09-27
JUNE-21-2-10,2023,21,2,article,False,An Undergraduate Laboratory Series Using C. elegans That Prepares Students for Independent Inquiry,Quinan,37588649,10.59390/XPYK3682,W4385742307,2,,2024: 1; 2026: 1,1,2026-09-27
JUNE-21-2-11,2023,21,2,article,False,Quantitative and Qualitative Representation of Introductory and Advanced EEG Concepts: An Exploration of Different EEG Setups,Hatton,37588651,10.59390/GEBE4090,W4385742301,6,,2024: 4; 2026: 2,4,2026-09-27
JUNE-21-2-12,2023,21,2,article,False,Smartphone-enabled Web-based Simulation of Cellular Neurophysiology for Laboratory Course and its Effectiveness,Yamamoto,37588650,10.59390/RCVF6232,W4385742296,4,,2023: 2; 2025: 2,3,2026-09-27
JUNE-21-2-13,2023,21,2,article,False,Effects of a Service-Learning Neuroscience Course on Mood and Intergroup Anxiety,Flanagan-Cato,37588647,10.59390/HXTQ3326,W4385742293,2,,2024: 2,0,2026-09-27
JUNE-21-2-14,2023,21,2,review,False,AMAZING PAPERS IN NEUROSCIENCE: Remyelination and Ageing: Ethical Considerations of Using Surgically Joined Animals in Research,close,37588652,10.59390/SBPM5289,W4385742292,0,,,0,2026-09-27
JUNE-22-1-01,2023,22,1,editorial,False,"EDITORIAL: SfN 2023 Report: It’s the Most Wonderful Time of the Year, JUNE and FUN Faculty Awards",Reynolds,,10.59390/SBMG5429,W4390490095,1,,2024: 1,,2026-09-27
JUNE-22-1-02,2023,22,1,article,False,A Versatile Semester-Long Course-Based Undergraduate Research Experience using Optogenetics and RNAi to Identify Genes Important for Synapse Function,Luth,38322408,10.59390/MEDI5423,W4390424074; W4390490087,1,,2024: 1,2,2026-09-27
JUNE-22-1-03,2023,22,1,article,False,PopScience: Teaching Students to Communicate Scientific Findings to the General Public,Gill,38322402,10.59390/KYOE5906,W4390424098; W4390490125,1,,2024: 1,1,2026-09-27
JUNE-22-1-04,2023,22,1,article,False,Early-Career Pedagogical Practice: The Value of Training Undergraduates to Teach,Carr,38322403,10.59390/XYFR3420,W4390490112,0,,,0,2026-09-27
JUNE-22-1-05,2023,22,1,article,False,Does Insomnia Cause Revenge Seeking Behavior? Using a Puzzle-Based Sleep Lab Educational Escape Room to Teach Circadian Rhythms in a Large Introductory Neuroscience Course,Nakashyan,38322401,10.59390/ZGTH8157,W4390490135,0,,,1,2026-09-27
JUNE-22-1-06,2023,22,1,article,False,Poppy Seed Consumption and Oral Fluid Opioids Detection: A Classroom Demonstration of Psychopharmacological Concepts,Flaisher-Grinberg,38322397,10.59390/JWNQ5957,W4390490104,0,,,0,2026-09-27
JUNE-22-1-07,2023,22,1,article,False,Using Drosophila Two-Choice Assay to Study Optogenetics in Hands-On Neurobiology Laboratory Activities,Fu,38322398,10.59390/SDWH9124,W4390490118,2,,2025: 2,3,2026-09-27
JUNE-22-1-08,2023,22,1,article,False,Reducing Brain Injury Misconceptions and Willingness to Risk Concussion with a Three-Week Introductory-level Neuroscience Course,Gordon,38322399,10.59390/LEAF8930,W4390490126,0,,,0,2026-09-27
JUNE-22-1-09,2023,22,1,article,False,Primary Afferent Depolarization and the Gate Control Theory of Pain: A Tutorial Simulation,Heitler,38322407,10.59390/PWFC1224,W4390490061,12,,2024: 4; 2025: 4; 2026: 4,6,2026-09-27
JUNE-22-1-10,2023,22,1,article,False,CASE STUDY: Mapping Human Neuronal Diversity in the Search for New Therapeutics: Using Real Human Neuron Data Sets to Build Student Quantitative Skills,Milligan,38322396,10.59390/OGTZ5579,W4390490078,0,,,0,2026-09-27
JUNE-22-1-11,2023,22,1,article,False,Teaching Scientific Literature Analysis: A Systematic Adoption of Skill-Building Methods to Enrich Research Training for Undergraduate Students,Venugopal,38322405,10.59390/AWCF3324,W4390490128,0,,,0,2026-09-27
JUNE-22-1-12,2023,22,1,review,False,AMAZING PAPERS IN NEUROSCIENCE: Teaching Synaptic Transmission Using Primary Literature: A Skills-Focused Pedagogical Approach,Payne,38322406,10.59390/NYOR9047,W4390490099,0,,,0,2026-09-27
JUNE-22-1-13,2023,22,1,review,False,AMAZING PAPERS IN NEUROSCIENCE: Unlocking Hidden Awareness: Repurposing fMRI to Detect Levels of Consciousness,close,38322404,10.59390/ZWBM2077,W4390490084,0,,,0,2026-09-27
JUNE-22-2-01,2024,22,2,editorial,True,"EDITORIAL: Proceedings of the 2023 Faculty for Undergraduate Neuroscience Workshop at Western Washington University, Bellingham, WA, July 27-30, 2023",Basu,39280709,10.59390/YHHG1147,W4401406273,0,,,1,2026-09-27
JUNE-22-2-02,2024,22,2,editorial,True,Reimagining Neuroscience Education: Teaching “Life” as a Step Towards Social Justice,Rollins,39280708,10.59390/CZDJ9168,W4402581589,0,,,0,2026-09-27
JUNE-22-2-03,2024,22,2,editorial,True,The Art of NOW: Mentoring to Address Hidden Curriculum in Undergraduate Neuroscience Education,Balls-Berry,39280706,10.59390/DKPK6058,W4401406939,5,,2024: 1; 2025: 1; 2026: 3,1,2026-09-27
JUNE-22-2-04,2024,22,2,editorial,True,Unpacking and Utilizing of Neuroscience Core Concepts,Chen,39280711,10.59390/IFWT3187,W4401407023,5,,2024: 2; 2025: 1; 2026: 2,3,2026-09-27
JUNE-22-2-05,2024,22,2,editorial,True,Of Chatbots and Colonizers: A FUN Workshop Mini Symposium,Neem,39280718,10.59390/LHNR3855,W4401406679,1,,2024: 1,0,2026-09-27
JUNE-22-2-06,2024,22,2,article,True,You’re Getting on my Nerves! A Board Game to Teach Action Potential Propagation and Cable Properties,Nemes-Baran,39280717,10.59390/RGZE2690,W4401406225,2,,2024: 2,2,2026-09-27
JUNE-22-2-07,2024,22,2,article,True,A Case for the Use of Open Data as a Tool to Incorporate Socioscientific Topics into Neuroscience Education,Meuler,39280710,10.59390/YKOU9984,W4401406913,3,,2024: 1; 2026: 2,1,2026-09-27
JUNE-22-2-08,2024,22,2,article,True,Integrating Programming into Neuroscience Courses,Juavinett,39280707,10.59390/PYYP5010,W4401406226,3,,2024: 1; 2025: 1; 2026: 1,1,2026-09-27
JUNE-22-2-09,2024,22,2,article,True,"Designing and Teaching Courses on Sex, Gender, and the Brain: Two Implementations in the Undergraduate Classroom",Leninger,39280719,10.59390/FZWH1820,W4401406900,2,,2024: 1; 2025: 1,0,2026-09-27
JUNE-22-2-10,2024,22,2,article,True,"microPublication Biology : An introduction to Publishing and Teaching with a Small-Format, Peer-Reviewed Journal",Dahlberg,39280712,10.59390/AUIV7625,W4401406260,2,,2024: 1; 2026: 1,0,2026-09-27
JUNE-22-2-11,2024,22,2,article,True,Building Community and Developing Professionally through FUN Final Friday Sessions,Eaton,39280713,10.59390/WMPH6827,W4401385836,1,,2024: 1,0,2026-09-27
JUNE-22-2-12,2024,22,2,article,True,Increasing Accessibility Through Popular Press Books into Neuroscience Coursework,Gill,39280705,10.59390/SWZD5930,W4401406263,2,,2024: 1; 2025: 1,1,2026-09-27
JUNE-22-2-13,2024,22,2,article,True,Mini-Symposium: Training the Trainers of the Next Generation of Neuroscience Advocates,Hartvigsen,39280716,10.59390/KBMK3931,W4401385813,2,,2024: 1; 2025: 1,1,2026-09-27
JUNE-22-2-14,2024,22,2,article,True,"Centering Diversity, Equity, and Inclusion in Graduate Admissions",Tan,39280714,10.59390/OETW7461,W4401406266,2,,2025: 2,1,2026-09-27
JUNE-22-2-15,2024,22,2,article,True,Teaching the Nature of Science Improves Scientific Literacy Among Students Not Majoring in STEM,Donley,39280704,10.59390/HRWL6927,W4401406258,3,,2024: 1; 2025: 1; 2026: 1,0,2026-09-27
JUNE-22-2-16,2024,22,2,article,True,Making an Effective Flipped Neuroscience Lab by Approaching Students from their Emoticons,Fu,39280715,10.59390/DXCG7777,W4402582500,1,,2024: 1,0,2026-09-27
JUNE-22-3-01,2024,22,3,editorial,False,EDITOR IN CHIEF: And We’ll Have FUN FUN FUN,Reynolds,39355676,10.59390/GZLW1868,W4402087252,0,,,0,2026-09-27
JUNE-22-3-02,2024,22,3,article,False,Sherlock Holmes and the Neurophysiologists: Unraveling the “Mystery” of Active Learning Success,French,39355673,10.59390/EHEK8915,W4402087219,1,,2024: 1,0,2026-09-27
JUNE-22-3-03,2024,22,3,article,False,Integrating Intercultural Competence into a Neuroscience Curriculum through a Short-Term Study Abroad Program,Herin,39355671,10.59390/PVEC2816,W4402087246,1,,2024: 1,0,2026-09-27
JUNE-22-3-04,2024,22,3,article,False,Use of Buzz Buttons to Illustrate Taste Perception Principles in a Sensation and Perception Laboratory Exercise,Jeye,39355669,10.59390/BCLX3929,W4402081176,1,,2024: 1,0,2026-09-27
JUNE-22-3-05,2024,22,3,article,False,Forbidden Neurds: A Neuroscience Word Game,Kaur,39355667,10.59390/PAHQ2595,W4402087234,1,,2024: 1,0,2026-09-27
JUNE-22-3-06,2024,22,3,article,False,Low-Cost Classroom and Laboratory Exercises for Investigating Both Wave and Event-Related Electroencephalogram Potentials,Smith,39355672,10.59390/YNPH4485,W4402087225,2,,2024: 1; 2026: 1,0,2026-09-27
JUNE-22-3-07,2024,22,3,article,False,Neurosimilator for Undergraduate Biophysics and Neurophysiology Courses,Dupuis,39355677,10.59390/MIUV3158,W4402087196,2,,2024: 2,0,2026-09-27
JUNE-22-3-08,2024,22,3,article,False,Neurodiversity in the Minds of Students: From Perception to Campus Programming,Castleman,39355662,10.59390/QCWZ6366,W4402081144,5,,2024: 2; 2025: 1; 2026: 2,1,2026-09-27
JUNE-22-3-09,2024,22,3,article,False,The Neuroscience Research Opportunities to Increase Diversity Program: Transformative and Successful Research Training Strategies for Undergraduate Students within Hispanic Serving Institutions,Maldonado-Vlaar,39355675,10.59390/ZGLZ3652,W4402087237,2,,2024: 1; 2025: 1,1,2026-09-27
JUNE-22-3-10,2024,22,3,article,False,The Efficacy of a Novel Board Game to Teach Cable Properties to Introductory Neuroscience Undergraduate Students,Rydbom,39355674,10.59390/RWPQ9487,W4402087242,1,,2024: 1,0,2026-09-27
JUNE-22-3-11,2024,22,3,article,False,Memphis NeuroSTART Program: Promoting Student Success and Increasing the Diversity of Applicants to Neuroscience Graduate Programs,Sable,39355663,10.59390/YGCW6032,W4402087189,1,,2024: 1,0,2026-09-27
JUNE-22-3-12,2024,22,3,article,False,Virtual Dissection Table Case Studies for Undergraduate Neuroanatomy Written Assignments,Wang,39355668,10.59390/JDOG5046,W4402081140,5,,2024: 1; 2025: 1; 2026: 3,1,2026-09-27
JUNE-22-3-13,2024,22,3,article,False,"Interactive Notebooks Improve Students’ Understanding of Developmental Neurobiology, Attitudes Toward Research, and Experimental Design Competency in a Lecture-Based Neuroscience Course",Reyes-Nava,39355666,10.59390/NQCA2038,W4402087193,1,,2024: 1,0,2026-09-27
JUNE-22-3-14,2024,22,3,article,False,An In-depth Exploration of the Interplay between fMRI Methods and Theory in Cognitive Neuroscience,Huffman,39355664,10.59390/ZABM1739,W4402087194,2,,2024: 2,0,2026-09-27
JUNE-22-3-15,2024,22,3,article,False,Using BioRender for Active Learning: Exploring Learning-Style Preference and Visual-Spatial Ability in Undergraduate Students,Ha,39355670,10.59390/QWMZ9919,W4402087239,7,,2024: 1; 2025: 3; 2026: 3,2,2026-09-27
JUNE-22-3-16,2024,22,3,review,False,Introducing BRAINOER: The Behavioral Research and Interdisciplinary Neuroscience Open Educational Repository,close,39355665,10.59390/SYLO7794,W4402087224,2,,2024: 1; 2025: 1,1,2026-09-27
JUNE-23-1-01,2024,23,1,editorial,False,EDITOR IN CHIEF: SfN 2024 report: Sweet Home Chicago – JUNE and FUN Faculty Awards,Reynolds,39810966,10.59390/ZKGV9815,W4406075222,0,,,0,2026-09-27
JUNE-23-1-02,2024,23,1,editorial,False,EDITORIAL: Historical Depictions of the Brain: The Origins from the Non-Western World,Yousef,39810963,10.59390/ZTVE5756,W4406075237,0,,,0,2026-09-27
JUNE-23-1-03,2024,23,1,editorial,False,"EDITORIAL: Approaching Diversity, Equity, And Inclusion in The Faculty for Undergraduate Neuroscience: Are we There Yet?",Neuwirth,39810965,10.59390/EUCP1513,W4406075224,0,,,0,2026-09-27
JUNE-23-1-04,2024,23,1,article,False,Effects of Gamification on Student Success and Perception of Instruction in Neuroanatomy: A Retrospective Analysis,Fry,39810962,10.59390/XSMV4309,W4406075220,3,,2025: 1; 2026: 2,4,2026-09-27
JUNE-23-1-05,2024,23,1,article,False,"Active Learning Exercises in Synaptic Physiology and Connectivity for the Neuroscience Lecture Hall, Laboratory Course, or Outreach Setting",Meadows,39810961,10.59390/QDTW7457,W4406075241,1,,2026: 1,0,2026-09-27
JUNE-23-1-06,2024,23,1,article,False,An Integrative Brain and Behavior CURE (Course-Based Undergraduate Research Experience) Using Immunohistochemistry in the Fighting Fish Betta splendens,Crescencio,39810968,10.59390/AFSC6949,W4406075238,0,,,0,2026-09-27
JUNE-23-1-07,2024,23,1,article,False,How to Integrate Neuroethics into a Neuroscience Course – And Drive Student Engagement with Core Concepts,Boyd,39810964,10.59390/ZBGO4273,W4406075231,0,,,0,2026-09-27
JUNE-23-1-08,2024,23,1,review,False,AMAZING PAPERS IN NEUROSCIENCE: Primary Literature for Teaching Neuroimmunology – An Instructor’s Resource,close,39810967,10.59390/QLFC4698,W4406075259,1,,2025: 1,0,2026-09-27
JUNE-23-2-01,2025,23,2,editorial,False,EDITOR IN CHIEF: A Call to Action,Reynolds,40655173,10.59390/AWFZ8889,W4411598755,0,,,0,2026-09-27
JUNE-23-2-02,2025,23,2,editorial,False,EDITORIAL: Open Educational Resources for Undergraduate Neuroscience Education,Hutchins,40655174,10.59390/JDTX8529,W4411598857,0,,,0,2026-09-27
JUNE-23-2-03,2025,23,2,article,False,A Cross-Course Experiment with a Word Recall Task and Salivary Cortisol Measurements,Ruscio,40655176,10.59390/XIIC7680,W4411598850,0,,,0,2026-09-27
JUNE-23-2-04,2025,23,2,article,False,Teaching Principles of an Action Potential Using Candy,Surendran,40655179,10.59390/KCYI1299,W4411598751,1,,2026: 1,0,2026-09-27
JUNE-23-2-05,2025,23,2,article,False,Undergraduate Learning Assistants Using Online Messaging Improves Student Educational Experiences in Large Neuroscience Lecture Course,Lav,40655178,10.59390/VWEM4773,W4411598859,0,,,0,2026-09-27
JUNE-23-2-06,2025,23,2,article,False,Using Case Studies from Neurocase to Promote an Understanding of and Appreciation for Behavioral and Forensic Neuroscience,Flint,40655180,10.59390/GZAT7086,W4411598772,1,,2025: 1,1,2026-09-27
JUNE-23-2-07,2025,23,2,article,False,Long-Term Learning Gains in Students Using Community Based Learning,Stevens,40655175,10.59390/NKAY3491,W4411598800,2,,2025: 1; 2026: 1,1,2026-09-27
JUNE-23-2-08,2025,23,2,article,False,Call for collaboration: Drafting a concept inventory for assessing neuroscience courses and curriculum,Gaudier-Diaz,40655177,10.59390/ZNKC2166,W4411598798,0,,,0,2026-09-27
JUNE-23-2-09,2025,23,2,article,False,Addiction Education in the Undergraduate Space: A Novel Course Connecting Neurobiology of Addiction and Compassion for Individuals with Substance Use Disorder,Newman,40655172,10.59390/IPNN1533,W4411598786,0,,,0,2026-09-27
JUNE-23-2-10,2025,23,2,article,False,Escape from traditional learning: A neuroscience escape room activity for neuroscience education,Munoz,40655170,10.59390/DSQC2202,W4411598815,1,,2026: 1,0,2026-09-27
JUNE-23-2-11,2025,23,2,article,False,Biopsychology Lab: COMT Genotype Associations with Vagal Tone and Frontal Alpha Asymmetry,Smith,40655171,10.59390/SMML6995,W4411598759,1,,2025: 1,0,2026-09-27
JUNE-24-1-01,2025,24,1,article,False,A Model for Statewide Educational Outreach to Undergraduates: Implications From a Neuropsychology Outreach Program,Schaefer,42065102,10.59390/001c.146553,W7117709486,0,,,0,2026-09-27
JUNE-24-1-02,2025,24,1,article,False,A Novel Practical Session to Teach Concepts of Allometric Scaling of Brain Structures to Undergraduate Students Using Vertebrate Brains,Cammies,42065109,10.59390/001c.154559,W7117730504,0,,,0,2026-09-27
JUNE-24-1-03,2025,24,1,review,False,AMAZING PAPERS in NEUROSCIENCE: Teaching Neurodevelopment Through the Discovery of Adult Neurogenesis,Cunningham,42065103,10.59390/001c.154518,W7117742399,0,,,0,2026-09-27
JUNE-24-1-04,2025,24,1,article,False,An Advanced Undergraduate Laboratory Course: Calcium Imaging and Data Analysis – a Mini Graduate Research Experience,Bai,42065111,10.59390/001c.154223,W7117660132,0,,,0,2026-09-27
JUNE-24-1-05,2025,24,1,review,False,Beyond the Brain Song: Can Music Help Us Teach Undergraduate Neuroscience? A Review of From Perception to Pleasure: The Neuroscience of Music and Why We Love It,Craton,,10.59390/001c.154550,W7117717052,0,,,,2026-09-27
JUNE-24-1-06,2025,24,1,article,False,"Effect of Neutral and Negative Images on Galvanic Skin Response: An Activity for Courses in Forensic, Affective, and Behavioral Neuroscience",Flint,42065105,10.59390/001c.154524,W7117531927,0,,,0,2026-09-27
JUNE-24-1-07,2025,24,1,article,False,Exploring the Impact of Online Education on Scientific Presentation Skills in Women Neuroscience Students,Dutton,41640811,10.59390/001c.155318,W7125695692,0,,,0,2026-09-27
JUNE-24-1-08,2025,24,1,article,False,Investigating the Neural Control of Social Behavior in Drosophila melanogaster Using a Low-Cost Optogenetics System,Hoopfer,42065110,10.59390/001c.147378,W7117580635,0,,,0,2026-09-27
JUNE-24-1-09,2025,24,1,article,False,Mindset Variations Among Undergraduate Neuroscience Students,Jones,42065108,10.59390/001c.154215,W7123350856,1,,2026: 1,0,2026-09-27
JUNE-24-1-10,2025,24,1,editorial,False,SfN 2025 Report: JUNE and FUN Faculty Awards,Kang,,10.59390/001c.154876,W7123469183,0,,,,2026-09-27
JUNE-24-1-11,2025,24,1,article,False,The Simplified BrainTower and Pipe Cleaners: Model Building as a Learning Tool in Neuroscience,Doherty,42065104,10.59390/001c.153902,W7117973824,0,,,0,2026-09-27
JUNE-24-1-12,2025,24,1,article,False,Undergraduate Student Experience and Motivation Influence Perceived Benefits of Participation in Community Outreach,Martin,42065107,10.59390/001c.146556,W7117993377,0,,,0,2026-09-27
JUNE-24-2-01,2026,24,2,article,False,An Inquiry-Based Lab Exercise Investigating Student Cortisol Responses to Giving a Graded In-Class Presentation,Baran,,10.59390/001c.157973,W7155371974,0,,,,2026-09-27
JUNE-24-2-02,2026,24,2,article,False,Comparative Investigations of the Neurophysiological Mechanisms of Escape Behavior: A Course-based Undergraduate Research Experience,Wengert,,10.59390/001c.160661,W7163587194,0,,,,2026-09-27
JUNE-24-2-03,2026,24,2,article,False,"Creative, Socially-Minded Communication Project on Neurodivergences Increases Self-Reported Content Knowledge, Collaboration Skills, and Personal Allyship",Holmes,,10.59390/001c.162900,W7165792751,0,,,,2026-09-27
JUNE-24-2-04,2026,24,2,article,False,Fostering Belonging Through Introducing Diverse Scientists in Undergraduate Neuroscience Lectures,Northcutt,,10.59390/001c.161078,W7165657154,0,,,,2026-09-27
JUNE-24-2-05,2026,24,2,article,False,MacGyver Neuroscience: Cost-Effective Laboratory Exercises for Pre-Health Education,Foo,,10.59390/001c.161862,W7162528007,0,,,,2026-09-27
JUNE-24-2-06,2026,24,2,article,False,Spinal Cord Anatomy for Visually Impaired Students: The Development of 3D-Printed Educational Models,Ferreira,42433257,10.59390/001c.163854,W7167675824,0,,,0,2026-09-27
JUNE-24-2-07,2026,24,2,article,False,Transforming a Large-Enrollment Neuroscience Course With Active Learning: Using AI-Based Text Analysis to Capture What Traditional Evaluations Miss,Teles,42433258,10.59390/001c.163545,W7167727887,0,,,0,2026-09-27
JUNE-24-2-08,2026,24,2,article,False,Use of a Smartphone-Based App in an Online Behavioral Neuroscience Lab Course,de Oca,,10.59390/001c.163102,W7166887364,0,,,,2026-09-27
JUNE-24-2-09,2026,24,2,article,False,“I Can Code”: An Innovative Workshop Introducing Students to Coding in the Context of Neuroscience Research,Iemi,,10.59390/001c.160812,W7161730786,0,,,,2026-09-27
JUNE-05-2-14,2007,5,2,editorial,False,The Society for Neuroscience and the Undergraduate,Stuart,23495312,,W290478210,2,2,2009: 1; 2010: 1,2,2026-09-27
