item_id,title,match_method,match_score,suggested_pmid,suggested_title,pubmed_title,pubmed_doi,pubmed_types,pages_source,doi_source,flags,reviewed
JUNE-01-1-01,Introducing The Journal of Undergraduate Neuroscience Education (JUNE),pages,0.92,,,Introducing The Journal of Undergraduate Neuroscience (JUNE).,,Journal Article,PubMed,,no authors found,False
JUNE-01-1-02,The Emergence of Non-Match-to-Sample Behavior in the Developing Rat Pup,pages,0.95,,,The Emergence of Non-Match-to-Sample Behavior in the Developing Rat Pup.,,Journal Article,PubMed,,,False
JUNE-01-1-03,And The Winner Is: Inviting Hollywood into the Neuroscience Classroom,pages,0.95,,,And the winner is: inviting hollywood into the neuroscience classroom.,,Journal Article,PubMed,,,False
JUNE-01-1-04,Exploring Neurogenesis in Crustaceans,pages,0.95,,,Exploring neurogenesis in crustaceans.,,Journal Article,PubMed,,,False
JUNE-01-1-05,Action Potentials in a Giant Algal Cell: A Comparative Approach to Mechanisms and Evolution of Excitability,pages,0.95,,,Action potentials in a giant algal cell: a comparative approach to mechanisms and evolution of excitability.,,Journal Article,PubMed,,,False
JUNE-01-1-06,Book Review: Mood Genes,,,,,,,,website,,,False
JUNE-01-1-07,Textbook Review: Biological Psychology,,,,,,,,website,,,False
JUNE-01-1-08,Media Review: Crawdad: A CD-ROM Lab Manual for Neurophysiology,,,,,,,,website,,,False
JUNE-01-1-09,Media Review: The Secret Life of the Brain,,,,,,,,website,,,False
JUNE-01-2-01,"Introductory Neuroscience – Courses in an Evolving Concept, Teaching That Which is Yet to be Defined",pages,0.97,,,"Introductory neuroscience-courses in an evolving concept, teaching that which is yet to be truly defined.",,Journal Article,PubMed,,,False
JUNE-01-2-02,Essay: Research Jobs for Recent College Graduates: A Comparison Between Traditional Lab Technician Positions and NIH’s Postbaccalaureate IRTA Fellowship,pages,0.95,,,Research jobs for recent college graduates: A comparison between traditional lab technician positions and NIH's postbaccalaureate IRTA fellowship.,,Journal Article,PubMed,,,False
JUNE-01-2-03,Teaching Neuroscience at a Religious Institution: Pedagogical Models for Handling Neuroscience and Theology,pages,0.95,,,Teaching neuroscience at a religious institution: pedagogical models for handling neuroscience and theology.,,Journal Article,PubMed,,,False
JUNE-01-2-04,Testing the Relationship Between Levels of Endogenous Testosterone and Physiological Responses to Facial Expressions in Men: An Experiment Conducted by Students in an Undergraduate Behavioral Neuroscience Class,pages,0.95,,,Testing the relationship between levels of endogenous testosterone and physiological responses to facial expressions in men: an experiment conducted by students in an undergraduate behavioral neuroscience class.,,Journal Article,PubMed,,,False
JUNE-01-2-05,Integrated Undergraduate Research Experience for the Study of Brain Injury,pages,0.95,,,Integrated undergraduate research experience for the study of brain injury.,,Journal Article,PubMed,,,False
JUNE-01-2-06,Mentoring Undergraduate Students in Neuroscience Research: A Model System at Baldwin-Wallace College,pages,0.95,,,Mentoring undergraduate students in neuroscience research: a model system at baldwin-wallace college.,,Journal Article,PubMed,,,False
JUNE-01-2-07,Synaptic Transmission: A Four Step Process,pages,0.95,,,Synaptic transmission: a four step process by betty zimmerberg.,,Journal Article,PubMed,,,False
JUNE-01-2-08,In Search of the Lost Cord,,,,,,,,website,,,False
JUNE-01-2-09,Decoding Darkness,,,,,,,,website,,,False
JUNE-02-1-01,Attaining Goals Through Partnerships,pages,0.95,,,Attaining goals through partnerships.,,Journal Article,PubMed,,,False
JUNE-02-1-02,"Experimental Methods in Neuroscience: An Undergraduate Neuroscience Laboratory Course for Teaching Ethical Issues, Laboratory Techniques, Experimental Design, and Analysis",pages,0.95,,,"Experimental methods in neuroscience: an undergraduate neuroscience laboratory course for teaching ethical issues, laboratory techniques, experimental design, and analysis.",,Journal Article,PubMed,,,False
JUNE-02-1-03,An Online Multimedia Resource in Behavioral Neuroscience,pages,0.95,,,An online multimedia resource in behavioral neuroscience.,,Journal Article,PubMed,,,False
JUNE-02-1-04,An Online Lab Manual for Neurophysiology,pages,0.95,,,An online lab manual for neurophysiology.,,Journal Article,PubMed,,,False
JUNE-02-1-05,Evaluation of an Undergraduate Neuroscience Research Program at the University of Kentucky,pages,0.95,,,Evaluation of an undergraduate neuroscience research program at the university of kentucky.,,Journal Article,PubMed,,,False
JUNE-02-1-06,Sex Differences and Organizational Effects of Androgen in Spinal Cord Motor Nuclei,pages,0.95,,,Sex differences and organizational effects of androgen in spinal cord motor nuclei.,,Journal Article,PubMed,,,False
JUNE-02-1-07,Media Review: Undergraduate Publishing Opportunities,,,,,,,,website,,,False
JUNE-02-2-01,The Road From Damascas: An Interview with Huda Akil,pages,0.95,,,The road from damascas: an interview with huda akil.,,Journal Article,PubMed,,,False
JUNE-02-2-02,Privatization of Public Education: The Real Weapons of Mass Destruction,title,0.95,,,Privatization of public education: the real weapons of mass destruction.,,Journal Article,PubMed,,,False
JUNE-02-2-03,Technical Note: Distributing Digital Video to Multiple Computers,pages,0.95,,,Distributing digital video to multiple computers.,,Journal Article,PubMed,,,False
JUNE-02-2-04,Ultrasonic Courtship Vocalizations of Adult Male Mice: A Laboratory Exercise Illustrating Comparable Activation by either Estradiol or Testosterone,pages,0.95,,,Ultrasonic Courtship Vocalizations of Adult Male Mice: A Laboratory Exercise Illustrating Comparable Activation by either Estradiol or Testosterone.,,Journal Article,PubMed,,,False
JUNE-02-2-05,Measuring Salivary Cortisol in the Behavioral Neuroscience Laboratory,pages,0.95,,,Measuring salivary cortisol in the behavioral neuroscience laboratory.,,Journal Article,PubMed,,,False
JUNE-02-2-06,"Northeast Under/graduate Organization for Neuroscience, A Regional Neuroscience Meeting for Undergraduates, Graduate Students, and Faculty",pages,0.95,,,"Northeast Under/graduate Organization for Neuroscience, A Regional Neuroscience Meeting for Undergraduates, Graduate Students, and Faculty.",,Journal Article,PubMed,,,False
JUNE-02-2-07,"Book Review: Nature via Nurture: Genes, Experience, and What Makes Us Human",,,,,,,,website,,,False
JUNE-02-2-08,Book Review: The Compleat Academic: A Career Guide,,,,,,,,website,,,False
JUNE-02-2-09,Media Review: Neurons in Action: Computer Simulations with NeuroLab,,,,,,,,website,,,False
JUNE-02-2-10,Media Review: A Comparison of Two Programs for the Control of Behavioral Experiments,pages,0.95,,,A comparison of two programs for the control of behavioral experiments.,,Journal Article,PubMed,,,False
JUNE-03-1-01,Developing Graduate-Undergraduate Neuroscience Connections,title,0.95,,,Developing graduate-undergraduate neuroscience connections.,,Journal Article,PubMed,,,False
JUNE-03-1-02,An Inexpensive Alternative to Commercial Infrared Sensors,title,0.95,,,An inexpensive alternative to commercial infrared sensors.,,Journal Article,PubMed,,,False
JUNE-03-1-03,Reconstructing the Paradigm: Teaching Across the Disciplines,title,0.95,,,Reconstructing the paradigm: teaching across the disciplines.,,Journal Article,PubMed,,,False
JUNE-03-1-04,"Emotional Arousal, Blood Glucose Levels, and Memory Modulation: Three Laboratory Exercises in Cognitive Neuroscience",title,0.95,,,"Emotional arousal, blood glucose levels, and memory modulation: three laboratory exercises in cognitive neuroscience.",,Journal Article,PubMed,,,False
JUNE-03-1-05,Tools for Physiology Labs: Inexpensive Equipment for Physiological Stimulation,title,0.95,,,Tools for physiology labs: inexpensive equipment for physiological stimulation.,,Journal Article,PubMed,,,False
JUNE-03-1-06,Allegheny College Hosts Neuroscience and Humanities Summer Institute,title,0.95,,,Allegheny college hosts neuroscience and humanities summer institute.,,Journal Article,PubMed,,,False
JUNE-03-1-07,Helping Students Get Into Graduate School,title,0.95,,,Helping students get into graduate school.,,Journal Article,PubMed,,,False
JUNE-03-2-01,Preparing the Next Generation of Neuroscience Educators,title,0.95,,,Preparing the next generation of neuroscience educators.,,Journal Article,PubMed,,,False
JUNE-03-2-02,An Interview with Carla Shatz – Harvard’s First Female Neurobiology Chair,title,0.95,,,An Interview with Carla Shatz - Harvard's First Female Neurobiology Chair.,,Journal Article,PubMed,,,False
JUNE-03-2-03,A Laboratory Exercise Demonstrating the Limited Circumstances in which the Cerebral Cortex is Engaged in Over Ground Locomotion,title,0.95,,,A Laboratory Exercise Demonstrating the Limited Circumstances in which the Cerebral Cortex is Engaged in Over Ground Locomotion.,,Journal Article,PubMed,,,False
JUNE-03-2-04,The Clinical Neuroscience Course: Viewing Mental Health from Neurobiological Perspectives,title,0.95,,,The clinical neuroscience course: viewing mental health from neurobiological perspectives.,,Journal Article,PubMed,,,False
JUNE-03-2-05,Promoting Information Competency in Biological Psychology,title,0.95,,,Promoting information competency in biological psychology.,,Journal Article,PubMed,,,False
JUNE-03-2-06,Use of the Herb Gymnema sylvestre to Illustrate the Principles of Gustatory Sensation: An Undergraduate Neuroscience Laboratory Exercise,title,0.95,,,Use of the Herb Gymnema sylvestre to Illustrate the Principles of Gustatory Sensation: An Undergraduate Neuroscience Laboratory Exercise.,,Journal Article,PubMed,,,False
JUNE-03-2-07,Column Chromatography Analysis of Brain Tissue: An Advanced Laboratory Exercise for Neuroscience Majors,title,0.95,,,Column chromatography analysis of brain tissue: an advanced laboratory exercise for neuroscience majors.,,Journal Article,PubMed,,,False
JUNE-03-2-08,"BOOK REVIEW: Writing With Style: APA Style Made Easy, Third Edition",,,,,,,,,,,False
JUNE-03-2-09,OF NOTE: Brief Reviews of Resources for Undergraduate Neuroscience Educators,title,0.95,,,Brief reviews of resources for undergraduate neuroscience educators.,,Journal Article,PubMed,,,False
JUNE-04-1-01,Essay: There’s a Pony in Here Somewhere! Reflections on Integrating Teaching and Research at Predominantly Undergraduate Institutions,title,0.95,,,There's a Pony in Here Somewhere! Reflections on Integrating Teaching and Research at Predominantly Undergraduate Institutions.,,Journal Article,PubMed,,,False
JUNE-04-1-02,An Interview with Neurogeneticist Rudolph Tanzi,title,0.95,,,An interview with neurogeneticist rudolph tanzi.,,Journal Article,PubMed,,,False
JUNE-04-1-03,Editorial: Blueprints for Undergraduate Neuroscience Curricula: Roadmaps to What End?,title,0.95,,,Blueprints for undergraduate neuroscience curricula: roadmaps to what end?,,Journal Article,PubMed,,,False
JUNE-04-1-04,A Rationale and Outline for an Undergraduate Course on the Philosophy and History of Science for Life Science Students,title,0.95,,,A Rationale and Outline for an Undergraduate Course on the Philosophy and History of Science for Life Science Students.,,Journal Article,PubMed,,,False
JUNE-04-1-05,Demonstrating the Temperature Sensitivity of Synaptic Transmission in a Drosophila Mutant,title,0.95,,,Demonstrating the temperature sensitivity of synaptic transmission in a Drosophila mutant.,,Journal Article,PubMed,,,False
JUNE-04-1-06,ols for Physiology Labs: An Inexpensive Means of Temperature Control,title,0.95,,,Tools for physiology labs: an inexpensive means of temperature control.,,Journal Article,PubMed,,,False
JUNE-04-1-07,An Investigative Laboratory Exercise Examining the Cell Signaling and Regulatory Properties of Neurons in the Regenerating Forelimbs of the Axolotl Ambystoma mexicanum,title,0.95,,,An Investigative Laboratory Exercise Examining the Cell Signaling and Regulatory Properties of Neurons in the Regenerating Forelimbs of the Axolotl Ambystoma mexicanum.,,Journal Article,PubMed,,,False
JUNE-04-1-08,Get the Rhythm: Modeling Neuronal Activity,title,0.95,,,Get the rhythm: modeling neuronal activity.,,Journal Article,PubMed,,,False
JUNE-04-1-09,Writing to Learn: An Evaluation of the Calibrated Peer Review™ Program in Two Neuroscience Courses,title,0.95,,,Writing to learn: an evaluation of the calibrated peer review™ program in two neuroscience courses.,,Journal Article,PubMed,,,False
JUNE-04-1-10,Textbook Review: Behavioral Neurobiology. An integrative approach.,,,,,,,,,,,False
JUNE-04-2-01,Editorial: Neuro Now!: Should Neuroscience be a Department or a Program?,title,0.95,,,Neuro Now!: Should Neuroscience be a Department or a Program?,,Journal Article,PubMed,,,False
JUNE-04-2-02,Essay: Funding Undergraduate Neuroscience Education: CCLI Yesterday and Today,title,0.95,,,Funding Undergraduate Neuroscience Education: CCLI Yesterday and Today.,,Journal Article,PubMed,,,False
JUNE-04-2-03,erview: Nature or Nurture – Is A Successful Neuroscientist Born or Created? Interview with Rusty Gage,title,0.95,,,Nature or nurture - is a successful neuroscientist born or created? Interview with rusty gage.,,Journal Article,PubMed,,,False
JUNE-04-2-04,Teaching Basic Principles of Neuroscience with Computer Simulations,title,0.95,,,Teaching basic principles of neuroscience with computer simulations.,,Journal Article,PubMed,,,False
JUNE-04-2-05,Responses to Sounds in the Central Auditory System of the Frog: An Advanced Electrophysiology Laboratory in Sensory Processing,title,0.95,,,Responses to sounds in the central auditory system of the frog: an advanced electrophysiology laboratory in sensory processing.,,Journal Article,PubMed,,,False
JUNE-04-2-06,An Undergraduate Course on Publishing in Neuroscience,title,0.95,,,An undergraduate course on publishing in neuroscience.,,Journal Article,PubMed,,,False
JUNE-04-2-07,Using Extracellular Single-unit Electrophysiological Data as a Substrate for Investigative Laboratory Exercises,title,0.95,,,Using Extracellular Single-unit Electrophysiological Data as a Substrate for Investigative Laboratory Exercises.,,Journal Article,PubMed,,,False
JUNE-04-2-08,MATLAB-based Simulation of Whole-Cell and Single-Channel Currents,title,0.95,,,MATLAB-based Simulation of Whole-Cell and Single-Channel Currents.,,Journal Article,PubMed,,,False
JUNE-04-2-09,Textbook Review: The Design of Experiments in Neuroscience,,,,,,,,,,,False
JUNE-05-1-01,Literature and the History of Neuroscience,title,0.95,,,Literature and the history of neuroscience.,,Journal Article,PubMed,,,False
JUNE-05-1-02,"Interview: Neuroethologist Ron Hoy on College, Careers, and Crawdads",title,0.95,,,"Neuroethologist ron hoy on college, careers, and crawdads.",,Journal Article,PubMed,,,False
JUNE-05-1-03,Functional Magnetic Resonance Imaging (fMRI): A Brief Exercise for an Undergraduate Laboratory Course,title,0.95,,,Functional Magnetic Resonance Imaging (fMRI): A Brief Exercise for an Undergraduate Laboratory Course.,,Journal Article,PubMed,,,False
JUNE-05-1-04,Collaborative Research in Teaching: Collaboration between Laboratory Courses at Neighboring Institutions,title,0.95,,,Collaborative Research in Teaching: Collaboration between Laboratory Courses at Neighboring Institutions.,,Journal Article,PubMed,,,False
JUNE-05-1-05,"Cultivation of an Interdisciplinary, Research-Based Neuroscience Minor at Hope College",title,0.95,,,"Cultivation of an interdisciplinary, research-based neuroscience minor at hope college.",,Journal Article,PubMed,,,False
JUNE-05-1-06,Using Biographies to Illustrate the Intrapersonal and Interpersonal Dynamics of Science,title,0.95,,,Using biographies to illustrate the intrapersonal and interpersonal dynamics of science.,,Journal Article,PubMed,,,False
JUNE-05-1-07,Technology Review: Data Acquisition and Display for Electrophysiology: PC Oscilloscopes,title,0.95,,,Data Acquisition and Display for Electrophysiology: PC Oscilloscopes.,,Journal Article,PubMed,,,False
JUNE-05-1-08,Textbook Review: Discovering Biological Psychology,,,,,,,,,,,False
JUNE-05-1-09,Media Review: The Neuron Connection: Modeling Parkinson’s Disease,title,0.95,,,"The neuron connection: modeling Parkinson's disease: by rose feor, nicole mah, donna molinek, mur muchane, tuti penev, and julio ramirez.",,Journal Article,PubMed,,,False
JUNE-05-1-10,Media Review: Resources for Teaching Mammalian Neuroanatomy Using Sheep Brains,title,0.95,,,Resources for teaching Mammalian neuroanatomy using sheep brains: a review.,,Journal Article,PubMed,,,False
JUNE-05-2-01,JUNE as the Voice for Undergraduate Neuroscience Education,title,0.95,,,JUNE as the Voice for Undergraduate Neuroscience Education.,,Journal Article,PubMed,,,False
JUNE-05-2-02,Neuroscience and the Liberal Arts,title,0.95,,,Neuroscience and the liberal arts.,,Journal Article,PubMed,,,False
JUNE-05-2-03,Evolution and the Neuroscience Curriculum: A Call to Action,title,0.95,,,Evolution and the neuroscience curriculum: a call to action.,,Journal Article,PubMed,,,False
JUNE-05-2-04,Commentary: Work through SfN — but Keep Higher Education and K-12 Separate,title,0.95,,,Work through SfN - but Keep Higher Education and K-12 Separate.,,Journal Article,PubMed,,,False
JUNE-05-2-05,Commentary: Toward a Better Neuroscience Tomorrow: Thoughts on the Society for Neuroscience and the Undergraduate,title,0.95,,,Toward a better neuroscience tomorrow: thoughts on the society for neuroscience and the undergraduate.,,Journal Article,PubMed,,,False
JUNE-05-2-06,Teaching About the Brain and Reaching the Community: Undergraduates in the Pipeline Neuroscience Program at the University of Pennsylvania,title,0.95,,,Teaching about the brain and reaching the community: undergraduates in the pipeline neuroscience program at the university of pennsylvania.,,Journal Article,PubMed,,,False
JUNE-05-2-07,Methods for Handling Missing Data in the Behavioral Neurosciences: Don’t Throw the Baby Rat out with the Bath Water,title,0.95,,,Methods for Handling Missing Data in the Behavioral Neurosciences: Don't Throw the Baby Rat out with the Bath Water.,,Journal Article,PubMed,,,False
JUNE-05-2-08,The Use of Case Studies in Teaching Undergraduate Neuroscience,title,0.95,,,The use of case studies in teaching undergraduate neuroscience.,,Journal Article,PubMed,,,False
JUNE-05-2-09,An Undergraduate Neuroscience Seminar Based on the Annual Meeting of the Society for Neuroscience,title,0.95,,,An undergraduate neuroscience seminar based on the annual meeting of the society for neuroscience.,,Journal Article,PubMed,,,False
JUNE-05-2-10,"IFEL TOUR: A Description of the Introduction to FUN Electrophysiology Labs Workshop at Bowdoin College, July 27-30, and the Resultant Faculty Learning Community",title,0.95,,,"IFEL TOUR: A Description of the Introduction to FUN Electrophysiology Labs Workshop at Bowdoin College, July 27-30, and the Resultant Faculty Learning Community.",,Journal Article,PubMed,,,False
JUNE-05-2-11,Use of the Pyrithiamine-Induced Thiamine Deficient Animal Model of Korskoff’s Syndrome for Exploratory Research Activities in Undergraduate Physiological Psychology,title,1.0,,,Use of the Pyrithiamine-Induced Thiamine Deficient Animal Model of Korsakoff's Syndrome for Exploratory Research Activities in Undergraduate Physiological Psychology.,,Journal Article,PubMed,,,False
JUNE-05-2-12,Utility and Versatility of Extracellar Recordings from the Cockroach for Neurophysiological Instruction and Demonstration,title,0.99,,,Utility and versatility of extracellular recordings from the cockroach for neurophysiological instruction and demonstration.,,Journal Article,PubMed,,,False
JUNE-05-2-13,Media Review: Shaken: Journey into the Mind of a Parkinson’s Patient,,,,,,,,,,,False
JUNE-06-1-01,Mentorship: The Bond that Brings Us Together,title,0.95,,,Mentorship: The Bond that Brings Us Together.,,Journal Article,PubMed,,,False
JUNE-06-1-02,Interview: Darcy Kelley — Pioneering the Frontiers of Science Education,title,0.95,,,Darcy kelley: pioneering the frontiers of science education.,,Journal Article,PubMed,,,False
JUNE-06-1-03,Letter to Editor: More on Literature and the History of Neuroscience: Using the Writings of Silas Weir Mitchell (1829–1914) in Teaching the History of Neuroscience,title,0.95,,,More on literature and the history of neuroscience: using the writings of silas Weir mitchell (1829-1914) in teaching the history of neuroscience.,,Journal Article,PubMed,,,False
JUNE-06-1-04,DataView: A Tutorial Tool for Data Analysis. Template-based Spike Sorting and Frequency Analysis.,title,0.95,,,DataView: A Tutorial Tool for Data Analysis. Template-based Spike Sorting and Frequency Analysis.,,Journal Article,PubMed,,,False
JUNE-06-1-05,"Novel in silico Method for Teaching Cytoarchitecture, Cellular Diversity, and Gene Expression in the Mammalian Brain",title,0.95,,,"Novel in silico Method for Teaching Cytoarchitecture, Cellular Diversity, and Gene Expression in the Mammalian Brain.",,Journal Article,PubMed,,,False
JUNE-06-1-06,Technical Note: Construction of a Simple Suction Electrode for Extracellular Recording and Stimulation,title,0.95,,,Construction of a simple suction electrode for extracellular recording and stimulation.,,Journal Article,PubMed,,,False
JUNE-06-1-07,NorthEast Under/graduate Research Organization for Neuroscience (NEURON): Our Third New York City Meeting,title,0.95,,,NorthEast Under/graduate Research Organization for Neuroscience (NEURON): Our Third New York City Meeting.,,Journal Article,PubMed,,,False
JUNE-06-1-08,Dual Format Course Design: Neuroanatomy and Neurophysiology for Adult Learners,title,0.95,,,Dual format course design: neuroanatomy and neurophysiology for adult learners.,,Journal Article,PubMed,,,False
JUNE-06-1-09,Media Review: An Introduction to Nervous Systems By Ralph H. Greenspan,,,,,,,,,,,False
JUNE-06-2-01,New Challenges and Changes for JUNE,title,0.95,,,New Challenges and Changes for JUNE.,,Journal Article,PubMed,,,False
JUNE-06-2-02,Undergraduate Neuroscience Education: Blueprints for the 21st Century,title,0.99,,,Undergraduate Neuroscience Education: Blueprints for the 21(st) Century.,,Journal Article,PubMed,,,False
JUNE-06-2-03,Using a Paradigm Shift to Teach Neurobiology and the Nature of Science—a C.R.E.A.T.E.-based Approach,title,0.95,,,Using a Paradigm Shift to Teach Neurobiology and the Nature of Science-a C.R.E.A.T.E.-based Approach.,,Journal Article,PubMed,,,False
JUNE-06-2-04,Demonstrating Cerebral Vascular Networks: A Comparison of Methods for the Teaching Laboratory,title,0.95,,,Demonstrating cerebral vascular networks: a comparison of methods for the teaching laboratory.,,Journal Article,PubMed,,,False
JUNE-06-2-05,Crayfish Aggression and the Androgenic Gland in a Behavior Lab for Non-Majors,title,0.95,,,Crayfish aggression and the androgenic gland in a behavior lab for non-majors.,,Journal Article,PubMed,,,False
JUNE-06-2-06,Effective Use of Computer Simulations in an Introductory Neuroscience Laboratory,title,0.95,,,Effective use of computer simulations in an introductory neuroscience laboratory.,,Journal Article,PubMed,,,False
JUNE-06-2-07,Online Multimedia Teaching Tool for Parkinson’s Disease,title,0.95,,,Online multimedia teaching tool for Parkinson's disease.,,Journal Article,PubMed,,,False
JUNE-06-2-08,Adapting the Learning-Cycle to Enrich Undergraduate Neuroscience Education for All Students,title,0.95,,,Adapting the learning-cycle to enrich undergraduate neuroscience education for all students.,,Journal Article,PubMed,,,False
JUNE-06-2-09,"Fundamentals of Human Neuropsychology, 6th Edition",,,,,,,,,,,False
JUNE-07-1-01,Lessons in Hope,title,1.0,,,Lessons in hope.,,Journal Article,PubMed,,,False
JUNE-07-1-02,SWIMMY: Free Software for Teaching Neurophysiology of Neuronal Circuits,title,0.95,,,SWIMMY: Free Software for Teaching Neurophysiology of Neuronal Circuits.,,Journal Article,PubMed,,,False
JUNE-07-1-03,The Digital Microscope: A Tool for Teaching Laboratory Skills in Distance Learning Courses,title,0.95,,,The digital microscope: a tool for teaching laboratory skills in distance learning courses.,,Journal Article,PubMed,,,False
JUNE-07-1-04,Experiencing Visuo-Motor Plasticity by Prism Adaptation in a Classroom Setting,title,0.95,,,Experiencing visuo-motor plasticity by prism adaptation in a classroom setting.,,Journal Article,PubMed,,,False
JUNE-07-1-05,Virtual EEG: A Software-Based Electroencephalogram Designed for Undergraduate Neuroscience-Related Courses,title,0.95,,,Virtual EEG: A Software-Based Electroencephalogram Designed for Undergraduate Neuroscience-Related Courses.,,Journal Article,PubMed,,,False
JUNE-07-1-06,"A Laboratory Exercise for a College-Level, Introductory Neuroscience Course Demonstrating Effects of Housing Environment on Anxiety and Psychostimulant Sensitivity",title,0.95,,,"A laboratory exercise for a college-level, introductory neuroscience course demonstrating effects of housing environment on anxiety and psychostimulant sensitivity.",,Journal Article,PubMed,,,False
JUNE-07-1-07,"Constructing Inexpensive, Flexible, and Versatile Microdialysis Probes in an Undergraduate Microdialysis Research Lab",title,0.95,,,"Constructing inexpensive, flexible, and versatile microdialysis probes in an undergraduate microdialysis research lab.",,Journal Article,PubMed,,,False
JUNE-07-2-01,A Special Time for JUNE,title,1.0,,,A Special Time for JUNE.,,Journal Article,PubMed,,,False
JUNE-07-2-02,Interview: Donald G. Stein: Pioneer in the Areas of Neuroplasticity and Recovery of Function,title,0.95,,,Donald g. Stein: pioneer in the areas of neuroplasticity and recovery of function.,,Journal Article,PubMed,,,False
JUNE-07-2-03,Commentary: Developing New Courses and Exploring New Teaching Approaches: The Role of “Unexpected Feedback”,title,0.95,,,"Developing new courses and exploring new teaching approaches: the role of ""unexpected feedback"".",,Journal Article,PubMed,,,False
JUNE-07-2-04,The Flatworm Planaria as a Toxicology and Behavioral Pharmacology Animal Model in Undergraduate Research Experiences,title,0.95,,,The flatworm planaria as a toxicology and behavioral pharmacology animal model in undergraduate research experiences.,,Journal Article,PubMed,,,False
JUNE-07-2-05,Every Cell Counts: An Inquiry-Based Approach to Address a Novel Research Question in an Undergraduate Neuroscience Lab,title,0.95,,,Every cell counts: an inquiry-based approach to address a novel research question in an undergraduate neuroscience lab.,,Journal Article,PubMed,,,False
JUNE-07-2-06,Northeast Under/graduate Research Organization for Neuroscience (NEURON): Our Thirteenth Conference for Neuroscience Trainees and Educators,title,0.95,,,Northeast Under/graduate Research Organization for Neuroscience (NEURON): Our Thirteenth Conference for Neuroscience Trainees and Educators.,,Journal Article,PubMed,,,False
JUNE-07-2-07,Successful Integration of Interactive Neuroscience Simulations into a Non-Laboratory Sensation & Perception Course,title,0.95,,,Successful integration of interactive neuroscience simulations into a non-laboratory sensation & perception course.,,Journal Article,PubMed,,,False
JUNE-07-2-08,"Interactive Methods for Teaching Action Potentials, an Example of Teaching Innovation from Neuroscience Postdoctoral Fellows in the Fellowships in Research and Science Teaching (FIRST) Program",title,0.95,,,"Interactive Methods for Teaching Action Potentials, an Example of Teaching Innovation from Neuroscience Postdoctoral Fellows in the Fellowships in Research and Science Teaching (FIRST) Program.",,Journal Article,PubMed,,,False
JUNE-07-2-09,The Student Surgeon: A Behavioral Neuroendocrinology Laboratory Exercise in Rats,title,0.95,,,The student surgeon: a behavioral neuroendocrinology laboratory exercise in rats.,,Journal Article,PubMed,,,False
JUNE-07-2-10,Media Review: Dissection of the Human Brain,,,,,,,,,,,False
JUNE-08-1-01,"Introduction to Papers from the FUN 2008 Macalester Workshops Proceedings of the 2008 Faculty for Undergraduate Neuroscience Workshops at Macalester College, St. Paul, MN, July 17 to July 20, 2008",title,0.95,,,"Introduction to Papers from the FUN 2008 Macalester Workshops: Proceedings of the 2008 Faculty for Undergraduate Neuroscience Workshops at Macalester College, St. Paul, MN, July 17 to July 20, 2008.",,Journal Article,PubMed,,,False
JUNE-08-1-02,Jeanne Narum: A Lifetime of Achievement,title,0.95,,,Jeanne narum: a lifetime of achievement.,,Journal Article,PubMed,,,False
JUNE-08-1-03,"Sex, Gender, and the Brain: A Non-Majors Course Linking Neuroscience and Women’s Studies",title,0.95,,,"Sex, Gender, and the Brain: A Non-Majors Course Linking Neuroscience and Women's Studies.",,Journal Article,PubMed,,,False
JUNE-08-1-04,Vision and Art: An Interdisciplinary Approach to Neuroscience Education,title,0.95,,,Vision and art: an interdisciplinary approach to neuroscience education.,,Journal Article,PubMed,,,False
JUNE-08-1-05,Building Neural Networks Within the Academy: Connecting Neuroscience to Other Disciplines,title,0.95,,,Building neural networks within the academy: connecting neuroscience to other disciplines.,,Journal Article,PubMed,,,False
JUNE-08-1-06,A Self-Study Tutorial using the Allen Brain Explorer and Brain Atlas to Teach Concepts of Mammalian Neuroanatomy and Brain Function,title,0.95,,,A Self-Study Tutorial using the Allen Brain Explorer and Brain Atlas to Teach Concepts of Mammalian Neuroanatomy and Brain Function.,,Journal Article,PubMed,,,False
JUNE-08-1-07,Modular Digital Course in Undergraduate Neuroscience Education (MDCUNE): A Website Offering Free Digital Tools for Neuroscience Educators,title,0.95,,,Modular Digital Course in Undergraduate Neuroscience Education (MDCUNE): A Website Offering Free Digital Tools for Neuroscience Educators.,,Journal Article,PubMed,,,False
JUNE-08-1-08,Teaching Neurophysiology to Undergraduates using Neurons in Action,title,0.95,,,Teaching Neurophysiology to Undergraduates using Neurons in Action.,,Journal Article,PubMed,,,False
JUNE-08-1-09,Developing a Project-Oriented Introduction to Neuroscience Lab at Hope College,title,0.95,,,Developing a project-oriented introduction to neuroscience lab at hope college.,,Journal Article,PubMed,,,False
JUNE-08-1-10,Teaching Laboratory Neuroscience at Bowdoin: The Laboratory Instructor Perspective,title,0.95,,,Teaching laboratory neuroscience at bowdoin: the laboratory instructor perspective.,,Journal Article,PubMed,,,False
JUNE-08-1-11,"g-PRIME: A Free, Windows Based Data Acquisition and Event Analysis Software Package for Physiology in Classrooms and Research Labs",title,0.95,,,"g-PRIME: A Free, Windows Based Data Acquisition and Event Analysis Software Package for Physiology in Classrooms and Research Labs.",,Journal Article,PubMed,,,False
JUNE-08-1-12,Teaching Undergraduate Neuroscience in the Digital Age,title,0.95,,,Teaching undergraduate neuroscience in the digital age.,,Journal Article,PubMed,,,False
JUNE-08-1-13,Higher Education and the Society for Neuroscience: a website proposal that helped catalyze a change in policy.,title,0.95,,,Higher Education and the Society for Neuroscience: a website proposal that helped catalyze a change in policy.,,Journal Article,PubMed,,,False
JUNE-08-1-14,Brain Awareness Week and Beyond: Encouraging the Next Generation,title,0.95,,,Brain awareness week and beyond: encouraging the next generation.,,Journal Article,PubMed,,,False
JUNE-08-1-15,New(er) Kids on the Block – Voices of Junior FUN Faculty,title,0.95,,,New(er) Kids on the Block - Voices of Junior FUN Faculty.,,Journal Article,PubMed,,,False
JUNE-08-1-16,SOMAS-URM: The Evolution of a Mentoring and Summer Research Program,title,0.95,,,SOMAS-URM: The Evolution of a Mentoring and Summer Research Program.,,Journal Article,PubMed,,,False
JUNE-08-1-17,Facilities Planning for the Neuroscience Curriculum at a Primarily Undergraduate Institution: St. Olaf College’s Regents Hall of Natural and Mathematical Sciences,title,0.95,,,Facilities Planning for the Neuroscience Curriculum at a Primarily Undergraduate Institution: St. Olaf College's Regents Hall of Natural and Mathematical Sciences.,,Journal Article,PubMed,,,False
JUNE-08-1-18,"The Journal of Undergraduate Neuroscience Education: History, Challenges, and Future Developments",title,0.95,,,"The journal of undergraduate neuroscience education: history, challenges, and future developments.",,Journal Article,PubMed,,,False
JUNE-08-1-19,Establishing a New Paradigm for Diversity: A Case for Restructuring the Academic Training Environment,title,0.95,,,Establishing a new paradigm for diversity: a case for restructuring the academic training environment.,,Journal Article,PubMed,,,False
JUNE-08-2-01,Call for JUNE Editorial Board Members and Reviewers,,,,,,,,,,,False
JUNE-08-2-02,"Bryan Kolb: Pioneer in Neuropsychology and Role Model for Teaching, Mentoring, and Involving Undergraduates in Neuroscience Research",title,0.95,,,"Bryan kolb: pioneer in neuropsychology and role model for teaching, mentoring, and involving undergraduates in neuroscience research.",,Journal Article,PubMed,,,False
JUNE-08-2-03,Laboratory Class Project: Using a Cichlid Fish display Tank to Teach Students about Complex Behavioral Systems,title,0.95,,,Laboratory Class Project: Using a Cichlid Fish Display Tank to Teach Students about Complex Behavioral Systems.,,Journal Article,PubMed,,,False
JUNE-08-2-04,Narratives and Neurons: Stories of Damaged Brains,title,0.95,,,Narratives and neurons: stories of damaged brains.,,Journal Article,PubMed,,,False
JUNE-08-2-05,Undergraduate Neuroscience Faculty: Results from a Survey of Faculty for Undergraduate Neuroscience Members,title,0.95,,,Undergraduate neuroscience faculty: results from a survey of faculty for undergraduate neuroscience members.,,Journal Article,PubMed,,,False
JUNE-08-2-06,FUN Survey 2009,,,,,,,,,,no authors found,False
JUNE-08-2-07,Exploration of Gerontogenes in the Nervous System: A Multi-Level Neurogenomics Laboratory Module for an Intermediate Neuroscience and Behavior Course,title,0.95,,,Exploration of gerontogenes in the nervous system: a multi-level neurogenomics laboratory module for an intermediate neuroscience and behavior course.,,Journal Article,PubMed,,,False
JUNE-08-2-08,Demonstrations of Neural Network Computations Involving Students,title,0.95,,,Demonstrations of neural network computations involving students.,,Journal Article,PubMed,,,False
JUNE-08-2-09,Social Neuroscience at the College of Saint Rose: The Art of Team Teaching in Emerging Areas of Psychological Science,title,0.95,,,Social neuroscience at the college of saint rose: the art of team teaching in emerging areas of psychological science.,,Journal Article,PubMed,,,False
JUNE-09-1-01,We Are JUNE,title,1.0,,,We Are JUNE.,,Journal Article,PubMed,,,False
JUNE-09-1-02,Articulating the Dual Role of Undergraduate Neuroscience Education: What FUN and the Society for Neuroscience Can Do,pages,0.95,,,Articulating the Dual Role of Undergraduate Neuroscience Education: What FUN and the Society for Neuroscience Can Do.,,Journal Article,PubMed,,,False
JUNE-09-1-03,Benefits of a Professional Training Year for Undergraduates on a Neuroscience Degree Scheme,pages,0.95,,,Benefits of a professional training year for undergraduates on a neuroscience degree scheme.,,Journal Article,PubMed,,,False
JUNE-09-1-04,Using Neurogenetics and the Warmth-Gated Ion Channel TRPA1 to Study the Neural Basis of Behavior in Drosophila,pages,0.95,,,Using Neurogenetics and the Warmth-Gated Ion Channel TRPA1 to Study the Neural Basis of Behavior in Drosophila.,,Journal Article,PubMed,,,False
JUNE-09-1-05,A Visually-Induced Eyelid Droop Illusion as a Classroom Demonstration of Cross-Modality,pages,0.95,,,A visually-induced eyelid droop illusion as a classroom demonstration of cross-modality.,,Journal Article,PubMed,,,False
JUNE-09-1-06,Teaching Basic Neurophysiology Using Intact Earthworms,pages,0.95,,,Teaching basic neurophysiology using intact earthworms.,,Journal Article,PubMed,,,False
JUNE-09-1-07,Meeting the Challenge of Preparing Undergraduates for Careers in Cognitive Neuroscience,pages,0.95,,,Meeting the challenge of preparing undergraduates for careers in cognitive neuroscience.,,Journal Article,PubMed,,,False
JUNE-09-1-08,Dissection of the Hippocampus Proper and the Associated Structures in Preserved Horse Brains,pages,0.95,,,Dissection of the hippocampus proper and the associated structures in preserved horse brains.,,Journal Article,PubMed,,,False
JUNE-09-1-09,Exploring the Complexities of Experimental Design: Using an On-line Reaction Time Program,pages,0.95,,,Exploring the Complexities of Experimental Design: Using an On-line Reaction Time Program as a Teaching Tool for Diverse Student Populations.,,Journal Article,PubMed,,,False
JUNE-09-1-10,Design and Construction of a Two-Temperature Preference Behavioral Assay,pages,0.95,,,Design and construction of a two-temperature preference behavioral assay for undergraduate neuroscience laboratories.,,Journal Article,PubMed,,,False
JUNE-09-1-11,Neural Networks: Making Connections about the Brain and about College,pages,0.95,,,Neural Networks: Making Connections about the Brain and about College while Monitoring Student Engagement in Second Graders.,,Journal Article,PubMed,,,False
JUNE-09-2-01,"Friends, FUN, and the Future",pages,0.95,,,"Friends, FUN, and the Future.",,Journal Article,PubMed,,,False
JUNE-09-2-02,Opinion: Discussing Philosophy of Mind in Introductory Neuroscience Classes,pages,0.95,,,Discussing philosophy of mind in introductory neuroscience classes.,,Journal Article,PubMed,,,False
JUNE-09-2-03,Feature: Julio Ramirez Honored for Outstanding Mentorship by President Obama,pages,0.95,,,Julio ramirez honored for outstanding mentorship by president obama.,,Journal Article,PubMed,,,False
JUNE-09-2-04,Volunteerism is Key to Offering Successful Neuroscience Outreach with Limited Resources,pages,0.95,,,Volunteerism is Key to Offering Successful Neuroscience Outreach with Limited Resources.,,Journal Article,PubMed,,,False
JUNE-09-2-05,Undergraduate Neuroscience Education in the U.S.: An Analysis using Data from the National Center for Education Statistics,pages,0.95,,,Undergraduate Neuroscience Education in the U.S.: An Analysis using Data from the National Center for Education Statistics.,,Journal Article,PubMed,,,False
JUNE-09-2-06,An Undergraduate Laboratory Exercise to Study Weber’s Law,pages,0.95,,,An Undergraduate Laboratory Exercise to Study Weber's Law.,,Journal Article,PubMed,,,False
JUNE-09-2-07,"SYNAPSE, Symposium for Young Neuroscientists and Professors of the Southeast: A One-day, Regional Neuroscience Meeting Focusing on Undergraduate Research",pages,0.95,,,"SYNAPSE, Symposium for Young Neuroscientists and Professors of the Southeast: A One-day, Regional Neuroscience Meeting Focusing on Undergraduate Research.",,Journal Article,PubMed,,,False
JUNE-09-2-08,Incorporating Scientific Publishing into an Undergraduate Neuroscience Course: A Case Study Using IMPULSE,pages,0.95,,,Incorporating Scientific Publishing into an Undergraduate Neuroscience Course: A Case Study Using IMPULSE.,,Journal Article,PubMed,,,False
JUNE-09-2-09,Music and the Mind: A New Interdisciplinary Course on the Science of Musical Experience,pages,0.95,,,Music and the mind: a new interdisciplinary course on the science of musical experience.,,Journal Article,PubMed,,,False
JUNE-10-1-01,Unquenchable Neuroscience,title,0.95,,,Unquenchable neuroscience.,,Journal Article,PubMed,,,False
JUNE-10-1-02,Commentary Input-output: The Role of Undergraduate Curriculum in Successful Graduate Training in the Neurosciences,pages,0.95,,,Input-output: The Role of Undergraduate Curriculum in Successful Graduate Training in the Neurosciences.,,Journal Article,PubMed,,,False
JUNE-10-1-03,Strategies For Fostering Synergy between Neuroscience Programs and Chemistry Departments,pages,0.95,,,Strategies for Fostering Synergy between Neuroscience Programs and Chemistry Departments.,,Journal Article,PubMed,,,False
JUNE-10-1-04,A Mechanism for Multidisciplinary Dialogue: The Memory & … Series,pages,0.95,,,A mechanism for multidisciplinary dialogue: the memory & … series.,,Journal Article,PubMed,,,False
JUNE-10-1-05,The Use of “Non-Fiction Novels” in a Sensation and Perception Course,pages,0.95,,,"The use of ""non-fiction novels"" in a sensation and perception course.",,Journal Article,PubMed,,,False
JUNE-10-1-06,Human Brains Engaged in Rat Brains: Student-driven Neuroanatomy Research in an Introductory Biology Lab Course,pages,0.95,,,Human Brains Engaged in Rat Brains: Student-driven Neuroanatomy Research in an Introductory Biology Lab Course.,,Journal Article,PubMed,,,False
JUNE-10-1-07,Decreasing Neuroscience Anxiety in an Introductory Neuroscience Course: An Analysis Using Data from a Modified Science Anxiety Scale,pages,0.95,,,Decreasing neuroscience anxiety in an introductory neuroscience course: an analysis using data from a modified science anxiety scale.,,Journal Article,PubMed,,,False
JUNE-10-1-08,Integrating Community Outreach into the Undergraduate Neuroscience Classroom,pages,0.95,,,Integrating community outreach into the undergraduate neuroscience classroom.,,Journal Article,PubMed,,,False
JUNE-10-1-09,“Writing in Neuroscience”: A Course Designed for Neuroscience Undergraduate Students,pages,0.95,,,"""Writing in neuroscience"": a course designed for neuroscience undergraduate students.",,Journal Article,PubMed,,,False
JUNE-10-1-10,Practical Experience with Age-related Dementia: Implementation and Outcomes of a Semester-long Service Learning Project in Neuropsychology,pages,0.95,,,Practical Experience with Age-related Dementia: Implementation and Outcomes of a Semester-long Service Learning Project in Neuropsychology.,,Journal Article,PubMed,,,False
JUNE-10-1-11,Use of Personal EEG Monitors in a Behavioral Neuroscience Course to Investigate Natural Setting Sleep Patterns and the Factors Affecting Them in College Students,pages,0.95,,,Use of personal EEG monitors in a behavioral neuroscience course to investigate natural setting sleep patterns and the factors affecting them in college students.,,Journal Article,PubMed,,,False
JUNE-10-1-12,A Conceptual Framework for Interdisciplinary Curriculum Design: A Case Study in Neuroscience,pages,0.95,,,A conceptual framework for interdisciplinary curriculum design: a case study in neuroscience.,,Journal Article,PubMed,,,False
JUNE-10-1-13,Design Plans for an Inexpensive Tail Flick Analgesia Meter,pages,0.95,,,Design plans for an inexpensive tail flick analgesia meter.,,Journal Article,PubMed,,,False
JUNE-10-1-14,A Modified Golgi-Cox Procedure for use in Undergraduate Courses,title,0.95,,,A Modified Golgi-Cox Procedure for use in Undergraduate Courses.,,Journal Article,PubMed,,no PDF link,False
JUNE-10-2-01,The State of JUNE,pages,1.0,,,The State of JUNE.,,Journal Article,PubMed,,,False
JUNE-10-2-02,Quenchable Neuroscience: Why JUNE Needs to Focus on Getting Indexed in PubMed,pages,0.95,,,Quenchable Neuroscience: Why JUNE Needs to Focus on Getting Indexed in PubMed.,,Journal Article,PubMed,,,False
JUNE-10-2-03,Assessing Development of an Interdisciplinary Perspective in an Undergraduate Neuroscience Course,pages,0.95,,,Assessing development of an interdisciplinary perspective in an undergraduate neuroscience course.,,Journal Article,PubMed,,,False
JUNE-10-2-04,Characterizing Mystery Cell Lines: Student-driven Research Projects in an Undergraduate Neuroscience Laboratory Course,pages,0.95,,,Characterizing Mystery Cell Lines: Student-driven Research Projects in an Undergraduate Neuroscience Laboratory Course.,,Journal Article,PubMed,,,False
JUNE-10-2-05,"Drugs, the Brain, and Behavior: A Graduate Student-run Comprehensive Course in Neuroscience",pages,0.95,,,"Drugs, the brain, and behavior: a graduate student-run comprehensive course in neuroscience.",,Journal Article,PubMed,,,False
JUNE-10-2-06,Using In Vivo Voltammetry to Demonstrate Drug Action: A Student Laboratory Experience in Neurochemistry,pages,0.95,,,Using in vivo voltammetry to demonstrate drug action: a student laboratory experience in neurochemistry.,,Journal Article,PubMed,,,False
JUNE-10-2-07,Bio-amplifier with Driven Shield Inputs to Reduce Electrical Noise and its Application to Laboratory Teaching of Electrophysiology,pages,0.95,,,Bio-amplifier with Driven Shield Inputs to Reduce Electrical Noise and its Application to Laboratory Teaching of Electrophysiology.,,Journal Article,PubMed,,,False
JUNE-10-2-08,Using Equivalence-Based Instruction to Increase Efficiency in Teaching Neuroanatomy,pages,0.95,,,Using equivalence-based instruction to increase efficiency in teaching neuroanatomy.,,Journal Article,PubMed,,,False
JUNE-10-2-09,An Undergraduate Laboratory Exercise Examining the Psychomotor Stimulant Effects of Caffeine in Laboratory Rats,pages,0.95,,,An undergraduate laboratory exercise examining the psychomotor stimulant effects of caffeine in laboratory rats.,,Journal Article,PubMed,,,False
JUNE-11-1-01,"Introduction to Volume 11, Issue 1 and Proceedings of the Faculty for Undergraduate Neuroscience Workshops at Pomona College, Claremont, CA, July 28 to July 31, 2011",pages,0.95,,,"Introduction to Volume 11, Issue 1 and Proceedings of the Faculty for Undergraduate Neuroscience Workshops at Pomona College, Claremont, CA, July 28 to July 31, 2011.",,Journal Article,PubMed,,,False
JUNE-11-1-02,Wikipedia Neuroscience Stub Editing in an Introductory Undergraduate Neuroscience Course,pages,0.95,,,Wikipedia neuroscience stub editing in an introductory undergraduate neuroscience course.,,Journal Article,PubMed,,,False
JUNE-11-1-03,Elevating Student Potential: Creating Digital Video to Teach Neurotransmission,pages,0.95,,,Elevating student potential: creating digital video to teach neurotransmission.,,Journal Article,PubMed,,,False
JUNE-11-1-04,Developing at Team-taught Capstone Course in Neuroscience,pages,0.99,,,Developing a Team-taught Capstone Course in Neuroscience.,,Journal Article,PubMed,,,False
JUNE-11-1-05,An Undergraduate taught Course on Consciousness and Mind,pages,0.95,,,An undergraduate taught course on consciousness and mind.,,Journal Article,PubMed,,,False
JUNE-11-1-06,Oh What FUN We’ve Had! Reflections on the Past and Look to the Future,pages,0.99,,,Oh What FUN We've Had! Reflections on the Past and a Look to the Future.,,Journal Article,PubMed,,,False
JUNE-11-1-07,"Vision and Change in Undergraduate Biology Education: A Call to Action Presentation to Faculty for Undergraduate Neuroscience, July 2011",pages,0.95,,,"Vision and change in undergraduate biology education: a call to action presentation to faculty for undergraduate neuroscience, july 2011.",,Journal Article,PubMed,,,False
JUNE-11-1-08,Identifying and Using ‘Core Competencies’ to Help Design and Assess Undergraduate Neuroscience Curricula,pages,0.95,,,Identifying and using 'core competencies' to help design and assess undergraduate neuroscience curricula.,,Journal Article,PubMed,,,False
JUNE-11-1-09,Working with your Administration to Garner Support for Neuroscience Programs,pages,0.95,,,Working with your Administration to Garner Support for Neuroscience Programs.,,Journal Article,PubMed,,,False
JUNE-11-1-10,"External Reviews, Internal Influences: Consultations and the Undergraduate Neuroscience Curriculum",pages,0.95,,,"External reviews, internal influences: consultations and the undergraduate neuroscience curriculum.",,Journal Article,PubMed,,,False
JUNE-11-1-11,Cultivating Diversity and Competency in STEM: Challenges and Remedies for Removing Virtual Barriers to Constructing Diverse Higher Education Communities of Success,pages,0.95,,,Cultivating Diversity and Competency in STEM: Challenges and Remedies for Removing Virtual Barriers to Constructing Diverse Higher Education Communities of Success.,,Journal Article,PubMed,,,False
JUNE-11-1-12,OPINION: Diversity in Neuroscience. We Know the Problem. Are We Really Still Debating the Solutions?,pages,0.95,,,Diversity in neuroscience. We know the problem. Are we really still debating the solutions?,,Journal Article,PubMed,,,False
JUNE-11-1-13,The Intentional Mentor: Effective Mentorship of Undergraduate Science Students,pages,0.95,,,The intentional mentor: effective mentorship of undergraduate science students.,,Journal Article,PubMed,,,False
JUNE-11-1-14,Classroom Activities: Simple Strategies to Incorporate Student-Centered Activities within Undergraduate Science Lectures,pages,0.95,,,Classroom Activities: Simple Strategies to Incorporate Student-Centered Activities within Undergraduate Science Lectures.,,Journal Article,PubMed,,,False
JUNE-11-1-15,Creating Cross-disciplinary Courses,pages,0.95,,,Creating Cross-disciplinary Courses.,,Journal Article,PubMed,,,False
JUNE-11-1-16,Accelerated Integrated Science Sequence: An Interdisciplinary Introductory Course for Science Majors,pages,0.95,,,Accelerated integrated science sequence: an interdisciplinary introductory course for science majors.,,Journal Article,PubMed,,,False
JUNE-11-1-17,Collaborative Online Writing Assignments to Foster Active Learning,pages,0.95,,,Collaborative online writing assignments to foster active learning.,,Journal Article,PubMed,,,False
JUNE-11-1-18,Service Learning in Neuroscience Courses,pages,0.95,,,Service learning in neuroscience courses.,,Journal Article,PubMed,,,False
JUNE-11-1-19,The Value of Partnerships in Science Education: A Win-Win Situation,title,0.95,,,The value of partnerships in science education: a win-win situation.,,Journal Article,PubMed,,,False
JUNE-11-1-20,Neuroscience Study Abroad: Developing a Short-Term Summer Course,pages,0.95,,,Neuroscience study abroad: developing a short-term summer course.,,Journal Article,PubMed,,,False
JUNE-11-1-21,Shared Innovations in Education: Writing and Reviewing for the Undergraduate Neuroscience Community,pages,0.95,,,Shared innovations in education: writing and reviewing for the undergraduate neuroscience community.,,Journal Article,PubMed,,,False
JUNE-11-1-22,Planning and Designing Spaces for the Sciences,pages,0.95,,,Planning and designing spaces for the sciences.,,Journal Article,PubMed,,,False
JUNE-11-1-23,Teaching Neuroinformatics with an Emphasis on Quantitative Locus Analysis,pages,0.95,,,Teaching neuroinformatics with an emphasis on quantitative locus analysis.,,Journal Article,PubMed,,,False
JUNE-11-1-24,Exploring Sensory Neuroscience Through Experience and Experiment,pages,0.95,,,Exploring sensory neuroscience through experience and experiment.,,Journal Article,PubMed,,,False
JUNE-11-1-25,A Structured-Inquiry Approach to Teaching Neurophysiology Using Computer Simulation,pages,0.95,,,A structured-inquiry approach to teaching neurophysiology using computer simulation.,,Journal Article,PubMed,,,False
JUNE-11-1-26,The Fundamentals of Flying: Simple and Inexpensive Strategies for Employing Drosophila Genetics in Neuroscience Teaching Laboratories,pages,0.95,,,The fundamentals of flying: simple and inexpensive strategies for employing Drosophila genetics in neuroscience teaching laboratories.,,Journal Article,PubMed,,,False
JUNE-11-1-27,Electroretinograms in Drosophila: A Robust and Genetically Accessible Electrophysiological System for the Undergraduate Laboratory,pages,0.95,,,Electroretinograms in Drosophila: a robust and genetically accessible electrophysiological system for the undergraduate laboratory.,,Journal Article,PubMed,,,False
JUNE-11-1-28,Classic Clinical Technique Adapted to Demonstrate Autonomic Nervous System Physiology in an Undergraduate Laboratory Course,pages,0.95,,,Classic clinical technique adapted to demonstrate autonomic nervous system physiology in an undergraduate laboratory course.,,Journal Article,PubMed,,,False
JUNE-11-1-29,The Homemade Alternative: Teaching Human Neurophysiology with Instrumentation Made (Almost) from Scratch,pages,0.95,,,The homemade alternative: teaching human neurophysiology with instrumentation made (almost) from scratch.,,Journal Article,PubMed,,,False
JUNE-11-2-01,Preparing New Minds and Communicating Innovations in Undergraduate Neuroscience Education: Welcoming Change in Many Forms,pages,0.95,,,Preparing new minds and communicating innovations in undergraduate neuroscience education: welcoming change in many forms.,,Journal Article,PubMed,,,False
JUNE-11-2-02,An Undergraduate Laboratory Exercise to Study Sensory Inhibition,pages,0.95,,,An undergraduate laboratory exercise to study sensory inhibition.,,Journal Article,PubMed,,,False
JUNE-11-2-03,Da Vinci Coding? Using Renaissance Artists’ Depictions of the Brain to Engage Student Interest in Neuroanatomy,pages,0.95,,,Da vinci coding? Using renaissance artists' depictions of the brain to engage student interest in neuroanatomy.,,Journal Article,PubMed,,,False
JUNE-11-2-04,Using Chick Forebrain Neurons to Model Neurodegeneration and Protection in an Undergraduate Neuroscience Laboratory Course,pages,0.95,,,Using chick forebrain neurons to model neurodegeneration and protection in an undergraduate neuroscience laboratory course.,,Journal Article,PubMed,,,False
JUNE-11-2-05,Book Review: Creating Modern Neuroscience: The Revolutionary 1950s,,,,,,,,website,,,False
JUNE-11-2-06,Book Review: Brain Architecture: Understanding the Basic Plan (2nd ed.),,,,,,,,website,,,False
JUNE-12-1-01,Opinion: A Win for Science: The Benefits of Mentoring High School Students in the Lab,pages,0.95,,,A win for science: the benefits of mentoring high school students in the lab.,,Journal Article,PubMed,,,False
JUNE-12-1-02,Opinion: Science Communication to the General Public: Why We Need to Teach Undergraduate and Graduate Students this Skill as Part of Their Formal Scientific Training,pages,0.95,,,Science Communication to the General Public: Why We Need to Teach Undergraduate and Graduate Students this Skill as Part of Their Formal Scientific Training.,,Journal Article,PubMed,,,False
JUNE-12-1-03,Training Tomorrow’s Neuroscientists Today,pages,0.95,,,Training Tomorrow's Neuroscientists Today.,,Journal Article,PubMed,,,False
JUNE-12-1-04,Three Colossal Neurons: A New Approach to an Old Classroom Demonstration,pages,0.95,,,Three colossal neurons: a new approach to an old classroom demonstration.,,Journal Article,PubMed,,,False
JUNE-12-1-05,Engaging the Audience: Developing Presentation Skills in Science Students,pages,0.95,,,Engaging the audience: developing presentation skills in science students.,,Journal Article,PubMed,,,False
JUNE-12-1-06,MetaNeuron: A Free Neuron Simulation Program for Teaching Cellular Neurophysiology,pages,0.95,,,MetaNeuron: A Free Neuron Simulation Program for Teaching Cellular Neurophysiology.,,Journal Article,PubMed,,,False
JUNE-12-1-07,Using Case Studies as a Semester-Long Tool to Teach Neuroanatomy and Structure-Function Relationships to Undergraduates,pages,0.95,,,Using case studies as a semester-long tool to teach neuroanatomy and structure-function relationships to undergraduates.,,Journal Article,PubMed,,,False
JUNE-12-1-08,Can You Change a Student’s Mind in a Course about the Brain? Belief Change Following an Introductory Course in Biological Psychology,pages,0.95,,,Can You Change a Student's Mind in a Course about the Brain? Belief Change Following an Introductory Course in Biological Psychology.,,Journal Article,PubMed,,,False
JUNE-12-1-09,Pleasure and Pain: Teaching Neuroscientific Principles of Hedonism in a Large General Education Undergraduate Course,pages,0.95,,,Pleasure and pain: teaching neuroscientific principles of hedonism in a large general education undergraduate course.,,Journal Article,PubMed,,,False
JUNE-12-1-10,The Use of Haiku to Convey Complex Concepts in Neuroscience,pages,0.95,,,The use of haiku to convey complex concepts in neuroscience.,,Journal Article,PubMed,,,False
JUNE-12-1-11,Basic Neuron Model Electrical Equivalent Circuit: An Undergraduate Laboratory Exercise,pages,0.95,,,Basic neuron model electrical equivalent circuit: an undergraduate laboratory exercise.,,Journal Article,PubMed,,,False
JUNE-12-1-12,Community-Based Experiential Learning for Second Year Neuroscience Undergraduates,pages,0.95,,,"Community-based, Experiential Learning for Second Year Neuroscience Undergraduates.",,Journal Article,PubMed,,,False
JUNE-12-1-13,Studying Temporal Properties of Stimulus-Evoked Responses in the Ventral Nerve Cord of Insects,pages,0.95,,,Studying temporal properties of stimulus-evoked responses in the ventral nerve cord of insects.,,Journal Article,PubMed,,,False
JUNE-12-1-14,Using Crickets to Introduce Neurophysiology to Early Undergraduate Students,pages,0.95,,,Using crickets to introduce neurophysiology to early undergraduate students.,,Journal Article,PubMed,,,False
JUNE-12-1-15,The Use of Mock NSF-type Grant Proposals and Blind Peer Review as the Capstone Assignment in Upper-Level Neurobiology and Cell Biology Courses,pages,0.95,,,The Use of Mock NSF-type Grant Proposals and Blind Peer Review as the Capstone Assignment in Upper-Level Neurobiology and Cell Biology Courses.,,Journal Article,PubMed,,,False
JUNE-12-1-16,Engaging Undergraduates in a Unique Neuroscience Research Opportunity: A Collaborative Research Experience Between a Primarily Undergraduate Institution (PUI) and a Major Research Institution,pages,0.95,,,Engaging Undergraduates in a Unique Neuroscience Research Opportunity: A Collaborative Research Experience Between a Primarily Undergraduate Institution (PUI) and a Major Research Institution.,,Journal Article,PubMed,,,False
JUNE-12-1-17,Beyond The Brain: How Body and Environment Shape Animal and Human Minds,,,,,,,,website,,,False
JUNE-12-2-01,"Expanding, Enriching and Sustaining Undergraduate Neuroscience Education",pages,0.95,,,"Expanding, enriching and sustaining undergraduate neuroscience education.",,Journal Article,PubMed,,,False
JUNE-12-2-02,The Student as Teacher: Reflections on Collaborative Learning in a Senior Seminar,pages,0.95,,,The student as teacher: reflections on collaborative learning in a senior seminar.,,Journal Article,PubMed,,,False
JUNE-12-2-03,A Mind of Their Own: Using Inquiry-based Teaching to Build Critical Thinking Skills and Intellectual Engagement in an Undergraduate Neuroanatomy Course,pages,0.95,,,A Mind of Their Own: Using Inquiry-based Teaching to Build Critical Thinking Skills and Intellectual Engagement in an Undergraduate Neuroanatomy Course.,,Journal Article,PubMed,,,False
JUNE-12-2-04,Behavioral Observation of Xenopus Tadpole Swimming for Neuroscience Labs,pages,0.95,,,Behavioral observation of Xenopus tadpole swimming for neuroscience labs.,,Journal Article,PubMed,,,False
JUNE-12-2-05,Positron Emission Tomography (PET) and Graphical Kinetic Data Analysis of the Dopamine Neurotransmitter System: An Exercise for an Undergraduate Laboratory Course,pages,0.95,,,Positron Emission Tomography (PET) and Graphical Kinetic Data Analysis of the Dopamine Neurotransmitter System: An Exercise for an Undergraduate Laboratory Course.,,Journal Article,PubMed,,,False
JUNE-12-2-06,NeuroLab: A Set of Graphical Computer Simulations to Support Neuroscience Instruction at the High School and Undergraduate Level,pages,0.95,,,NeuroLab: A Set of Graphical Computer Simulations to Support Neuroscience Instruction at the High School and Undergraduate Level.,,Journal Article,PubMed,,,False
JUNE-12-2-07,Complementing Neurophysiology Education for Developing Countries via Cost-Effective Virtual Labs: Case Studies and Classroom Scenarios,pages,0.95,,,Complementing Neurophysiology Education for Developing Countries via Cost-Effective Virtual Labs: Case Studies and Classroom Scenarios.,,Journal Article,PubMed,,,False
JUNE-12-2-08,Application of a Spike Sorting Procedure to Analyze Recordings in the Crayfish Ventral Superficial Flexor Preparation: A High Resolution Approach to the Study of Neuromodulators on Axons and Synapses,pages,0.95,,,Application of a spike sorting procedure to analyze recordings in the crayfish ventral superficial flexor preparation: A high resolution approach to the study of neuromodulators on axons and synapses.,,Journal Article,PubMed,,,False
JUNE-12-2-09,Classroom Demonstration of the Visual Effects of Eye Diseases,pages,0.95,,,Classroom demonstration of the visual effects of eye diseases.,,Journal Article,PubMed,,,False
JUNE-12-2-10,Attitudes Toward Animal Research: Revisiting Gallup and Beckstead (1988),pages,0.95,,,Attitudes toward animal research: revisiting.,,Journal Article,PubMed,,,False
JUNE-12-2-11,Controversies in Neuroscience: A Literature-Based Course for First year Undergraduates that Improves Scientific Confidence While Teaching Concepts,pages,0.95,,,Controversies in Neuroscience: A Literature-Based Course for First Year Undergraduates that Improves Scientific Confidence While Teaching Concepts.,,Journal Article,PubMed,,,False
JUNE-12-2-12,"Permanent Present Tense: The Unforgettable Life of the Amnesic Patient, H.M.",,,,,,,,website,,,False
JUNE-12-2-13,Consciousness and the Brain: Deciphering How the Brain Codes our Thoughts,,,,,,,,website,,,False
JUNE-13-1-01,The Reviews Are In: Resources For Undergraduate Neuroscience Education,pages,0.95,,,The reviews are in: resources for undergraduate neuroscience education.,,Journal Article,PubMed,,,False
JUNE-13-1-02,Developing a New Experimental System for an Undergraduate Laboratory Exercise to Teach Theories of Visuomotor Learning,pages,0.95,,,Developing a new experimental system for an undergraduate laboratory exercise to teach theories of visuomotor learning.,,Journal Article,PubMed,,,False
JUNE-13-1-03,K-12 Neuroscience Education Outreach Program: Interactive Activities for Educating Students about Neuroscience,pages,0.95,,,K-12 Neuroscience Education Outreach Program: Interactive Activities for Educating Students about Neuroscience.,,Journal Article,PubMed,,,False
JUNE-13-1-04,Students Apply Research Methods to Consumer Decisions About Cognitive Enhancing Drinks,pages,0.95,,,Students apply research methods to consumer decisions about cognitive enhancing drinks.,,Journal Article,PubMed,,,False
JUNE-13-1-05,“Thinking like a Neuroscientist”: Using Scaffolded Grant Proposals to Foster Scientific Thinking in a Freshman Neuroscience Course,pages,0.95,,,"""Thinking like a Neuroscientist"": Using Scaffolded Grant Proposals to Foster Scientific Thinking in a Freshman Neuroscience Course.",,Journal Article,PubMed,,,False
JUNE-13-1-06,A Proposal for Undergraduate Students’ Inclusion in Brain Awareness Week: Promoting Interest in Curricular Neuroscience Components,pages,0.95,,,A proposal for undergraduate students' inclusion in brain awareness week: promoting interest in curricular neuroscience components.,,Journal Article,PubMed,,,False
JUNE-13-1-07,Engaging Undergraduate Summer Research Students and Faculty in a Regional Neuroscience Network,pages,0.95,,,Engaging undergraduate summer research students and faculty in a regional neuroscience network.,,Journal Article,PubMed,,,False
JUNE-13-1-08,Recording Field Potentials From Zebrafish Larvae During Escape Responses,pages,0.95,,,Recording field potentials from zebrafish larvae during escape responses.,,Journal Article,PubMed,,,False
JUNE-13-1-09,Guide to Research Techniques in Neuroscience,,,,,,,,website,,,False
JUNE-13-1-10,MATLAB for Neuroscientists: An Introduction to Scientific Computing in MATLAB (second edition),,,,,,,,website,,,False
JUNE-13-1-11,Neuroscience: A Historical Introduction,,0.6,26240528,Neuroscience and Global Learning.,,,,website,,,False
JUNE-13-1-12,Portraits of the Mind: Visualizing the Brain from Antiquity to the 21st Century,,,,,,,,website,,,False
JUNE-13-1-13,"Joy, Guilt, Anger, Love",,,,,,,,website,,,False
JUNE-13-1-14,Identification of Neural Markers Accompanying Memory,,,,,,,,website,,,False
JUNE-13-2-01,OPINION – A Changing Tide: What the New ‘Foundations of Behavior’ Section of the 2015 Medical College Admissions Test® Might Mean for Undergraduate Neuroscience Programs,pages,0.95,,,A changing tide: what the new 'foundations of behavior' section of the 2015 medical college admissions test® might mean for undergraduate neuroscience programs.,,Journal Article,PubMed,,,False
JUNE-13-2-02,There are So Many I Want to Thank: Inviting the Neuroscience Classroom into Hollywood,pages,0.95,,,There are so many I want to thank: Inviting the neuroscience classroom into Hollywood(.).,,Journal Article,PubMed,,,False
JUNE-13-2-03,Dark Adaptation and Purkinje Shift: A Laboratory Exercise in Perceptual Neuroscience,pages,0.95,,,Dark adaptation and purkinje shift: a laboratory exercise in perceptual neuroscience.,,Journal Article,PubMed,,,False
JUNE-13-2-04,Brain Literate: Making Neuroscience Accessible to a Wider Audience of Undergraduates,pages,0.95,,,Brain literate: making neuroscience accessible to a wider audience of undergraduates.,,Journal Article,PubMed,,,False
JUNE-13-2-05,A Classic Improved: Minor Tweaks Yield Major Benefits in Crayfish Slow-Flexor Preparations,pages,0.95,,,A classic improved: minor tweaks yield major benefits in crayfish slow-flexor preparations.,,Journal Article,PubMed,,,False
JUNE-13-2-06,"Mad Dogs, Vampires, and Zombie Ants: A Multidisciplinary Approach to Teaching Neuroscience, Behavior, and Microbiology",pages,0.95,,,"Mad dogs, vampires, and zombie ants: a multidisciplinary approach to teaching neuroscience, behavior, and microbiology.",,Journal Article,PubMed,,,False
JUNE-13-2-07,Undergraduate Neuropharmacology: A Model for Delivering College-Level Neuroscience to High School Students in situ,pages,0.95,,,Undergraduate Neuropharmacology: A Model for Delivering College-Level Neuroscience to High School Students in situ.,,Journal Article,PubMed,,,False
JUNE-13-2-08,"Exercises in Anatomy, Connectivity, and Morphology using Neuromorpho.org and the Allen Brain Atlas",pages,0.95,,,"Exercises in Anatomy, Connectivity, and Morphology using Neuromorpho.org and the Allen Brain Atlas.",,Journal Article,PubMed,,,False
JUNE-13-2-09,Teaching Science Writing in an Introductory Lab Course,pages,0.95,,,Teaching science writing in an introductory lab course.,,Journal Article,PubMed,,,False
JUNE-13-2-10,Active Learning in a Neuroethics Course Positively Impacts Moral Judgment Development in Undergraduates,pages,0.95,,,Active learning in a neuroethics course positively impacts moral judgment development in undergraduates.,,Journal Article,PubMed,,,False
JUNE-13-2-11,Neuroanatomy of Language Regions of the Human Brain,,,,,,,,website,,,False
JUNE-13-2-12,"Neuroscience for Kids: Online Resources that Promote Student Engagement, Teaching and Learning about the Brain",,,,,,,,website,,,False
JUNE-13-3-01,"Proceedings of the Faculty for Undergraduate Neuroscience Workshops at Ithaca College, Ithaca, NY, July 30 – Aug 3, 2014",pages,0.95,,,"Proceedings of the Faculty for Undergraduate Neuroscience Workshops at Ithaca College, Ithaca, NY, July 30 - Aug 3, 2014.",,Journal Article,PubMed,,,False
JUNE-13-3-02,The 2014 FUN Achievement Award,pages,0.95,,,The 2014 FUN Achievement Award.,,Journal Article,PubMed,,,False
JUNE-13-3-03,VideoHacking: Automated Tracking and Quantification of Locomotor Behavior with Open Source Software and Off-the-Shelf Video Equipment,pages,0.95,,,VideoHacking: Automated Tracking and Quantification of Locomotor Behavior with Open Source Software and Off-the-Shelf Video Equipment.,,Journal Article,PubMed,,,False
JUNE-13-3-04,ERIN: A Portal to Resources for Higher Education in Neuroscience,pages,0.95,,,ERIN: A Portal to Resources for Higher Education in Neuroscience.,,Journal Article,PubMed,,,False
JUNE-13-3-05,Documenting Laboratory Procedures with Video,pages,0.95,,,Documenting Laboratory Procedures with Video.,,Journal Article,PubMed,,,False
JUNE-13-3-06,Retention of Underrepresented Minority Faculty: Strategic Initiatives for Institutional Value Proposition Based on Perspectives from a Range of Academic Institutions,pages,0.95,,,Retention of Underrepresented Minority Faculty: Strategic Initiatives for Institutional Value Proposition Based on Perspectives from a Range of Academic Institutions.,,Journal Article,PubMed,,,False
JUNE-13-3-07,Intentional Excellence in the Baldwin Wallace University Neuroscience Program,pages,0.95,,,Intentional Excellence in the Baldwin Wallace University Neuroscience Program.,,Journal Article,PubMed,,,False
JUNE-13-3-08,Best Practices: The Neuroscience Program at Central Michigan University,pages,0.95,,,Best Practices: The Neuroscience Program at Central Michigan University.,,Journal Article,PubMed,,,False
JUNE-13-3-09,Career Transitions for Faculty Members Committed to Undergraduate Neuroscience Education,pages,0.95,,,Career Transitions for Faculty Members committed to Undergraduate Neuroscience Education.,,Journal Article,PubMed,,,False
JUNE-13-3-10,Techniques and Technology to Revise Content Delivery and Model Critical Thinking in the Neuroscience Classroom,pages,0.95,,,Techniques and Technology to Revise Content Delivery and Model Critical Thinking in the Neuroscience Classroom.,,Journal Article,PubMed,,,False
JUNE-13-3-11,Light Activated Escape Circuits: A Behavior and Neurophysiology Lab Module using Drosophila Optogenetics,pages,0.95,,,Light Activated Escape Circuits: A Behavior and Neurophysiology Lab Module using Drosophila Optogenetics.,,Journal Article,PubMed,,,False
JUNE-13-3-12,Gel Scramble: An E-Tool for Teaching Molecular Neuroscience,pages,0.95,,,Gel Scramble: An E-Tool for Teaching Molecular Neuroscience.,,Journal Article,PubMed,,,False
JUNE-13-3-13,Neuroscience and Global Learning,pages,0.95,,,Neuroscience and Global Learning.,,Journal Article,PubMed,,,False
JUNE-13-3-14,How to Successfully Incorporate Undergraduate Researchers Into a Complex Research Program at a Large Institution,pages,0.95,,,How to Successfully Incorporate Undergraduate Researchers Into a Complex Research Program at a Large Institution.,,Journal Article,PubMed,,,False
JUNE-13-3-15,"Mission-Driven, Manageable and Meaningful Assessment of an Undergraduate Neuroscience Program",pages,0.95,,,"Mission-driven, Manageable and Meaningful Assessment of an Undergraduate Neuroscience Program.",,Journal Article,PubMed,,,False
JUNE-13-3-16,In Situ Teaching: Fusing Labs & Lectures in Undergraduate Science Courses to Enhance Immersion in Scientific Research,pages,0.95,,,In Situ Teaching: Fusing Labs & Lectures in Undergraduate Science Courses to Enhance Immersion in Scientific Research.,,Journal Article,PubMed,,,False
JUNE-13-3-17,"In Vivo Time-Lapse Imaging in the Zebrafish Lateral Line: A Flexible, Open-Ended Research Project for an Undergraduate Neurobiology Laboratory Course",pages,0.95,,,"In Vivo Time-Lapse Imaging in the Zebrafish Lateral Line: A Flexible, Open-Ended Research Project for an Undergraduate Neurobiology Laboratory Course.",,Journal Article,PubMed,,,False
JUNE-13-3-18,Using the Humanities to Teach Neuroscience to Non-majors,pages,0.95,,,Using the Humanities to Teach Neuroscience to Non-majors.,,Journal Article,PubMed,,,False
JUNE-13-3-19,Electrophysiology Meets Ecology: Investigating How Vision is Tuned to the Life Style of an Animal using Electroretinography,pages,0.95,,,Electrophysiology Meets Ecology: Investigating How Vision is Tuned to the Life Style of an Animal using Electroretinography.,,Journal Article,PubMed,,,False
JUNE-13-3-20,Student Friendly Technique to Demonstrate Coordination between Postural (Involuntary) and Voluntary Muscle Contractions,pages,0.95,,,Student Friendly Technique to Demonstrate Coordination between Postural (Involuntary) and Voluntary Muscle Contractions.,,Journal Article,PubMed,,,False
JUNE-14-1-01,OPINION: When All the Giants Are Gone,pages,0.95,,,When All the Giants Are Gone.,,Journal Article,PubMed,,,False
JUNE-14-1-02,Ishi no ue ni mo san nen *: Warming to the Changing Face of Neuroscience and Neuroscience Education,pages,0.95,,,Ishi no ue ni mo san nen(*) : Warming to the Changing Face of Neuroscience and Neuroscience Education.,,Journal Article,PubMed,,,False
JUNE-14-1-03,Psychoactive Substances Bill and Act of New Zealand: A Chance to Engage Undergraduate Scientists with Society using a Transfer Learning Paradigm,pages,0.95,,,Psychoactive Substances Bill and Act of New Zealand: A Chance to Engage Undergraduate Scientists with Society using a Transfer Learning Paradigm.,,Journal Article,PubMed,,,False
JUNE-14-1-04,Snack Cake ‘Dissection’: A Flipped Classroom Exercise to Engage Undergraduates with Basic Neuroanatomy,pages,0.95,,,Snack Cake 'Dissection': A Flipped Classroom Exercise to Engage Undergraduates With Basic Neuroanatomy.,,Journal Article,PubMed,,,False
JUNE-14-1-05,Pencil-and-Paper Neural Networks: An Undergraduate Laboratory Exercise in Computational Neuroscience,pages,0.95,,,Pencil-and-Paper Neural Networks: An Undergraduate Laboratory Exercise in Computational Neuroscience.,,Journal Article,PubMed,,,False
JUNE-14-1-06,Developing the Next Generation of Civic-Minded Neuroscience Scholars: Incorporating Service Learning and Advocacy Throughout a Neuroscience Program,pages,0.95,,,Developing the Next Generation of Civic-Minded Neuroscience Scholars: Incorporating Service Learning and Advocacy Throughout a Neuroscience Program.,,Journal Article,PubMed,,,False
JUNE-14-1-07,Extracellular Recording of Light Responses from Optic Nerve Fibers and the Caudal Photoreceptor in the Crayfish,pages,0.95,,,Extracellular Recording of Light Responses from Optic Nerve Fibers and the Caudal Photoreceptor in the Crayfish.,,Journal Article,PubMed,,,False
JUNE-14-1-08,Non-Fiction Memoirs in the Neuroscience Classroom: A Window into the Minds of Those Affected by Addiction,pages,0.95,,,Non-Fiction Memoirs in the Neuroscience Classroom: A Window into the Minds of Those Affected by Addiction.,,Journal Article,PubMed,,,False
JUNE-14-1-09,Using Tinbergen’s Four Questions as the Framework for a Neuroscience Capstone Course,pages,0.95,,,Using Tinbergen's Four Questions as the Framework for a Neuroscience Capstone Course.,,Journal Article,PubMed,,,False
JUNE-14-1-10,Undergraduate Biocuration: Developing Tomorrow’s Researchers While Mining Today’s Data,pages,0.95,,,Undergraduate Biocuration: Developing Tomorrow's Researchers While Mining Today's Data.,,Journal Article,PubMed,,,False
JUNE-14-1-11,The Cognitive Neuroscience of Sign Language: Engaging Undergraduate Students’ Critical Thinking Skills Using the Primary Literature,pages,0.95,,,The Cognitive Neuroscience of Sign Language: Engaging Undergraduate Students' Critical Thinking Skills Using the Primary Literature.,,Journal Article,PubMed,,,False
JUNE-14-1-12,A Series of Computational Neuroscience Labs Increases Comfort with MATLAB,pages,0.95,,,A Series of Computational Neuroscience Labs Increases Comfort with MATLAB.,,Journal Article,PubMed,,,False
JUNE-14-1-13,Excitable Membranes and Action Potentials in Paramecia: An Analysis of the Electrophysiology of Ciliates,pages,0.95,,,Excitable Membranes and Action Potentials in Paramecia: An Analysis of the Electrophysiology of Ciliates.,,Journal Article,PubMed,,,False
JUNE-14-1-14,Looking Inside the Brain: The Power of Neuroimaging,,,,,,,,website,,,False
JUNE-14-1-15,An Instructor’s Guide to (Some of) the Most Amazing Papers in Neuroscience,title,0.95,,,An Instructor's Guide to (Some of) the Most Amazing Papers in Neuroscience.,,Journal Article; Review,PubMed,,,False
JUNE-14-1-16,Consciousness: Confessions of a Romantic Reductionist,,,,,,,,website,,,False
JUNE-14-1-17,Tales from Both Sides of the Brain,,,,,,,,website,,,False
JUNE-14-1-18,The Synapse: Structure and Function,,,,,,,,website,,,False
JUNE-14-1-19,"Waking, Dreaming, Being",,,,,,,,website,,,False
JUNE-14-2-01,Developing Science Communication in Africa: Undergraduate and Graduate Students should be Trained and Actively Involved in Outreach Activity Development and Implementation,pages,0.95,,,Developing Science Communication in Africa: Undergraduate and Graduate Students should be Trained and Actively Involved in Outreach Activity Development and Implementation.,,Journal Article,PubMed,,,False
JUNE-14-2-02,"Nu Rho Psi , The National Honor Society in Neuroscience: A Decade of Progress",pages,0.95,,,"Nu Rho Psi, The National Honor Society in Neuroscience: A decade of progress.",,Journal Article,PubMed,,,False
JUNE-14-2-03,Case Studies and Neuroscience Education: Tools for Effective Teaching,pages,0.95,,,Case Studies and Neuroscience Education: Tools for Effective Teaching.,,Journal Article,PubMed,,,False
JUNE-14-2-04,Career Advice: Finding a Job at a Predominantly Undergraduate Institution,pages,0.95,,,Career Advice: Finding a Job at a Predominantly Undergraduate Institution.,,Journal Article,PubMed,,,False
JUNE-14-2-05,Diversity and is Inclusion,pages,0.92,,,Diversity is Inclusion.,,Journal Article,PubMed,,,False
JUNE-14-2-06,Teaching as THE Oldest Profession,pages,0.95,,,Teaching as THE Oldest Profession.,,Journal Article,PubMed,,,False
JUNE-14-2-07,A Quantitative Examination of Undergraduate Neuroscience Majors Applying and Matriculating to Osteopathic Medical School,pages,0.95,,,A Quantitative Examination of Undergraduate Neuroscience Majors Applying and Matriculating to Osteopathic Medical School.,,Journal Article,PubMed,,,False
JUNE-14-2-08,Incorporating an ERP Project into Undergraduate Instruction,pages,0.95,,,Incorporating an ERP Project into Undergraduate Instruction.,,Journal Article,PubMed,,,False
JUNE-14-2-09,The BRAIN Initiative Provides a Unifying Context for Integrating Core STEM Competencies into a Neurobiology Course,pages,0.95,,,The BRAIN Initiative Provides a Unifying Context for Integrating Core STEM Competencies into a Neurobiology Course.,,Journal Article,PubMed,,,False
JUNE-14-2-10,“C.R.E.A.T.E.”-ing Unique Primary-Source Research Paper Assignments for a Pleasure and Pain Course Teaching Neuroscientific Principles in a Large General Education Undergraduate Course,pages,0.95,,,"""C.R.E.A.T.E.""-ing Unique Primary-Source Research Paper Assignments for a Pleasure and Pain Course Teaching Neuroscientific Principles in a Large General Education Undergraduate Course.",,Journal Article,PubMed,,,False
JUNE-14-2-11,Illuminating the Undergraduate Behavioral Neuroscience Laboratory: A Guide for the in vivo Application of Optogenetics in Mammalian Model Organisms,pages,0.95,,,Illuminating the Undergraduate Behavioral Neuroscience Laboratory: A Guide for the in vivo Application of Optogenetics in Mammalian Model Organisms.,,Journal Article,PubMed,,,False
JUNE-14-2-12,Evaluation of Changes in Ghanaian Students’ Attitudes Towards Science Following Neuroscience Outreach Activities: A Means to Identify Effective Ways to Inspire Interest in Science Careers,pages,0.95,,,Evaluation of Changes in Ghanaian Students' Attitudes Towards Science Following Neuroscience Outreach Activities: A Means to Identify Effective Ways to Inspire Interest in Science Careers.,,Journal Article,PubMed,,,False
JUNE-14-2-13,Breadboard Amplifier: Building and Using Simple Electrophysiology Equipment,pages,0.95,,,Breadboard Amplifier: Building and Using Simple Electrophysiology Equipment.,,Journal Article,PubMed,,,False
JUNE-14-2-14,Using Cultured Mammalian Neurons to Study Cellular Processes and Neurodegeneration: A Suite of Undergraduate Lab Exercises,pages,0.95,,,Using Cultured Mammalian Neurons to Study Cellular Processes and Neurodegeneration: A Suite of Undergraduate Lab Exercises.,,Journal Article,PubMed,,,False
JUNE-14-2-15,Lights! Camera! Action Projects! Engaging Psychopharmacology Students in Service-based Action Projects Focusing on Student Alcohol Abuse,pages,0.95,,,Lights! Camera! Action Projects! Engaging Psychopharmacology Students in Service-based Action Projects Focusing on Student Alcohol Abuse.,,Journal Article,PubMed,,,False
JUNE-14-2-16,Nora’s Medulla: A Problem-Based Learning Case for Neuroscience Fundamentals,pages,0.95,,,Nora's Medulla: A Problem-Based Learning Case for Neuroscience Fundamentals.,,Journal Article,PubMed,,,False
JUNE-14-2-17,Anxious: Using the Brain to Understand and Treat Fear and Anxiety,,,,,,,,website,,,False
JUNE-14-2-18,Foundational Concepts in Neuroscience: A Brain-Mind Odyssey,,0.61,27385933,"Nu Rho Psi, The National Honor Society in Neuroscience: A decade of progress.",,,,website,,,False
JUNE-14-2-19,Running Wheel for Earthworms,pages,0.95,,,Running Wheel for Earthworms.,,Journal Article,PubMed,,,False
JUNE-14-2-20,The Mind’s Machine: Foundations of Brain and Behavior,,,,,,,,website,,,False
JUNE-15-1-01,EDITORIAL — A New Feature in JUNE : Sharing the Amazing Papers of Neuroscience,pages,0.95,,,A New Feature in JUNE: Sharing the Amazing Papers of Neuroscience.,,Editorial,PubMed,,,False
JUNE-15-1-02,OPINION — Student Assisted Course Design,pages,0.95,,,Student Assisted Course Design.,,Journal Article,PubMed,,,False
JUNE-15-1-03,EDITORIAL — Candles in the Dark,pages,1.0,,,Candles in the Dark.,,Editorial,PubMed,,,False
JUNE-15-1-04,Undergraduate Neuroscience Education in the U.S.: Quantitative Comparisons of Programs and Graduates in the Broader Context of Undergraduate Life Sciences Education,pages,0.95,,,Undergraduate Neuroscience Education in the U.S.: Quantitative Comparisons of Programs and Graduates in the Broader Context of Undergraduate Life Sciences Education.,,Journal Article,PubMed,,,False
JUNE-15-1-05,A Model for Teaching Advanced Neuroscience Methods: A Student-Run Seminar to Increase Practical Understanding and Confidence,pages,0.95,,,A Model For Teaching Advanced Neuroscience Methods: A Student-Run Seminar to Increase Practical Understanding and Confidence.,,Journal Article,PubMed,,,False
JUNE-15-1-06,Simulated in vivo Electrophysiology Experiments Provide Previously Inaccessible Insights into Visual Physiology,pages,0.95,,,Simulated in vivo Electrophysiology Experiments Provide Previously Inaccessible Insights into Visual Physiology.,,Journal Article,PubMed,,,False
JUNE-15-1-07,"The Influence of Assay Design, Blinding, and Gymnema sylvestre on Sucrose Detection by Humans",pages,0.95,,,"The Influence of Assay Design, Blinding, and Gymnema sylvestre on Sucrose Detection by Humans.",,Journal Article,PubMed,,,False
JUNE-15-1-08,An Undergraduate Laboratory Exercise that Demonstrates the Difference Between Peripherally and Centrally Mediated Measures,pages,0.95,,,An Undergraduate Laboratory Exercise that Demonstrates the Difference Between Peripherally and Centrally Mediated Measures.,,Journal Article,PubMed,,,False
JUNE-15-1-09,Are Electrode Caps Worth the Investment? An Evaluation of EEG Methods in Undergraduate Neuroscience Laboratory Courses and Research,pages,0.95,,,Are Electrode Caps Worth the Investment? An Evaluation of EEG Methods in Undergraduate Neuroscience Laboratory Courses and Research.,,Journal Article,PubMed,,,False
JUNE-15-1-10,Use of Structural Assessment of Knowledge for Outcomes Assessment in the Neuroscience Classroom,pages,0.95,,,Use of Structural Assessment of Knowledge for Outcomes Assessment in the Neuroscience Classroom.,,Journal Article,PubMed,,,False
JUNE-15-1-11,An Inquiry-Based Approach to Study the Synapse: Student-Driven Experiments Using C. elegans,pages,0.95,,,An Inquiry-Based Approach to Study the Synapse: Student-Driven Experiments Using C. elegans.,,Journal Article,PubMed,,,False
JUNE-15-1-12,The Miracle Fruit: An Undergraduate Laboratory Exercise in Taste Sensation and Perception,pages,0.95,,,The Miracle Fruit: An Undergraduate Laboratory Exercise in Taste Sensation and Perception.,,Journal Article,PubMed,,,False
JUNE-15-1-13,The Establishment of an On-Campus Neurotraining Center at a Small University: Internship Experience Using Neuropsychological Techniques,pages,0.95,,,The Establishment of an On-Campus Neurotraining Center at a Small University: Internship Experience Using Neuropsychological Techniques.,,Journal Article,PubMed,,,False
JUNE-15-1-14,Using a Pop-Science Book to Teach Introductory Neuroscience: Advantages for Science Majors and Non-Science Majors Alike,pages,0.95,,,Using a Pop-Science Book to Teach Introductory Neuroscience: Advantages for Science Majors and Non-Science Majors Alike.,,Journal Article,PubMed,,,False
JUNE-15-1-15,From Botox to Behavior: Neuroscience for Non-scientists at Emory,pages,0.95,,,From Botox to Behavior: Neuroscience for Non-Scientists at Emory.,,Journal Article,PubMed,,,False
JUNE-15-1-16,Word Origins of Common Neuroscience Terms for Use in an Undergraduate Classroom,pages,0.95,,,Word Origins of Common Neuroscience Terms for Use in an Undergraduate Classroom.,,Journal Article,PubMed,,,False
JUNE-15-1-17,Using Rubrics as a Scientific Writing Instructional Method in Early Stage Undergraduate Neuroscience Study,pages,0.95,,,Using Rubrics as a Scientific Writing Instructional Method in Early Stage Undergraduate Neuroscience Study.,,Journal Article,PubMed,,,False
JUNE-15-1-18,“Social” Neuroscience: Leveraging Social Media to Increase Student Engagement and Public Understanding of Neuroscience,pages,0.95,,,"""Social"" Neuroscience: Leveraging Social Media to Increase Student Engagement and Public Understanding of Neuroscience.",,Journal Article,PubMed,,,False
JUNE-15-1-19,The Woman Born Without a Cerebellum: A Real-Life Case Adapted for Use in an Undergraduate Developmental and Systems Neuroscience Course,pages,0.95,,,The Woman Born Without a Cerebellum: A Real-Life Case Adapted for Use in an Undergraduate Developmental and Systems Neuroscience Course.,,Journal Article,PubMed,,,False
JUNE-15-1-20,Professor Eric Can’t See: A Project-Based Learning Case for Neurobiology Students,pages,0.95,,,Professor Eric Can't See: A Project-Based Learning Case for Neurobiology Students.,,Journal Article,PubMed,,,False
JUNE-15-1-21,"BOOK REVIEW — A Matter of Wonder: What Biology Reveals About Us, Our World, and Our Dreams",,,,,,,,website,,,False
JUNE-15-1-22,BOOK REVIEW — Learning and Behavior: A Contemporary Synthesis (2nd Edition),,,,,,,,website,,,False
JUNE-15-1-23,"AMAZING PAPERS IN NEUROSCIENCE — Introducing Students to Subcortical Sensory, Motor, and Cognitive Processes Associated with Saccades using a Series of Papers by Goldberg and Wurtz",pages,0.95,,,"Introducing Students to Subcortical Sensory, Motor, and Cognitive Processes Associated with Saccades using a Series of Papers by Goldberg and Wurtz.",,Journal Article,PubMed,,,False
JUNE-15-1-24,"AMAZING PAPERS IN NEUROSCIENCE — Psychosocial Stress, Health, and the Hippocampus",pages,0.95,,,"Psychosocial Stress, Health, and the Hippocampus.",,Journal Article,PubMed,,,False
JUNE-15-1-25,AMAZING PAPERS IN NEUROSCIENCE — Both Genetic and Environmental Changes can Enhance Learning and Memory,pages,0.95,,,Both Genetic and Environmental Changes Can Enhance Learning and Memory.,,Journal Article,PubMed,,,False
JUNE-15-1-26,AMAZING PAPERS IN NEUROSCIENCE — Cockroaches Now Evading Death by Getting Bitter About Sweeteners,pages,0.95,,,Cockroaches Now Evading Death by Getting Bitter about Sweeteners.,,Journal Article,PubMed,,,False
JUNE-15-1-27,AMAZING PAPERS IN NEUROSCIENCE — Cognitive Neuroscience and Single-Word Processing,pages,0.95,,,Cognitive Neuroscience and Single-Word Processing.,,Journal Article,PubMed,,,False
JUNE-15-1-28,BOOK REVIEW — Psychophysics: A Practical Introduction (2nd Edition),,,,,,,,website,,,False
JUNE-15-1-29,BOOK REVIEW — Principles of Neurobiology,,,,,,,,website,,,False
JUNE-15-2-01,"Teach Local, Think Global: Best Practices in Neuroscience Education Without Big Budgets",pages,0.95,,,"Teach Local, Think global: Best Practices in Neuroscience Education Without Big Budgets.",,Editorial,PubMed,,,False
JUNE-15-2-02,25 Years of FUN!,pages,1.0,,,25 Years of FUN!,,Journal Article,PubMed,,,False
JUNE-15-2-03,A Guide for Undergraduates to the Society for Neuroscience Annual Meeting,pages,0.95,,,A Guide for Undergraduates to the Society for Neuroscience Annual Meeting.,,Journal Article,PubMed,,,False
JUNE-15-2-04,The Benefits of a Real-Time Web-Based Response System for Enhancing Engaged Learning in Classrooms and Public Science Events,pages,0.95,,,The Benefits of a Real-Time Web-Based Response System for Enhancing Engaged Learning in Classrooms and Public Science Events.,,Journal Article,PubMed,,,False
JUNE-15-2-05,"Neurogaming Technology Meets Neuroscience Education: A Cost-Effective, Scalable, and Highly Portable Undergraduate Teaching Laboratory for Neuroscience",pages,0.95,,,"Neurogaming Technology Meets Neuroscience Education: A Cost-Effective, Scalable, and Highly Portable Undergraduate Teaching Laboratory for Neuroscience.",,Journal Article,PubMed,,,False
JUNE-15-2-06,A Protocol Demonstrating 60 Different Drosophila Behaviors in One Assay,pages,0.95,,,A Protocol Demonstrating 60 Different Drosophila Behaviors in One Assay.,,Journal Article,PubMed,,,False
JUNE-15-2-07,An Algebra-Based Introductory Computational Neuroscience Course with Lab,pages,0.95,,,An Algebra-Based Introductory Computational Neuroscience Course with Lab.,,Journal Article,PubMed,,,False
JUNE-15-2-08,Recognition Without Words: Using Taste to Explore Survival Processing,pages,0.95,,,Recognition Without Words: Using Taste to Explore Survival Processing.,,Journal Article,PubMed,,,False
JUNE-15-2-09,Don’t Believe the Gripe! Increasing Course Structure in a Large Non-majors Neuroscience Course,pages,0.95,,,Don't Believe the Gripe! Increasing Course Structure in a Large Non-majors Neuroscience Course.,,Journal Article,PubMed,,,False
JUNE-15-2-10,Redesigning a Neuroscience Laboratory Course for Multiple Sections: An Action Research Project to Engage Students,pages,0.95,,,Redesigning a Neuroscience Laboratory Course for Multiple Sections: An Action Research Project to Engage Students.,,Journal Article,PubMed,,,False
JUNE-15-2-11,A Rat Model of Fetal Alcohol Syndrome: A Series of Undergraduate Laboratory Exercises for Biopsychology Courses,pages,0.95,,,A Rat Model of Fetal Alcohol Syndrome: A Series of Undergraduate Laboratory Exercises for Biopsychology Courses.,,Journal Article,PubMed,,,False
JUNE-15-2-12,"The Use of Modular, Electronic Neuron Simulators for Neural Circuit Construction Produces Learning Gains in an Undergraduate Anatomy and Physiology Course",pages,0.95,,,"The Use of Modular, Electronic Neuron Simulators for Neural Circuit Construction Produces Learning Gains in an Undergraduate Anatomy and Physiology Course.",,Journal Article,PubMed,,,False
JUNE-15-2-13,A Critical Thinking Activity on Drug Tolerance for Undergraduate Neuroscience Courses,pages,0.95,,,A Critical Thinking Activity on Drug Tolerance for Undergraduate Neuroscience Courses.,,Journal Article,PubMed,,,False
JUNE-15-2-14,Grasshopper DCMD: An Undergraduate Electrophysiology Lab for Investigating Single-Unit Responses to Behaviorally-Relevant Stimuli,pages,0.95,,,Grasshopper DCMD: An Undergraduate Electrophysiology Lab for Investigating Single-Unit Responses to Behaviorally-Relevant Stimuli.,,Journal Article,PubMed,,,False
JUNE-15-2-15,Locate the Lesion: A Project-Based Learning Case that Stimulates Comprehension and Application of Neuroanatomy,pages,0.95,,,Locate the Lesion: A Project-Based Learning Case that Stimulates Comprehension and Application of Neuroanatomy.,,Case Reports; Journal Article,PubMed,,,False
JUNE-15-2-16,Drugs & the Brain: Case-Based Instruction for an Undergraduate Neuropharmacology Course,pages,0.95,,,Drugs & the Brain: Case-based Instruction for an Undergraduate Neuropharmacology Course.,,Case Reports; Journal Article,PubMed,,,False
JUNE-15-2-17,Making Primary Literature Come Alive in the Classroom,pages,0.95,,,Making Primary Literature Come Alive in the Classroom.,,Journal Article; Review,PubMed,,,False
JUNE-15-2-18,The Missing Manuscript of Dr. Jose Delgado´s Radio Controlled Bulls,pages,0.95,,,The Missing Manuscript of Dr. Jose Delgado's Radio Controlled Bulls.,,Journal Article; Review,PubMed,,,False
JUNE-16-1-01,For the FUN of It,pages,1.0,,,For the FUN of It.,,Editorial,PubMed,,,False
JUNE-16-1-02,After p Values: The New Statistics for Undergraduate Neuroscience Education,pages,0.95,,,After p Values: The New Statistics for Undergraduate Neuroscience Education.,,Journal Article,PubMed,,,False
JUNE-16-1-03,Devising a Method to Study if Wernicke’s Aphasia Patients are Aware that They Do Not Comprehend Language or Speak It Understandably,pages,0.95,,,Devising a Method to Study if Wernicke's Aphasia Patients are Aware That They Do Not Comprehend Language or Speak It Understandably.,,Journal Article,PubMed,,,False
JUNE-16-1-04,The University of Ibadan/Grass Foundation Workshop in Neuroscience Teaching,pages,0.95,,,The University of Ibadan/Grass Foundation Workshop in Neuroscience Teaching.,,Journal Article,PubMed,,,False
JUNE-16-1-05,An Interactive Simulation Program for Exploring Computational Models of Auto-Associative Memory,pages,0.95,,,An Interactive Simulation Program for Exploring Computational Models of Auto-Associative Memory.,,Journal Article,PubMed,,,False
JUNE-16-1-06,"Diversity of Graduates from Bachelor’s, Master’s and Doctoral Degree Neuroscience Programs in the United States",pages,0.95,,,"Diversity of Graduates from Bachelor's, Master's and Doctoral Degree Neuroscience Programs in the United States.",,Journal Article,PubMed,,,False
JUNE-16-1-07,A Case Study in the Use of Primary Literature in the Context of Authentic Learning Pedagogy in the Undergraduate Neuroscience Classroom,pages,0.95,,,A Case Study in the Use of Primary Literature in the Context of Authentic Learning Pedagogy in the Undergraduate Neuroscience Classroom.,,Journal Article,PubMed,,,False
JUNE-16-1-08,Measuring Salivary Alpha-Amylase in the Undergraduate Neuroscience Laboratory,pages,0.95,,,Measuring Salivary Alpha-Amylase in the Undergraduate Neuroscience Laboratory.,,Journal Article,PubMed,,,False
JUNE-16-1-09,An Attitudinal Survey of Undergraduate Neuroscience Students Regarding Their Views on the Relevance of Lectures to their Education,pages,0.95,,,An Attitudinal Survey of Undergraduate Neuroscience Students Regarding Their Views on the Relevance of Lectures to their Education.,,Journal Article,PubMed,,,False
JUNE-16-1-10,Using the Tools of Behavioral Neuroscience to Determine the Identity of Different Mouse Strains in a Laboratory Course,pages,0.95,,,Using the Tools of Behavioral Neuroscience to Determine the Identity of Different Mouse Strains in a Laboratory Course.,,Journal Article,PubMed,,,False
JUNE-16-1-11,Cartoon Network: A Tool for Open-Ended Exploration of Neural Circuits,pages,0.95,,,Cartoon Network: A tool for open-ended exploration of neural circuits.,,Journal Article,PubMed,,,False
JUNE-16-1-12,“Brevity is the Soul of Wit”: Use of a Stepwise Project to Teach Concise Scientific Writing,pages,0.95,,,"""Brevity is the Soul of Wit"": Use of a Stepwise Project to Teach Concise Scientific Writing.",,Journal Article,PubMed,,,False
JUNE-16-1-13,Using Action-Mapping to Design a Non-Majors Neuroeconomics Course to Teach First-Year Collegiate Skills,pages,0.95,,,Using Action-Mapping to Design a Non-Majors Neuroeconomics Course to Teach First-Year Collegiate Skills.,,Journal Article,PubMed,,,False
JUNE-16-1-14,Characterizing the Undergraduate Neuroscience Major in the U. S.: An Examination of Course Requirements and Institution-Program Associations,pages,0.95,,,Characterizing the Undergraduate Neuroscience Major in the U.S.: An Examination of Course Requirements and Institution-Program Associations.,,Journal Article,PubMed,,,False
JUNE-16-1-15,Teaching with Big Data: Report from the 2016 Society for Neuroscience Teaching Workshop,pages,0.95,,,Teaching with Big Data: Report from the 2016 Society for Neuroscience Teaching Workshop.,,Journal Article,PubMed,,,False
JUNE-16-1-16,Integrating Brain Science into Health Studies: An Interdisciplinary Course in Contemplative Neuroscience and Yoga,pages,0.95,,,Integrating Brain Science into Health Studies: An Interdisciplinary Course in Contemplative Neuroscience and Yoga.,,Journal Article,PubMed,,,False
JUNE-16-1-17,Learning Experimental Design through Targeted Student-Centric Journal Club with Screencasting,pages,0.95,,,Learning Experimental Design through Targeted Student-Centric Journal Club with Screencasting.,,Journal Article,PubMed,,,False
JUNE-16-1-18,Interviewing Neuroscientists for an Undergraduate Honors Project,pages,0.95,,,Interviewing Neuroscientists for an Undergraduate Honors Project.,,Journal Article,PubMed,,,False
JUNE-16-1-19,Front and Back Flipping for Neurobiology! Developing a Hybrid Upper-Division Lab Course,pages,0.95,,,Front and Back Flipping for Neurobiology! Developing a Hybrid Upper-Division Lab Course.,,Journal Article,PubMed,,,False
JUNE-16-1-20,An Integrative Approach to STEM Concepts in an Introductory Neuroscience Course: Gains in Interdisciplinary Awareness,pages,0.95,,,An Integrative Approach to STEM Concepts in an Introductory Neuroscience Course: Gains in Interdisciplinary Awareness.,,Journal Article,PubMed,,,False
JUNE-16-1-21,Using Case Studies to Promote Student Engagement in Primary Literature Data Analysis and Evaluation,pages,0.95,,,Using Case Studies to Promote Student Engagement in Primary Literature Data Analysis and Evaluation.,,Case Reports; Journal Article,PubMed,,,False
JUNE-16-1-22,A Guerilla Guide to Common Problems in ‘Neurostatistics’: Essential Statistical Topics in Neuroscience,pages,0.95,,,A Guerilla Guide to Common Problems in 'Neurostatistics': Essential Statistical Topics in Neuroscience.,,Journal Article; Review,PubMed,,,False
JUNE-16-1-23,Three Scientific Controversies to Engage Students in Reading Primary Literature,pages,0.95,,,Three Scientific Controversies to Engage Students in Reading Primary Literature.,,Journal Article,PubMed,,,False
JUNE-16-2-01,Active Learning for Students and Faculty,pages,0.95,,,Active Learning for Students and Faculty.,,Editorial,PubMed,,,False
JUNE-16-2-02,The New Statistics for Neuroscience Majors: Thinking in Effect Sizes,pages,0.95,,,The New Statistics for Neuroscience Majors: Thinking in Effect Sizes.,,Journal Article,PubMed,,,False
JUNE-16-2-03,Teaching Neuroanatomy Through a Historical Context,pages,0.95,,,Teaching Neuroanatomy Through a Historical Context.,,Journal Article,PubMed,,,False
JUNE-16-2-04,Clinical Neuroscience in Practice: An Experiential Learning Course for Undergraduates Offered by Neurosurgeons and Neuroscientists,pages,0.95,,,Clinical Neuroscience in Practice: An Experiential Learning Course for Undergraduates Offered by Neurosurgeons and Neuroscientists.,,Journal Article,PubMed,,,False
JUNE-16-2-05,Using Blogs as Practice Writing About Original Neuroscience Papers Enhances Students’ Confidence in Their Critical Analysis of Research,pages,0.95,,,Using Blogs as Practice Writing About Original Neuroscience Papers Enhances Students' Confidence in Their Critical Analysis of Research.,,Journal Article,PubMed,,,False
JUNE-16-2-06,A Simple Method for Teaching Bayesian Hypothesis Testing in the Brain and Behavioral Sciences,pages,0.95,,,A Simple Method for Teaching Bayesian Hypothesis Testing in the Brain and Behavioral Sciences.,,Journal Article,PubMed,,,False
JUNE-16-2-07,"The Design, Implementation, and Assessment of an Undergraduate Neurobiology Course using a Project-Based Approach",pages,0.95,,,"The Design, Implementation, and Assessment of an Undergraduate Neurobiology Course using a Project-Based Approach.",,Journal Article,PubMed,,,False
JUNE-16-2-08,A Low-Cost Morris Water Maze for Undergraduate Research: Construction and Demonstration in a Rat Model of Obesity-Induced Diabetes,pages,0.95,,,A Low-Cost Morris Water Maze for Undergraduate Research: Construction and Demonstration in a Rat Model of Obesity-Induced Diabetes.,,Journal Article,PubMed,,,False
JUNE-16-2-09,Using Optogenetics to Understand Neuronal Mechanisms Underlying Behavior in C. elegans,pages,0.95,,,Using Optogenetics to Understand Neuronal Mechanisms Underlying Behavior in C. elegans.,,Journal Article,PubMed,,,False
JUNE-16-2-10,Partnerships in Neuroscience Research Between Small Colleges and Large Institutions: A Case Study,pages,0.95,,,Partnerships in Neuroscience Research Between Small Colleges and Large Institutions: A Case Study.,,Journal Article,PubMed,,,False
JUNE-16-2-11,The Olfactory Proboscis Extension Response in the Honey Bee: A Laboratory Exercise in Classical Conditioning,pages,0.95,,,The Olfactory Proboscis Extension Response in the Honey Bee: A Laboratory Exercise in Classical Conditioning.,,Journal Article,PubMed,,,False
JUNE-16-2-12,Aversive and Appetitive Learning in Drosophila Larvae: A Simple and Powerful Suite of Laboratory Modules for Classroom or Open-ended Research Projects,pages,0.95,,,Aversive and Appetitive Learning in Drosophila Larvae: A Simple and Powerful Suite of Laboratory Modules for Classroom or Open-ended Research Projects.,,Journal Article,PubMed,,,False
JUNE-16-2-13,Using ImageJ to Assess Neurite Outgrowth in Mammalian Cell Cultures: Research Data Quantification Exercises in Undergraduate Neuroscience Lab,pages,0.95,,,Using ImageJ to Assess Neurite Outgrowth in Mammalian Cell Cultures: Research Data Quantification Exercises in Undergraduate Neuroscience Lab.,,Journal Article,PubMed,,,False
JUNE-16-2-14,Epilepsy and the Action Potential: Using Case Based Instruction and Primary Literature in a Neurobiology Course,pages,0.95,,,Epilepsy and the Action Potential: Using Case Based Instruction and Primary Literature in a Neurobiology Course.,,Case Reports; Journal Article,PubMed,,,False
JUNE-16-2-15,On the Application of Multivariate Statistical and Data Mining Analyses to Data in Neuroscience,pages,0.95,,,On the Application of Multivariate Statistical and Data Mining Analyses to Data in Neuroscience.,,Journal Article; Review,PubMed,,,False
JUNE-16-2-16,Using a Model to Understand the Symptoms of Ophthalmoplegia,pages,0.95,,,Using a Model to Understand the Symptoms of Ophthalmoplegia.,,Journal Article,PubMed,,,False
JUNE-16-2-17,Constructing an Inexpensive Elevated Plus Maze,pages,0.95,,,Constructing an Inexpensive Elevated Plus Maze.,,Journal Article,PubMed,,,False
JUNE-16-2-18,"Characteristics, Emergent Properties and Functions of Somato-dendritic T- and L-Type Calcium Channels",pages,0.95,,,"Characteristics, Emergent Properties and Functions of Somato-dendritic T- and L-Type Calcium Channels.",,Journal Article,PubMed,,,False
JUNE-16-2-19,One Brain. Two Minds? Many Questions.,pages,0.95,,,One Brain. Two Minds? Many Questions.,,Journal Article,PubMed,,,False
JUNE-16-2-20,The Grasshopper Mouse and Bark Scorpion: Evolutionary Biology Meets Pain Modulation and Selective Receptor Inactivation,pages,0.95,,,The Grasshopper Mouse and Bark Scorpion: Evolutionary Biology Meets Pain Modulation and Selective Receptor Inactivation.,,Journal Article,PubMed,,,False
JUNE-16-2-21,Reviewing the Diverse Effects of Protein Phosphorylation in Neural Signaling Transduction,pages,0.95,,,Reviewing the Diverse Effects of Protein Phosphorylation in Neural Signaling Transduction.,,Journal Article,PubMed,,,False
JUNE-16-2-22,Faces in the Brain: The Discovery of a Neuronal Subpopulation Selective for Face Recognition,pages,0.95,,,Faces in the Brain: The Discovery of a Neuronal Subpopulation Selective for Face Recognition.,,Journal Article,PubMed,,,False
JUNE-16-2-23,"Introduction to the Hypothalamic-Pituitary-Adrenal Axis: Healthy and Dysregulated Stress Responses, Developmental Stress and Neurodegeneration",pages,0.95,,,"Introduction to the Hypothalamic-Pituitary-Adrenal Axis: Healthy and Dysregulated Stress Responses, Developmental Stress and Neurodegeneration.",,Journal Article,PubMed,,,False
JUNE-16-3-01,"EDITORIAL: Best Practices for Developing, Assessing, and Sustaining Inclusive Curricula: Proceedings of the 2017 Faculty for Undergraduate Neuroscience Workshop",title,0.95,,,"Best Practices for Developing, Assessing, and Sustaining Inclusive Curricula: Proceedings of the 2017 Faculty for Undergraduate Neuroscience Workshop.",,Editorial,PubMed,,,False
JUNE-16-3-02,PERSPECTIVE: This is Not Your Grandmother’s Faculty Development Program,pages,0.95,,,This is Not Your Grandmother's Faculty Development Program.,,Journal Article,PubMed,,,False
JUNE-16-3-03,PERSPECTIVE: Integrating Addiction in the Neuroscience Curriculum,pages,0.98,,,Integrating Addiction into the Neuroscience Curriculum.,,Journal Article,PubMed,,,False
JUNE-16-3-04,PERSPECTIVE: Support for Undergraduate Neuroscience at the NSF and NIH,pages,0.95,,,Support for Undergraduate Neuroscience at the NSF and NIH.,,Journal Article,PubMed,,,False
JUNE-16-3-05,Cartoon Network Update: New features for exploring of neural circuits,pages,0.95,,,Cartoon Network Update: New Features for Exploring of Neural Circuits.,,Journal Article,PubMed,,,False
JUNE-16-3-06,Open Source Software Tools for Teaching Neuroscience,pages,0.95,,,Open Source Software Tools for Teaching Neuroscience.,,Journal Article,PubMed,,,False
JUNE-16-3-07,Demystifying Graduate School: Navigating a PhD in Neuroscience and Beyond,pages,0.95,,,Demystifying Graduate School: Navigating a PhD in Neuroscience and Beyond.,,Journal Article,PubMed,,,False
JUNE-16-3-08,Recording EMG Signals on a Computer Sound Card,pages,0.95,,,Recording EMG Signals on a Computer Sound Card.,,Journal Article,PubMed,,,False
JUNE-16-3-09,“Doing” the Reading: What Neuroscience Instructors Should Know about Reading Compliance and Comprehension in College,pages,0.95,,,"""Doing"" the Reading: What Neuroscience Instructors Should Know about Reading Compliance and Comprehension in College.",,Journal Article,PubMed,,,False
JUNE-16-3-10,Specific Aims Workshop: Your Grant in a Sound Bite,pages,0.95,,,Specific Aims Workshop: Your Grant in a Sound Bite.,,Journal Article,PubMed,,,False
JUNE-16-3-11,Demonstrating Connections Between Neuron Signaling and Behavior using C. elegans Learning Assays and Optogenetics in a Laboratory Class,pages,0.95,,,Demonstrating Connections Between Neuron Signaling and Behavior using C. elegans Learning Assays and Optogenetics in a Laboratory Class.,,Journal Article,PubMed,,,False
JUNE-16-3-12,NeuroBytes Electronic Neuron Simulators and the 2017 FUN Summer Workshop,pages,0.95,,,NeuroBytes Electronic Neuron Simulators and the 2017 FUN Summer Workshop.,,Journal Article,PubMed,,,False
JUNE-16-3-13,Using Online Images to Teach Quantitative Skills via Comparative Neuroanatomy: Applying the Directives of Vision and Change,pages,0.95,,,Using Online Images to Teach Quantitative Skills via Comparative Neuroanatomy: Applying the Directives of Vision and Change.,,Journal Article,PubMed,,,False
JUNE-16-3-14,The New Blueprints: Undergraduate Neuroscience Education in the Twenty-First Century,pages,0.95,,,The New Blueprints: Undergraduate Neuroscience Education in the Twenty-First Century.,,Journal Article,PubMed,,,False
JUNE-16-3-15,A Discussion of Diversity and Inclusivity at the Institutional Level: The Need For a Strategic Plan,pages,0.95,,,A Discussion of Diversity and Inclusivity at the Institutional Level: The Need for a Strategic Plan.,,Journal Article,PubMed,,,False
JUNE-16-3-16,The Allen Brain Atlas as a Resource for Teaching Undergraduate Neuroscience,pages,0.95,,,The Allen Brain Atlas as a Resource for Teaching Undergraduate Neuroscience.,,Journal Article,PubMed,,,False
JUNE-16-3-17,Building an Inclusive Classroom,pages,0.95,,,Building an Inclusive Classroom.,,Journal Article,PubMed,,,False
JUNE-16-3-18,Expanding Collaborations between the Neuroscience Training Committee of the Society for Neuroscience and the Faculty for Undergraduate Neuroscience,pages,0.95,,,Expanding Collaborations between the Neuroscience Training Committee of the Society for Neuroscience and the Faculty for Undergraduate Neuroscience.,,Journal Article,PubMed,,,False
JUNE-16-3-19,Reducing the Cost of Electrophysiology in the Teaching Laboratory,pages,0.95,,,Reducing the Cost of Electrophysiology in the Teaching Laboratory.,,Journal Article,PubMed,,,False
JUNE-16-3-20,Muscle Spindles and Our Sense of Physical Self: Kinesthetic Illusions of Limb Position and Posture,pages,0.95,,,Muscle Spindles and Our Sense of Physical Self: Kinesthetic Illusions of Limb Position and Posture.,,Journal Article,PubMed,,,False
JUNE-16-3-21,Probing Synaptic Transmission and Behavior in Drosophila with Optogenetics: A Laboratory Exercise,pages,0.95,,,Probing Synaptic Transmission and Behavior in Drosophila with Optogenetics: A Laboratory Exercise.,,Journal Article,PubMed,,,False
JUNE-17-1-01,FROM OUR CHIEF EDITOR: JUNE: The Journal of Neuroscience Education,pages,0.95,,,JUNE: The Journal of Neuroscience Education.,,Editorial,PubMed,,,False
JUNE-17-1-02,PERSPECTIVE: “Understanding Checkpoints” Followed by Self-Evaluation to Assess Students’ Scientific Literacy and Mastery of Content and Techniques,pages,0.95,,,"""Understanding Checkpoints"" Followed by Self-Evaluation to Assess Students' Scientific Literacy and Mastery of Content and Techniques.",,Journal Article,PubMed,,,False
JUNE-17-1-03,Analysis of Student Attitudes of a Neurobiology Themed Inquiry Based Research Experience in First Year Biology Labs,pages,0.95,,,Analysis of Student Attitudes of a Neurobiology Themed Inquiry Based Research Experience in First Year Biology Labs.,,Journal Article,PubMed,,,False
JUNE-17-1-04,Recommendations for Developing an EEG Laboratory at a Primarily Undergraduate Institution,pages,0.95,,,Recommendations for Developing an EEG Laboratory at a Primarily Undergraduate Institution.,,Journal Article,PubMed,,,False
JUNE-17-1-05,Neuroscience and Sustainability: An Online Module on “Environmental Neuroscience”,pages,0.95,,,"Neuroscience and Sustainability: An Online Module on ""Environmental Neuroscience"".",,Journal Article,PubMed,,,False
JUNE-17-1-06,Mystery Neurotransmitters! An Active Learning Activity on Synaptic Function for Undergraduate Students,pages,0.95,,,Mystery Neurotransmitters! An Active Learning Activity on Synaptic Function for Undergraduate Students.,,Journal Article,PubMed,,,False
JUNE-17-1-07,The Neuroscience Classroom Remodeled with Team-Based Learning,pages,0.95,,,The Neuroscience Classroom Remodeled with Team-Based Learning.,,Journal Article,PubMed,,,False
JUNE-17-1-08,Teaching Dose-response Relationships Through Aminoglycoside Block of Mechanotransduction Channels in Lateral Line Hair Cells of Larval Zebrafish,pages,0.95,,,Teaching Dose-response Relationships Through Aminoglycoside Block of Mechanotransduction Channels in Lateral Line Hair Cells of Larval Zebrafish.,,Journal Article,PubMed,,,False
JUNE-17-1-09,Raising Awareness About Prescription and Stimulant Abuse in College Students Through On-Campus Community Involvement Projects,pages,0.95,,,Raising Awareness About Prescription and Stimulant Abuse in College Students Through On-Campus Community Involvement Projects.,,Journal Article,PubMed,,,False
JUNE-17-1-10,"A Report on the Qualities, Skills, and Characteristics Desired by Top Neuroscience Graduate Programs",pages,0.95,,,"A Report on the Qualities, Skills, and Characteristics Desired by Top Neuroscience Graduate Programs.",,Journal Article,PubMed,,,False
JUNE-17-1-11,Impact of Experiential Neuroscience of Meditation Course on Attitudes Toward Mediation and Science,pages,0.99,,,Impact of Experiential Neuroscience of Meditation Course on Attitudes Toward Meditation and Science.,,Journal Article,PubMed,,,False
JUNE-17-1-12,Using iBiology as a Tool for Undergraduate Neuroscience Education,pages,0.95,,,Using iBiology as a Tool for Undergraduate Neuroscience Education.,,Journal Article,PubMed,,,False
JUNE-17-1-13,The Behavioral Effects of Oral Psychostimulant Ingestion on a Laboratory Rat Sample: An Undergraduate Research Experience,pages,0.95,,,The Behavioral Effects of Oral Psychostimulant Ingestion on a Laboratory Rat Sample: An Undergraduate Research Experience.,,Journal Article,PubMed,,,False
JUNE-17-1-14,Using a Contrast Illusion to Teach Principles of Neural Processing,pages,0.95,,,Using A Contrast Illusion to Teach Principles of Neural Processing.,,Journal Article,PubMed,,,False
JUNE-17-1-15,"Engaging, Entertaining, and Educating Under-Served and At-Risk Youth with STEM-Based Activities",pages,0.95,,,"Engaging, Entertaining, and Educating Under-Served and At-Risk Youth with STEM-Based Activities.",,Journal Article,PubMed,,,False
JUNE-17-1-16,Classroom-Based Research Experiences to Support Underserved STEM Student Success: From Introductory Inquiry to Optogenetics in the Embryonic Chicken,pages,0.95,,,Classroom-Based Research Experiences to Support Underserved STEM Student Success: From Introductory Inquiry to Optogenetics in the Embryonic Chicken.,,Journal Article,PubMed,,,False
JUNE-17-1-17,How to Train a Honey Bee,pages,1.0,,,How to Train a Honey Bee.,,Journal Article,PubMed,,,False
JUNE-17-1-18,A Review of Developmental Neurobiology by Lynne M. Bianchi (in the Context of One Instructor’s Evolving Relationship with Scientific Textbooks),,,,,,,,website,,,False
JUNE-17-1-19,Six Autobiographies and Two Realistic Fiction Books as Tools to Engage Students in Neurobiology of Disease: A Guide for Instructors,,,,,,,,website,,,False
JUNE-17-2-01,FROM OUR CHIEF EDITOR: Innovation in Neuroscience Education for Diverse Student Populations,pages,0.95,,,Innovation in Neuroscience Education for Diverse Student Populations.,,Editorial,PubMed,,,False
JUNE-17-2-02,PERSPECTIVE: Models for Spiking Neurons: Integrate-and-Fire Units and Relaxation Oscillators,pages,0.95,,,Models for Spiking Neurons: Integrate-and-Fire Units and Relaxation Oscillators.,,Journal Article,PubMed,,,False
JUNE-17-2-03,Long Term Potentiation in Mouse Hippocampal Slices in an Undergraduate Laboratory Course,pages,0.95,,,Long Term Potentiation in Mouse Hippocampal Slices in an Undergraduate Laboratory Course.,,Journal Article,PubMed,,,False
JUNE-17-2-04,Hands-on Undergraduate Experiences Using Low-Cost Electroencephalography (EEG) Devices,pages,0.95,,,Hands-on Undergraduate Experiences Using Low-Cost Electroencephalography (EEG) Devices.,,Journal Article,PubMed,,,False
JUNE-17-2-05,Development of an Introductory Neuroscience Teaching Experience for Undergraduates with a Low-Cost Neuroscience Summer Academy,pages,0.95,,,Development of an Introductory Neuroscience Teaching Experience for Undergraduates with a Low-Cost Neuroscience Summer Academy.,,Journal Article,PubMed,,,False
JUNE-17-2-06,An Effective Model for Engaging Faculty and Undergraduate Students in Neuroscience Outreach with Middle Schoolers,pages,0.95,,,An Effective Model for Engaging Faculty and Undergraduate Students in Neuroscience Outreach with Middle Schoolers.,,Journal Article,PubMed,,,False
JUNE-17-2-07,"Motivation, Belongingness, and Anxiety in Neuroscience Undergraduates: Emphasizing First Generation College Students",pages,0.95,,,"Motivation, Belongingness, and Anxiety in Neuroscience Undergraduates: Emphasizing First-Generation College Students.",,Journal Article,PubMed,,,False
JUNE-17-2-08,Development of Low-Cost Tactile Neuroanatomy Learning Tools for Students with Visual-Impairmen,pages,0.95,,,Development of Low-Cost Tactile Neuroanatomy Learning Tools for Students With Visual-Impairment.,,Journal Article,PubMed,,,False
JUNE-17-2-09,Neuroscience and Education Colleagues Collaborate to Design and Assess Effective Brain Outreach for Preschoolers,pages,0.95,,,Neuroscience and Education Colleagues Collaborate to Design and Assess Effective Brain Outreach for Preschoolers.,,Journal Article,PubMed,,,False
JUNE-17-2-10,Two Scientists Share Nobel Prize for the First Time! A Case Study Developed for Exploring the History of Neuroanatomy,pages,0.95,,,Two Scientists Share Nobel Prize for the First Time! A Case Study Developed for Exploring the History of Neuroanatomy.,,Case Reports; Journal Article,PubMed,,,False
JUNE-17-2-11,An Electrophysiological Investigation of Power-Amplification in the Ballistic Mantis Shrimp Punch,pages,0.95,,,An Electrophysiological Investigation of Power-Amplification in the Ballistic Mantis Shrimp Punch.,,Journal Article,PubMed,,,False
JUNE-18-1-01,JUNE: Continuing to Advance Neuroscience Education in the New Decade,pages,0.95,,,JUNE: Continuing to Advance Neuroscience Education in the New Decade.,,Editorial,PubMed,,,False
JUNE-18-1-02,Student-led Recaps and Retrieval Practice: A Simple Classroom Activity Emphasizing Effective Learning Strategies,pages,0.95,,,Student-led Recaps and Retrieval Practice: A Simple Classroom Activity Emphasizing Effective Learning Strategies.,,Journal Article,PubMed,,,False
JUNE-18-1-03,Cognitive and Non-Cognitive Outcomes Associated with Student Engagement in a Novel Brain Chemoarchitecture Mapping Course-Based Undergraduate Research Experience,pages,0.95,,,Cognitive and Non-Cognitive Outcomes Associated with Student Engagement in a Novel Brain Chemoarchitecture Mapping Course-Based Undergraduate Research Experience.,,Journal Article,PubMed,,,False
JUNE-18-1-04,Everyday Neuroscience: A Community Engagement Course,pages,0.95,,,Everyday Neuroscience: A Community Engagement Course.,,Journal Article,PubMed,,,False
JUNE-18-1-05,Quantitative Indicators of Continued Growth in Undergraduate Neuroscience Education in the US,pages,0.95,,,Quantitative Indicators of Continued Growth in Undergraduate Neuroscience Education in the US.,,Journal Article,PubMed,,,False
JUNE-18-1-06,Modulating the Zebrafish Camouflage Response Pathway to Illustrate Neuroendocrine Control Over a Robust and Quantifiable Behavior,pages,0.95,,,Modulating the Zebrafish Camouflage Response Pathway to Illustrate Neuroendocrine Control Over a Robust and Quantifiable Behavior.,,Journal Article,PubMed,,,False
JUNE-18-1-07,Versatile Undergraduate Neurobiology Course-Based Research Experiences Using Open Access 3D Electron Microscopy Image Volumes,pages,0.95,,,Versatile Undergraduate Neurobiology Course-Based Research Experiences Using Open Access 3D Electron Microscopy Image Volumes.,,Journal Article,PubMed,,,False
JUNE-18-1-08,The Mysterious Case of Patient X: A Case Study for Neuroscience Students,pages,0.95,,,The Mysterious Case of Patient X: A Case Study for Neuroscience Students.,,Case Reports; Journal Article,PubMed,,,False
JUNE-18-1-09,‘Without A Key’: A Classroom Case Study,pages,0.95,,,'Without A Key': A Classroom Case Study.,,Case Reports; Journal Article,PubMed,,,False
JUNE-18-1-10,3D Printing Neuron Equivalent Circuits: An Undergraduate Laboratory Exercise,pages,0.95,,,3D Printing Neuron Equivalent Circuits: An Undergraduate Laboratory Exercise.,,Journal Article,PubMed,,,False
JUNE-18-2-01,When the COVID-19 Pandemic Changed Neuroscience Education,pages,0.95,,,When the COVID-19 Pandemic Changed Neuroscience Education.,,Editorial,PubMed,,,False
JUNE-18-2-02,"Faculty for Undergraduate Neuroscience (FUN) Statement on Diversity, Equity, and Inclusion",pages,0.95,,,"Faculty for Undergraduate Neuroscience (FUN) Statement on Diversity, Equity, and Inclusion.",,Editorial,PubMed,,,False
JUNE-18-2-03,Interactive Student-Centered Neuroscience Workshops for Sixth Graders Enhance Science Knowledge and Education Attitudes,pages,0.95,,,Interactive Student-Centered Neuroscience Workshops for Sixth Graders Enhance Science Knowledge and Education Attitudes.,,Journal Article,PubMed,,,False
JUNE-18-2-04,Chick Embryonic Primary Astrocyte Cultures Provide an Effective and Scalable Model for Authentic Research in a Laboratory Class,pages,0.95,,,Chick Embryonic Primary Astrocyte Cultures Provide an Effective and Scalable Model for Authentic Research in a Laboratory Class.,,Journal Article,PubMed,,,False
JUNE-18-2-05,Using Drosophila Motor Mutants to Teach Neurodevelopment in an Undergraduate Neurobiology Lab,pages,0.95,,,Using Drosophila Motor Mutants to Teach Neurodevelopment in an Undergraduate Neurobiology Lab.,,Journal Article,PubMed,,,False
JUNE-18-2-06,Comparing Active Learning to Team-Based Learning in Undergraduate Neuroscience,pages,0.95,,,Comparing Active Learning to Team-Based Learning in Undergraduate Neuroscience.,,Journal Article,PubMed,,,False
JUNE-18-2-07,Cocktail Napkin Presentations: Design of an Activity to Enhance Undergraduate Communication and Critical Evaluation of Neuroscience Primary Literature,pages,0.95,,,Cocktail Napkin Presentations: Design of an Activity to Enhance Undergraduate Communication and Critical Evaluation of Neuroscience Primary Literature.,,Journal Article,PubMed,,,False
JUNE-18-2-08,Quantifying the Effects of Two Local Anesthetics on the Crayfish Stretch Receptor Organ: An Integrated Neurophysiology Lab,pages,0.95,,,Quantifying the Effects of Two Local Anesthetics on the Crayfish Stretch Receptor Organ: An Integrated Neurophysiology Lab.,,Journal Article,PubMed,,,False
JUNE-18-2-09,Undergraduate Participation in the Society for Neuroscience,pages,0.95,,,Undergraduate Participation in the Society for Neuroscience.,,Journal Article,PubMed,,,False
JUNE-18-2-10,Meningitis in College Students: Using a Case Study to Expose Introductory Neuroscience Students to Primary Scientific Literature and Applications of Neuroscience,pages,0.95,,,Meningitis in College Students: Using a Case Study to Expose Introductory Neuroscience Students to Primary Scientific Literature and Applications of Neuroscience.,,Case Reports; Journal Article,PubMed,,,False
JUNE-19-1-01,Virtual was the Reality in Neuroscience Education during the COVID-19 Pandemic,pages,0.95,,,Virtual was the Reality in Neuroscience Education during the COVID-19 Pandemic.,,Editorial,PubMed,,,False
JUNE-19-1-02,Reproducible Quantitative Stimulation Allows New Analysis of Crayfish Muscle Receptor Organ Responses,pages,0.95,,,Reproducible Quantitative Stimulation Allows New Analysis of Crayfish Muscle Receptor Organ Responses.,,Journal Article,PubMed,,,False
JUNE-19-1-03,Dissecting the Molecular and Neural Circuit Bases of Behavior as an Introduction to Discovery-Driven Research: A Report on a Course-Based Undergraduate Research Experience,pages,0.95,,,Dissecting the Molecular and Neural Circuit Bases of Behavior as an Introduction to Discovery-Driven Research; A Report on a Course-Based Undergraduate Research Experience.,,Journal Article,PubMed,,,False
JUNE-19-1-04,Evaluation of Students’ Conceptual Organization of Neuroscience May Depend on the Expert Referent,pages,0.95,,,Evaluation of Students' Conceptual Organization of Neuroscience May Depend on the Expert Referent.,,Journal Article,PubMed,,,False
JUNE-19-1-05,"Physiologists Turned Geneticists: Identifying Transcripts and Genes for Neuronal Function in the Marbled Crayfish, Procambarus virginalis",pages,0.95,,,"Physiologists turned Geneticists: Identifying transcripts and genes for neuronal function in the Marbled Crayfish, Procambarus virginalis.",,Journal Article,PubMed,,,False
JUNE-19-1-06,Integrating Research into the Undergraduate Curriculum: 1. Early Research Experiences and Training,pages,0.95,,,Integrating Research into the Undergraduate Curriculum: 1. Early Research Experiences and Training.,,Journal Article,PubMed,,,False
JUNE-19-1-07,Integrating Research into the Undergraduate Curriculum: 2. Scaffolding Research Skills and Transitioning toward Independent Research,pages,0.95,,,Integrating Research into the Undergraduate Curriculum: 2. Scaffolding Research Skills and Transitioning toward Independent Research.,,Journal Article,PubMed,,,False
JUNE-19-1-08,Integrating Research into the Undergraduate Curriculum: 3. Research Training in the Upper-level Neuroscience Curriculum,pages,0.95,,,Integrating Research into the Undergraduate Curriculum: 3. Research Training in the Upper-level Neuroscience Curriculum.,,Journal Article,PubMed,,,False
JUNE-19-1-09,A Capstone Course Where Students Present Contemporary Neuroscience Research to High School Students,pages,0.95,,,A Capstone Course Where Students Present Contemporary Neuroscience Research to High School Students.,,Journal Article,PubMed,,,False
JUNE-19-1-10,Learning How to Code While Analyzing an Open Access Electrophysiology Dataset,pages,0.95,,,Learning How to Code While Analyzing an Open Access Electrophysiology Dataset.,,Journal Article,PubMed,,,False
JUNE-19-1-11,Non-Disposable Assignments for Remote Neuroscience Laboratory Teaching Using Analysis of Human Data,pages,0.95,,,Non-Disposable Assignments for Remote Neuroscience Laboratory Teaching Using Analysis of Human Data.,,Journal Article,PubMed,,,False
JUNE-19-1-12,Highlighting Diversity in Neuroscience through Course Content,pages,0.95,,,Highlighting Diversity in Neuroscience through Course Content.,,Journal Article,PubMed,,,False
JUNE-19-1-13,Developing and Implementing Low-Cost Remote Laboratories for Undergraduate Biology and Neuroscience Courses,pages,0.95,,,Developing and Implementing Low-Cost Remote Laboratories for Undergraduate Biology and Neuroscience Courses.,,Journal Article,PubMed,,,False
JUNE-19-1-14,Inexpensive Methods for Live Imaging of Central Pattern Generator Activity in the Drosophila Larval Locomotor System,pages,0.95,,,Inexpensive Methods for Live Imaging of Central Pattern Generator Activity in the Drosophila Larval Locomotor System.,,Journal Article,PubMed,,,False
JUNE-19-1-15,Building Your Own Neuroscience Equipment: A Precision Micromanipulator and an Epi-fluorescence Microscope for Calcium Imaging,pages,0.95,,,Building Your Own Neuroscience Equipment: A Precision Micromanipulator and an Epi-fluorescence Microscope for Calcium Imaging.,,Journal Article,PubMed,,,False
JUNE-19-1-16,AMAZING PAPERS IN NEUROSCIENCE: Sparse Neural Representation of Odor Predicts Learning,pages,0.95,,,Sparse Neural Representation of Odor Predicts Learning.,,Journal Article,PubMed,,,False
JUNE-19-1-17,AMAZING PAPERS IN NEUROSCIENCE: Does It Feel Right or Wrong? The Neuroscience of Moral Judgement,pages,0.95,,,Does It Feel Right or Wrong? The Neuroscience of Moral Judgement.,,Journal Article,PubMed,,,False
JUNE-19-1-18,AMAZING PAPERS IN NEUROSCIENCE: Primary Literature In Clinical Neuroscience for In-Person Or Remote Instruction,pages,0.95,,,Primary Literature In Clinical Neuroscience for In-Person Or Remote Instruction.,,Journal Article,PubMed,,,False
JUNE-19-1-19,AMAZING PAPERS IN NEUROSCIENCE: The Legacy of the Kennard Principle,pages,0.95,,,The Legacy of the Kennard Principle.,,Journal Article,PubMed,,,False
JUNE-19-1-20,AMAZING PAPERS IN NEUROSCIENCE: Exploring Neuroplasticity in the Classroom: Teaching Cortical Reorganization in the Visual System with a Stroke Patient Study,pages,0.95,,,Exploring Neuroplasticity in the Classroom: Teaching Cortical Reorganization in the Visual System with a Stroke Patient Study.,,Journal Article,PubMed,,,False
JUNE-19-1-21,AMAZING PAPERS IN NEUROSCIENCE: Discovering Memory: Using Sea Slugs to Teach learning and Memory,pages,0.95,,,Discovering Memory: Using Sea Slugs to Teach Learning and Memory.,,Journal Article,PubMed,,,False
JUNE-19-2-01,Moving Closer to the Way Neuroscience Education Was before the COVID-19 Pandemic,pages,0.95,,,Moving Closer to the Way Neuroscience Education Was before the COVID-19 Pandemic.,,Editorial,PubMed,,,False
JUNE-19-2-02,Effective Use of Student-Created Case Studies as Assessment in an Undergraduate Neuroscience,pages,0.95,,,Effective Use of Student-Created Case Studies as Assessment in an Undergraduate Neuroscience Course.,,Journal Article,PubMed,,,False
JUNE-19-2-03,Teaching Neuroimmunology to Undergraduate Students: Resource for Full Course or Modular Implementation,pages,0.95,,,Teaching Neuroimmunology to Undergraduate Students: Resource for Full Course or Modular Implementation.,,Journal Article,PubMed,,,False
JUNE-19-2-04,Teaching Computation in Neuroscience: Notes on the 2019 Society for Neuroscience Professional Development Workshop on Teaching,pages,0.95,,,Teaching Computation in Neuroscience: Notes on the 2019 Society for Neuroscience Professional Development Workshop on Teaching.,,Journal Article,PubMed,,,False
JUNE-19-2-05,Integrating Service Learning into a Neuropsychopharmacology Course,pages,0.95,,,Integrating Service Learning into a Neuropsychopharmacology Course.,,Journal Article,PubMed,,,False
JUNE-19-2-06,Cooperative Group Learning in Undergraduate Neuroscience: Using Simulations to Complement Problem-Solving Assignments,pages,0.95,,,Cooperative Group Learning in Undergraduate Neuroscience: Using Simulations to Complement Problem-Solving Assignments.,,Journal Article,PubMed,,,False
JUNE-19-2-07,"Reading the Brain: An Interdisciplinary First-Year Seminar on the Intersection of Neuroscience, Literature, and Popular Culture",pages,0.95,,,"Reading the Brain: An Interdisciplinary First-Year Seminar on the Intersection of Neuroscience, Literature, and Popular Culture.",,Journal Article,PubMed,,,False
JUNE-19-2-08,"Assessment of Mapping the Brain , a Novel Research and Neurotechnology Based Approach for the Modern Neuroscience Classroom",pages,0.95,,,"Assessment of Mapping the Brain, a Novel Research and Neurotechnology Based Approach for the Modern Neuroscience Classroom.",,Journal Article,PubMed,,,False
JUNE-19-2-09,A Course-Based Research Experience Using the Allen Brain Map: From Research Question to Poster Session,pages,0.95,,,A Course-Based Research Experience Using the Allen Brain Map: From Research Question to Poster Session.,,Journal Article,PubMed,,,False
JUNE-19-2-10,Phantom Limb Pain: Feeling Sensation from a Limb That is No Longer Present and What it Can Reveal about Our Brain Anatomy,pages,0.95,,,Phantom Limb Pain: Feeling Sensation from a Limb that is No Longer Present and What it Can Reveal About Our Brain Anatomy.,,Journal Article,PubMed,,,False
JUNE-19-2-11,AMAZING PAPERS IN NEUROSCIENCE: Teaching Principles of Place Cells,pages,0.95,,,Teaching Principles of Place Cells.,,Journal Article,PubMed,,,False
JUNE-19-2-12,AMAZING PAPERS IN NEUROSCIENCE: Getting Graded: Teaching Principles of Chemical Synaptic Transmission without Action Potentials,pages,0.95,,,Getting Graded: Teaching Principles of Chemical Synaptic Transmission Without Action Potentials.,,Journal Article,PubMed,,,False
JUNE-19-2-13,AMAZING PAPERS IN NEUROSCIENCE: Exploring the Genetic Underpinnings of Aggression in Drosophila melanogaster,pages,0.95,,,Exploring the Genetic Underpinnings of Aggression in Drosophila melanogaster.,,Journal Article,PubMed,,,False
JUNE-19-2-14,AMAZING PAPERS IN NEUROSCIENCE: Examining Empathy through Consolation Behavior in Prairie Voles,pages,0.95,,,Examining Empathy Through Consolation Behavior in Prairie Voles.,,Journal Article,PubMed,,,False
JUNE-20-1-01,Continued Challenges for Neuroscience Education During the COVID-19,pages,0.95,,,Continued Challenges for Neuroscience Education During the COVID-19 Pandemic.,,Editorial,PubMed,,,False
JUNE-20-1-02,"Revisiting Diversity, Equity, and Inclusion Commitments and Instituting Lasting Actionable Changes in the Faculty for Undergraduate Neuroscience",pages,0.95,,,"Revisiting Diversity, Equity, and Inclusion Commitments and Instituting Lasting Actionable Changes in the Faculty for Undergraduate Neuroscience.",,Editorial,PubMed,,,False
JUNE-20-1-03,Reissue: A Decade of FUN: The First Ten Years of the Faculty for Undergraduate Neuroscience,pages,0.95,,,Reissue: A Decade of FUN: The First Ten Years of the Faculty for Undergraduate Neuroscience.,,Editorial,PubMed,,,False
JUNE-20-1-04,DRD4 Allele Frequency as a Lab Exercise in Neuroscience and Genetics Courses,pages,0.95,,,DRD4 Allele Frequency as a Lab Exercise in Neuroscience and Genetics Courses.,,Journal Article,PubMed,,,False
JUNE-20-1-05,Pedagogical Activities for Assessing Human and Rat Taste-Related Behavioral Responses to Gymnema sylvestre,,,,,,,,website,,,False
JUNE-20-1-06,Signal : A Neurotransmission Board Game,pages,0.95,,,Signal: A Neurotransmission Board Game.,,Journal Article,PubMed,,,False
JUNE-20-1-07,"The Spine Lab: A Short-Duration, Fully-Remote Course-Based Undergraduate Research Experience",pages,0.95,,,"The Spine Lab: A Short-Duration, Fully-Remote Course-Based Undergraduate Research Experience.",,Journal Article,PubMed,,,False
JUNE-20-1-08,Race and the Ivory Tower: An Antiracism Exercise for an Undergraduate Neuroscience Classroom,pages,0.95,,,Race and the Ivory Tower: An Antiracism Exercise for an Undergraduate Neuroscience Classroom.,,Journal Article,PubMed,,,False
JUNE-20-1-09,Class Size and Student Performance in a Team-Based Learning Course,pages,0.95,,,Class Size and Student Performance in a Team-Based Learning Course.,,Journal Article,PubMed,,,False
JUNE-20-1-10,A Semester without Exams: Approaches in a Small And Large Course,pages,0.95,,,A Semester without Exams: Approaches in a Small and Large Course.,,Journal Article,PubMed,,,False
JUNE-20-1-11,Open-Ended Inquiry into Zebrafish Nerve Development Using Image Analysis,pages,0.95,,,Open-Ended Inquiry into Zebrafish Nerve Development Using Image Analysis.,,Journal Article,PubMed,,,False
JUNE-20-1-12,The Open Neuroscience Initiative: A Free-to-Access and -Adopt Digital Textbook for Undergraduate Students of Introductory Neuroscience,pages,0.95,,,The Open Neuroscience Initiative: A Free-to-Access and -Adopt Digital Textbook for Undergraduate Students of Introductory Neuroscience.,,Journal Article,PubMed,,,False
JUNE-20-1-13,Quantitative Characterization of Output from the Directionally Selective Visual Interneuron H1 in the Grey Flesh Fly Sarcophaga bullata,pages,0.95,,,Quantitative Characterization of Output from the Directionally Selective Visual Interneuron H1 in the Grey Flesh Fly Sarcophaga bullata.,,Journal Article,PubMed,,,False
JUNE-20-1-14,Pandemic Teaching: Using the Allen Cell Types Database for Final Semester Projects in an Undergraduate Neurophysiology Lab Course,pages,0.95,,,Pandemic Teaching: Using the Allen Cell Types Database for Final Semester Projects in an Undergraduate Neurophysiology Lab Course.,,Journal Article,PubMed,,,False
JUNE-20-1-15,The Simpsons Neuron: A Case Study Exploring Neuronal Coding and the Scientific Method for Introductory and Advanced Neuroscience Courses,pages,0.95,,,The Simpsons Neuron: A Case Study Exploring Neuronal Coding and the Scientific Method for Introductory and Advanced Neuroscience Courses.,,Journal Article,PubMed,,,False
JUNE-20-2-01,An Introduction to the Proceedings of the 2020 FUN Summer Virtual Meeting,doi,0.95,,,An Introduction to the Proceedings of the 2020 FUN Summer Virtual Meeting.,10.59390/LKPG6213,Editorial,PubMed,website (confirmed by CrossRef),,False
JUNE-20-2-02,Celebrating Diverse Voices in Neuroscience: Introducing Project DiViNe,doi,0.95,,,Celebrating Diverse Voices in Neuroscience: Introducing Project DiViNe.,10.59390/AXFD9450,Editorial,PubMed,website (confirmed by CrossRef),,False
JUNE-20-2-03,"A Tale of Two Meetings: Indeed, the Worst of Times Gave Undergraduate Neuroscience Education One of the Best of Times",doi,0.95,,,"A Tale of Two Meetings: Indeed, the Worst of Times Gave Undergraduate Neuroscience Education One of the Best of Times.",10.59390/DWIP7136,Editorial,PubMed,website (confirmed by CrossRef),,False
JUNE-20-2-04,Convening the Undergraduate Neuroscience Education Community in a Period of Rapid Change: Insights from the FUN 2020 Summer Virtual Meeting,title,0.95,,,Convening the Undergraduate Neuroscience Education Community in a Period of Rapid Change: Insights from the FUN 2020 Summer Virtual Meeting.,10.59390/TPQZ7702,Editorial,PubMed,PubMed (confirmed by CrossRef),,False
JUNE-20-2-05,Video Microscopy for Teaching: Optimizing the Field of View,doi,0.95,,,Video Microscopy for Teaching: Optimizing the Field of View.,10.59390/XOIG7838,Journal Article,PubMed,website (confirmed by CrossRef),,False
JUNE-20-2-06,Increasing Self-Compassion: Review of the Literature and Recommendations,doi,0.95,,,Increasing Self-Compassion: Review of the Literature and Recommendations.,10.59390/WSZK3327,Journal Article; Review,PubMed,website (confirmed by CrossRef),,False
JUNE-20-2-07,Podcasting Neuroscience: A Science Communication Assignment,doi,0.95,,,Podcasting Neuroscience: A Science Communication Assignment.,10.59390/FKXM3006,Journal Article,PubMed,website (confirmed by CrossRef),,False
JUNE-20-2-08,Deep versus Shallow Processing: A Learning and Memory Experiment for Asynchronous and Synchronous Online Platforms,doi,0.95,,,Deep versus Shallow Processing: A Learning and Memory Experiment for Asynchronous and Synchronous Online Platforms.,10.59390/FEAP4736,Journal Article,PubMed,website (confirmed by CrossRef),,False
JUNE-20-2-09,Why Students Cheat and How Understanding This Can Help Reduce the Frequency of Academic Misconduct in Higher Education: A Literature Review,doi,0.99,,,Why Students Cheat and How Understanding This Can Help Reduce the Frequency of Academic Misconduct in Higher Education: A Literature Review.,10.59390/LXMJ2920,Journal Article; Review,PubMed,website (confirmed by CrossRef),,False
JUNE-20-2-10,The Development of Core Concepts for Neuroscience Higher Education: From Beginning to Summer Virtual Meeting Satellite Session,doi,0.95,,,The Development of Core Concepts for Neuroscience Higher Education: From Beginning to Summer Virtual Meeting Satellite Session.,10.59390/GHOR4737,Journal Article,PubMed,website (confirmed by CrossRef),,False
JUNE-20-2-11,FraidyRat: A Virtual Module Examining the Neural Circuitry Underlying Fear Conditioning,doi,0.95,,,FraidyRat: A Virtual Module Examining the Neural Circuitry Underlying Fear Conditioning.,10.5939/KYSI6629,Journal Article,PubMed,CrossRef title match,,False
JUNE-20-2-12,Enhancing Student Research Experiences with Open Data from the Allen Brain Map,doi,0.95,,,Enhancing Student Research Experiences with Open Data from the Allen Brain Map.,10.59390/NWXO4043,Journal Article,PubMed,website (confirmed by CrossRef),,False
JUNE-20-2-13,Adapting Case Studies for Synchronous and Asynchronous Online Courses,doi,0.95,,,Adapting Case Studies for Synchronous and Asynchronous Online Courses.,10.59390/NFRQ7249,Journal Article,PubMed,website (confirmed by CrossRef),,False
JUNE-20-2-14,Teaching About Sex and Gender in Neuroscience: More Than Meets the “XY”,doi,0.95,,,"Teaching About Sex and Gender in Neuroscience: More Than Meets the ""XY"".",10.59390/AZVZ2988,Journal Article,PubMed,website (confirmed by CrossRef),,False
JUNE-20-2-15,"PROJECT DiViNe: DIVERSE VOICES IN NEUROSCIENCE: Profiles of Rita Levi-Montalcini, Ricardo Miledi, Simon LeVay, Erich Jarvis, and Steve Ramirez",pages,0.95,,,"PROJECT DiViNe: DIVERSE VOICES IN NEUROSCIENCE: Profiles of Rita Levi-Montalcini, Ricardo Miledi, Simon LeVay, Erich Jarvis, and Steve Ramirez.",10.59390/LVJD2796,Journal Article,PubMed,PubMed (confirmed by CrossRef),,False
JUNE-20-2-16,"Deceived, Confused, or Peer Reviewed? Critical Information Literacy in a First-year Neuroscience Course",doi,0.95,,,"Deceived, Confused, or Peer Reviewed? Critical Information Literacy in a First-Year Neuroscience Course.",10.59390/BKPW4729,Journal Article,PubMed,website (confirmed by CrossRef),,False
JUNE-20-2-17,Virtual/Remote Labs for Fluorescent Immunocytochemistry or Western Blotting: The Next Best Thing to Being There,doi,0.95,,,Virtual/Remote Labs for Fluorescent Immunocytochemistry or Western Blotting: The Next Best Thing to Being There.,10.59390/XCGJ3727,Journal Article,PubMed,website (confirmed by CrossRef),,False
JUNE-20-2-18,"Online Neuroscience Instruction: Insights, Lessons Learned, and Moving Forward",doi,0.95,,,"Online Neuroscience Instruction: Insights, Lessons Learned, and Moving Forward.",10.59390/PQJQ5721,Journal Article,PubMed,website (confirmed by CrossRef),,False
JUNE-20-2-19,"Designing a Simulation Lab: The Process that Led to Action Potentials Explored and Extended, Two Simulation-Based Neurobiology Labs",doi,0.95,,,"Designing a Simulation Lab: The Process that Led to Action Potentials Explored and Extended, Two Simulation-Based Neurobiology Labs.",10.59390/LLWZ6243,Journal Article,PubMed,website (confirmed by CrossRef),,False
JUNE-20-2-20,Structured Worksheets: Simple Active Learning Strategies to Increase Transparency and Promote Communication,doi,0.95,,,Structured Worksheets: Simple Active Learning Strategies to Increase Transparency and Promote Communication.,10.59390/VOHJ7109,Journal Article,PubMed,website (confirmed by CrossRef),,False
JUNE-20-2-21,Teaching to Empower: Leveraging the Neuroscience of Now to Help Students Become Self-Regulated Learners,doi,0.95,,,Teaching to Empower: Leveraging the Neuroscience of Now to Help Students Become Self-Regulated Learners.,10.59390/WTLQ2344,Journal Article,PubMed,website (confirmed by CrossRef),,False
JUNE-20-2-22,Digital Timeline Assignment of Key Opioid Research Articles Spanning Five Decades,doi,0.95,,,Digital Timeline Assignment of Key Opioid Research Articles Spanning Five Decades.,10.59390/TVRA6768,Journal Article,PubMed,website (confirmed by CrossRef),,False
JUNE-20-2-23,A Resource to Future Proof the Laboratory in Uncertain Times,doi,0.95,,,Lt: A Resource to Future-Proof the Laboratory in Uncertain Times.,10.59390/DCXY9279,Journal Article,PubMed,website (confirmed by CrossRef),,False
JUNE-20-2-24,TrainingSpace: Neuroscience Education without Borders,doi,0.92,,,Trainingspace: Neuroeducation Without Borders.,10.59390/BIWD8550,Journal Article,PubMed,website (confirmed by CrossRef),,False
JUNE-20-2-25,Neurosim: Some Thoughts on Using Computer Simulation in Teaching Electrophysiology,doi,0.95,,,Neurosim: Some Thoughts on Using Computer Simulation in Teaching Electrophysiology.,10.59390/JGIP5297,Journal Article,PubMed,website (confirmed by CrossRef),,False
JUNE-20-2-26,Meeting Behind the Seen: Synchronous Teaching without Virtual Meeting Fatigue,doi,0.95,,,Meeting Behind the Seen: Synchronous Teaching without Virtual Meeting Fatigue.,10.59390/WXIP5336,Journal Article,PubMed,website (confirmed by CrossRef),,False
JUNE-20-2-27,Neuroscience Ambassadors: Creating a Network of Academia-Community Partnerships,doi,0.99,,,Neuroscience Ambassadors: Creating a Network of Academia-CommunityPartnerships.,10.59390/LVZC1043,Journal Article,PubMed,website (confirmed by CrossRef),,False
JUNE-20-2-28,Open Education Resources for Neuroscience,doi,0.98,,,Open Educational Resources for Neuroscience.,10.59390/CVBF7454,Journal Article; Review,PubMed,website (confirmed by CrossRef),section 'Articles' but page prefix R,False
JUNE-20-3-01,EDITOR IN CHIEF: Growing and Evolving after Twenty Years of Neuroscience Education Scholarship,doi,0.95,,,Growing and evolving after twenty years of neuroscience education scholarship.,10.59390/ABRK8282,Editorial,PubMed,website (confirmed by CrossRef),,False
JUNE-20-3-02,EDITORIAL: Teach Me and I’ll Remember,doi,0.95,,,Teach Me and I'll Remember.,10.59390/LHJI3567,Editorial,PubMed,website (confirmed by CrossRef),,False
JUNE-20-3-03,OPINION: Lessons Learned in Developing Virtual Neuroscience Labs,doi,0.95,,,Lessons Learned in Developing Virtual Neuroscience Labs.,10.59390/FCUJ4587,Journal Article,PubMed,website (confirmed by CrossRef),,False
JUNE-20-3-04,Active Learning and Community Engagement: Pedagogical Synergy through the “Mobile Neuroscience Lab” Project,doi,0.95,,,"Active Learning and Community Engagement: Pedagogical Synergy through the ""Mobile Neuroscience Lab"" Project.",10.59390/VUNA6753,Journal Article,PubMed,website (confirmed by CrossRef),,False
JUNE-20-3-05,Effective Development of a Remote Full-Day Summer Neuroscience Program at the University of Pennsylvania,doi,0.95,,,Effective Development of a Remote Full-Day Summer Neuroscience Program at the University of Pennsylvania.,10.59390/PDWF1446,Journal Article,PubMed,website (confirmed by CrossRef),,False
JUNE-20-3-06,Feasibility and Utility of a Virtual Reality Laboratory Exercise in an Undergraduate Neuroscience Course,doi,0.95,,,Feasibility and Utility of a Virtual Reality Laboratory Exercise in an Undergraduate Neuroscience Course.,10.59390/ZYCY4696,Journal Article,PubMed,website (confirmed by CrossRef),,False
JUNE-20-3-07,An Online Course in Contemplative Neuroscience Increases Dispositional Mindfulness and Reduces Meditation Barriers,doi,0.95,,,An Online Course in Contemplative Neuroscience Increases Dispositional Mindfulness and Reduces Meditation Barriers.,10.59390/EEBD8126,Journal Article,PubMed,website (confirmed by CrossRef),,False
JUNE-20-3-08,Opportunities to Discuss Diversity-Related Topics in Neuroscience Courses,doi,0.95,,,Opportunities to Discuss Diversity-Related Topics in Neuroscience Courses.,10.59390/AOIN4016,Journal Article,PubMed,website (confirmed by CrossRef),,False
JUNE-20-3-09,Recording from Snail Motor Nerves to Investigate Central Pattern Generation,doi,0.95,,,Recording from Snail Motor Nerves to Investigate Central Pattern Generation.,10.59390/JCRT2250,Journal Article,PubMed,website (confirmed by CrossRef),,False
JUNE-20-3-10,The FUN Exchange: A Community-Driven Repository of Resources for Neuroscience Educators,doi,0.95,,,The FUN Exchange: A Community-Driven Repository of Resources for Neuroscience Educators.,10.59390/IVWG3242,Journal Article,PubMed,website (confirmed by CrossRef),,False
JUNE-20-3-11,Measuring Sex Differences in the Corpus Callosum by Undergraduates at a Small and a Large Institution,doi,0.95,,,Measuring Sex Differences in the Corpus Callosum by Undergraduates at a Small and a Large Institution.,10.59390/FULX3501,Journal Article,PubMed,website (confirmed by CrossRef),,False
JUNE-20-3-12,AMAZING PAPERS IN NEUROSCIENCE: Teaching the Applications of CRISPR/Cas9: Using the African Turquoise Killifish as a Novel Model of Aging and Age-Related Diseases,doi,0.95,,,Teaching the Applications of CRISPR/Cas9: Using the African Turquoise Killifish as a Novel Model of Aging and Age-Related Diseases.,10.59390/XZQL5300,Journal Article,PubMed,website (confirmed by CrossRef),,False
JUNE-20-3-13,"BOOK REVIEW: Connecting Dots Between Psychiatry, Neuroscience, and Memory: A Review of A Sense of Self: Memory, The Brain, and Who We Are by Veronica O’Keane",,,,,,,,website,website (confirmed by CrossRef),,False
JUNE-20-3-14,BOOK REVIEW: So You Want to be a Neuroscientist by Ashley Juanvinett,,,,,,,,website,website (confirmed by CrossRef),,False
JUNE-21-1-01,EDITOR IN CHIEF: The New and Even Better Normal,doi,0.95,,,The New and Even Better Normal.,10.59390/VPAG4551,Editorial,PubMed,website (confirmed by CrossRef),,False
JUNE-21-1-02,Promoting Scientific Exchange and Student Training through Scientific Meetings; Insights from a Joint Virtual Undergraduate Neuroscience Conference During the COVID-19 Pandemic,doi,0.95,,,Promoting Scientific Exchange and Student Training Through Scientific Meetings; Insights from a Joint Virtual Undergraduate Neuroscience Conference During the COVID-19 Pandemic.,10.59390/CBUS7460,Journal Article,PubMed,website (confirmed by CrossRef),,False
JUNE-21-1-03,"Teaching Neuroscience: Reviving Neuroanatomy, Notes on the 2022 Society for Neuroscience Professional Development Workshop on Teaching",doi,0.95,,,"Teaching Neuroscience: Reviving Neuroanatomy, Notes on the 2022 Society for Neuroscience Professional Development Workshop on Teaching.",10.59390/BITB4303,Journal Article,PubMed,website (confirmed by CrossRef),,False
JUNE-21-1-04,A Versatile Psychoneuroimmunology Course-based Undergraduate Research Experience,doi,0.95,,,A Versatile Psychoneuroimmunology Course-based Undergraduate Research Experience.,10.59390/OWVW3847,Journal Article,PubMed,website (confirmed by CrossRef),,False
JUNE-21-1-05,NeuroStudies: A Model of an Interdisciplinary Neuroscience Studies Minor,doi,0.95,,,NeuroStudies: A Model of an Interdisciplinary Neuroscience Studies Minor.,10.59390/FBNZ6901,Journal Article,PubMed,website (confirmed by CrossRef),,False
JUNE-21-1-06,The Mismatch Between Neuroscience Graduate Training and Professional Skill Sets,doi,0.95,,,The Mismatch Between Neuroscience Graduate Training and Professional Skill Sets.,10.59390/PYRM1880,Journal Article,PubMed,website (confirmed by CrossRef),,False
JUNE-21-1-07,The Creation of High-Resolution Brain Cross-sections for 3D Printing and Virtual Reality Applications,doi,0.95,,,The Creation of High-Resolution Brain Cross-sections for 3D Printing and Virtual Reality Applications.,10.59390/CVGG3853,Journal Article,PubMed,website (confirmed by CrossRef),,False
JUNE-21-1-08,A Course Design for Remote Teaching Advanced Topics in Neuroscience,doi,0.95,,,A Course Design for Remote Teaching Advanced Topics in Neuroscience.,10.59390/GSXQ3224,Journal Article,PubMed,website (confirmed by CrossRef),,False
JUNE-21-1-09,Using Zebrafish Embryos to Study Pharmacological Effects on Neural Development in Hands-On Neurobiology Laboratory Activities,doi,0.95,,,Using Zebrafish Embryos to Study Pharmacological Effects on Neural Development in Hands-On Neurobiology Laboratory Activities.,10.59390/RAKO7898,Journal Article,PubMed,website (confirmed by CrossRef),,False
JUNE-21-1-10,Student Evaluation of a Learning Community Model Adapted to Student and Curriculum Needs,doi,0.95,,,Student Evaluation of a Learning Community Model Adapted to Student and Curriculum Needs.,10.59390/EVAY3425,Journal Article,PubMed,website (confirmed by CrossRef),,False
JUNE-21-1-11,Pipette Olympics: An Engaging Exercise for Undergraduate Laboratory Training,doi,0.95,,,Pipette Olympics: An Engaging Exercise for Undergraduate Laboratory Training.,10.59390/NOYQ7921,Journal Article,PubMed,website (confirmed by CrossRef),,False
JUNE-21-2-01,EDITOR IN CHIEF: Of Chatbots and Colonizers,doi,0.95,,,Of Chatbots and Colonizers.,10.59390/YLHJ6332,Editorial,PubMed,website (confirmed by CrossRef),,False
JUNE-21-2-02,EDITORIAL: The 2022 Faculty for Undergraduate Neuroscience Faculty Awards,doi,0.95,,,The 2022 Faculty for Undergraduate Neuroscience Faculty Awards.,10.59390/JPOE3730,Journal Article,PubMed,website (confirmed by CrossRef),,False
JUNE-21-2-03,EDITORIAL: Using Open Neuroscience to Advance Equity in the Pedagogy and Research Infrastructure in Colleges/Universities Still Financially Impacted by COVID-19: The Emergence of a Global Resource Network Aimed at Integrating Neuroscience and Society,doi,0.95,,,Using Open Neuroscience to Advance Equity in the Pedagogy and Research Infrastructure in Colleges/Universities Still Financially Impacted by COVID-19: The Emergence of a Global Resource Network Aimed at Integrating Neuroscience and Society.,10.59390/JVIC5712,Editorial,PubMed,website (confirmed by CrossRef),,False
JUNE-21-2-04,Cross-Course Harmonized Assignments in Neuroscience,doi,0.95,,,Cross-Course Harmonized Assignments in Neuroscience.,10.59390/BOTF3129,Journal Article,PubMed,website (confirmed by CrossRef),,False
JUNE-21-2-05,An Affordable Three-Dimensional (3D) Printed Recording Chamber for Two-Electrode Voltage Clamp Electrophysiology,doi,0.95,,,An affordable Three-Dimensional (3D) Printed Recording Chamber for Two-Electrode Voltage Clamp Electrophysiology.,10.59390/VSKD5667,Journal Article,PubMed,website (confirmed by CrossRef),,False
JUNE-21-2-06,The COVID-19 and Taste Lab: A Mini Course-based Undergraduate Research Experience on Taste Differences and COVID-19 Susceptibility,doi,0.95,,,The COVID-19 and Taste Lab: A Mini Course-Based Undergraduate Research Experience on Taste Differences and COVID-19 Susceptibility.,10.59390/FDMA5232,Journal Article,PubMed,website (confirmed by CrossRef),,False
JUNE-21-2-07,Sleepy Mice Case Study: Implementation and Assessment,doi,0.95,,,Sleepy Mice Case Study: Implementation and Assessment.,10.59390/RHSN3470,Journal Article,PubMed,website (confirmed by CrossRef),,False
JUNE-21-2-08,Comparing Student Performance in Emergency Remote and Face-to-Face Collaborative Learning Courses,title,0.95,,,Comparing Student Performance in Emergency Remote and Face-to-Face Collaborative Learning Courses.,10.59390/AXNC2524,Journal Article,PubMed,PubMed (confirmed by CrossRef),,False
JUNE-21-2-09,The NEURON Program: Utilizing Low-Cost Neuroscience for Remote Education Outreach,doi,0.95,,,The NEURON Program: Utilizing Low-Cost Neuroscience for Remote Education Outreach.,10.59390/HMMK4371,Journal Article,PubMed,website (confirmed by CrossRef),,False
JUNE-21-2-10,An Undergraduate Laboratory Series Using C. elegans That Prepares Students for Independent Inquiry,doi,0.95,,,An Undergraduate Laboratory Series Using C. elegans That Prepares Students for Independent Inquiry.,10.59390/XPYK3682,Journal Article,PubMed,website (confirmed by CrossRef),,False
JUNE-21-2-11,Quantitative and Qualitative Representation of Introductory and Advanced EEG Concepts: An Exploration of Different EEG Setups,doi,0.95,,,Quantitative and Qualitative Representation of Introductory and Advanced EEG Concepts: An Exploration of Different EEG Setups.,10.59390/GEBE4090,Journal Article,PubMed,website (confirmed by CrossRef),,False
JUNE-21-2-12,Smartphone-enabled Web-based Simulation of Cellular Neurophysiology for Laboratory Course and its Effectiveness,doi,0.95,,,Smartphone-Enabled Web-Based Simulation of Cellular Neurophysiology for Laboratory Course and its Effectiveness.,10.59390/RCVF6232,Journal Article,PubMed,website (confirmed by CrossRef),,False
JUNE-21-2-13,Effects of a Service-Learning Neuroscience Course on Mood and Intergroup Anxiety,doi,0.95,,,Effects of a Service-Learning Neuroscience Course on Mood and Intergroup Anxiety.,10.59390/HXTQ3326,Journal Article,PubMed,website (confirmed by CrossRef),,False
JUNE-21-2-14,AMAZING PAPERS IN NEUROSCIENCE: Remyelination and Ageing: Ethical Considerations of Using Surgically Joined Animals in Research,doi,0.95,,,Remyelination and Ageing: Ethical Considerations of Using Surgically Joined Animals in Research.,10.59390/SBPM5289,Journal Article,PubMed,website (confirmed by CrossRef),,False
JUNE-22-1-01,"EDITORIAL: SfN 2023 Report: It’s the Most Wonderful Time of the Year, JUNE and FUN Faculty Awards",,,,,,,,website,website (confirmed by CrossRef),,False
JUNE-22-1-02,A Versatile Semester-Long Course-Based Undergraduate Research Experience using Optogenetics and RNAi to Identify Genes Important for Synapse Function,pages,0.95,,,A Versatile Semester-Long Course-Based Undergraduate Research Experience using Optogenetics and RNAi to Identify Genes Important for Synapse Function.,10.59390/XZQL5300,Journal Article,PubMed,website (confirmed by CrossRef),,False
JUNE-22-1-03,PopScience: Teaching Students to Communicate Scientific Findings to the General Public,pages,0.95,,,PopScience: Teaching students to Communicate Scientific Findings to the General Public.,10.59390/KCBV9244,Journal Article,PubMed,website (confirmed by CrossRef),,False
JUNE-22-1-04,Early-Career Pedagogical Practice: The Value of Training Undergraduates to Teach,doi,0.95,,,Early-Career Pedagogical Practice: The Value of Training Undergraduates to Teach.,10.59390/XYFR3420,Journal Article,PubMed,website (confirmed by CrossRef),,False
JUNE-22-1-05,Does Insomnia Cause Revenge Seeking Behavior? Using a Puzzle-Based Sleep Lab Educational Escape Room to Teach Circadian Rhythms in a Large Introductory Neuroscience Course,doi,0.95,,,Does Insomnia Cause Revenge Seeking Behavior? Using a Puzzle-Based Sleep Lab Educational Escape Room to Teach Circadian Rhythms in a Large Introductory Neuroscience Course.,10.59390/ZGTH8157,Journal Article,PubMed,website (confirmed by CrossRef),,False
JUNE-22-1-06,Poppy Seed Consumption and Oral Fluid Opioids Detection: A Classroom Demonstration of Psychopharmacological Concepts,doi,0.95,,,Poppy Seed Consumption and Oral Fluid Opioids Detection: A Classroom Demonstration of Psychopharmacological Concepts.,10.59390/JWNQ5957,Journal Article,PubMed,website (confirmed by CrossRef),,False
JUNE-22-1-07,Using Drosophila Two-Choice Assay to Study Optogenetics in Hands-On Neurobiology Laboratory Activities,doi,0.95,,,Using Drosophila Two-Choice Assay to Study Optogenetics in Hands-On Neurobiology Laboratory Activities.,10.59390/SDWH9124,Journal Article,PubMed,website (confirmed by CrossRef),,False
JUNE-22-1-08,Reducing Brain Injury Misconceptions and Willingness to Risk Concussion with a Three-Week Introductory-level Neuroscience Course,doi,0.95,,,Reducing Brain Injury Misconceptions and Willingness to Risk Concussion with a Three-Week Introductory-level Neuroscience Course.,10.59390/LEAF8930,Journal Article,PubMed,website (confirmed by CrossRef),,False
JUNE-22-1-09,Primary Afferent Depolarization and the Gate Control Theory of Pain: A Tutorial Simulation,doi,0.95,,,Primary Afferent Depolarization and the Gate Control Theory of Pain: A Tutorial Simulation.,10.59390/PWFC1224,Journal Article,PubMed,website (confirmed by CrossRef),,False
JUNE-22-1-10,CASE STUDY: Mapping Human Neuronal Diversity in the Search for New Therapeutics: Using Real Human Neuron Data Sets to Build Student Quantitative Skills,doi,0.95,,,Mapping Human Neuronal Diversity in the Search for New Therapeutics: Using Real Human Neuron Data Sets to Build Student Quantitative Skills.,10.59390/OGTZ5579,Journal Article,PubMed,website (confirmed by CrossRef),,False
JUNE-22-1-11,Teaching Scientific Literature Analysis: A Systematic Adoption of Skill-Building Methods to Enrich Research Training for Undergraduate Students,doi,0.95,,,Teaching Scientific Literature Analysis: A Systematic Adoption of Skill-Building Methods to Enrich Research Training for Undergraduate Students.,10.59390/AWCF3324,Journal Article,PubMed,website (confirmed by CrossRef),,False
JUNE-22-1-12,AMAZING PAPERS IN NEUROSCIENCE: Teaching Synaptic Transmission Using Primary Literature: A Skills-Focused Pedagogical Approach,doi,0.95,,,Teaching Synaptic Transmission Using Primary Literature: A Skills-Focused Pedagogical Approach.,10.59390/NYOR9047,Journal Article,PubMed,website (confirmed by CrossRef),,False
JUNE-22-1-13,AMAZING PAPERS IN NEUROSCIENCE: Unlocking Hidden Awareness: Repurposing fMRI to Detect Levels of Consciousness,doi,0.95,,,Unlocking Hidden Awareness: Repurposing fMRI to Detect Levels of Consciousness.,10.59390/ZWBM2077,Journal Article,PubMed,website (confirmed by CrossRef),,False
JUNE-22-2-01,"EDITORIAL: Proceedings of the 2023 Faculty for Undergraduate Neuroscience Workshop at Western Washington University, Bellingham, WA, July 27-30, 2023",doi,0.95,,,"Proceedings of the 2023 Faculty for Undergraduate Neuroscience Workshop at Western Washington University, Bellingham, WA, July 27-30, 2023.",10.59390/YHHG1147,Editorial,PubMed,website (confirmed by CrossRef),,False
JUNE-22-2-02,Reimagining Neuroscience Education: Teaching “Life” as a Step Towards Social Justice,doi,0.95,,,"Reimagining Neuroscience Education: Teaching ""Life"" as a Step Towards Social Justice.",10.59390/CZDJ9168,Editorial,PubMed,website (confirmed by CrossRef),,False
JUNE-22-2-03,The Art of NOW: Mentoring to Address Hidden Curriculum in Undergraduate Neuroscience Education,doi,0.95,,,The Art of NOW: Mentoring to Address Hidden Curriculum in Undergraduate Neuroscience Education.,10.59390/DKPK6058,Editorial,PubMed,website (confirmed by CrossRef),,False
JUNE-22-2-04,Unpacking and Utilizing of Neuroscience Core Concepts,doi,0.97,,,Unpacking and Utilizing Neuroscience Core Concepts.,10.59390/IFWT3187,Editorial,PubMed,website (confirmed by CrossRef),,False
JUNE-22-2-05,Of Chatbots and Colonizers: A FUN Workshop Mini Symposium,doi,0.95,,,Of Chatbots and Colonizers: A FUN Workshop Mini Symposium.,10.59390/LHNR3855,Editorial,PubMed,website (confirmed by CrossRef),,False
JUNE-22-2-06,You’re Getting on my Nerves! A Board Game to Teach Action Potential Propagation and Cable Properties,doi,0.95,,,You're Getting on My Nerves! A board Game to Teach Action Potential Propagation and Cable Properties.,10.59390/RGZE2690,Journal Article,PubMed,website (confirmed by CrossRef),,False
JUNE-22-2-07,A Case for the Use of Open Data as a Tool to Incorporate Socioscientific Topics into Neuroscience Education,doi,0.95,,,A Case for the Use of Open Data as a Tool to Incorporate Socioscientific Topics into Neuroscience Education.,10.59390/YKOU9984,Journal Article,PubMed,website (confirmed by CrossRef),,False
JUNE-22-2-08,Integrating Programming into Neuroscience Courses,doi,0.95,,,Integrating Programming into Neuroscience Courses.,10.59390/PYYP5010,Journal Article,PubMed,website (confirmed by CrossRef),,False
JUNE-22-2-09,"Designing and Teaching Courses on Sex, Gender, and the Brain: Two Implementations in the Undergraduate Classroom",doi,0.95,,,"Designing and Teaching Courses on Sex, Gender, and the Brain: Two Implementations in the Undergraduate Classroom.",10.59390/FZWH1820,Journal Article,PubMed,website (confirmed by CrossRef),,False
JUNE-22-2-10,"microPublication Biology : An introduction to Publishing and Teaching with a Small-Format, Peer-Reviewed Journal",doi,0.95,,,"microPublication Biology: An introduction to Publishing and Teaching with a Small-Format, Peer-Reviewed Journal.",10.59390/AUIV7625,Journal Article,PubMed,website (confirmed by CrossRef),,False
JUNE-22-2-11,Building Community and Developing Professionally through FUN Final Friday Sessions,doi,0.95,,,Building Community and Developing Professionally through FUN Final Friday Sessions.,10.59390/WMPH6827,Journal Article,PubMed,website (confirmed by CrossRef),,False
JUNE-22-2-12,Increasing Accessibility Through Popular Press Books into Neuroscience Coursework,doi,0.95,,,Increasing Accessibility Through Popular Press Books into Neuroscience Coursework.,10.59390/SWZD5930,Journal Article,PubMed,website (confirmed by CrossRef),,False
JUNE-22-2-13,Mini-Symposium: Training the Trainers of the Next Generation of Neuroscience Advocates,doi,0.95,,,Mini-Symposium: Training the Trainers of the Next Generation of Neuroscience Advocates.,10.59390/KBMK3931,Journal Article,PubMed,website (confirmed by CrossRef),,False
JUNE-22-2-14,"Centering Diversity, Equity, and Inclusion in Graduate Admissions",doi,0.95,,,"Centering Diversity, Equity, and Inclusion in Graduate Admissions.",10.59390/OETW7461,Journal Article,PubMed,website (confirmed by CrossRef),,False
JUNE-22-2-15,Teaching the Nature of Science Improves Scientific Literacy Among Students Not Majoring in STEM,doi,0.95,,,Teaching the Nature of Science Improves Scientific Literacy Among Students Not Majoring in STEM.,10.59390/HRWL6927,Journal Article,PubMed,website (confirmed by CrossRef),,False
JUNE-22-2-16,Making an Effective Flipped Neuroscience Lab by Approaching Students from their Emoticons,doi,0.95,,,Making an Effective Flipped Neuroscience Lab by Approaching Students from Their Emoticons.,10.59390/DXCG7777,Journal Article,PubMed,website (confirmed by CrossRef),,False
JUNE-22-3-01,EDITOR IN CHIEF: And We’ll Have FUN FUN FUN,doi,0.95,,,And We'll Have Fun Fun Fun….,10.59390/GZLW1868,Editorial,PubMed,website (confirmed by CrossRef),,False
JUNE-22-3-02,Sherlock Holmes and the Neurophysiologists: Unraveling the “Mystery” of Active Learning Success,doi,0.95,,,"Sherlock Holmes and the Neurophysiologists: Unraveling the ""Mystery"" of Active Learning Success.",10.59390/EHEK8915,Journal Article,PubMed,website (confirmed by CrossRef),,False
JUNE-22-3-03,Integrating Intercultural Competence into a Neuroscience Curriculum through a Short-Term Study Abroad Program,doi,0.95,,,Integrating Intercultural Competence into a Neuroscience Curriculum through a Short-Term Study Abroad Program.,10.59390/PVEC2816,Journal Article,PubMed,website (confirmed by CrossRef),,False
JUNE-22-3-04,Use of Buzz Buttons to Illustrate Taste Perception Principles in a Sensation and Perception Laboratory Exercise,doi,0.95,,,Use of Buzz Buttons to Illustrate Taste Perception Principles in a Sensation and Perception Laboratory Exercise.,10.59390/BCLX3929,Journal Article,PubMed,website (confirmed by CrossRef),,False
JUNE-22-3-05,Forbidden Neurds: A Neuroscience Word Game,doi,0.95,,,Forbidden Neurds: A Neuroscience Word Game.,10.59390/PAHQ2595,Journal Article,PubMed,website (confirmed by CrossRef),,False
JUNE-22-3-06,Low-Cost Classroom and Laboratory Exercises for Investigating Both Wave and Event-Related Electroencephalogram Potentials,doi,0.95,,,Low-Cost Classroom and Laboratory Exercises for Investigating Both Wave and Event-Related Electroencephalogram Potentials.,10.59390/YNPH4485,Journal Article,PubMed,website (confirmed by CrossRef),,False
JUNE-22-3-07,Neurosimilator for Undergraduate Biophysics and Neurophysiology Courses,doi,0.95,,,Neurosimilator for Undergraduate Biophysics and Neurophysiology Courses.,10.59390/MIUV3158,Journal Article,PubMed,website (confirmed by CrossRef),,False
JUNE-22-3-08,Neurodiversity in the Minds of Students: From Perception to Campus Programming,doi,0.95,,,Neurodiversity in the Minds of Students: From Perception to Campus Programming.,10.59390/QCWZ6366,Journal Article,PubMed,website (confirmed by CrossRef),,False
JUNE-22-3-09,The Neuroscience Research Opportunities to Increase Diversity Program: Transformative and Successful Research Training Strategies for Undergraduate Students within Hispanic Serving Institutions,doi,0.95,,,The Neuroscience Research Opportunities to Increase Diversity Program: Transformative and Successful Research Training Strategies for Undergraduate Students within Hispanic Serving Institutions.,10.59390/ZGLZ3652,Journal Article,PubMed,website (confirmed by CrossRef),,False
JUNE-22-3-10,The Efficacy of a Novel Board Game to Teach Cable Properties to Introductory Neuroscience Undergraduate Students,doi,0.95,,,The Efficacy of a Novel Board Game to Teach Cable Properties to Introductory Neuroscience Undergraduate Students.,10.59390/RWPQ9487,Journal Article,PubMed,website (confirmed by CrossRef),,False
JUNE-22-3-11,Memphis NeuroSTART Program: Promoting Student Success and Increasing the Diversity of Applicants to Neuroscience Graduate Programs,doi,0.95,,,Memphis NeuroSTART Program: Promoting Student Success and Increasing the Diversity of Applicants to Neuroscience Graduate Programs.,10.59390/YGCW6032,Journal Article,PubMed,website (confirmed by CrossRef),,False
JUNE-22-3-12,Virtual Dissection Table Case Studies for Undergraduate Neuroanatomy Written Assignments,doi,0.95,,,Virtual Dissection Table Case Studies for Undergraduate Neuroanatomy Written Assignments.,10.59390/JDOG5046,Journal Article,PubMed,website (confirmed by CrossRef),,False
JUNE-22-3-13,"Interactive Notebooks Improve Students’ Understanding of Developmental Neurobiology, Attitudes Toward Research, and Experimental Design Competency in a Lecture-Based Neuroscience Course",doi,0.95,,,"Interactive Notebooks Improve Students' Understanding of Developmental Neurobiology, Attitudes Toward Research, and Experimental Design Competency in a Lecture-Based Neuroscience Course.",10.59390/NQCA2038,Journal Article,PubMed,website (confirmed by CrossRef),,False
JUNE-22-3-14,An In-depth Exploration of the Interplay between fMRI Methods and Theory in Cognitive Neuroscience,doi,0.95,,,An In-depth Exploration of the Interplay between fMRI Methods and Theory in Cognitive Neuroscience.,10.59390/ZABM1739,Journal Article,PubMed,website (confirmed by CrossRef),,False
JUNE-22-3-15,Using BioRender for Active Learning: Exploring Learning-Style Preference and Visual-Spatial Ability in Undergraduate Students,doi,0.95,,,Using BioRender for Active Learning: Exploring Learning-Style Preference and Visual-Spatial Ability in Undergraduate Students.,10.59390/QWMZ9919,Journal Article,PubMed,website (confirmed by CrossRef),,False
JUNE-22-3-16,Introducing BRAINOER: The Behavioral Research and Interdisciplinary Neuroscience Open Educational Repository,doi,0.95,,,Introducing BRAINOER: The Behavioral Research and Interdisciplinary Neuroscience Open Educational Repository.,10.59390/SYLO7794,Journal Article; Review,PubMed,website (confirmed by CrossRef),,False
JUNE-23-1-01,EDITOR IN CHIEF: SfN 2024 report: Sweet Home Chicago – JUNE and FUN Faculty Awards,doi,0.95,,,SfN 2024 report: Sweet Home Chicago JUNE and FUN Faculty Awards.,10.59390/ZKGV9815,Journal Article,PubMed,website (confirmed by CrossRef),,False
JUNE-23-1-02,EDITORIAL: Historical Depictions of the Brain: The Origins from the Non-Western World,doi,0.95,,,Historical Depictions of the Brain: The Origins from the Non-Western World.,10.59390/ZTVE5756,Journal Article,PubMed,website (confirmed by CrossRef),,False
JUNE-23-1-03,"EDITORIAL: Approaching Diversity, Equity, And Inclusion in The Faculty for Undergraduate Neuroscience: Are we There Yet?",doi,0.95,,,"Approaching Diversity, Equity, And Inclusion in The Faculty for Undergraduate Neuroscience: Are we There Yet?",10.59390/EUCP1513,Editorial,PubMed,website (confirmed by CrossRef),,False
JUNE-23-1-04,Effects of Gamification on Student Success and Perception of Instruction in Neuroanatomy: A Retrospective Analysis,doi,0.95,,,Effects of Gamification on Student Success and Perception of Instruction in Neuroanatomy: A Retrospective Analysis.,10.59390/XSMV4309,Journal Article,PubMed,website (confirmed by CrossRef),,False
JUNE-23-1-05,"Active Learning Exercises in Synaptic Physiology and Connectivity for the Neuroscience Lecture Hall, Laboratory Course, or Outreach Setting",doi,0.95,,,"Active Learning Exercises in Synaptic Physiology and Connectivity for the Neuroscience Lecture Hall, Laboratory Course, or Outreach Setting.",10.59390/QDTW7457,Journal Article,PubMed,website (confirmed by CrossRef),,False
JUNE-23-1-06,An Integrative Brain and Behavior CURE (Course-Based Undergraduate Research Experience) Using Immunohistochemistry in the Fighting Fish Betta splendens,doi,0.95,,,An Integrative Brain and Behavior CURE (Course-Based Undergraduate Research Experience) Using Immunohistochemistry in the Fighting Fish Betta splendens.,10.59390/AFSC6949,Journal Article,PubMed,website (confirmed by CrossRef),,False
JUNE-23-1-07,How to Integrate Neuroethics into a Neuroscience Course – And Drive Student Engagement with Core Concepts,doi,0.95,,,How to Integrate Neuroethics into a Neuroscience Course - And Drive Student Engagement with Core Concepts.,10.59390/ZBGO4273,Journal Article,PubMed,website (confirmed by CrossRef),,False
JUNE-23-1-08,AMAZING PAPERS IN NEUROSCIENCE: Primary Literature for Teaching Neuroimmunology – An Instructor’s Resource,doi,0.95,,,Primary Literature for Teaching Neuroimmunology - An Instructor's Resource.,10.59390/QLFC4698,Journal Article,PubMed,website (confirmed by CrossRef),,False
JUNE-23-2-01,EDITOR IN CHIEF: A Call to Action,doi,0.93,,,Call to Action.,10.59390/AWFZ8889,Editorial,PubMed,website (confirmed by CrossRef),,False
JUNE-23-2-02,EDITORIAL: Open Educational Resources for Undergraduate Neuroscience Education,doi,0.95,,,Open Educational Resources for Undergraduate Neuroscience Education.,10.59390/JDTX8529,Editorial,PubMed,website (confirmed by CrossRef),,False
JUNE-23-2-03,A Cross-Course Experiment with a Word Recall Task and Salivary Cortisol Measurements,doi,0.95,,,A Cross-Course Experiment with a Word Recall Task and Salivary Cortisol Measurements.,10.59390/XIIC7680,Journal Article,PubMed,website (confirmed by CrossRef),,False
JUNE-23-2-04,Teaching Principles of an Action Potential Using Candy,doi,0.95,,,Teaching Principles of an Action Potential Using Candy.,10.59390/KCYI1299,Journal Article,PubMed,website (confirmed by CrossRef),,False
JUNE-23-2-05,Undergraduate Learning Assistants Using Online Messaging Improves Student Educational Experiences in Large Neuroscience Lecture Course,doi,0.95,,,Undergraduate Learning Assistants Using Online Messaging Improves Student Educational Experiences in Large Neuroscience Lecture Courses.,10.59390/VWEM4773,Journal Article,PubMed,website (confirmed by CrossRef),,False
JUNE-23-2-06,Using Case Studies from Neurocase to Promote an Understanding of and Appreciation for Behavioral and Forensic Neuroscience,doi,0.95,,,Using Case Studies from Neurocase to Promote an Understanding of and Appreciation for Behavioral and Forensic Neuroscience.,10.59390/GZAT7086,Journal Article,PubMed,website (confirmed by CrossRef),,False
JUNE-23-2-07,Long-Term Learning Gains in Students Using Community Based Learning,doi,0.95,,,Long-Term Learning Gains in Students Using Community Based Learning.,10.59390/NKAY3491,Journal Article,PubMed,website (confirmed by CrossRef),,False
JUNE-23-2-08,Call for collaboration: Drafting a concept inventory for assessing neuroscience courses and curriculum,doi,0.95,,,Call for collaboration: Drafting a concept inventory for assessing neuroscience courses and curriculum.,10.59390/ZNKC2166,Journal Article,PubMed,website (confirmed by CrossRef),,False
JUNE-23-2-09,Addiction Education in the Undergraduate Space: A Novel Course Connecting Neurobiology of Addiction and Compassion for Individuals with Substance Use Disorder,doi,0.95,,,Addiction Education in the Undergraduate Space: A Novel Course Connecting Neurobiology of Addiction and Compassion for Individuals with Substance Use Disorder.,10.59390/IPNN1533,Journal Article,PubMed,website (confirmed by CrossRef),,False
JUNE-23-2-10,Escape from traditional learning: A neuroscience escape room activity for neuroscience education,doi,0.95,,,Escape from traditional learning: A neuroscience escape room activity for neuroscience education.,10.59390/DSQC2202,Journal Article,PubMed,website (confirmed by CrossRef),,False
JUNE-23-2-11,Biopsychology Lab: COMT Genotype Associations with Vagal Tone and Frontal Alpha Asymmetry,doi,0.95,,,Biopsychology Lab: COMT Genotype Associations with Vagal Tone and Frontal Alpha Asymmetry.,10.59390/SMML6995,Journal Article,PubMed,website (confirmed by CrossRef),,False
JUNE-24-1-01,A Model for Statewide Educational Outreach to Undergraduates: Implications From a Neuropsychology Outreach Program,doi,0.95,,,A Model for Statewide Educational Outreach to Undergraduates: Implications From a Neuropsychology Outreach Program.,10.59390/001c.146553,Journal Article,PubMed,website (confirmed by CrossRef),,False
JUNE-24-1-02,A Novel Practical Session to Teach Concepts of Allometric Scaling of Brain Structures to Undergraduate Students Using Vertebrate Brains,doi,0.95,,,A Novel Practical Session to Teach Concepts of Allometric Scaling of Brain Structures to Undergraduate Students Using Vertebrate Brains.,10.59390/001c.154559,Journal Article,PubMed,website (confirmed by CrossRef),,False
JUNE-24-1-03,AMAZING PAPERS in NEUROSCIENCE: Teaching Neurodevelopment Through the Discovery of Adult Neurogenesis,doi,0.95,,,AMAZING PAPERS in NEUROSCIENCE: Teaching Neurodevelopment Through the Discovery of Adult Neurogenesis.,10.59390/001c.154518,Journal Article; Review,PubMed,website (confirmed by CrossRef),,False
JUNE-24-1-04,An Advanced Undergraduate Laboratory Course: Calcium Imaging and Data Analysis – a Mini Graduate Research Experience,doi,0.95,,,An Advanced Undergraduate Laboratory Course: Calcium Imaging and Data Analysis - a Mini Graduate Research Experience.,10.59390/001c.154223,Journal Article,PubMed,website (confirmed by CrossRef),,False
JUNE-24-1-05,Beyond the Brain Song: Can Music Help Us Teach Undergraduate Neuroscience? A Review of From Perception to Pleasure: The Neuroscience of Music and Why We Love It,,,,,,,,,website (confirmed by CrossRef),,False
JUNE-24-1-06,"Effect of Neutral and Negative Images on Galvanic Skin Response: An Activity for Courses in Forensic, Affective, and Behavioral Neuroscience",doi,0.95,,,"Effect of Neutral and Negative Images on Galvanic Skin Response: An Activity for Courses in Forensic, Affective, and Behavioral Neuroscience.",10.59390/001c.154524,Journal Article,PubMed,website (confirmed by CrossRef),,False
JUNE-24-1-07,Exploring the Impact of Online Education on Scientific Presentation Skills in Women Neuroscience Students,doi,0.95,,,Exploring the Impact of Online Education on Scientific Presentation Skills in Women Neuroscience Students.,10.59390/001c.155318,Journal Article,PubMed,website (confirmed by CrossRef),,False
JUNE-24-1-08,Investigating the Neural Control of Social Behavior in Drosophila melanogaster Using a Low-Cost Optogenetics System,doi,0.95,,,Investigating the Neural Control of Social Behavior in Drosophila ⁠melanogaster Using a Low-Cost Optogenetics System.,10.59390/001c.147378,Journal Article,PubMed,website (confirmed by CrossRef),,False
JUNE-24-1-09,Mindset Variations Among Undergraduate Neuroscience Students,doi,0.95,,,Mindset Variations Among Undergraduate Neuroscience Students.,10.59390/001c.154215,Journal Article,PubMed,website (confirmed by CrossRef),,False
JUNE-24-1-10,SfN 2025 Report: JUNE and FUN Faculty Awards,,,,,,,,,website (confirmed by CrossRef),,False
JUNE-24-1-11,The Simplified BrainTower and Pipe Cleaners: Model Building as a Learning Tool in Neuroscience,doi,0.95,,,The Simplified BrainTower and Pipe Cleaners: Model Building as a Learning Tool in Neuroscience.,10.59390/001c.153902,Journal Article,PubMed,website (confirmed by CrossRef),,False
JUNE-24-1-12,Undergraduate Student Experience and Motivation Influence Perceived Benefits of Participation in Community Outreach,doi,0.95,,,Undergraduate Student Experience and Motivation Influence Perceived Benefits of Participation in Community Outreach.,10.59390/001c.146556,Journal Article,PubMed,website (confirmed by CrossRef),,False
JUNE-24-2-01,An Inquiry-Based Lab Exercise Investigating Student Cortisol Responses to Giving a Graded In-Class Presentation,,,,,,,,,website (confirmed by CrossRef),,False
JUNE-24-2-02,Comparative Investigations of the Neurophysiological Mechanisms of Escape Behavior: A Course-based Undergraduate Research Experience,,,,,,,,,website (confirmed by CrossRef),,False
JUNE-24-2-03,"Creative, Socially-Minded Communication Project on Neurodivergences Increases Self-Reported Content Knowledge, Collaboration Skills, and Personal Allyship",,,,,,,,,website (confirmed by CrossRef),,False
JUNE-24-2-04,Fostering Belonging Through Introducing Diverse Scientists in Undergraduate Neuroscience Lectures,,,,,,,,,website (confirmed by CrossRef),,False
JUNE-24-2-05,MacGyver Neuroscience: Cost-Effective Laboratory Exercises for Pre-Health Education,,,,,,,,,website (confirmed by CrossRef),,False
JUNE-24-2-06,Spinal Cord Anatomy for Visually Impaired Students: The Development of 3D-Printed Educational Models,doi,0.95,,,Spinal Cord Anatomy for Visually Impaired Students: The Development of 3D-Printed Educational Models.,10.59390/001c.163854,Journal Article,PubMed,website (confirmed by CrossRef),,False
JUNE-24-2-07,Transforming a Large-Enrollment Neuroscience Course With Active Learning: Using AI-Based Text Analysis to Capture What Traditional Evaluations Miss,doi,0.95,,,Transforming a Large-Enrollment Neuroscience Course With Active Learning: Using AI-Based Text Analysis to Capture What Traditional Evaluations Miss.,10.59390/001c.163545,Journal Article,PubMed,website (confirmed by CrossRef),,False
JUNE-24-2-08,Use of a Smartphone-Based App in an Online Behavioral Neuroscience Lab Course,,,,,,,,,website (confirmed by CrossRef),,False
JUNE-24-2-09,“I Can Code”: An Innovative Workshop Introducing Students to Coding in the Context of Neuroscience Research,,,,,,,,,website (confirmed by CrossRef),,False
JUNE-05-2-14,The Society for Neuroscience and the Undergraduate,pages,0.95,,,The society for neuroscience and the undergraduate.,,Journal Article,PubMed,,,False
