pmid,pmcid,pubmed_doi,pubmed_volume,pubmed_issue,pubmed_pages,pubmed_title,pubmed_date,pubmed_abstract,pubmed_keywords,mesh_terms,pubmed_types
42433258,PMC13354041,10.59390/001c.163545,24,2,73-84,Transforming a Large-Enrollment Neuroscience Course With Active Learning: Using AI-Based Text Analysis to Capture What Traditional Evaluations Miss.,2026-06-17,"Large-enrollment undergraduate neuroscience courses often rely on traditional lecture formats that limit student engagement with complex material. This study describes the redesign of a large-enrollment neuroscience course into a hybrid active learning format combining asynchronous online lectures with weekly small-group in-person sessions. To evaluate the impact of this redesign, we analyzed 547 open-ended student comments from 232 students across two semesters (one traditional lecture, one active learning) using zero-shot classification (an approach that uses a pre-trained language model to categorize text into researcher-defined themes), via an open-source large language model (BART), and compared these findings with Likert-scale questions. The active learning format produced significant improvements in students' perceived learning experience and engagement, gains that were not visible in the Likert-scale data. This discrepancy highlights the limitations of Likert-scale evaluation tools for capturing the nuanced benefits of pedagogical innovations in large classrooms. We provide a practical framework neuroscience educators can adopt to redesign large courses and assess their impact using accessible AI tools, without requiring specialized technical expertise.",active learning; large enrollment courses; student feedback analysis,,Journal Article
42433257,PMC13353918,10.59390/001c.163854,24,2,85-91,Spinal Cord Anatomy for Visually Impaired Students: The Development of 3D-Printed Educational Models.,2026-07-08,"Traditional neuroanatomy education heavily relies on visual perception, creating a significant barrier for visually impaired students. This report describes the development and initial application of tactile 3D-printed models designed to make spinal cord anatomy and neuronal morphology accessible. Using a workflow of digital reconstruction from classical anatomical references followed by Fused Deposition Modeling (FDM) 3D printing, we produced scaled-up, high-relief models of multipolar and bipolar neurons, spinal nerve formation, and distinct spinal cord segments. The models were printed with polylactic acid (PLA) and thermoplastic polyurethane (TPU) to enhance durability and tactile discrimination of delicate structures like nerve rootlets. A pilot evaluation with three blind students demonstrated that the models successfully translated abstract microscopic concepts into concrete, comprehensible objects, enabling the distinction of anatomical features that were previously indistinguishable in cadaveric specimens. Qualitative feedback provided insights into optimal scale, the effectiveness of high-relief modeling for spatial understanding, and the challenges of textural stimulation. Importantly, these tools also proved to be valuable cognitive aids for sighted learners, indicating their universal teaching potential. In summary, these reproducible 3D-printed models are a potential tool for inclusive education, offering an equitable and multisensory learning experience that benefits all students in grasping the complex three-dimensional organization of the human nervous system.",3D printing; inclusive education; neuroanatomy; spinal cord anatomy; visually-impaired students,,Journal Article
42065111,PMC13127672,10.59390/001c.154223,24,1,15-26,An Advanced Undergraduate Laboratory Course: Calcium Imaging and Data Analysis - a Mini Graduate Research Experience.,2025-12-31,"Calcium imaging has become a powerful and widely used technique to visualize and measure neural activity in real time, offering valuable insights into complex behaviors, neural networks, and brain function. However, implementing calcium imaging in undergraduate laboratories is challenging due to the need for specialized microscopy and advanced computational skills for data analysis. To help undergraduate students grasp the principles and analytical methods of calcium imaging through hands-on experience, we designed and taught a semester-long course. The course is structured around four key components, which reflect essential elements of graduate research training. (1) AI-assisted literature review helps students understand the fundamental principles of calcium imaging, its analytical methods, and relevant background information. (2) Calcium imaging demonstration provides students with hands-on exposure to calcium imaging procedures in a research setting. (3) Calcium imaging analysis introduces students using Python to analyze real research calcium imaging datasets. (4) Poster presentation allows students to present their findings and strengthen their scientific communication skills. The pedagogical goals of this course are to enhance students' understanding of calcium imaging and its analytic methods while strengthening their abilities to read scientific literature and effectively communicate their research. Progress toward these goals is assessed through multiple approaches, including chalk talks, written assignments, code-based data analyses, and poster presentations. In addition, this course mirrors real research process to help students explore potential career paths in science.",ImageJ; TrackMate; calcium imaging; calcium imaging analysis; lab activity; python,,Journal Article
42065110,PMC13127674,10.59390/001c.147378,24,1,4-14,Investigating the Neural Control of Social Behavior in Drosophila ⁠melanogaster Using a Low-Cost Optogenetics System.,2025-12-30,"Optogenetics offers a powerful tool for students to explore how neural circuits generate behavior. Here we introduce a lab module using Drosophila to help students understand the principles of optogenetics through the study of social behaviors such as aggression and courtship. In this activity, students used the red-shifted opsin CsChrimson to activate P1 neurons-key regulators of male courtship and aggression. They observed that P1 activation elicits courtship in the absence of appropriate sensory cues and induces a persistent internal state that enhances aggression or courtship depending on social context, illustrating how a single neuronal population can regulate opponent behaviors and internal states. We implemented this module using FlyRig, an inexpensive, modular, open-source system we developed that provides precise light stimulation and synchronized video recordings suitable for automated tracking and classification tools. This lab module introduces students to the principles of optogenetics, experimental design, and quantitative behavior analysis, and provides a framework for exploring the neural basis of social behaviors and the internal states that drive them. Assessment of student experiences supports the utility of this lab activity in enhancing understanding of conceptual and experimental methods for studying neural control of behavior with optogenetics, as well as the usability of the FlyRig system for behavioral experiments.",Drosophila; aggression; courtship; optogenetics; social behavior,,Journal Article
42065109,PMC13127676,10.59390/001c.154559,24,1,38-46,A Novel Practical Session to Teach Concepts of Allometric Scaling of Brain Structures to Undergraduate Students Using Vertebrate Brains.,2025-12-31,"Scaling relationships are central to interpreting patterns of morphological variation in brain composition. However, allometric scaling can be a difficult concept for students to understand, requiring the integration of evolutionary biology with mathematical relationships. The differential scaling of brain components over evolutionary time is particularly complex. The challenges associated with these concepts are further compounded by the lack of practical activities to allow students to explore these concepts in a neuroscience context. In this study, we present a novel practical session to teach these ideas to second year biology and zoology undergraduate students by combining traditional sheep and pig brain dissections with accessible staining techniques, and imaging using freely available software, that together enable allometric scaling relationships among brain components to be visualised and analysed in both an intraspecific and interspecific manner. Objectively, our data shows a statistically significant improvement (p=<0.0001) in performance on questions related to the scaling concepts following the practical session. Subjectively, 93% of students wanted the lecturer to continue teaching this practical (with 0% of students against it being reused in future), with 89% believing the practical had increased their interest in studying neuroscience. Most students believed the practical had improved their understanding of the concepts and enhanced their ability to critically analyse literature on the topic of allometric scaling and brain anatomy. Students' perceptions of the practical were positive with the average rating of perceived learning 8.11 out of 10 (where 10 is an excellent learning experience and 1 is a terrible learning experience). Aside from minor technical suggestions, the main improvements suggested by students were that they wished they had more time for the practical.",allometric scaling; anatomy; brains; critical thinking; lab activity; retina,,Journal Article
42065108,PMC13127675,10.59390/001c.154215,24,1,83-97,Mindset Variations Among Undergraduate Neuroscience Students.,2025-12-31,"Growth mindset, the belief that intelligence is malleable, is linked to academic success and resilience, particularly in STEM disciplines. Prior research suggests that students from historically excluded groups (defined by race, gender, and generation status) often exhibit weaker growth mindsets in STEM before interventions are introduced, primarily due to systemic barriers and heightened stress. We used a quantitative and qualitative approach to assess undergraduate students' mindsets and compared mindsets across demographic groups. Most mindset studies focus on introductory STEM courses in higher education or K-12 populations. To our knowledge, our study is the first to explore mindsets in an undergraduate neuroscience context. Our findings challenge previous research, revealing that most neuroscience students display growth mindsets without intervention. Notably, growth mindset ratings were significantly higher among students who self-identified as belonging to racial and ethnic minority groups such as PEERs (Persons Excluded because of their Ethnicity or Race). These results highlight the need for further exploration of mindset across diverse demographics, particularly within the context of neuroscience education, as existing research largely focuses on disciplines such as biology, chemistry, mathematics, and physics.",equity in STEM; fixed mindset; growth mindset; historically excluded groups; neuroscience education; undergraduate students,,Journal Article
42065107,PMC13127667,10.59390/001c.146556,24,1,56-65,Undergraduate Student Experience and Motivation Influence Perceived Benefits of Participation in Community Outreach.,2025-12-31,"Community outreach benefits undergraduate students by providing opportunities to deepen content knowledge, practice teaching, develop a sense of scientific authority, and enhance communication skills. To evaluate whether students with varying academic levels or prior teaching experience differ in their motivations for volunteering and perceived benefits from Brain Awareness Week (BAW) outreach, we administered entry and exit surveys to undergraduate volunteers. The surveys included quantitative and qualitative questions to assess demographics, motivations, and prior outreach and teaching experience. Factor analysis of motivation items identified three constructs: career development, communication training, and STEM advocacy. Most students reported volunteering because they valued community outreach, enjoyed neuroscience, and/or wanted to enhance their resume / CV or applications. Lower-level students (freshmen and sophomores) were more motivated by career development (p = 0.014, d = 0.68) and reported greater need for communication training (p = 0.011, d = 0.69) compared to upper-level students. STEM advocacy scores were significantly higher among students with prior teaching experience, regardless of academic level (p = 0.001, d = 0.84). Exit surveys indicated that career development was positively correlated with increased confidence in approaching faculty (r = 0.58, p = 0.006) and communicating with diverse audiences (r = 0.56, p = 0.005). These findings align with established literature on the benefits of outreach and support tailoring recruitment and training strategies based on students' prior experience to enhance both engagement and educational outcomes.",Brain Awareness Week; academic experience; education; high school; outreach; teaching experience; volunteer motivation,,Journal Article
42065105,PMC13127673,10.59390/001c.154524,24,1,47-55,"Effect of Neutral and Negative Images on Galvanic Skin Response: An Activity for Courses in Forensic, Affective, and Behavioral Neuroscience.",2025-12-30,"The galvanic skin response (GSR) has provided important scientific insight in a wide range of contexts and has been used in neuroscience research for many decades. It is important for undergraduate students to understand this versatile technique and its application in areas such as Affective, Behavioral, and Forensic Neuroscience. Participants in this study viewed a slideshow containing negative and neutral images selected from the RADIATE and IAPS databases after being connected to a small portable GSR biofeedback monitor. Images were presented for 7-sec on a computer screen followed by a 20-sec blank screen. Each participant's highest GSR response during the 7-sec image presentation was recorded. Participants provided a valence rating, using a 5-point Likert scale, immediately after each image was presented. The mean GSR for images rated as negative was significantly higher than the mean GSR for images rated as neutral. Results were discussed with the class prior to the completion of demographic and activity effectiveness questionnaires. All responses were significant on the activity effectiveness questionnaire. Participants reported a better understanding of the use of GSR in neuroscience, considered this activity a valuable experience, and recommended its use in future classes.",affective neuroscience; arousal; behavioral neuroscience; classroom activity; forensic neuroscience; galvanic skin response (GSR); stress,,Journal Article
42065104,PMC13127669,10.59390/001c.153902,24,1,27-37,The Simplified BrainTower and Pipe Cleaners: Model Building as a Learning Tool in Neuroscience.,2025-12-31,"Models have a long history of use in helping students to understand the three-dimensional organisation of biological structures. This is particularly true of neuroanatomical teaching where it is often difficult to distinguish grey and white matter in the fixed prosections often used in dissection rooms. A model system designed to help medical students understand the anatomy of the ascending and descending white matter tracts through the brain and spinal cord had the opposite effect: it made the task of learning these tracts more difficult. The model was complex and difficult for students to engage with. The aim of this study was to introduce a simplified version of this modelling system that was interactive and intuitive, to enable students to build a model in a single workshop session and to assess how the modeling activity impacted on students' learning. Students were asked to build a model of either the anterolateral/spinothalamic tracts (ALS), the dorsal column/medial lemniscus tract (DCML) or the corticospinal tracts (CST) using pipe-cleaners to represent the route of the pathway, including the number of neurons. We found that students were easily able to build a representation of one of these tracts and that they could answer questions on the structure and function of the tract they built significantly better than similar questions related to the other tracts. This enhancement in knowledge was maintained through to end of unit exams eleven weeks after the modelling activity, demonstrating that actively building a model contributes to deep rather than superficial learning.",Simplified BrainTower; anterolateral; ascending tracts; corticospinal; descending tracts; dorsal column; model; neuroanatomy; spinothalamic,,Journal Article
42065103,PMC13127671,10.59390/001c.154518,24,1,102-105,AMAZING PAPERS in NEUROSCIENCE: Teaching Neurodevelopment Through the Discovery of Adult Neurogenesis.,2025-12-31,"Neurogenesis is a critical process in neurodevelopment, contributing to the formation and function of the central nervous system (CNS). Historically, neurogenesis was thought to occur only during embryonic development. However, Eriksson et al. (1998) conducted the first study to confirm neurogenic regions within the adult human brain, using postmortem brain tissue to establish the presence of adult neurogenesis. This study identified adult neurogenesis to be present specifically within the dentate gyrus of the hippocampus, marking a groundbreaking advancement in neurodevelopmental research. The findings from this study highlight the significance of adult neurogenesis, which is now implicated in learning, memory, and in the understanding of neurological disorders such as Alzheimer's Disease. Integrating this study into undergraduate education introduces students to a pivotal moment in the history of neurodevelopmental research, highlighting its lasting impact on adult neurogenesis research. The study's manageable length, use of immunofluorescent techniques, and relevance to both basic and clinical neuroscience make it an ideal resource for undergraduate education. Students can develop their skills in critical thinking, scientific literacy, and appreciation of methodological innovation in neuroscience - all while learning and deepening their understanding of the importance of neurodevelopment.",Adult Neurogenesis; Amazing Papers; Dentate Gyrus; Hippocampus; Neurodevelopment; Neuroplasticity; Progenitor Cells,,Journal Article; Review
42065102,PMC13127486,10.59390/001c.146553,24,1,66-74,A Model for Statewide Educational Outreach to Undergraduates: Implications From a Neuropsychology Outreach Program.,2025-12-31,"Clinical neuropsychology is a specialty of psychology that is closely related to neuroscience in that it assesses cognitive and functional brain-behavior relationships across a range of clinical diagnoses. As with many other related disciplines including neuroscience, educational outreach to students about clinical neuropsychology to increase vocational interest is essential to the field. This manuscript examines the feasibility of implementing one statewide educational outreach program for undergraduate students to learn about the specialty of clinical neuropsychology as a possible career path. The current program was developed by the authors of this manuscript, both of whom are clinical neuropsychologists and co-lead a committee for student outreach within a state organization which represents such professionals. As students in metropolitan areas are more likely to have exposure to neuropsychology, the emphasis of our program has been on outreach to university psychology and neuroscience departments, especially in more rural and geographically underrepresented areas of our state. The process of this outreach, the content of the presentations conducted through this program, and descriptive feedback from participants based on qualitative survey data (2023-2025) is presented. Based on the response and successful engagement rate from the colleges and universities that we have outreached, we have determined that our model offers a feasible means to conduct education about possible careers in neuropsychology to undergraduate students statewide. Practical recommendations for neuroscientists, psychologists, and other such professionals interested in initiating and implementing their own outreach programs within their specialties are also provided.",Outreach; neuropsychology; statewide; undergraduate; underrepresented areas,,Journal Article
41640811,PMC12867018,10.59390/001c.155318,24,1,75-82,Exploring the Impact of Online Education on Scientific Presentation Skills in Women Neuroscience Students.,2025-12-31,"Pedagogical shifts to online learning during the COVID-19 pandemic impacted learning outcomes for STEM students. Many courses have remained online after the pandemic, making it essential to assess the effectiveness of these practices on student skill development. While prior research has examined engagement, confidence, and self-efficacy, less is known about how online learning affects oral scientific communication skills. This study analyzed 23 undergraduate women enrolled in an upper-level neuroscience course at a women's liberal arts college during Fall 2020. Using a pre/post format, we assessed students' growth across three areas: (1) reading and analyzing primary neuroscience articles, (2) designing neuroscience-based experiments, and (3) developing and delivering oral scientific presentations. Assessments included weekly written article analyses and two oral presentations, evaluated with a rubric that measured experimental design, presentation slide quality, and oral communication. Results demonstrated significant improvement in students' ability to critique scientific literature and construct professional presentation slides. In contrast, rubric scores for oral presentation performance showed no statistically significant gains, though this may reflect a ceiling effect, as most students scored at or near the rubric maximum in the pre-assessment. Taken together, these findings suggest that online learning environments can effectively support analytical and written aspects of science communication, while further refinement of assessment tools is needed to determine their impact on oral communication growth.",neuroscience education; remote learning; science communication; undergraduate students; women in STEM,,Journal Article
40655180,PMC12243886,10.59390/GZAT7086,23,2,A56-A65,Using Case Studies from Neurocase to Promote an Understanding of and Appreciation for Behavioral and Forensic Neuroscience.,2025-06-01,"Understanding both the content and the relevance of neuroscientific material is often challenging for undergraduate students. To increase student interest in, engagement with, and understanding of neuroscientific material, Forensic Psychology and Psychology majors completed group presentations of case studies selected from the journal Neurocase. Cases were selected to emphasize issues relevant to psychology and forensic psychology. Presentation groups consisted of students with the same major, and students were reassigned to different groups for each presentation, ensuring an opportunity to work with different classmates. Presentations included a summary of the case study, explanation of the connections to neuroscience (i.e., neuroscience content), and a description of the different careers that might be associated with that case. Each group also generated a question used to stimulate discussion of the case study with the class. In addition to the instructor's assessment, students engaged in self-and peer-grading for each presentation. Demographic and group project questionnaires were administered after the last group project was completed. The project questionnaire consisted of 22 questions, using a Likert scale, and 3 free response questions. Non-parametric one-sample Wilcoxon Signed Ranks tests revealed statistically significant effects for all 22 questions. Students found the work interesting and valuable, reported an increased understanding of the field, its applications, and career relevance, and a facilitation of critical thinking about the material. Students also found the grading rubric and the peer grading process to be an effective means of assessing student involvement and performance.",biopsychology; case studies; forensic neuroscience; group presentation; neuroscience,,Journal Article
40655179,PMC12243887,10.59390/KCYI1299,23,2,A44-A49,Teaching Principles of an Action Potential Using Candy.,2025-06-01,"Neurophysiology is crucial but often-intimidating subject for undergraduate students. To address the challenge of ""neurophobia"" educators have developed myriad techniques to inspire students and enhance their interest in the discipline. We therefore sought employ one such innovation to further engage our students, leveraging students' familiarity with food to make the abstract concept of the action potential accessible. Seventy-seven Foundation Year students undertook a 60-minute in-person didactic lecture and then a two-hour active learning class using Smarties and Play-Doh to make a detailed model of an action potential and its constituent phases. They were given a post-activity five-point Likert questionnaire with four open-ended questions, and responses were analyzed with a weighted average (χ̄ w ). Broadly, students enjoyed the playfulness of the activity and agreed that they would like to repeat it. Respondents did not agree that the activity per se motivated them, but they agreed that the activity improved their knowledge of action potentials, felt the format was appropriate to check their knowledge, and felt that it helped identify weaknesses in their understanding. Students felt they were able to connect with their team during the activity, that they learned from their teammates during the activity, and teamwork as a positive was a repeated theme in the open answer questions. Using Smarties to teach action potentials is a fun and effective way to teach neurophysiology and further research is required to determine its impact on student attainment.",action potential; edible science; innovations in teaching; pedagogy; physiology,,Journal Article
40655178,PMC12243885,10.59390/VWEM4773,23,2,A50-A55,Undergraduate Learning Assistants Using Online Messaging Improves Student Educational Experiences in Large Neuroscience Lecture Courses.,2025-06-01,"This study investigated the impact of undergraduate learning assistants on students' educational experiences in large lecture neuroscience courses. These courses were highly structured and incorporated weekly assignments co-developed with undergraduates trained in a Certified Learning Assistants Program (CLAP). We employed four undergraduate learning assistants (LAs) in two large lecture general education neurobiology courses who assisted the instructor in developing targeted homework assignments based on lecture content. Students were encouraged to interact with LAs via email, Canvas, or an online messaging platform. The messaging platform did not include the instructor or graduate student teaching assistant (TA). LAs provided weekly in-person homework assignment introductions and review sessions during lectures. At the end of the course, students answered surveys about their learning experience, communication preferences, and overall sense of belonging. Findings suggest that the incorporation of undergraduate learning assistants improved students' sense of belonging and confidence in large lecture neuroscience courses. Students were more comfortable asking content questions of LAs in a collaborative group messaging chat without graduate TAs or the Instructor. Group chat communications were preferable to using their course Canvas site or traditional email. Student interest in the course was increased by knowing that the course assignments were generated by the undergraduate LAs. Although students felt that LAs improved their sense of belonging, they were still less comfortable interacting with LAs in person compared to online platforms. In summary, LA involvement provided effective peer support for students and student perspective for the instructor, increasing students' sense of belonging and interest in course content.",large lecture; online messaging; peer support; sense of belonging; undergraduate learning assistant (LA),,Journal Article
40655177,PMC12243882,10.59390/ZNKC2166,23,2,A73-A81,Call for collaboration: Drafting a concept inventory for assessing neuroscience courses and curriculum.,2025-06-01,"Neuroscience draws upon concepts from biology, chemistry, computer sciences, philosophy, physics, and psychology, to study the nervous system. Growth of this field is evidenced by the expansion of neuroscience programs, all of which undergo accreditation to ensure educational quality. Content knowledge is commonly assessed for accreditation, but a standardized instrument measuring neuroscience content knowledge is yet to be developed. To address this gap, we are leveraging the eight neuroscience core concepts identified by Chen and colleagues to design a Neuroscience Concept Inventory (NCI). As a first draft, we generated a 57-multiple choice question tool and distributed among students in an introductory neuroscience course and declared neuroscience majors at a large public R1- institution. Item discrimination scores determining the quality of items ranged from 0.65-0.10, with 48 falling within acceptable range (>0.20). Alpha reliability scores determining reliability of items within a core concept ranged from 0.77-0.51, with 4 falling within acceptable range (>0.70). To exemplify the utility of a NCI, we present an accreditation report case study. Utilizing the NCI draft we demonstrate learning gains in an Introduction to Neuroscience course and among neuroscience majors. Our project sets the groundwork for the continued development of a reliable tool that facilitates content knowledge assessment of neuroscience programs and courses. The interdisciplinary nature and diversity of neuroscience programs present a major challenge to the development of a comprehensive content knowledge tool. Thus, we share this first draft as a call to the neuroscience community to join us to iteratively improve the instrument through collaboration and feedback. Those wishing to collaborate for tool development, please fill out this Qualtrics Form.",Accreditation; Assessment; Concept inventory; Core concepts; Neuroscience,,Journal Article
40655176,PMC12243879,10.59390/XIIC7680,23,2,A35-A42,A Cross-Course Experiment with a Word Recall Task and Salivary Cortisol Measurements.,2025-06-01,"We describe the experimental design and procedures for a word recall task in combination with positive (i.e. pleasant) or negative (i.e. unpleasant) valance images and salivary cortisol response. The word recall task was a component of a 200-level psychological statistics and methods course. Two groups of student subjects were presented with one of two sets of 25 word-image pairs: identical words with images of positive or negative emotional valence. Salivary cortisol was collected prior to word-image pair presentation and following word recall. Cortisol was then analyzed in a 400-level advanced behavioral neuroscience laboratory course, and by student researchers (independent studies). These students learned the basic procedures of an enzyme immunoassay including aspects of quality control. Data collected across four semesters demonstrated word recall was significantly greater in subjects who viewed the positive valence word-image pairs. Salivary cortisol was not different between the groups. This paradigm generated a novel shared data set across classes appropriate for exploration and statistical analysis in each class. Conceptually, this approach provided a gateway for the discussion of the neuroendocrinology of cortisol and memory. It produced greater student investment in the experiment and outcome. Assessment data revealed significantly improved performance on a pre- versus post-quiz of central concepts in the 200-level course and to a lesser degree in the 400-level course. This approach resulted in a greater breadth and depth of topics that otherwise could not be accomplished within a single class. Here, we present guidelines for executing this experiment in the classroom with possibilities for novel variations.",ELISA; HPA axis; cortisol; cross-course; experimental design; memory; neuroanatomy instruction; neuroendocrinology; salivary hormones; statistics; word recall,,Journal Article
40655175,PMC12243880,10.59390/NKAY3491,23,2,A66-A72,Long-Term Learning Gains in Students Using Community Based Learning.,2025-06-01,"A significant promise of scientific research is that basic science discoveries lead to innovations that result in positive change for individuals and communities. Considering this, translational communication skills and motivation to engage the general population are critical measures to consider when educating future scientists. A community-based learning (CBL) teaching method has been shown to be effective in developing these skills when used in higher education humanities settings, as students are able to synthesize class information with real-life community problem solving. Despite this evidence, CBL approaches are not generally practiced in STEM classroom settings. To assess the efficacy of CBL within a STEM setting, 90 undergraduate seniors in a Developmental Neuroscience course at the University of Notre Dame from 2017-2019 completed pre/post surveys focusing on four areas: content knowledge, scientific literature literacy, effective communication of scientific literature to the general population, and degree of civic engagement. During the course, students participated in a CBL experience along with regular coursework but were not subject to high-stakes examinations. Ten of 90 alumni completed the same pre/post survey to assess long-term learning gains. Results indicated significant gains in content knowledge, literature literacy, and translational ability between pre-course and post-course conditions, with significant gains maintained over time in the alumni condition. These data make a valuable contribution to both the STEM and CBL literature by demonstrating the long-term efficacy of a CBL approach in a STEM course in the absence of high-stakes examinations, as well as demonstrate long-term learning gains associated with scientific communication skills and dispositions towards civic engagement.",STEM education; community-based learning (CBL); developmental neuroscience; long-term learning gains,,Journal Article
40655174,PMC12243878,10.59390/JDTX8529,23,2,e22-e25,Open Educational Resources for Undergraduate Neuroscience Education.,2025-06-01,"This editorial discusses the impact of Open Educational Resources (OER) on the success of undergraduate neuroscience students. In order to provide students with high-quality, accessible, free educational materials, we have launched a series of free neuroscience textbooks and ancillary materials. These are a work in progress and would benefit from contributions from the FUN community. Textbook expenses disproportionately impact first-generation students, students of color, and those on financial aid, often preventing timely access to materials, increasing stress, and hindering academic success. The research suggests that traditional textbooks fail to meet students' needs, either because they are unnecessary or financially burdensome. Free, high-quality neuroscience OER textbooks can alleviate financial stress, lower DFW (drop, fail, withdraw) rates, and improve student-teacher relationships, ultimately enhancing the learning experience. By reducing barriers, OER can foster equitable access to education and support student success in neuroscience and beyond.",STEM education; first-generation students; open educational resources; social justice; students of color; textbook costs,,Editorial
40655173,PMC12243883,10.59390/AWFZ8889,23,2,e20-e21,Call to Action.,2025-06-01,,,,Editorial
40655172,PMC12243884,10.59390/IPNN1533,23,2,A82-A88,Addiction Education in the Undergraduate Space: A Novel Course Connecting Neurobiology of Addiction and Compassion for Individuals with Substance Use Disorder.,2025-06-01,"Substance use disorder (SUD) is a chronic, relapsing disease with medical, psychological, and social complications. Sufficient knowledge of addiction mechanisms and compassion for individuals with SUD are essential for combatting the prevailing stigma associated with substance use and generating efforts for effective treatments. This article describes a unique undergraduate course on addiction where efforts to enhance understanding of the neurobiology of addiction are coordinated with an emphasis on the human element of SUD. Reinforcing the neurobiological details of addiction and their relation to SUD behaviors can humanize addiction and further motivate students to invest in learning these complex details. College students have increased exposure to and opportunities for drug use and face an increased risk of developing a SUD. Substance use among college students can contribute to physical, mental, academic, and social issues. A thorough education on the neurobiological mechanisms of addiction with emphasis on the human element can help students gain a better understanding of what happens in the brain and an appreciation for the disease nature of addiction. Ultimately, this knowledge can benefit students dealing directly or indirectly with SUD and can encourage and equip them to champion for more effective and empathetic approaches for tackling addiction. The impact of this course on student learning and motivation was measured by before and after course surveys. The results demonstrate that students developed a better understanding of addiction as a disease, gained a more compassionate view of individuals with SUD, and were inspired to learn more about how addiction affects the brain.",addiction; neurobiology; stigma; substance use disorder (SUD); undergraduate education,,Journal Article
40655171,PMC12243877,10.59390/SMML6995,23,2,A95-A103,Biopsychology Lab: COMT Genotype Associations with Vagal Tone and Frontal Alpha Asymmetry.,2025-06-01,"Course-based undergraduate research experiences (CUREs) engage students in the research process to promote active learning of complex material. We created a 5-week Biopsychology Laboratory (Biopsych) CURE that integrates concepts in genetics, neurotransmission, autonomic regulation, executive function, electroencephalography, and human subjects research. The underlying principles of the Biopsych CURE focus on how the prefrontal cortex orchestrates cognitive control and coordinates parasympathetic activity. The rs4680 single nucleotide polymorphism (SNP) in the catechol-O-methyltransferase (COMT) gene may explain individual variability in prefrontal cortical function since the presence of the A versus G alleles directly affects neurotransmission in this region. To assess this, students in the Biopsych CURE conducted a prospective cohort study on themselves to examine whether there would be differences between rs4680 GG, AG, and AA genotypes in executive function, parasympathetic activity, and frontal alpha asymmetry (FAA). During the allotted class time, students successfully learned to collect buccal swab samples, isolate DNA, quantify DNA with a spectrophotometer, and use the iWorx data acquisition system to measure heart rate, vagal tone, and alpha and beta EEG waves. They also learned to analyze the data and wrote a research report on their findings. For their class research project, they found that the GG genotype had higher vagal tone compared to A carriers while taking the Stroop test, indicating greater parasympathetic activity. The GG genotype also showed higher FAA compared to A carriers while viewing emotional face presentations, indicating greater left cortical activity. This suggests that the GG genotype may display parasympathetic and cortical activity patterns that are generally conceded as advantageous to mental health. Students learned to graphically depict their data and wrote a research report on their findings. Overall, the Biopsych CURE enabled students to work actively with core topics in the field while conducting meaningful research and the course evaluations demonstrated high student satisfaction with CURE activities.",biopsychology; dopamine; executive function; frontal alpha asymmetry (FAA); prefrontal cortex; rs4680; vagal tone,,Journal Article
40655170,PMC12243881,10.59390/DSQC2202,23,2,A89-A94,Escape from traditional learning: A neuroscience escape room activity for neuroscience education.,2025-06-01,"This paper provides a step-by-step guide to developing a neuroscience themed escape room. We designed the escape room based on our introductory neuroscience learning outcomes which required students to remember key concepts while working together both as a group and individually to solve six neuroscience-themed challenges. Data include time to escape, as well as the results of a post-event survey that had individual students rate the value of the activity, their own personal effort, and their perceptions of instructor contribution. We found that students enjoyed this activity and that the amount of personal effort put in by the student was correlated with how fast they solved the six challenges in our escape room. We conclude that the escape room is a low cost, high impact event that can motivate student learning of neuroscience and promote retention.",educational escape room; game-based learning; interactive learning; neuroscience,,Journal Article
39810968,PMC11728998,10.59390/AFSC6949,23,1,A17-A25,An Integrative Brain and Behavior CURE (Course-Based Undergraduate Research Experience) Using Immunohistochemistry in the Fighting Fish Betta splendens.,2024-12-24,"Course-based undergraduate research experiences (CUREs) provide a variety of benefits to student learning outcomes. Here we describe an upper-level semester-long CURE that was implemented in Spring 2024 at Amherst College, a small liberal arts college, as part of the NEUR 313: Social Neuroendocrinology course. In the CURE students conducted behavioral and immunohistochemical assays in the fighting fish Betta splendens. Students assessed whether behavioral and neural response differed between fish exposed to social and nonsocial stimuli. The CURE exposed students to a suite of behavioral, wet lab, and data analysis techniques. In addition to completing weekly lab primers, the students' research efforts culminated in a final written paper and oral presentation where students integrated both mechanistic and eco-evolutionary thinking. The CURE was very positively reviewed by the students, and future iterations of the CURE can be easily modified to fit new research topics that further explore biological questions through a neuroethological lens.",Betta splendens; CURE; behavior; immunohistochemistry; neural activity,,Journal Article
39810967,PMC11728992,10.59390/QLFC4698,23,1,R1-R4,Primary Literature for Teaching Neuroimmunology - An Instructor's Resource.,2024-12-24,"Supplementing textbooks with primary literature in teaching neuroscience is a growing practice associated with several positive outcomes, such as increased content knowledge, research and data skills, and critical thinking. This pedagogical approach, however, still needs further development to make it accessible to instructors and valuable to students. This article describes a series of published articles we used in an undergraduate neuroimmunology course. Articles were selected to supplement the teaching of significant principles in the neuroimmunology of disease in neuro-infections, autoimmune diseases, and neurodegenerative diseases. Specifically, articles on multiple sclerosis, experimental autoimmune encephalitis, Herpes Simplex Virus 1, SIV/HIV infections, Alzheimer's, and Parkinson's diseases are described, and the pedagogical value of each is enunciated. These sources could be incorporated into a range of undergraduate and graduate courses to introduce several topics and principles of neuroimmunology.",autoimmune; neuro-infection; neurodegenerative; neuroimmunology; primary literature,,Journal Article
39810966,PMC11728995,10.59390/ZKGV9815,23,1,E17-E19,SfN 2024 report: Sweet Home Chicago JUNE and FUN Faculty Awards.,2024-12-24,,,,Journal Article
39810965,PMC11728997,10.59390/EUCP1513,23,1,E5-E16,"Approaching Diversity, Equity, And Inclusion in The Faculty for Undergraduate Neuroscience: Are we There Yet?",2024-12-24,,,,Editorial
39810964,PMC11728994,10.59390/ZBGO4273,23,1,A26-A34,How to Integrate Neuroethics into a Neuroscience Course - And Drive Student Engagement with Core Concepts.,2024-12-24,"Students are thinking about ethical, moral, and societal implications of science-as individuals and communities- regardless of whether these topics are part of formal curricula. Ethical questions can arise from broad neuroscientific questions (What is consciousness?), emerging topics (e.g., synthetic biological intelligence), neurotechnologies (e.g., human brain organoids), and respective intersections (Could brain organoids be intelligent or conscious?). As a field of scholarship, the ethics of brain science, or 'neuroethics', can help students to situate what they are learning in the classroom within a broader socio-philosophical context that advances critical and ethical reasoning toward future neuroscience research or technologies. I will argue that neuroethics can also enhance student situational interest and cognitive engagement with core neuroscientific concepts that align with core learning objectives. Yet faculty face challenges when incorporating neuroethics topics into courses, which may include, but are not limited to i) lack of disciplinary expertise, ii) time or resource constraints within courses, or iii) the perceived lack of value in formally including ethics instructional content in courses focused on core concepts in neuroscience education. This Opinion article aims to demonstrate how these challenges can be overcome. I describe how the Value Reappraisal Model can be used as a process theory to guide integration of neuroethics into neuroscience curricula. My autoethnographic account of developing and teaching a new course provides a case study for faculty who are interested in creating curricular opportunities for students to engage with ethical issues by fostering deeper learning and appreciation of core concepts in neuroscience.",bioethics; brain organoids; core concepts; course design; interdisciplinary; neuroethics; pedagogy; value reappraisal model,,Journal Article
39810963,PMC11728991,10.59390/ZTVE5756,23,1,E1-E4,Historical Depictions of the Brain: The Origins from the Non-Western World.,2024-12-24,"Any written work concerning the history of neuroanatomy would be difficult to imagine without acknowledging the pioneering works of Santiago Ramón y Cajal and Camillo Golgi. Cajal improved upon Golgi's staining technique at the turn of the 20th century. He implemented it to deliver the world's first incredibly detailed visualizations of cellular networks of the nervous system. Dating further back to the 15th century, most students of neuroanatomy or of the philosophy of science are familiar with René Decartes' depiction of mind-body dualism which illustrates the passing of visual information to the brain. These illustrations (i.e., mostly Cajal's) have gone on to significantly influence future research, commonly featured as visual aids in neuroscience presentations. Like most of the historical depictions of the brain, including medieval illustrations of trepanning, these drawings are of western European origin. Little, if any work has attempted to compile or assess historical depictions of the brain from outside of the western world. It is very likely that non-western historical depictions of the brain exist, but are less popularized and have been scarce in the circulating historical literature. Thus, more historical investigations are required to balance these views for a complete historical lens on neuroanatomy. Since early civilizations existed far across the globe, it is likely that depictions of the nervous system have existed before the aforementioned scholars who make up the mainstream approach to neuroanatomy history education. The present work aims to introduce students and instructors of neuroscience, and particularly neuroanatomy, to other early illustrated neuroanatomical works which may be less popularized. Additionally, this assessment seeks to provide a deeper understanding of the historical emergence of neuroscience and more specifically, neuroanatomy. This article attempts to start this conversation, utilizing what are thought to be the first modern neuroanatomical analyses of some of the cited illustrations from the non-western world.",curriculum; history; neuroanatomy; pedagogy,,Journal Article
39810962,PMC11728996,10.59390/XSMV4309,23,1,A1-A8,Effects of Gamification on Student Success and Perception of Instruction in Neuroanatomy: A Retrospective Analysis.,2024-12-24,"As a subset of active learning, gamification involves the application of gaming principles as a means of improving student outcomes in the classroom. Recent work has shown that such active learning strategies may be particularly effective at reducing the rate of failure in STEM courses. In this retrospective case study, I examined the effects on student exam performance, rate of failure, and perception of instruction following a semester-long course improvement project that involved implementing a novel tabletop style roleplaying game (Build-a-Zombie) during lab sessions in an undergraduate neuroanatomy course. The game I developed tasked students with using their knowledge from lecture to design their own pathological zombie nervous system. When compared to a previous cohort, students in the gamified version of the course showed significantly increased exam scores, a trend toward decreased rates of failure, and a more positive perception of instruction, even though lecture and exam content remained the same.",active learning; gamification; neuroanatomy,,Journal Article
39810961,PMC11728993,10.59390/QDTW7457,23,1,A9-A16,"Active Learning Exercises in Synaptic Physiology and Connectivity for the Neuroscience Lecture Hall, Laboratory Course, or Outreach Setting.",2024-12-24,"It is well-understood that active learning approaches have positive learning outcomes and improve retention. Active learning strategies for the neuroscience laboratory setting have been extensively developed. Fewer active learning approaches are available for the traditional lecture-based setting. Here we describe novel active learning exercises that teach fundamental principles of neuronal circuits and synaptic connectivity ideal for introductory neuroscience courses. Given the complexity of synaptic networks in the brain and the difficulty this material can present to students, our novel exercises can be beneficial to the neuroscience education community.",active learning; connectivity matrix; introduction to neuroscience; neuronal connections; synapses,,Journal Article
39355677,PMC11441439,10.59390/MIUV3158,22,3,A207-A216,Neurosimilator for Undergraduate Biophysics and Neurophysiology Courses.,2024-08-31,"Stringent animal welfare principles are forcing undergraduate instructors to avoid the use of animals. Therefore, many hands-on lab sessions using laboratory animals are progressively replaced by computer simulations. These versatile software simulations permit the observation of the behavior of biological systems under a great variety of experimental conditions. While this versatility is important, computer simulations often work even when a student makes wrong assumptions, a situation that poses its own pedagogical problem. Hands-on learning provides pupils with the opportunity to safely make mistakes and learn organically through trial and error and should therefore still be promoted. We propose an electronic model of an excitable cell composed of different modules representing different parts of a neuron - dendrites, soma, axon and node of Ranvier. We describe a series of experiments that allow students to better understand differences between passive and active cell responses and differences between myelinated and demyelinated axons. These circuits can also be used to demonstrate temporal and spatial summation of signals coming to the neuron via dendrites, as well as the neuron coding by firing frequency. Finally, they permit experimental determination along with theoretical calculations of important biophysical properties of excitable cells, such as rheobase, chronaxie and space constant. This open-source model has been successfully integrated into an undergraduate course of the physiology of excitable cells and student feedback assessment reveals that it helped students to understand important notions of the course. Thus, this neuromorphic circuit could be a valuable tool for biophysics and neuroscience courses in other universities.",chronaxie; education; frequency coding; refractory period; rheobase; signal propagation velocity; space constant; strength-duration relationship; temporal and spatial summation; time constant,,Journal Article
39355676,PMC11441437,10.59390/GZLW1868,22,3,E34-E35,And We'll Have Fun Fun Fun….,2024-08-31,,,,Editorial
39355675,PMC11441440,10.59390/ZGLZ3652,22,3,A224-A232,The Neuroscience Research Opportunities to Increase Diversity Program: Transformative and Successful Research Training Strategies for Undergraduate Students within Hispanic Serving Institutions.,2024-08-31,"Over the past 14 years, the Neuroscience Research Opportunities to Increase Diversity (NeuroID) program, funded by the National Institute of Neurological Diseases and Stroke (NINDS), has played a transformative role in training numerous undergraduate Hispanic students within The University of Puerto Rico-Rio Piedras (UPR-RP). This innovative Neuroscience-based research training initiative has successfully guided dozens of Hispanic students toward graduate programs in Neuroscience, significantly contributing to the enhancement of diversity within the academic and scientific fields. The achievements of the NeuroID program can be attributed to three key objectives. Firstly, the establishment of a comprehensive and innovative program has provided Hispanic undergraduate students with invaluable insights into various facets of a research career in neuroscience. Secondly, the program has fostered a robust mentorship network that supports selected students throughout their journey to become neuroscientists. Thirdly, it has strengthened the neuroscience network in Puerto Rico by bridging the gap between undergraduate teaching universities and research laboratories in top-tier institutions across the mainland United States.",historically underrepresented; mentoring; neuroscience; outreach; research; resilience; undergraduate,,Journal Article
39355674,PMC11441430,10.59390/RWPQ9487,22,3,A233-A245,The Efficacy of a Novel Board Game to Teach Cable Properties to Introductory Neuroscience Undergraduate Students.,2024-08-31,"Engagement activities in large classrooms (>100 students) are difficult due to space constraints, number of participants, and overall noise. Additionally, electrophysiological concepts in foundational neuroscience courses can be confusing and lack excitement. Providing students an opportunity to further engage in the material they are learning and apply their knowledge promotes community in the classroom, a deeper understanding of the topic, and an overall increase in retention. Game-based learning has been used in education across all levels and disciplines to provide students with this opportunity. You're Getting on my Nerves is a board game created to offer students a fun way to learn and apply cable properties of action potential propagation. This game allows students to practice vocabulary terms, apply their knowledge of changes in the cell that impact the speed of an action potential, and develop comradery with their classmates. In this article, we have assessed the board game for its efficacy in teaching concepts of cable properties, its ability to promote engagement in a large classroom, its feasibility and timing with a large class, and its potential to elicit comparable formative assessment scores to students who learned these concepts through didactic lecture. Overall, the board game was feasible for a large class to complete within the class period. The results showed an increase in understanding and retention of the material in addition to preference over didactic lectures with students reporting higher engagement, interaction with their peers, and enjoyment in the activity.",action potential; cable properties; game-based learning; large classroom engagement; neurology curriculum; neuroscience education; serious game,,Journal Article
39355673,PMC11441434,10.59390/EHEK8915,22,3,A160-A166,"Sherlock Holmes and the Neurophysiologists: Unraveling the ""Mystery"" of Active Learning Success.",2024-08-31,"The Sherlock Holmes (SH) Project is a collaborative problem-solving activity in the form of a murder mystery that is a great resource for upper-level undergraduate courses in neurophysiology that emphasize synaptic transmission and neuromuscular communication. This project, originally described by Adler and Schwartz (2006), has become a central focus of the Neurophysiology course at Allegheny College, along with many complementary activities that work to reinforce the neuroscience material and skills such as creative experimental design and analysis. Active Learning research in advanced levels of undergraduate courses is rare in the pedagogy literature, and this paper adds to that body of research. Formal assessment of the course generally and the SH Project specifically support the hypothesis that the active learning pedagogical strategies employed foster a positive and successful learning environment.",Neurophysiology; Process Oriented Guided Inquiry Learning (POGIL); active learning; undergraduate course; upper level,,Journal Article
39355672,PMC11441432,10.59390/YNPH4485,22,3,A197-A206,Low-Cost Classroom and Laboratory Exercises for Investigating Both Wave and Event-Related Electroencephalogram Potentials.,2024-08-31,"Electroencephalography (EEG) has given rise to a myriad of new discoveries over the last 90 years. EEG is a noninvasive technique that has revealed insights into the spatial and temporal processing of brain activity over many neuroscience disciplines, including sensory, motor, sleep, and memory formation. Most undergraduate students, however, lack laboratory access to EEG recording equipment or the skills to perform an experiment independently. Here, we provide easy-to-follow instructions to measure both wave and event-related EEG potentials using a portable, low-cost amplifier (Backyard Brains, Ann Arbor, MI) that connects to smartphones and PCs, independent of their operating system. Using open-source software (SpikeRecorder) and analysis tools (Python, Google Colaboratory), we demonstrate tractable and robust laboratory exercises for students to gain insights into the scientific method and discover multidisciplinary neuroscience research. We developed 2 laboratory exercises and ran them on participants within our research lab (N = 17, development group). In our first protocol, we analyzed power differences in the alpha band (8-13 Hz) when participants alternated between eyes open and eyes closed states (n = 137 transitions). We could robustly see an increase of over 50% in 59 (43%) of our sessions, suggesting this would make a reliable introductory experiment. Next, we describe an exercise that uses a SpikerBox to evoke an event-related potential (ERP) during an auditory oddball task. This experiment measures the average EEG potential elicited during an auditory presentation of either a highly predictable (""standard"") or low-probability (""oddball"") tone. Across all sessions in the development group (n=81), we found that 64% (n=52) showed a significant peak in the standard response window for P300 with an average peak latency of 442ms. Finally, we tested the auditory oddball task in a university classroom setting. In 66% of the sessions (n=30), a clear P300 was shown, and these signals were significantly above chance when compared to a Monte Carlo simulation. These laboratory exercises cover the two methods of analysis (frequency power and ERP), which are routinely used in neurology diagnostics, brain-machine interfaces, and neurofeedback therapy. Arming students with these methods and analysis techniques will enable them to investigate this laboratory exercise's variants or test their own hypotheses.",Electroencephalography (EEG); P300; cognitive neuroscience; education: alpha waves; event-related potentials (ERPs); low-cost; neural oscillations; open-source,,Journal Article
39355671,PMC11441428,10.59390/PVEC2816,22,3,A167-A176,Integrating Intercultural Competence into a Neuroscience Curriculum through a Short-Term Study Abroad Program.,2024-08-31,"We sought to enrich our neuroscience curriculum by developing a study abroad program that would address curricular goals and requirements at several levels. ""Neuroscience and Technology in Germany"" was designed to include a diversity of participants, integrate intercultural competence in participants, fulfill university core curriculum requirements, build on the Science, Technology, Engineering, and Math (STEM) foundation of our major, and fulfill major electives. We also hoped that it would serve as a synthetic experience allowing students to integrate foundational coursework with novel ideas and real-world research applications. We developed an itinerary that balanced multiple activities to meet those goals. We included scientific visits, STEM-focused museums, and significant cultural and historical sites. Scientific visits covered a range of topics in the field of neuroscience including cellular and pharmacological neuroscience, development, cognition, mental illness, artificial intelligence, and the mind-body problem. Pre-visit academic activities included review lectures on general topics (e.g., visual system), scaffolded literature reading, and discussion of previous literature from our hosts. Post-visit academic activities integrated previous foundational curriculum with new research. Cultural historical activities encouraged comparison between a student's home culture, predominant North American culture, and German culture. The first iteration was successful academically and logistically. In post-program surveys, 87.5% of students felt the program had met the learning objectives (n=16). Students agreed that scientific visits and preparatory lectures were relevant to the learning objectives, together with several cultural and historical visits. Students responded positively to an outing to the mountains and found a concentration camp memorial visit moving. They nearly universally reported that the program led to their personal growth. Students did not find several guided tours of STEM-related sites were relevant to our learning objectives, and opinions were mixed as to the balance of structured vs. unstructured time, balance of scientific vs. historical/cultural activities, and how to schedule free time. Students asked for more scientific background preparation, so we modified the upcoming iteration to include a ""Neuroscience Boot Camp"" prior to departure. We also selected guided tours more carefully and modified scheduling according to student feedback.",Germany; neuroscience; study abroad,,Journal Article
39355670,PMC11441426,10.59390/QWMZ9919,22,3,A289-A295,Using BioRender for Active Learning: Exploring Learning-Style Preference and Visual-Spatial Ability in Undergraduate Students.,2024-08-31,"Visual-spatial reasoning has been considered a predictor of performance success in STEM courses, including engineering, chemistry, biology, and mathematics. Little is known, however, about whether visual-spatial ability predicts success for non-STEM students in general education neuroscience courses. In the following study, we investigate how scores on tests of visual-spatial object rotation relate to student performance on illustrative and content exams in a large non-major undergraduate neuropharmacology course. To help students understand content visually, the course provided students with homework assignments that allowed them to create illustrations of lecture content using the online scientific illustration software, BioRender. Findings suggest that percent completion of BioRender assignments was a greater predictor of student performance than tests of innate visual-spatial ability. In addition, we show that visual learning style preference was not correlated with visual-spatial ability, as measured by the Purdue Spatial Visualization Test-Visualization of Rotations. Neither did learning style preference predict student success. The following paper suggests practice illustrating neuroscience concepts, or perhaps content practice in general, had a greater impact on student learning independent of learning style preference or innate visual-spatial ability.",Biorender; Illustration; Learning modalities; Visual-spatial; active learning; drawing; higher education; neuropharmacology; undergraduate neurobiology; visualization,,Journal Article
39355669,PMC11441431,10.59390/BCLX3929,22,3,A177-A184,Use of Buzz Buttons to Illustrate Taste Perception Principles in a Sensation and Perception Laboratory Exercise.,2024-08-31,"The buzz button is an edible flower that induces a tingling, electric sensation in the mouth and alters the perception of different flavors. The buzz button's taste-altering effect is thought to be caused by the bioactive compound spilanthol. The present article details a laboratory exercise that explores taste perception principles using the buzz button in an undergraduate Sensation and Perception course. A detailed step-by-step guide for the laboratory exercise is included along with analyzed student results. Students first sampled various food items that spanned the different taste sensations (i.e., salty, sweet, sour and bitter) and then rated their perceived taste intensity on a scale from one (not intense) to ten (very intense). Next, students consumed a buzz button and resampled each food item as well as re-rated their perceived taste intensities. It was found that students' perceived taste intensities for sour items and sweet items were decreased after consuming the buzz buttons. Additionally, students also completed a post-activity survey in which they indicated that this was an interesting and enjoyable exercise. This highlights the value of this particular hands-on demonstration in teaching about the connection between taste and tactile perception.",Spilanthes acmella; buzz button; perception; sensation; spilanthol; taste; touch,,Journal Article
39355668,PMC11441433,10.59390/JDOG5046,22,3,A256-A264,Virtual Dissection Table Case Studies for Undergraduate Neuroanatomy Written Assignments.,2024-08-31,"Neuroanatomy education benefits from cadaveric specimens, yet challenges with access, cost, and health concerns exist. Virtual Dissection Tables (VDTs) offer digital alternatives to traditional cadaveric learning. This article evaluates the pedagogical value of VDTs in undergraduate neuroanatomy education. While VDTs, primarily Anatomage, offer interactive 3D cadaveric images and customization options, research on their impact on neuroanatomy learning outcomes remain limited. Existing studies suggest comparable knowledge retention between VDTs and cadaveric learning, with varying effects on student satisfaction. Investigations of non-exam-based neuroanatomy assessments, however, are scarce. This study presents a case study using VDTs as the basis for a neuroscience assignment report, exploring its construction, and evaluating its strengths, and weaknesses through a student survey. Implemented in an advanced neuroscience course, the assignment involves analyzing 3D reconstructed MRI scans of neuropathological conditions displayed on the VDT. The task requires students to collate, analyze, and predict symptoms based on the pathology observed, aligning their findings with neuroscience literature. This innovative approach aims to enhance research and academic writing skills while expanding the use of VDTs beyond traditional assessment formats in neuroscience education. We found that the case-study format benefited students' neuroanatomy learning and application ability. Further studies should be conducted, however, to understand the effect of VDT use on learning outcomes in case study contexts.",Anatomage; case-based learning; neuroanatomy education; neuropathology; virtual dissection,,Journal Article
39355667,PMC11441429,10.59390/PAHQ2595,22,3,A185-A196,Forbidden Neurds: A Neuroscience Word Game.,2024-08-31,"Game-based learning is a promising approach that can promote engagement and deep learning of course content in a fun setting. This article describes the development, implementation, and evaluation of a card game designed to help students develop greater familiarity and comfort with complex neuroscience vocabulary. To play Forbidden Neurds, students within a team take turns acting as the Lead Neurd, who must get the team to guess a Neuroscience word without using any of the Forbidden words listed on the card. The game is designed to help students develop a deeper understanding of neuroscience terminology, identify relationships between terms, identify gaps in their understanding, and reinforce learning. The game was evaluated in a 200-level fundamentals of neuroscience course at a small public liberal arts university. Students showed increased content knowledge through pre-post testing, and a post-game self-reported survey showed that playing Forbidden Neurds enabled students to assess, increase, and apply content knowledge. Gameplay also helped students develop greater communication, critical thinking, and teamwork skills. In addition, students reported experiencing greater engagement through this fun learning activity. This game could act as an adaptable and effective learning tool across a range of neuroscience courses.",game-based learning; neuroscience game; terminology; undergraduate; vocabulary,,Journal Article
39355666,PMC11441441,10.59390/NQCA2038,22,3,A265-A272,"Interactive Notebooks Improve Students' Understanding of Developmental Neurobiology, Attitudes Toward Research, and Experimental Design Competency in a Lecture-Based Neuroscience Course.",2024-08-31,"Recent efforts to engage postsecondary science, technology, engineering, and mathematics (STEM) students in the rigors of discovery-driven inquiry have centered on the integration of course-based undergraduate research experiences (CUREs) within the biology curricula. While this method of laboratory education is demonstrated to improve students' content knowledge, motivations, affect, and persistence in STEM, CUREs may present as cost- and/or resource-prohibitive. Likewise, not all lecture courses have a concomitant laboratory requirement. With these caveats in mind, we developed the NeuroNotebook intervention, which provided students enrolled in a standalone Developmental Neurobiology course with an immersive, semester-long ""dry-lab"" experience incorporating many of the same elements as a CURE (e.g., collaboration, use of experimental design skills, troubleshooting, and science communication). Quantitative and qualitative assessment of this intervention revealed positive pre-/post-semester gains in students' content knowledge, attitudes toward the research process, and development of science process skills. Collectively, these data suggest that interventions such as the NeuroNotebook can be an effective alternative to a ""wet-lab"" experience.",Developmental Neurobiology; Experimental Design; Laboratory Notebook; Project-based Learning; Science Process Skills; Undergraduate Research Experience,,Journal Article
39355665,PMC11441435,10.59390/SYLO7794,22,3,R1-R5,Introducing BRAINOER: The Behavioral Research and Interdisciplinary Neuroscience Open Educational Repository.,2024-08-31,"Foundational textbooks for neuroscience courses can be cost-prohibitive for students and may omit recent advances in the field. Therefore, an Open Educational Resource (OER) repository was curated using existing OER materials for use in behavioral neuroscience and physiology courses. The Behavioral Research and Interdisciplinary Neuroscience Open Educational Repository (BRAINOER) contains 9 modules that include the following foundational topics: (1) The Brain and Nervous System, (2) Neurons, (3) The Endocrine System, (4) Neurotransmitters and Psychopharmacology, (5) Motor Processing, (6) Advanced Brain Functions, (7) Sensation and Perception, (8) Genetics and Evolution, (9) Research, Design, and Methods. Each module contains learning objectives in a checklist format, and modules are divided into basic and advanced content where appropriate. Because the repository is divided into content modules, the materials can be used as a full-curriculum or assigned on a module-by-module basis.",ACM; Affordable Course Materials; OER; Open Educational Resources; educational repository,,Journal Article; Review
39355664,PMC11441438,10.59390/ZABM1739,22,3,A273-A288,An In-depth Exploration of the Interplay between fMRI Methods and Theory in Cognitive Neuroscience.,2024-08-31,"Functional magnetic resonance imaging (fMRI) has been a cornerstone of cognitive neuroscience since its invention in the 1990s. The methods that we use for fMRI data analysis allow us to test different theories of the brain, thus different analyses can lead us to different conclusions about how the brain produces cognition. There has been a centuries-long debate about the nature of neural processing, with some theories arguing for functional specialization or localization (e.g., face and scene processing) while other theories suggest that cognition is implemented in distributed representations across many neurons and brain regions. Importantly, these theories have received support via different types of analyses; therefore, having students implement hands-on data analysis to explore the results of different fMRI analyses can allow them to take a firsthand approach to thinking about highly influential theories in cognitive neuroscience. Moreover, these explorations allow students to see that there are not clearcut ""right"" or ""wrong"" answers in cognitive neuroscience, rather we effectively instantiate assumptions within our analytical approaches that can lead us to different conclusions. Here, I provide Python code that uses freely available software and data to teach students how to analyze fMRI data using traditional activation analysis and machine-learning-based multivariate pattern analysis (MVPA). Altogether, these resources help teach students about the paramount importance of methodology in shaping our theories of the brain, and I believe they will be helpful for introductory undergraduate courses, graduate-level courses, and as a first analysis for people working in labs that use fMRI.",distributed representations; free open-source software (FOSS); functional localization; functional magnetic resonance imaging (fMRI); functional specialization; high-level vision; machine learning; multivariate pattern analysis (MVPA); object recognition; tutorial,,Journal Article
39355663,PMC11441436,10.59390/YGCW6032,22,3,A246-A255,Memphis NeuroSTART Program: Promoting Student Success and Increasing the Diversity of Applicants to Neuroscience Graduate Programs.,2024-08-31,"With grant support from the Research Experience for Undergraduates (REU) program funded by the National Science Foundation (NSF) and the Awards to Stimulate and Support Undergraduate Research Experiences (ASSURE) program funded by the Department of Defense (DoD) Air Force Office of Scientific Research (AFOSR), we established a program intended to increase the number of underrepresented racial and ethnic minority (URM) and first-generation undergraduate students successfully applying to neuroscience and other STEM-related graduate programs. The Neuroscience Techniques and Research Training (NeuroSTART) Program aimed to increase the number of undergraduate students from the Memphis area involved in behavioral neuroscience research. In this two-semester program, students completed an empirical research project in a neuroscience lab, received individual mentoring from neuroscience faculty, became part of a STEM network, presented at research conferences, and attended specialized professional development seminars. In two cohorts of 15 students, 4 are PhD students in neuroscience-related programs or in medical school (27%), 4 are employed in neuroscience-related research facilities (27%), 3 are employed as clinical assistants (20%), and 1 is employed in the IT field (7%). The remaining three recently graduated and are planning a gap year prior to applying for admission to graduate/medical school. The Memphis NeuroSTART program has provided valuable training to participants, making them competitive applicants for jobs in the health sciences and for admittance into graduate neuroscience programs. By providing this training to first-generation and URM students, the broader impact of this program was an increase in the diversity of the health sciences workforce, particularly those specializing in neuroscience-related research and treatment.",AFOSR ASSURE; NSF REU; STEM education; first-generation college students; minorities; neuroscience; research experience; undergraduates; underrepresented,,Journal Article
39355662,PMC11441427,10.59390/QCWZ6366,22,3,A217-A223,Neurodiversity in the Minds of Students: From Perception to Campus Programming.,2024-08-31,"Neurodiversity is a social justice movement at the nexus of neuroscience, academia, and public policy. A contemporary view of neurodiversity is one that embraces neurological differences, encompassing all ""neurotypes,"" including more specific identifiers like autistic or dyslexic. The goal of this study was to investigate student awareness and perception of neurodiversity since they are the next generation of public policy makers. Students enrolled in Introduction to Behavioral Neuroscience (N=146) were exposed to different information sources (popular, academic, TED talk, or choose/find their own) on the topic of neurodiversity. They then wrote a paper where they summarized: a) the information source used, b) their ideas to better support a neurodiverse society, and c) their opinions on aspects of neurodiversity. Several important findings emerged. First, 64% of the sample had never heard of the term neurodiversity; this class was their first exposure to it. Second, students conducting their own searches on neurodiversity had the highest level of optimism (p < 0.05) that society was ready to accept neurodiversity. Students identified even higher rates of receptivity (85%) amongst their friends. Third, student ideas to advance neurodiversity were organized into more salient categories for campuses to consider. Our findings challenge neuroscience programs to consider their role in providing ""first exposure"" opportunities to students in the diversity, equity, and inclusion realm, especially in areas directly related to our field. We also discuss the growing relevance of neurodiversity in research and academia and offer programming possibilities to enhance neurodiversity awareness and support on college campuses.",ADHD; TED talks; autism; information literacy; neurodevelopment; neurodivergent; neurodiversity; neurotypical; student accessibility services; universal design for learning,,Journal Article
39280719,PMC11396180,10.59390/FZWH1820,22,2,A104-A115,"Designing and Teaching Courses on Sex, Gender, and the Brain: Two Implementations in the Undergraduate Classroom.",2024-07-21,"Courses on the neuroscience of sex and gender can support inclusive and integrative neuroscience curricula. Developing and teaching such courses, however, can be intimidating for educators due to the subject's complexities and nuances, the increasingly politicized nature of the subject material, and the difficult conversations that the material invites. In this article we discuss how we approached the development of two undergraduate courses on sex, gender and the brain. In describing our thought process we discuss the institutional contexts for our courses and the rationale for the selected course structures, learning objectives, and content. We also describe how we fostered inclusive learning environments - particularly within the context of the COVID-19 pandemic - and implemented course activities and diverse assessments aligned to the course learning objectives. We hope that readers of this article can apply our insights into developing courses on sex/gender in neuroscience at their home institutions.",COVID-19; LGBTQ; course design; gender; inclusive teaching; sex; sex difference,,Journal Article
39280718,PMC11396182,10.59390/LHNR3855,22,2,E28-E33,Of Chatbots and Colonizers: A FUN Workshop Mini Symposium.,2024-07-21,"Chatbots and related technologies are predicted to become fixtures in our teaching. These tools scan information from the web or other sources and deliver content in textual summaries. ChatGPT4 and other AI products are surprisingly good at summaries of information and simple analysis, similar to what we often ask students to do as part of our teaching. They are poor at evaluation of information and citation of sources at the moment, but these tools are advancing rapidly. Use of these tools in the classroom generate important questions about how we handle content, understanding and skill development in the classroom, how information is curated, and the structure of information in our discipline. Additionally, accessibility of these tools will be an issue moving forward since they have the potential to widen a technology divide even further. Through presentation and group discussion, this minisymposium highlighted how we might integrate these tools and craft new pedagogies that will continue to engage and challenge our students. We also discussed concerns about these tools in terms of inclusive pedagogy and decolonization of neuroscience.",generative AI; inclusive pedagogy; writing pedagogy,,Editorial
39280717,PMC11396177,10.59390/RGZE2690,22,2,A82-A89,You're Getting on My Nerves! A board Game to Teach Action Potential Propagation and Cable Properties.,2024-07-21,"Electrophysiology is one of the most intimidating topics within the foundational neuroscience curriculum to most undergraduate students. Keeping student attention and engagement during these lectures is equally challenging for educators. Game-based learning is used in many disciplines and levels of education and allows students to apply what they have learned and build community within the classroom. You're Getting on my Nerves was created to help students apply their knowledge of cable properties and practice vocabulary terms with their peers. This board game was originally created using inexpensive products but is also now available for purchase, allowing educators the flexibility to use the game within their budget and available timeframe. Additionally, it can be scaled from introductory to advanced levels and act as a relaxed and entertaining study tool. Students learn what changes in the cell can increase or decrease the action potential's ability to propagate down the axon and begin to describe different cable properties. Each player receives a card to keep track of the amplitude of their action potential. The goal is to move their game piece from the axon hillock to the axon terminal without decaying their action potential to 0. Players draw game cards that instruct them on where to move along the gameboard. The gameboard has color-coded spaces with changes in the axon. Students begin to quickly learn which changes in the cell allow their game piece to propagate forward as they compete with their peers to reach the axon terminal.",action potential; cable properties; game-based learning; neurology curriculum; neuroscience education; serious game,,Journal Article
39280716,PMC11396183,10.59390/KBMK3931,22,2,A131-A136,Mini-Symposium: Training the Trainers of the Next Generation of Neuroscience Advocates.,2024-07-21,"Undergraduate neuroscience researchers and educators have a vital voice in working with policymakers to raise public awareness and increase support and funding for neuroscience. While there are many avenues and opportunities to become involved in neuroscience advocacy, finding the most effective training strategies, resources, and opportunities for involvement can sometimes be difficult and overwhelming. To address this challenge and inform faculty of science advocacy opportunities for undergraduates, we organized a mini-symposium at the 2023 Faculty for Undergraduate Neuroscience (FUN) Workshop. Attendees had the opportunity to engage with a panel of experts with diverse experiences in neuroscience advocacy and policy. Topics presented and discussed included the importance of advocacy, effective training practices and resources, advice for scientific communication with a non-scientific audience, and various opportunities for advocacy involvement for undergraduate students. We share here our rationale and goals as we set out to plan this mini-symposium, a brief description of each panelist's career trajectory, relevant resources, and major takeaways. We reflect on the lessons learned from this session and recognize the need for an on-going conversation about careers involving science policy, science communication training, and opportunities for undergraduate students. Accordingly, we share future directions and recommendations to help faculty equip not only themselves but also their undergraduate trainees with the knowledge, practical skills, and resources required to engage with their communities as informed citizens.",career paths; professional development; science advocacy; science communication; science policy,,Journal Article
39280715,PMC11396185,10.59390/DXCG7777,22,2,A158-A159,Making an Effective Flipped Neuroscience Lab by Approaching Students from Their Emoticons.,2024-07-21,"During the pandemic, we filmed our neuroscience labs, and now the videos provide a great resource to flip the lab. Our lab, however, covers a wide range of complicated topics, ranging from gross anatomy, immunohistochemistry (IHC) staining, and fluorescence imaging to cockroach microscopic surgery and measuring nerve conduction velocity on worms and human subjects, and it is challenging to get students to finish watching these complicated experiments. The biggest challenge that students face while watching these experiment demonstrations is their own emotions. When we were editing the films of the labs, we did not reduce the complexity, but we explained concepts by using concepts and objects that students are already familiar with so we do not trigger anxiety. To reduce boredom, we employed three major methods: questioning, humor, and increasing the pace. To address potential anxiety or reluctance about the in-person part of the lab, we mention at the beginning of every lab session that making mistakes is completely acceptable and, as they make mistakes, we help them understand what went wrong and how to correct it. We also introduce additional activities in some lab sessions to pique their interest. For instance, we ask students to test the effects of Red Bull on crickets and investigate whether students who play more video games have higher conduction velocities in the median nerve. Thus far, our flipped lab has been quite successful in terms of maintaining video retention rates and in-person attendance rates. A notable example of the effectiveness of improved hands-on skills is the cockroach microscopic surgery. Before implementing the flipped lab, only 10% of students were able to successfully complete the surgery and acquire nerve activity recordings. With the flipped lab, 90% of students were able to obtain a recording independently.",Flipped lab; In-person lab attendance rates; Neuroscience lab; Video retention rates; limbic brain,,Journal Article
39280714,PMC11396178,10.59390/OETW7461,22,2,A137-A159,"Centering Diversity, Equity, and Inclusion in Graduate Admissions.",2024-07-21,"Many undergraduate neuroscience trainees aspire to earn a PhD. In recent years the number, demographics, and previous experiences of PhD applicants in neuroscience has changed. This has necessitated both a reconsideration of admissions processes to ensure equity for an increasingly diverse applicant pool as well as renewed efforts to expand access to the training and research experiences required for admission to graduate programs. Here, we describe both facets of graduate school admissions by demystifying the process and providing faculty with tools and resources to help undergraduate students successfully navigate it. We discuss admissions requirements and processes at two graduate institutions, highlighting holistic approaches to evaluating students, the ever-increasing research experience expectations, and the decreasing reliance on the GRE. With a particular focus on improving equity, diversity, inclusion and belonging, we discuss resources for applying to graduate school that are available for students from underrepresented populations, including summer institutes and fellowship programs and intentional relationships with minority serving institutions (MSIs) to foster bi-directional engagement between undergraduate programs at MSIs and graduate institutions. With diverse perspectives as faculty involved in undergraduate education, graduate programs, and post-baccalaureate training programs, we provide recommendations and resources for how to help all trainees - especially those from populations underrepresented in the STEM workforce - succeed in the current graduate education admissions landscape.",diversity; equity; graduate programs; inclusion,,Journal Article
39280713,PMC11396187,10.59390/WMPH6827,22,2,A120-A125,Building Community and Developing Professionally through FUN Final Friday Sessions.,2024-07-21,"FUN Final Fridays (FFFs) are a professional development effort resulting from a pandemic-inspired virtual pedagogical meeting. Over the past three academic years, Faculty for Undergraduate Neuroscience (FUN) has hosted FFFs as monthly professional development sessions. These sessions offer a mechanism to address current issues in higher education with emphasis on topics relevant to neuroscience educators. Broadly, topics covered in FFF sessions fall under three areas: a faculty focus that addresses issues of wellness and professional opportunity; a diversity, equity, inclusion, and belonging focus that addresses how to advocate for justice through education; and a pedagogical focus that address classroom strategies and issues that affect student learning. We share here our experiences and lessons learned regarding selecting topics, identifying facilitators, navigating timing across a semester, and engaging participants with a goal of providing a framework for successful professional development so that other institutional and departmental leaders can contribute meaningfully to the growth and development of their colleagues.",Building Community; DEIB; Faculty; Pedagogy; Professional Development; Virtual Conversations,,Journal Article
39280712,PMC11396175,10.59390/AUIV7625,22,2,A116-A119,"microPublication Biology: An introduction to Publishing and Teaching with a Small-Format, Peer-Reviewed Journal.",2024-07-21,"microPublication Biology (micropublication.org) is a non-profit, community-focused, peer-reviewed journal dedicated to publishing small (single-figure) reports of data, methods and software related to a variety of model organisms. A workshop on microPublications at the Faculty for Undergraduate Neuroscience (FUN) conference in Summer 2023 focused on 1) publishing data-especially student research experiences, and data gathered through course-based research, and 2) using the microPublication platform and article template in teaching and learning. In this article, we further describe the microPublication platform and workflow and how PI's can use this venue to publish student work. We also provide examples of how the microPublication format can be adapted and adopted as tools for undergraduate teaching and learning.",course-based undergraduate research experience (CURE); microPublication; peer-review; undergraduate research; undergraduate teaching,,Journal Article
39280711,PMC11396181,10.59390/IFWT3187,22,2,E22-E27,Unpacking and Utilizing Neuroscience Core Concepts.,2024-07-21,"Core concepts, or overarching principles that identify patterns in processes and phenomena, provide a framework for organizing facts and understanding. Core concepts have existed for many years in some life science disciplines, including biology, microbiology, and physiology, yet have only recently been published for neuroscience through a multi-year community-derived project which identified the following neuroscience core concepts: Communication Modalities, Emergence, Evolution, Gene-Environment Interactions, Information Processing, Nervous System Functions, Plasticity, and Structure-Function Relationship. The current phase of the core concepts work involves two arms: utilizing and ""unpacking."" Work on utilization of core concepts focuses on strategies for utilizing the core concepts in courses, curricula, and assessment, and in diverse institutional contexts. The process of unpacking involves deconstructing a core concept into its key underlying components. Prior to the 2023 FUN Workshop, we consulted faculty members with relevant experience to aid in the preliminary unpacking of four core concepts (Evolution, Gene-Environment Interactions, Plasticity, and Structure-Function Relationship). The preliminary drafts of the unpacked core concepts were shared at the Faculty for Undergraduate Neuroscience (FUN) Workshop and Neuroscience Teaching Conference (NTC) for community feedback and guidance. This editorial describes community feedback and guidance that we received from the conferences to inform future steps.",STEM education; assessment; conceptual elements; conceptual knowledge; core concepts; curriculum; neuroscience principles; teaching tools; unpacking,,Editorial
39280710,PMC11396179,10.59390/YKOU9984,22,2,A90-A98,A Case for the Use of Open Data as a Tool to Incorporate Socioscientific Topics into Neuroscience Education.,2024-07-21,"Education scholars have called for an increased focus on developing curricula based on culturally relevant pedagogy (Ladson-Billings, 1995). A key tenet of Ladson-Billings' (1995; 2014) theory of culturally relevant pedagogy is the development of students' sociopolitical consciousness, whereby students feel empowered and encouraged to evaluate and solve real-world interdisciplinary problems. Here, we propose that open science datasets could serve as a valuable tool for neuroscience educators to foster their students' sociopolitical consciousness. Using the open data available through the Seattle Alzheimer's Disease Brain Cell Atlas (SEA-AD) as a case study, this article will explore how open science can be leveraged as a tool to encourage socioscientific thinking amongst neuroscience students. We overview a collection of lessons created by the Allen Institute's Education & Engagement team that provides a scaffolded exploration of an open science resource through a socioscientific lens. We supplement our discussion of the lessons with feedback from students who completed the lessons during a day-long workshop hosted at the Allen Institute in Seattle, WA. We conclude by reflecting on the future role this type of interdisciplinary, open science-based approach to curricula could have across neuroscience education more broadly.",Alzheimer’s Disease (AD); culturally-relevant pedagogy; open data; open science; sociopolitical consciousness; socioscientific issues (SSI); transcriptomic data,,Journal Article
39280709,PMC11396176,10.59390/YHHG1147,22,2,E4-E10,"Proceedings of the 2023 Faculty for Undergraduate Neuroscience Workshop at Western Washington University, Bellingham, WA, July 27-30, 2023.",2024-07-21,"In July of 2023, the Faculty for Undergraduate Neuroscience (FUN) held a Summer Workshop at Western Washington University. This workshop was the first in-person workshop since 2017. This article provides a brief account of the Workshop themes of inclusive pedagogy, student and faculty mindsets, integrative STEM, and decolonization of neuroscience. The presentations and events that took place were attended by a vibrant community of close to 100, who engaged fully in the discussions and social opportunities. In addition, we review the workshop planning process to guide future FUN Summer Workshop committees and hosts.",Summer Workshop; conference planning; decolonization of neuroscience education; inclusive pedagogy; integrative STEM education,,Editorial
39280708,PMC11396188,10.59390/CZDJ9168,22,2,E11-E15,"Reimagining Neuroscience Education: Teaching ""Life"" as a Step Towards Social Justice.",2024-07-21,,,,Editorial
39280707,PMC11396174,10.59390/PYYP5010,22,2,A99-A103,Integrating Programming into Neuroscience Courses.,2024-07-21,"Programming is a useful skill for students, both in neuroscience research and in the broader economy. Many instructors, however, may wonder how and when they should integrate it into their coursework, especially if they themselves have limited computational training. The suggestions offered here aim to help a wide range of educators - even those who have minimal coding experience - who wish to expose their students to the intersection of neuroscience and programming. Throughout, I provide examples of how I have weaved coding into various elements of neuroscience courses, even those without a computational focus. I also discuss the rich landscape of low-cost, accessible programming tools as well as how generative AI can (and should) impact the way that we are teaching programming. Ultimately, the goal is not to insist that all our students learn how to code, but rather to lower barriers and provide exposure and opportunity to any student who wishes to integrate programming into their research or careers.",computational; laboratory courses; programming; quantitative,,Journal Article
39280706,PMC11396184,10.59390/DKPK6058,22,2,E16-E21,The Art of NOW: Mentoring to Address Hidden Curriculum in Undergraduate Neuroscience Education.,2024-07-21,"Hidden curriculum, which consists of the implicit norms and values embedded within institutions, impacts how students navigate their experiences in higher education. While the formal curriculum provides structured learning objectives and content, the hidden curriculum shapes students' socialization, sense of belonging, and access to opportunities within academic settings. For diverse students, hidden curriculum often reinforces existing power dynamics and inequities, creating additional barriers to their success. In many cases, the norms and expectations embedded within the hidden curriculum reflect dominant cultural norms, leaving students from marginalized backgrounds feeling alienated or intentionally excluded. Mentors and academic institutions play crucial roles in helping diverse students navigate the hidden curriculum of educational institutions by providing mentorship and resources to address the challenges of hidden curricula. In this paper, we introduce the importance of ""NOW"": 1) Nomenclature - What is Hidden Curriculum, 2) Opportunity - Opportunities to Address Hidden Curriculum in Higher Education, and 3) Willingness - Fostering an action plan for success in higher education. This paper will introduce a socioecological model for mentoring to address hidden curriculum at the individual, interpersonal, and institutional levels. At the individual and interpersonal level, we will discuss actions students and their mentors can take to develop their mentoring relationships. At the institutional level, we will identify opportunities to support diverse students and their mentors.",Career Development; Diversity; Hidden Curriculum; Mentoring; Socioecological Model,,Editorial
39280705,PMC11396186,10.59390/SWZD5930,22,2,A126-A130,Increasing Accessibility Through Popular Press Books into Neuroscience Coursework.,2024-07-21,"Utilizing popular press books can increase accessibility and aid in retention of marginalized groups; by increasing student engagement, improving material accessibility through real-world examples, and helping ease the financial burden of textbooks. The current article outlines how several popular press books have been successfully implemented in different levels of neuroscience coursework, including an introductory neuroscience course, a mid-level drugs and behavior course, and a senior seminar. Implementation strategies and pitfalls are discussed, including best practices for assessment and incorporation of popular press books into course material.",accessibility; introductory neuroscience; neuroscience; popular press books; retention,,Journal Article
39280704,PMC11396173,10.59390/HRWL6927,22,2,A152-A157,Teaching the Nature of Science Improves Scientific Literacy Among Students Not Majoring in STEM.,2024-07-21,"Traditionally, science courses focus on knowledge and practices within specific disciplines. There has long been a call, however, to increase the focus on the nature and process of science as a way to improve scientific literacy and increase the transfer of knowledge. Despite this, there are few systematic studies that seek to understand the impact of this approach. Revising a STEM course in a liberal arts curriculum to primarily focus on the nature and process of science rather than on the content of a specific discipline increased student scores on the Test of Scientific Literacy Skills and improved perceptions of STEM. In the revised course, students self-reported higher levels of confidence in their ability to learn scientific information and their ability to contribute to scientific progress compared to traditional methods. These data and other literature suggest that the traditional knowledge-focused approach to science education is insufficient to facilitate scientific literacy and address equity gaps in STEM. Proposed is a model where scientific literacy and feelings of inclusion in STEM are the product of direct engagement in the process of science and careful evaluation of the nature of science. Long-term, a holistic approach that includes an authentic discussion of the enterprise of sciences is needed to prepare students to engage in future problems that are best solved by cross-disciplinary collaboration.",Interdisciplinary; Nature-of-science; Scientific Literacy,,Journal Article
38322408,PMC10768823,10.59390/XZQL5300,22,1,A1-A13,A Versatile Semester-Long Course-Based Undergraduate Research Experience using Optogenetics and RNAi to Identify Genes Important for Synapse Function.,2023-12-17,"Compared to traditional teaching laboratory activities, course-based undergraduate research experiences (CUREs) can increase student engagement and confidence, improve scientific literacy, enhance critical thinking, and promote accessibility in STEM. Here we describe a versatile CURE for an upper-level Neurobiology course that incorporates genetic, molecular, cellular, and behavioral experiments into a semester-long investigation to identify genes important for glutamate synapse formation or function in C. elegans. Following introduction to the CURE approach and basic C. elegans techniques, students construct their own low-cost optogenetics rigs, which we describe in detail here, to activate a mechanosensory escape reflex via photostimulation. They then perform a small-scale RNAi screen with this light-activated behavioral readout. Once a gene of interest is identified, students submit a proposal to investigate the role of this gene in nervous system function and spend the rest of the semester carrying out follow-up experiments using mutant strains. We also describe ways in which this CURE can be modified depending on the pedagogical objectives, availability of materials, or research interests of the instructor. Participating in this lab significantly enhanced students' abilities to see themselves as STEM professionals and prompted students to report substantial gains in skills critical for entry into and success in graduate and medical schools. In addition to the benefits CUREs provide to students, faculty benefit from the generation of preliminary data and training of students for potential independent research projects.",(CURE); Caenorhabditis elegans; Course-Based Undergraduate Research Experience; RNAi; behavior; low-cost; optogenetics,,Journal Article
38322407,PMC10768827,10.59390/PWFC1224,22,1,A58-A65,Primary Afferent Depolarization and the Gate Control Theory of Pain: A Tutorial Simulation.,2023-12-17,"The gate control theory of pain postulates that the sensation of pain can be reduced or blocked by closing a ""gate"" at the earliest synaptic level in the spinal cord, where nociceptive (pain) afferents excite the ascending interneurons that transmit the signal to the brain. Furthermore, the gate can be induced to close by stimulating touch afferents with receptive fields in the same general area as the trauma that is generating the pain (the ""rub it to make it better"" effect). A considerable volume of research has substantiated the theory and shown that a key mechanism mediating the gate is pre-synaptic inhibition, and that this inhibition is generated by depolarizing IPSPs in the nociceptor central terminals (primary afferent depolarization; PAD). Both pre-synaptic inhibition and depolarizing IPSPs are topics that students often regard as matters of secondary importance (if they are aware of them at all), and yet they are crucial to a matter of primary importance to us all - pain control. This report describes some simple computer simulations that illustrate pre-synaptic inhibition and explore the importance of the depolarizing aspect of the IPSPs. These concepts are then built into a model of the gate control of pain itself. Finally, the simulations show how a small change in chloride homeostasis can generate the dorsal root reflex, in which nociceptor afferents generate antidromic spikes which may increase neurogenic inflammation and actually exacerbate pain. The hope is that the simulations will increase awareness and understanding of a topic that is important in both basic neuroscience and medical neurology.",PAD; computational neuroscience; dorsal root reflex; gate control theory; pain; pre-synaptic inhibition; primary afferent depolarization; simulation,,Journal Article
38322406,PMC10768826,10.59390/NYOR9047,22,1,R1-R5,Teaching Synaptic Transmission Using Primary Literature: A Skills-Focused Pedagogical Approach.,2023-12-17,"Neuroscience is a burgeoning and intensive undergraduate major at many institutions of higher education and several areas in neuroscience education need further development. One such needed development is an increased focus on the procurement of career-relevant skills in addition to the traditional acquisition of subject knowledge. Skill development is particularly challenging in neuroscience education as the subject's interdisciplinary nature provides an atypically broad range of potential careers for graduates. Skills common to many careers in neuroscience include the ability to understand and analyze quantitative data and to draw conclusions based on those analyses. Here is presented an active learning pedagogical approach involving the analysis of seminal articles in the primary scientific literature to provide practice in analyzing data and drawing conclusions from those data while at the same time learning the fundamental tenets of synaptic transmission. Articles were selected that highlight principles such as the role of Ca2+ in synaptic release, exocytosis, quantal release, and synaptic delay. Figures from these articles that can readily be used to teach these principles were selected, and questions that can help to guide students' analysis of the data are also suggested. Activities like this are needed in greater numbers to facilitate the process of helping students gain skills relevant to a productive career in neuroscience.",active learning; backward design; neuroscience education; primary literature; skills-based learning,,Journal Article
38322405,PMC10768817,10.59390/AWCF3324,22,1,A74-A81,Teaching Scientific Literature Analysis: A Systematic Adoption of Skill-Building Methods to Enrich Research Training for Undergraduate Students.,2023-12-17,"Teaching scientific literature analysis skills is a critical step in research training. Here I describe a 6-week skill-building module on understanding scientific literature, incorporated into a 10-week undergraduate honors research practice course in Neuroscience. Key pedagogical components include: 1) student-centered active-learning, skill-building and community-building activities; 2) persistent adoption of a proven CREATE method and a novel curate scientific summary (CSS) method for teaching scientific literature analysis skills; 3) collaborative class organization consisting of persistent learning pods (PLPs) to facilitate student-driven participation and peer learning; and, 4) role play of a real research lab. Skill development was assessed using a self-assessment survey (SAS) and longitudinal evaluation of the CREATE and CSS methods application by the PLPs to analyze primary research articles (PRAs) over four weeks. Outcomes demonstrate alleviation of pre-existing student anxiety to read complex scientific literature and advancement of critical-thinking and collaborative skills. Specifically, the SAS responses indicate that student perception about reading scientific literature transformed from being a daunting task to an enjoyable activity; this enhanced their confidence in evaluating scientific literature. PLPs fostered student engagement, peer instruction, and community building, and contributed to skill development. Weekly assessment of CREATE and CSS application highlighted marked improvements in students' abilities to analyze and critique complicated scientific material. Role playing a research lab setting with a focused research theme facilitated integrative understanding of a frontier topic in Neuroscience. The outlined innovative approach can be adopted in Course-based Undergraduate Research Experience (CURE) and should help contribute to systematizing didactic practices to train neuroscientists.",CREATE method; knowledge graphs; research practice; scientific literature analysis; undergraduate pedagogy,,Journal Article
38322404,PMC10768824,10.59390/ZWBM2077,22,1,R6-R8,Unlocking Hidden Awareness: Repurposing fMRI to Detect Levels of Consciousness.,2023-12-17,"Determining the state of consciousness in patients with disorders of consciousness is a challenging task because for someone to be deemed conscious, both wakefulness and awareness are required. Awareness has traditionally been assessed by examining physical responsiveness but in 2010, Monti et al. explored how using fMRI to measure brain activity in humans could help reclassify the state of consciousness in these patients. The findings, published in The New England Journal of Medicine, show that some brain regions are active when patients respond to an imagery or communication task. This is a seminal study because it demonstrates that patients who behaviourally appear to be in a vegetative or minimally conscious state may still have residual brain functions that would not be apparent from a clinical examination alone. Notably, it exemplified how fMRI can be repurposed as a communication tool for this subset of aware, but 'locked in', patients who appear unresponsive. From an educator's perspective, this paper is valuable because it is relevant to a broad audience, both introductory and advanced level undergraduate students. It introduces key concepts in cognitive and clinical neuroscience and encourages students to consider the connections between social issues and technology development in neuroscience. Finally, educators may use this paper to discuss and debate the nature of consciousness and the ethical implications that the use of fMRI for determining consciousness may have on medical ethics.",Consciousness Disorders; Functional Neuroimaging; Persistent Vegetative State,,Journal Article
38322403,PMC10768819,10.59390/XYFR3420,22,1,A22-A26,Early-Career Pedagogical Practice: The Value of Training Undergraduates to Teach.,2023-12-17,"Pedagogical experiences prior to a career in higher education are limited, particularly for interested undergraduates. We detail here the experience of an undergraduate mentored in pedagogical techniques such as topic and reading selection, assessment creation and grading, and classroom management. Their pedagogical training included co-instructing a course with their mentor. The mentee found the experience to be rewarding, learning the areas in which they excelled and struggled. For the mentor, this was a valuable opportunity to reflect on their own pedagogical choices and techniques. The process provided a new perspective for each of us as we viewed the course through the lens of the other person. More opportunities for undergraduates to undertake similar roles may strengthen teaching in higher education and grant early career experiences to interested individuals. Though rewarding, course construction and implementation is time-consuming and difficult. Balancing time and effort beyond the class is a required skill, and frequent communication between the mentee and mentor is necessary.",mentored teaching; pedagogical practice; undergraduate instructor,,Journal Article
38322402,PMC10768816,10.59390/KCBV9244,22,1,A14-A21,PopScience: Teaching students to Communicate Scientific Findings to the General Public.,2023-12-17,"Scientific communication has become more important than ever before, yet most scientists are not trained in how to communicate their research findings to the general public. The PopScience assignment is a semester-long writing and oral communication project that focuses on how to communicate primary scientific literature to the general public. The overall goals of the PopScience project are to teach students how to: 1) critically evaluate neuroscience primary literature, and 2) translate and convey primary literature findings to a lay audience. Students completed a pre- and post- assignment perceptive assessment to evaluate the skills they obtained (e.g., reading comprehension and critical thinking), and the effectiveness of the assignment in improving these skills. Students reported that overall, the assignment improved their ability to read primary literature articles and explain them to a lay audience. Self-evaluation and professor assessments suggest the PopScience assignment also improved student's ability to integrate and summarize results from multiple sources, as well as identify and explain neuroscience terminology that often leads to confusion for lay audiences. In conclusion, this assignment teaches students how to communicate basic neuroscience to the general public, a skill that continues to be critical in successful scientific careers.",neuroscience; primary neuroscience literature; scientific communication; undergraduate education,,Journal Article
38322401,PMC10768815,10.59390/ZGTH8157,22,1,A27-A36,Does Insomnia Cause Revenge Seeking Behavior? Using a Puzzle-Based Sleep Lab Educational Escape Room to Teach Circadian Rhythms in a Large Introductory Neuroscience Course.,2023-12-17,"Traditional large lecture classes can be passive experiences for students. Instead, imagine that several of those learners work at a sleep laboratory and admit four new patients. Within hours, the entire facility is on lockdown, and a mysterious voice on the intercom proclaims that all researchers will lose their ability to sleep within the next hour. This story is the plot of an interactive educational escape room (EER) where students work together and apply concepts related to the history of sleep research, circadian rhythms, and neurological concepts of sleep to solve puzzles. Conventionally, escape rooms are an entertainment experience that requires participants to escape a room in a limited timeframe. We have created a neuroscience EER designed to educate students about the neural basis of sleep, while providing small groups of students with an immersive and interactive experience. Students follow a specially designed digital escape room framework to review sleep pathways, researchers, and brain regions involved with sleep. Unlike conventional escape rooms that can accommodate a limited number of participants, this sleep lab EER is scalable to hundreds of students without the need for a specialized room. Puzzles are enhanced by digital technology that allows instructors to track the progress of every team and note how the entire classroom is doing. Students and teaching assistants had very positive experiences with this EER activity, reporting that the EER solidified course concepts while using creativity, collaboration, and critical thinking skills. We find that EERs are an easy, useful tool to increase engagement and boost inclusivity within large classroom settings, with potential to also be used as an assessment tool.",active learning; belonging; blended learning; circadian rhythms; collaborative learning; creative classroom design; educational escape rooms; engaging learning; flipped classroom; gamification; inclusivity; large lecture course; puzzles; sleep cycles; sleep laboratory,,Journal Article
38322399,PMC10768825,10.59390/LEAF8930,22,1,A51-A57,Reducing Brain Injury Misconceptions and Willingness to Risk Concussion with a Three-Week Introductory-level Neuroscience Course.,2023-12-17,"Misconceptions of brain injury are common and persistent in the general public (Ralph and Derbyshire, 2013). Moreover, undergraduate students are in an age range where they are at high risk of concussion and traumatic brain injury, but often lack knowledge of the symptoms, severity, recovery, and varied impacts of brain injury on cognition. Introductory-level undergraduate neuroscience courses have the potential to reach a broad audience and improve students' knowledge of the brain. It is also important to know, however, if neuroscience courses can combat common misconceptions and impact real-world behaviors like willingness to risk concussion and prevention of brain injury. An introductory-level immersive three-week course during January term was developed, targeted at first-year students and non-majors. The focus of the course was to help students understand the role of different brain regions in behavior by presenting neurological cases that demonstrate the human experience of brain injury. Following the course, all students displayed greater knowledge about brain injury and reduced willingness to risk brain injury or concussion. Although students with a history of concussion were more willing to risk future concussion overall, they did show a similar reduction in risk as those without a history of concussion but were also less likely to endorse safety practices like helmet use. Beyond improving basic knowledge of neuroscience, introductory-level courses also have an opportunity to impact students' understanding of brain injury in their personal and professional lives.",brain injury misconception; concussion knowledge; immersive course; introductory courses; traumatic brain injury,,Journal Article
38322398,PMC10768822,10.59390/SDWH9124,22,1,A45-A50,Using Drosophila Two-Choice Assay to Study Optogenetics in Hands-On Neurobiology Laboratory Activities.,2023-12-17,"Optogenetics has made a significant impact on neuroscience, allowing activation and inhibition of neural activity with exquisite spatiotemporal precision in response to light. In this lab session, we use fruit flies to help students understand the fundamentals of optogenetics through hands-on activities. The CsChrimson channelrhodopsin, a light-activated cation channel, is expressed in sweet and bitter sensory neurons. Sweet sensory neurons guide animals to identify nutrient-rich food and drive appetitive behaviors, while bitter sensory neurons direct animals to avoid potentially toxic substances and guide aversive behavior. Students use two-choice assays to explore the causality between the stimulation activation of these neurons and the appetitive and avoidance behaviors of the fruit flies. To quantify their observations, students calculate preference indices and use the Student's t-test to analyze their data. After this lab session, students are expected to have a basic understanding of optogenetics, fly genetics, sensory perception, and how these relate to sensory-guided behaviors. They will also learn to conduct, quantify, and analyze two-choice behavioral assays.",3D printing; bitter neurons; fruit flies; optogenetics; sweet neurons; two-choice assay,,Journal Article
38322397,PMC10768820,10.59390/JWNQ5957,22,1,A37-A44,Poppy Seed Consumption and Oral Fluid Opioids Detection: A Classroom Demonstration of Psychopharmacological Concepts.,2023-12-17,"Psychopharmacological concepts such as pharmacokinetics, pharmacodynamics and drug interactions can be difficult to illustrate within the college classroom. In this demonstration, students consume poppy seed-containing food items, assess opioid content in their oral fluid using commercial drug test kits, and relate the findings to learned materials, its real-life applications, and relevant societal implications. This demonstration can clarify processes such as drug absorption, distribution, metabolism, and excretion (ADME), broaden the review of information relevant to opioids mechanisms of action, and facilitate the discussion of topics such as drug abuse, dependence, and addiction, as well as drug development, testing, policy, and enforcement. Instructors can employ different experimental designs, create dose-dependent/timeline detection plots, or allow students to construct their own experiments, assessing possible mediators of opioid detection. The demonstration can also be utilized to discuss scientific myths, truths, data misinterpretation and misrepresentation. Several optional protocols are provided, required materials are indicated, and discussion points are suggested.",drug testing; opioids; oral fluid; poppy seeds; psychopharmacology,,Journal Article
38322396,PMC10768818,10.59390/OGTZ5579,22,1,A66-A73,Mapping Human Neuronal Diversity in the Search for New Therapeutics: Using Real Human Neuron Data Sets to Build Student Quantitative Skills.,2023-12-17,"Case studies are a high impact educational practice that engage students in collaborative problem solving through storytelling. HITS, an NSF funded research coordination network dedicated to exposing students to high-throughput discovery science, drove creation of this case. In this case, students imagine themselves as researchers developing new therapeutic drugs for epilepsy. Specifically, students work with the Allen Cell Types Database, which is the result of collaborative, interdisciplinary open science. Neurosurgeons partnered with the Allen institute to provide living human brain tissue for electrophysiological, morphological, and transcriptomic study. Students collaborate to collect and organize data, investigate a research question they identified, and perform fundamental statistical analyses to address their question. By leveraging the unique Cell Types dataset the case enhances student knowledge of epilepsy, illuminates high-throughput scientific approaches, and builds quantitative and research related skills. The case is also versatile and was implemented in two distinct courses. The case can also be taught in different modalities, in person or remote, with a combination of synchronous and asynchronous work. Indirect and direct measures along with quantitative and qualitative approaches were used for case assessment and improvement. Students performed well on case related exam questions, reported high confidence in their achievement of the learning outcomes, and enjoyed the case's link to neurological disease, real research data and advanced technological approaches. Our assessment findings and instructor implementation experiences are also included to facilitate the adoption or adaptation of the case for a variety of courses and/or modalities in neuroscience and STEM related curricula.",Allen Institute for Brain Science; RNA-Seq; case study; electrophysiology; epilepsy; high-throughput data; hybrid learning; quantitative skills; science process,,Journal Article
37588654,PMC10426814,10.59390/AXNC2524,21,2,A126-A125,Comparing Student Performance in Emergency Remote and Face-to-Face Collaborative Learning Courses.,2023-05-19,"The start of the COVID-19 pandemic forced an unprecedented shift from face-to-face (F2F) instruction to emergency remote teaching (ERT) for over one billion learners worldwide. Studies from K-12 and higher education have begun to address the impact of ERT on student learning and well-being. The lessons learned from ERT will likely shape the response to future public health emergencies and inform the design and implementation of remote courses. As such, it will be important to identify teaching practices in ERT that promoted student engagement and learning. Here, we address whether undergraduate collaborative learning courses were able to support student content knowledge outcomes at similar levels in ERT as compared to F2F classroom environments. Specifically, we tracked student performance in three different team-based undergraduate neuroscience courses. These courses were all taught by the same instructor during the academic years 2020-2021 and 2021-2022. Importantly, we found that student scores on individual and team assessments as well as measures of course satisfaction were similar between ERT and F2F. Taken together, our data suggest that the virtual collaborative learning environment in these courses was not associated with a decrease in student or team performance when compared to a traditional F2F classroom.",active learning; collaborative learning; emergency remote teaching (ERT); pandemic; undergraduate neuroscience,,Journal Article
37588653,PMC10426825,10.59390/RHSN3470,21,2,A108-A116,Sleepy Mice Case Study: Implementation and Assessment.,2023-05-19,"Case studies are a valuable teaching tool to engage students in course content using real-world scenarios. As part of the High-throughput Discovery Science & Inquiry-based Case Studies for Today's Students (HITS) Research Coordination Network (RCN), our team has created the Sleepy Mice Case Study for students to engage with RStudio and the Allen Institute for Brain Science's open access high-throughput sleep dataset on mice. Sleep is important for health, a familiar concern to college students, and was a basis for this case study. In this case, students completed an initial homework assignment, in-class work, and a final take-home application assignment. The case study was implemented in synchronous and asynchronous Introductory Neuroscience courses, a Biopsychology course, and a Human Anatomy and Physiology course, reflecting its versatility. The case can be used to teach course-specific learning objectives such as sleep-related content and/or science data processing skills. The case study was successful as shown by gains in student scores and confidence in achieving learning objectives. Most students reported enjoying learning about sleep deprivation course content using the case study. Best practices based on instructor experiences in implementation are also included to facilitate future use so that the Sleepy Mice Case Study can be used to teach content and/or research-related skills in various courses and modalities.",Allen Institute for Brain Science; R studio; active learning; case study; high-throughput data; science process skill; sleep,,Journal Article
37588652,PMC10426824,10.59390/SBPM5289,21,2,R1-R4,Remyelination and Ageing: Ethical Considerations of Using Surgically Joined Animals in Research.,2023-05-19,"Remyelination is a key repair process that ensures neurons remain protected following injury. This process is mediated by remyelinating oligodendrocytes in vertebrates, however, similarly to other neurobiological processes, the rate and efficiency of remyelination decreases across age and under pathological conditions. This has largely been attributed to two main contributors: 1) decreased exogenous signals supporting remyelination; and 2) aging of precursor cells that no longer differentiate into remyelinating oligodendrocytes. Here we discuss a key paper by Ruckh et al. (2012) who presented novel evidence that exposure to soluble bloodstream factors of young mice significantly rescues remyelination in old mice following a demyelinating insult. In this paper, a parabiosis approach was used where young and old mice were surgically joined for three weeks before and then left as a pair throughout the experiment. Ruckh and colleagues also offer novel insight into the role played by immune system cells, specifically macrophages, in clearance of myelin debris, a further contributor to remyelination. This paper is a good tool to expose undergraduate neuroscience students to basic molecular processes underlying conduction and transmission, helping them link cellular and network components. It also offers a platform for introducing the practicalities of in vivo research and debating ethical controversies that arise in animal research.",Multiple Sclerosis (MS); animal research; central nervous system (CNS); demyelination; ethics; green fluorescent protein (GFP) molecular physiology; macrophages; oligodendrocytes; parabiosis; remyelination,,Journal Article
37588651,PMC10426816,10.59390/GEBE4090,21,2,A142-A150,Quantitative and Qualitative Representation of Introductory and Advanced EEG Concepts: An Exploration of Different EEG Setups.,2023-05-19,"Electroencephalograms (EEGs) are the gold standard test used in the medical field to diagnose epilepsy and aid in the diagnosis of many other neurological and mental disorders. Growing in popularity in terms of nonmedical applications, the EEG is also used in research, neurofeedback, and brain-computer interface, making it increasingly relevant to student learning. Recent innovations have made EEG setups more accessible and affordable, thus allowing their integration into neuroscience educational settings. Introducing students to EEGs, however, can be daunting due to intricate setup protocols, individual variation, and potentially expensive equipment. This paper aims to provide guidance for introducing students and educators to fundamental beginning and advanced level EEG concepts. Specifically, this paper tested the potential of three different setups, with varying channel number and wired or wireless connectivity, for introducing students to qualitative and quantitative exploration of alpha enhancement when eyes are closed, and observation of the alpha/beta anterior to posterior gradient. The setups were compared to determine their relative advantages and their robustness in detecting these well-established parameters. The basic 1- or 2-channel setups are sufficient for observing alpha and beta waves, while more advanced systems containing 8 or 16 channels are required for consistent observation of an anterior-posterior gradient. In terms of localization, the 16-channel setup, in principle, was more adept. The 8-channel setup, however, was more effective than the 16-channel setup with regards to displaying the anterior to posterior gradient. Thus, an 8-channel setup is sufficient in an education setting to display these known trends. Modification of the 16-channel setup may provide a better observation of the anterior to posterior gradient.",Alpha:Beta Power Ratio; Electroencephalogram (EEG); Eyes-Closed Test; Power Spectrum Analysis,,Journal Article
37588650,PMC10426827,10.59390/RCVF6232,21,2,A151-A158,Smartphone-Enabled Web-Based Simulation of Cellular Neurophysiology for Laboratory Course and its Effectiveness.,2023-05-19,"The introduction of computer simulations has enhanced the teaching of neurobiology. Many simulators for personal computers are available, but in countries where schools have low school information and communication technology readiness, it is difficult to introduce computer simulations. Even in such countries, however, students often have their own smartphones and are good at operating them. Therefore, we have developed five web-based simulators that cover a wide range of neurophysiology, including single and whole-cell channel currents, membrane potentials and generation and conduction of action potentials using HTML5 and JavaScript. These simulators may be run free of charge on any device, regardless of the model or OS, thereby enabling schools that have no experience in introducing simulations to introduce them easily. These simulators were especially useful in many schools during COVID-19 restrictions. In this paper, we explain the functions of the simulators we have developed and introduce some practical examples. To verify the usefulness of the simulators, we also conducted a survey in the classrooms in which the simulators were used. Understanding and motivation to learn was shown to increase significantly, indicating that these are useful for neurobiology education.",COVID-19; HTML5; JavaScript; computer; neurophysiology; simulator; smartphone,,Journal Article
37588649,PMC10426820,10.59390/XPYK3682,21,2,A133-A141,An Undergraduate Laboratory Series Using C. elegans That Prepares Students for Independent Inquiry.,2023-05-19,"Undergraduate neuroscience laboratories provide valuable opportunities for students to learn about neurobiological systems through active learning. Caenorhabditis elegans (C. elegans) is a valuable model for teaching students how to use a reductionist approach to neuroscientific inquiry. This series of lab modules trains students to utilize foundational laboratory techniques such as worm handling and maintenance, fluorescence imaging, behavioral assays, and Western blot. Upon completing this series of laboratory exercises, students are well prepared to engage in independent research projects using these research techniques. As supported by student survey results, this series of C. elegans laboratory exercises leads to the development of essential research skills, which students may be able to apply to a wide range of future scientific endeavors.",Caenorhabditis elegans; Western blot; chemotaxis; fluorescence microscopy; glutamate; green fluorescent protein (GFP); neurotransmission,,Journal Article
37588648,PMC10426826,10.59390/HMMK4371,21,2,A126-A132,The NEURON Program: Utilizing Low-Cost Neuroscience for Remote Education Outreach.,2023-05-19,"The NEURON initiative (Neuroscience Education in Undergraduate Research, Outreach, and Networking) is a free program engaging first year students, including underrepresented minority (URM) students in Neuroscience and Cognitive Science (NSCS) at the University of Arizona (UA). The NEURON program builds on former Grass Foundation-sponsored workshops run by Dr. Ricoy (2010-2019) implementing hands-on and culturally responsive active learning curriculum with low-cost equipment from Backyard Brains to increase student retention of URM students in the sciences at Hispanic Serving Institutions (HSI). We present the implementation of the NEURON program at the onset of the COVID pandemic. Combining best practices of distance learning and peer mentoring, we conducted three-week projects exploring principles of neuroscience and neurophysiology. Enrollment and demographic data from NSCS at the UA demonstrate historical disenfranchisement and program attrition primarily impacting URM students. As an extension on previous URM peer mentorship programs in Neuroscience (Ricoy, presentation at Northern New Mexico College Research Symposium, 2010, 2011; presentation at Society for Advancement of Chicanos/Hispanics and Native Americas in Science, 2012), we leveraged low-cost equipment and remote sessions to advance the community of undergraduate mentors and pair with high school mentees on hands-on curriculum. Throughout the program, undergraduate mentors received guidance while crafting and delivering four laboratory lessons to mentees. By coordinating with a Title I school, we better connected with historically underserved students. Critical to this program was providing hands-on opportunities to students who were undergoing distance-based learning during the pandemic. Distribution of equipment allowed high school students to experiment remotely, guided by undergraduate mentors. The NEURON program met its objectives of fostering both mentors and mentees as burgeoning scientists.",Backyard Brains; Distance Learning; Electrophysiology; Low cost; Madagascar Hissing Cockroaches; Mentorship; Peer mentoring; Retention; Undergraduate Education; high school; program evaluation,,Journal Article
37588647,PMC10426822,10.59390/HXTQ3326,21,2,A159-A165,Effects of a Service-Learning Neuroscience Course on Mood and Intergroup Anxiety.,2023-05-19,"""Everyday Neuroscience"" is an academically based community service (ABCS) course in which college students teach basic neuroscience lab activities to high school students in an under-funded school district, working in small groups on hands-on science activities for 10 weekly sessions. The present study examined the possible psychological and social effects of this experience on the college students, in comparison with peers not enrolled in such a course, by observing and surveying the high school and college students across the 10-week course period. First, the teaching-learning sessions in the course successfully promoted science-focused discussion between the high school and college students for 45 to 60 minutes each week. Second, college students in ""Everyday Neuroscience"" reported higher positive affect and less intergroup anxiety at the end of the semester compared with the control group of college students who were not in the course. Finally, surveys of the high school students revealed that they found the sessions to be positive social experiences. These findings reveal that a neuroscience-based community engagement course can be both a positive experience for the community partner and a benefit for college students by promoting psychological and social wellness.",contact hypothesis; high school; outreach; positive and negative affect scale (PANAS); service learning,,Journal Article
37588646,PMC10426818,10.59390/FDMA5232,21,2,A97-A107,The COVID-19 and Taste Lab: A Mini Course-Based Undergraduate Research Experience on Taste Differences and COVID-19 Susceptibility.,2023-05-19,"Traditional course-based undergraduate research experiences (CUREs) are common approaches to expose students to authentic laboratory practices. Traditional CUREs typically take up most of or an entire semester, require a laboratory section or may be a standalone lab course, and require significant financial and time commitments by the institution and instructors. As such, CUREs are harder to implement at institutions with fewer resources. Here, we developed a mini-CURE, which are typically shorter in duration, called the COVID-19 and Taste Lab (CT-LAB). The CT-LAB requires significantly fewer resources ($0.05/student) and time commitment (two class periods) than traditional CUREs. CT-LAB centers around the biological relationship between COVID-19 susceptibility and taste status (non-taster, taster, and supertaster) as well as potential implications for public policy behavior. Students participated in a class-wide study where they examined if taste status was related to COVID-19 susceptibility. They found that non-tasters had a higher likelihood of testing positive previously for COVID-19 compared to tasters and supertasters. To assess student outcomes of this CURE, students completed a pre- and post-test assessment including a content test, STEM identity survey, taste test, COVID-19 history test, and a modified CURE survey. Content test scores improved while STEM identity and attitudes about science were unchanged. A direct comparison to a repository of traditional CUREs shows that the CT-LAB produced comparable benefits to traditional CUREs primarily in skills that were particularly relevant for the CT-LAB. This work suggests that mini-CUREs, even as brief as two class periods, could be a way to improve student outcomes.",COVID-19; CURE; T2R38; pandemic; supertasters,,Journal Article
37588645,PMC10426819,10.59390/YLHJ6332,21,2,E8-E9,Of Chatbots and Colonizers.,2023-05-19,,,,Editorial
37588644,PMC10426821,10.59390/VSKD5667,21,2,A91-A96,An affordable Three-Dimensional (3D) Printed Recording Chamber for Two-Electrode Voltage Clamp Electrophysiology.,2023-05-19,"Two electrode voltage-clamp (TEVC) electrophysiology in Xenopus oocytes is a common approach to studying the physiology and pharmacology of membrane transport proteins. Undergraduates may learn to use TEVC methodology in neuroscience or physiology courses and/or in faculty-mentored research experiences. Challenges with the methodology include the cost of commercially available recording chambers, especially when a lab needs multiple copies, and the additional time and expertise needed to use agar bridges and to stabilize solution flow and minimize noise from solution aspiration. Offering a low-cost and accessible recording chamber that overcomes these challenges would lower the barriers to success for undergraduates while also supporting publication-quality recordings. To address these issues, we developed a recording chamber using stereolithography, a 3D printing process. The physiology (PhISio) recording chamber features two options for solution aspiration that allow for individual preferences, optimizes placement of pre-made agar bridges to achieve laminar flow and reduce the time delays in initiating daily experiments, and minimizes the challenges of changing solution height and aspiration noise during perfusion. We compared the functionality of the PhISio chamber with a commercially available Warner Instruments RC-1Z chamber in electrophysiological recordings of inwardly rectifying potassium channels expressed in Xenopus oocytes. The PhISio chamber produced equivalent results to the RC-1Z chamber with respect to time-dependent solution changes and has several operational advantages for both new and experienced electrophysiologists, providing an affordable and convenient alternative to commercially available TEVC recording chambers.",3D printing; electrophysiology; oocyte; recording chamber; stereolithography; two-electrode voltage clamp (TEVC),,Journal Article
37588643,PMC10426817,10.59390/BOTF3129,21,2,A85-A90,Cross-Course Harmonized Assignments in Neuroscience.,2023-05-19,"Neuroscience is inherently interdisciplinary. This interdisciplinarity can be lost due to the self-contained nature of each course in most undergraduate neuroscience programs, leaving students to draw these cross-course relationships on their own. We sought to address this by using short, creative research assignments on a topic of the student's choice (""Deep Dive"" assignments) that provided students with the opportunity to explore common applications across two concurrently run core neuroscience courses housed in different departments. We tested whether unifying the available Deep Dive topics across the two courses improved student outcomes. Specifically, students were asked to select a topic of interest from a shortlist shared in the two courses. Our results show that harmonized, concurrent creative assignments across dissimilar neuroscience courses improved outcomes related to student interest in material, confidence in creative problem solving, content recall for the other course, and applicability to real life. To our surprise, there was no added benefit to be in the same topic for both courses. Instead, the addition of harmonized Deep Dive assignments themselves, even if assigned on different topics across the two courses, drove the outcome improvement.",authentic assessment; course design; major courses; pedagogy; undergraduate,,Journal Article
37588642,PMC10426823,10.59390/JPOE3730,21,2,E10-E12,The 2022 Faculty for Undergraduate Neuroscience Faculty Awards.,2023-05-19,,,,Journal Article
37588641,PMC10426815,10.59390/JVIC5712,21,2,E2-E7,Using Open Neuroscience to Advance Equity in the Pedagogy and Research Infrastructure in Colleges/Universities Still Financially Impacted by COVID-19: The Emergence of a Global Resource Network Aimed at Integrating Neuroscience and Society.,2023-05-19,,,,Editorial
38322052,PMC10558231,10.59390/CBUS7460,21,1,A1-A8,Promoting Scientific Exchange and Student Training Through Scientific Meetings; Insights from a Joint Virtual Undergraduate Neuroscience Conference During the COVID-19 Pandemic.,2022-12-22,"Participation in scientific conferences is a fundamental part of neuroscience and student training. Many conference opportunities have been cancelled, limited, or changed in response to the COVID-19 pandemic. This paper is a conference report from a joint virtual 2021 meeting of two regional undergraduate neuroscience conferences, the Midwest/Great Lakes Undergraduate Research Symposium in Neuroscience (mGluRs) and the Midwest Regional Neuroscience Conference (MidBrains). We discuss our conference planning logistics, benefits and challenges of the virtual conference format, student feedback on the virtual meeting, additional benefits of a joint meeting, and ""take home"" messages and considerations for future conferences. We hope insights from our experience can benefit future conference organizers in planning scientific conferences, both for in-person and virtual settings.",Conference Organizing; Professional Development; Undergraduate Education; Virtual,,Journal Article
38322051,PMC10558236,10.59390/BITB4303,21,1,A9-A20,"Teaching Neuroscience: Reviving Neuroanatomy, Notes on the 2022 Society for Neuroscience Professional Development Workshop on Teaching.",2022-12-22,"Students often find neuroanatomy a daunting exercise of rote memorization in a dead language. This workshop was designed to enliven the teaching of neuroanatomy. We recast the topic by extending it to the cellular and sub-cellular levels, animating it by learning to build a brain, and infusing the topic with the lively arts. Due to COVID's interference with the usual schedule of Society for Neuroscience (SfN) events, the 2021 Professional Development Workshop on Teaching was held as a webinar on April 12, 2022 with a follow-up question and answer session on June 7. In this workshop, not only were innovative teaching methods presented, but also the very definition of neuroanatomy was pushed to the limits-even reaching into the molecular and subcellular level. The presenters provided means of engaging students that were no cost, low cost, or well within the reach of most academic institutions. Judging by the attendance, this webinar was quite successful in its goals. Our speakers presented exciting and varied approaches to teaching neuroanatomy. Kaitlyn Casimo presented how the vast resources of the Allen Institute could be employed. Marc Nahmani described how open data resources could be utilized in creating a Course-Based Undergraduate Research Experience (CURE) on neural microanatomy. Erika Fanselow presented novel ways to overcome one of students' big hurdles in grasping neuroanatomy: understanding 3-D relationships. Len White described a creative approach in teaching neuroanatomy by incorporating the humanities, particularly art and literature. This article presents synopses of the presentations, which are written by the four presenters. Additionally, prompted by questions from the viewers, we have constructed a table of our favorite resources. A video of the original presentations as well as links to the subsequent Q & A sessions is available at https://neuronline.sfn.org/training/teaching-neuroscience-reviving-neuroanatomy/.",3D modeling; Allen Brain Map; art-making; course-based research experiences; open data; open education resources,,Journal Article
38322050,PMC10558232,10.59390/OWVW3847,21,1,A21-A27,A Versatile Psychoneuroimmunology Course-based Undergraduate Research Experience.,2022-12-22,"The Psychoneuroimmunology Course-based Undergraduate Research Experience (PNI CURE) was designed with the purpose of engaging undergraduate students in research and discovery. As part of this experience, students were assigned to a team based on their personal interests. Each team selected a psychosocial variable of interest (e.g., sleep, belongingness, stress, or happiness) and identified two well-validated questionnaires to assess it. Then, student volunteers donated blood samples and completed student-selected questionnaires via Qualtrics. The blood samples were assayed by the course instructor for proinflammatory cytokines. With the collected data, students 1) evaluated the association between peripheral inflammation and their psychosocial variable of interest and 2) created hypotheses regarding inflammation in the brain. Students' experimental results were reported in the form of a research manuscript and scientific poster, both of which comprised 15 percent of their course grade. Further, to evaluate the effectiveness of the PNI CURE, students were asked to complete assessment surveys before and after project implementation. Assessment results demonstrate that participating in the PNI CURE increased self-efficacy and research identity among students. Besides exposing undergraduates at UNC-CH to a comprehensive research experience, we hope to inspire neuroscience educators to adopt and adapt the PNI CURE as a mechanism to broaden undergraduate research opportunities in neuroscience.",assessment; course-based undergraduate research experience (CURE); neuroimmunology; proinflammatory cytokines; psychoneuroimmunology (PNI); psychosocial variables,,Journal Article
38322049,PMC10558233,10.59390/EVAY3425,21,1,A72-A80,Student Evaluation of a Learning Community Model Adapted to Student and Curriculum Needs.,2022-12-22,"The Neuroscience Learning Community (LC) that Stonehill introduced to its curriculum grew out of the Great Recession of 2008 and the need for our students to gain hands-on, high-impact learning experiences, despite limited resources. This learning model was first reported in 2013, and since then it has undergone changes that were necessary due to the number of credits and amount of time required for that model. Curriculum changes are common, and Stonehill College changed its credit requirements for LCs to meet students' needs. As a result, the new Neuroscience LC model that we describe here reduced credit hours while leveraging new faculty expertise, collaborations, and new community partnerships. This paper reports student evaluations of an LC model adapted to demand fewer credits and less time, but to retain the community-based learning aspect and to increase faculty collaboration, while maintaining a high standard of learning fundamental neuroscience topics. Evaluations suggest that students valued the updated Neuroscience LC because it helped them understand neuroscience concepts and the impact of neuroscience in our world.",educational neuroscience; experiential learning; learning community (LC); undergraduate neuroscience,,Journal Article
38322048,PMC10558229,10.59390/CVGG3853,21,1,A47-A51,The Creation of High-Resolution Brain Cross-sections for 3D Printing and Virtual Reality Applications.,2022-12-22,"Technologies such as 3D printing and virtual/augmented reality have great potential for improving the teaching of highly spatial topics such as neuroanatomy. We created a set of 3D printed and virtual brain cross-sections using a high-resolution MRI dataset. These resources have been made freely available via online repositories. We also report a pilot study of the use of both the physical and virtual specimens in the classroom. Students completed a lab exercise where they used either the 3D printed or virtual brain sections to order a set of axial slices from dorsal to ventral. They then labeled the different structures that they found useful in determining the slices' positions. We measured the students' ability to localize 2D brain cross-sections before and after the lab exercise. Overall, we saw pre- to post-test increases in accuracy on a brain cross-sections task compared to a lecture-based neuroanatomy instruction.",neuroanatomy education; three-dimension modeling; virtual reality,,Journal Article
38322047,PMC10558230,10.59390/GSXQ3224,21,1,A52-A62,A Course Design for Remote Teaching Advanced Topics in Neuroscience.,2022-12-22,"The COVID-19 pandemic pushed educators to engage in remote teaching out of necessity, but as our relationship with teaching technology grows, remote teaching has emerged as a suitable substitute for in-person education. In this manuscript, we detail a course design for remote teaching advanced topics in neuroscience at the undergraduate level. The course and its different features were designed to fulfill a set of learning goals that closely align with those put forth by the Faculty for Undergraduate Neuroscience (FUN) and the American Association for the Advancement of Science (AAAS). Furthermore, these learning goals can be applied to any advanced neuroscience class, regardless of the topic material. To achieve these goals, we created a curriculum with distinct design features. These features included a synchronous lecture-discussion system, asynchronous lesson content videos, guest principal investigators, and deemphasized grading. Instead of traditional examination, the students participated in assignments designed to give them extensive science communication experience. At the end of the course, we indirectly assessed student outcomes using an Instructor Course Evaluation survey distributed by the university. From this survey, we were able to conclude that students' perception of the final course outcome was highly satisfactory, with strong indications that the students believed we met our learning goals. Thus, the course design described herein represents a tool for others wishing to utilize it for remote teaching advanced topics in science.",YouTube; course design; deemphasized grading; guest principal investigator; remote learning; remote teaching,,Journal Article
38322046,PMC10558235,10.59390/RAKO7898,21,1,A63-A71,Using Zebrafish Embryos to Study Pharmacological Effects on Neural Development in Hands-On Neurobiology Laboratory Activities.,2022-12-22,"Undergraduate neurobiology courses cover neural development as a major theme but there are few labs to provide hands-on experience with these topics. Here we share a 3-week set of lab activities using zebrafish embryos that allow students to see the direct effect of drug exposure on physical and emotional development. In these labs, student expose new embryos (Lab 1) to the environmental toxin lithium chloride, which inhibits anterior development and produces an eyeless phenotype in fixed larvae (Lab 2), and to psychiatric medications fluoxetine and quetiapine, which alter anxiety-like behavior measured live in grown juveniles (Lab 3). Lab worksheets ask students to investigate the signaling pathways affected by these drugs and how they might affect neural development in different ways. Student opinion surveys suggest these lab activities were successful in both providing hands-on work with zebrafish as a model organism for neural development and better understanding of how drugs can impact development of the nervous system.",anxiety; embryos; neural development; toxicology; undergraduate neurobiology lab; zebrafish,,Journal Article
38322045,PMC10558238,10.59390/NOYQ7921,21,1,A81-A84,Pipette Olympics: An Engaging Exercise for Undergraduate Laboratory Training.,2022-12-22,"Pipetting is an important technique used in almost every molecular neuroscience method including but not limited to, PCR, reverse transcription, immunohistochemistry, chromatin immunoprecipitation, and cell culture. The COVID-19 pandemic has robbed the undergraduate population of time to practice in person laboratory techniques. In response, we have devised a standardized, quick, and fun way to instruct students on the fundamentals of pipetting, serial dilutions, and basic statistical analysis. Here, we offer a standardized protocol for instructors to use to teach undergraduates valuable skills while providing friendly competition. We also offer an example of an undergraduate performing the steps of this protocol with example results and the results from three separate undergrads' first two attempts. This exercise provides laboratories with a method to reintroduce undergraduates to lab basics while standardizing the training thereby saving time lost to the pandemic.",instructor; micro pipetting; neuroscience; polymerase chain reaction (PCR); serial dilution; statistical analysis; undergraduate,,Journal Article
38322044,PMC10558239,10.59390/PYRM1880,21,1,A35-A46,The Mismatch Between Neuroscience Graduate Training and Professional Skill Sets.,2022-12-22,"Neuroscience career paths are rapidly changing as the field expands and increasingly overlaps with computational and data-heavy job sectors. With the steady growth in neuroscience trainees and the diversification of jobs for those trainees, it is important to identify the necessary skills in neuroscience career paths and how well graduate training is preparing our students for this ever-changing workforce. Here, we survey hundreds of neuroscience professionals and graduate students to assess their use and valuation of a range of skills, from bench skills to communication and management. We find that almost all neuroscience professionals report strongly needing management and communication skills, but that these were seen as are less important by graduate students. In addition, coding and data analysis skills are widely used in academic and industry research, predict higher salaries, and are more commonly used by male-identifying graduate students. These findings can help trainees assess their own skill sets as well as encourage educational leaders to offer training in skills beyond the bench, helping to catapult trainees into the next stages of their careers.",PhD paths; careers; graduate training; neuroscience graduates; skills,,Journal Article
38322043,PMC10558234,10.59390/FBNZ6901,21,1,A28-A34,NeuroStudies: A Model of an Interdisciplinary Neuroscience Studies Minor.,2022-12-22,"With nationwide demand for neuroscience programs increasing, faculty and administrators at a public institution with a liberal arts curriculum sought to develop a distinctive program building on existing strengths that would best fit our primarily undergraduate population. The creation of an interdisciplinary Neuroscience Studies minor was the result of collaborations with university stakeholders. Students taking Longwood University's Neuroscience Studies minor are trained to incorporate neuroscience into their areas of interest. Students take three core courses in neuroscience, including an introductory course, laboratory course, and interdisciplinary capstone experience. Additionally, students select three neuroscience-related courses from their major discipline. To gain broad support, the program was intentionally designed to support the university's mission, academic strategic plan, and several key university initiatives. Importantly for our smaller institution, the minor was implemented using existing university faculty, university resources, and a single hire. Since starting in 2015, the minor has quickly become the third largest on campus with increasing popularity among honors students. Program graduates have applied their training to careers paths as neuroscience Ph.D. candidates, master's degrees in a range of fields such as counseling, speech pathology, nursing, education, and neuropsychology, and others have benefited upon entering the workforce. Longwood's success developing an interdisciplinary Neuroscience Studies minor represents a blueprint for smaller institutions with limited resources, to provide students with an opportunity to learn about neuroscience and prepare for the future job market.",Curriculum Development; Interdisciplinary; Neuroscience,,Journal Article
38322042,PMC10558237,10.59390/VPAG4551,21,1,E1-E2,The New and Even Better Normal.,2022-12-22,,,,Editorial
39036724,PMC11256382,10.59390/AOIN4016,20,3,A361-A375,Opportunities to Discuss Diversity-Related Topics in Neuroscience Courses.,2022-10-01,"Diversity is a foundational topic in psychology, and APA recommends that diversity is covered across the psychology curriculum. Neuroscience courses face challenges with incorporating diversity-related topics owing to the historical lack of neuroscience research that focuses on diversity and the restricted range of diversity-related topics that neuroscience is typically associated with (i.e., health and disability status). This may limit students' learning of neuroscience's contributions towards understanding diversity. We review some specific examples of diversity-related topics that can be incorporated into neuroscience courses. These examples have been selected to include topics across the three major content domains of neuroscience (cellular/molecular, neuroanatomy/systems, and cognitive/behavioral), as well as across multiple diversity-related topics. Neuroscience instructors can use these examples to incorporate greater coverage of diversity-related topics within their courses and/or as points of inspiration for their own curricular additions. Providing systematic coverage of diversity-related topics in neuroscience courses highlights the ways neuroscience advances our understanding of human diversity and contributes to the educational objectives of psychology and neuroscience programs.",biological psychology education; diversity biological psychology; diversity education; diversity neuroscience; diversity psychology; neuroscience education,,Journal Article
39036723,PMC11256384,10.59390/ZYCY4696,20,3,A346-A352,Feasibility and Utility of a Virtual Reality Laboratory Exercise in an Undergraduate Neuroscience Course.,2022-10-01,"To improve undergraduate students' understanding of neuroanatomy and structure, we leveraged existing virtual reality infrastructure to create a novel dissection assignment in an undergraduate neuroscience course. Students completed a virtual reality dissection of the central nervous system that augmented status quo instruction in lecture and textbook format. We found that such an assignment is feasible at a regional comprehensive university with intrauniversity partnerships that are mutually beneficial. Results showed positive engagement from students and feasibility of incorporating virtual reality in undergraduate neuroscience courses.",Virtual reality (VR); anatomy; dissection,,Journal Article
39036722,PMC11256387,10.59390/LHJI3567,20,3,E29-E31,Teach Me and I'll Remember.,2022-10-01,,,,Editorial
39036721,PMC11256383,10.59390/ABRK8282,20,3,E39-E40,Growing and evolving after twenty years of neuroscience education scholarship.,2022-10-01,,,,Editorial
39036720,PMC11256380,10.59390/EEBD8126,20,3,A353-A360,An Online Course in Contemplative Neuroscience Increases Dispositional Mindfulness and Reduces Meditation Barriers.,2022-10-01,"Teaching contemplative neuroscience is emerging as a way to increase the reach and relevance of our field to a wider undergraduate population while also encouraging the beneficial practice of contemplation. In-person classes on the topic have been shown to improve both academic learning and attitudes towards science and meditation. Here we show that a short-term, asynchronous online course in contemplative neuroscience had comparable benefits. Students completed the Determinants of Meditation Practice Inventory (DMPI; Williams et al., 2011) and the Mindful Attention Awareness Scale (MAAS; Brown and Ryan, 2003) at the start and end of the course. Their scores showed reduced barriers to meditation and improved mindfulness after the course, changes predictive of a range of positive behavioral and well-being outcomes. Students also rated the course as highly effective in advancing neuroscience understanding and competency. A comparison group (from an online general psychology class) showed no increase in mindfulness and a significantly weaker reduction in meditation barriers. This success of an online class in both academic and social-emotional learning is promising given the rapid growth of online instruction and the improved access it can provide to non-traditional students. The class format together with its health-relevant topic could thus be a valuable tool for reaching a more diverse student body while at the same time promoting practices linked to both personal and societal benefits.",contemplative neuroscience; contemplative pedagogy; health neuroscience; health studies; meditation; mindfulness,,Journal Article
39036719,PMC11256378,10.59390/XZQL5300,20,3,R5-R8,Teaching the Applications of CRISPR/Cas9: Using the African Turquoise Killifish as a Novel Model of Aging and Age-Related Diseases.,2022-10-01,"The development of genome editing technologies, including the novel CRISPR/Cas9 technique, has advanced scientific research concerning the contribution of genetics to disease through the creation of new model organisms. The subject of this review is a 2015 study done by Harel et al. from the journal Cell. This study is a prime example of using CRISPR/Cas9 to create a new model organism to accurately model the effects of aging and age-related diseases on a short-lived vertebrate. This study found that the African turquoise killifish is a reliable model to study the physiological process of aging due to its compressed lifespan. In addition, it provides a genotype-to-phenotype platform to study genes related to the hallmarks of aging and age-related diseases. This paper demonstrates this by showing that killifish deficient in the protein subunit of telomerase display telomerase-related pathologies faster than other established vertebrate models. From a teaching perspective, this paper could be used as a resource for educators to teach students about new technologies emerging in the field of neuroscience and the importance of model organisms. Specifically, for upper-level undergraduate students, this paper could serve as a real-world example of how scientific techniques such as CRISPR/Cas9 could be used to answer scientific questions. Further, it shows how these techniques could bring forward new model organisms better suited to answer the scientific questions being asked. Learning these techniques and being open minded to new approaches will be advantageous to students' future careers in science.",African turquoise killifish; CRISPR/Cas9; age-related diseases; aging; genome editing; model organism,,Journal Article
39036718,PMC11256381,10.59390/FCUJ4587,20,3,E32-E38,Lessons Learned in Developing Virtual Neuroscience Labs.,2022-10-01,"The global COVID-19 pandemic has had a major impact on teaching approaches across higher education institutions. In this article, we reflect on the lessons learned designing and developing two virtual neuroscience labs and how they can positively contribute to Neuroscience teaching beyond this pandemic.",neuroscience undergraduate education; online practical teaching; virtual labs,,Journal Article
39036717,PMC11256377,10.59390/VUNA6753,20,3,A324-A331,"Active Learning and Community Engagement: Pedagogical Synergy through the ""Mobile Neuroscience Lab"" Project.",2022-10-01,"The Mobile Neuroscience Lab is a project that facilitates combined pedagogical strategies of active learning and neuroscience outreach as a service learning component of a physiological psychology course. The overall project goals were to improve science knowledge, foster oral communication, and encourage positive science attitudes and beliefs. Of these goals, positive science attitudes and beliefs were assessed. During active learning, university students completed hands-on activities corresponding to the physiological psychology course. Following, during the neuroscience outreach activity (""learning through teaching""), university students and middle school students engaged in small group activities (one university student to five middle school students) using the same hands-on activities. Assessment of the perceived benefit of the active learning showed that university and middle school students responded favorably to the hands-on activities. Students' science attitudes were also assessed (Hillman et al., 2016) using a pre-test, post-test design. Data showed that the neuroscience activity did not change middle school science attitudes and beliefs (p > .05), possibly as the science attitudes and beliefs were already positive (moderate to high) prior to the outreach activity. However, qualitative data showed that the aspect of the neuroscience outreach activity that most assisted the middle school students in their learning was seeing the brain, touching the brain, and social interaction with the university students. Overall, the pedagogical strategies of active learning, and ""learning through teaching"", were received with enthusiasm by university and secondary education students. Future studies will include classroom teachers' assessment of these hands-on activities.",active learning; community engaged learning; learning through teaching; service learning; student attitudes,,Journal Article
39036716,PMC11256376,10.59390/FULX3501,20,3,A391-A396,Measuring Sex Differences in the Corpus Callosum by Undergraduates at a Small and a Large Institution.,2022-10-01,"Neuroscience students often seem more responsive to laboratory exercises that involve human brains. Here we describe a lab that utilizes human brain MRIs to evaluate a long-standing debate over the presence of sex differences in the human brain, specifically the corpus callosum. Students at both Widener and UCLA measured corpus callosum subregions that were already marked-off as described by Witelson (1989) or by Hofer and Frahm (2006). Statistical analyses revealed sex differences using both schemes after correcting for the size of the midsagittal cortex. Widener students, however, uncovered more sex differences than the UCLA students. Lab instruction for UCLA students occurred during the COVID-19 pandemic. So, lab sessions were completely online. In contrast, Widener students had the benefit of in-person lab instruction. Nonetheless, both the data obtained from the images of the corpus callosi as well as measures of pedagogical efficacy were similar between the two institutions, suggesting that distance learning may be a valuable and viable option. Further, when in person learning is not an option, such as during a pandemic, digital databases serve as invaluable resources for online learning. When these databases are utilized in a hypothesis driven research setting, they can serve as the basis for course-based undergraduate research experiences (CUREs), which are known to benefit students-improving retention in science fields.",Big Data; Biology; Corpus Callosum; Higher Education; Hofer and Frahm; Human Brain; Neuroanatomy; Neuroscience; Online Learning; Psychology; Sex Differences; Statistical Inference; Subdivisions of the Brain; Undergraduate Learning; Witelson,,Journal Article
39036715,PMC11256379,10.59390/JCRT2250,20,3,A376-A386,Recording from Snail Motor Nerves to Investigate Central Pattern Generation.,2022-10-01,"Feeding in pond snails has long been a model system for central pattern generation and its modulation. The pattern is generated by a small set of neurons in the buccal ganglia, which innervate the buccal mass, esophagus, and salivary glands. In this exercise, students observe feeding behavior and then record and quantify rhythmic motor activity and its response to feeding stimulants and neuromodulators. In a standard three-hour class period, students do a dissection, record from several nerves, and perform experimental manipulations such as adding feeding stimulants, serotonin, or dopamine to the preparation. Depending on the course goals, data can be presented qualitatively or cyclic measurements and spike-rate analysis can be done. This exercise leads to discussion of neural circuitry and intrinsic properties that support pattern generation for rhythmic activities such as feeding, locomotion, and respiration.",CPG; Helisoma; Lymnaea; Planorbis; buccal; dopamine; extracellular; feeding; neuromodulation; pond snail; serotonin,,Journal Article
39036714,PMC11256385,10.59390/PDWF1446,20,3,A332-A345,Effective Development of a Remote Full-Day Summer Neuroscience Program at the University of Pennsylvania.,2022-10-01,"Online education programs are becoming increasingly prevalent, with the COVID-19 pandemic greatly accelerating their prominence. Even as colleges and universities have returned to in-person learning, the need for effective remote learning options remains relevant. Importantly, online programs can increase access for non-traditional students, international students, and under-represented minorities. While information has been published about methods to successfully transition traditional lecture and laboratory courses online, one area that has received less attention has been that of summer programs. Because these programs are typically full-day programs, they present a unique challenge for online engagement. In this study, I describe the development of an online full-day summer neuroscience program that was taught over a three-week period. The main goal of the program was to promote students' future interest in the field of neuroscience. Three additional goals were to introduce them to neuroscience content, give them exposure to reading scientific journal articles, and give them practice with oral presentations. In order to promote these goals, four complementary components were incorporated into each day's programming: 1. Synchronous full-group lectures, 2. Synchronous small-group Journal Clubs, 3. Synchronous small-group Neuroethics Clubs, and 4. Asynchronous lab activities. Student evaluation feedback showed that the program was successful in stimulating the students' future interest in neuroscience. These levels of interest were similar to past in-person versions of the program. Students also gained increased experience with neuroscience content, journal articles, and presentations. Therefore, this program can serve as a template for the design of an effective online neuroscience summer program.",Distance Learning; Full-Day; Journal Club; Neuroethics Club; Neuroscience Labs; Online Education; Summer Program; Virtual Teaching,,Journal Article
39036713,PMC11256386,10.59390/IVWG3242,20,3,A387-A390,The FUN Exchange: A Community-Driven Repository of Resources for Neuroscience Educators.,2022-10-01,"Even prior to the COVID-19 pandemic, higher education was facing pressure both to modify traditional instruction practices to more learner-centered instruction and to meet the increased demand for flexible instruction (including hybrid and online). These pressures have increased the need for high quality, engaging content for instruction across all modalities (including in-person, hybrid, and online). To address this need of neuroscience educators, we developed the FUN Exchange, an online repository that is accessible to educators without a paid membership and that is endorsed by the Faculty of Undergraduate Neuroscience organization. Furthermore, the resource is community-driven, allowing educators to contribute and vet submissions to the Exchange. Hosted on AirTable, there are currently more than 475 resources available that are organized by resource type ranging from Class Activities to Simulation Exercises and that can be searched by subject area as well as key words. We believe the FUN Exchange can be a one-stop shop for educators interested in high-quality neuroscience teaching resources useful for all teaching modalities-in-person, hybrid, and online.",biopsychology; engaging library; neuroscience; repository; teaching; undergraduate teaching,,Journal Article
38323068,PMC10653232,10.59390/WSZK3327,20,2,A115-A119,Increasing Self-Compassion: Review of the Literature and Recommendations.,2022-06-01,"Depression is a common symptom among college students and is often accompanied by negative thoughts about oneself. Self-compassion is a technique students can use to combat those negative thoughts. Self-compassion is an emotion-regulation strategy in which the individual engages in self-kindness, particularly after a mistake, failure, and/or rejection. This paper reviews the concept of self-compassion, assessment of self-compassion, and interventions that have been shown to increase self-compassion. Self-compassion is associated with lower levels of psychopathology and higher levels of well-being. It is theorized to work by buffering against a self-critical ruminative process after a mistake, failure, and/or rejection. Self-compassion is most commonly assessed through a validated scale that measures overall self-compassion and its six subscales: self-kindness, common humanity, mindfulness, self-judgment, isolation, and over-identification. Multiple self-compassion interventions have been shown to increase self-compassion and improve psychological health. These interventions are varied and contain strategies such as mindfulness meditation, loving kindness meditation, and changing self-talk. Details of those interventions and practical strategies that individuals, students, and professors can use to increase self-compassion are described. Overall, self-compassion is a valuable tool that can help individuals cope with mistakes, failure, and/or rejection.",college students; loving kindness interventions; mindfulness-based stress reduction; self-compassion,,Journal Article; Review
38323067,PMC10653231,10.59390/FEAP4736,20,2,A146-A149,Deep versus Shallow Processing: A Learning and Memory Experiment for Asynchronous and Synchronous Online Platforms.,2022-06-01,"Processing of words can be meaning-based (deep processing) or appearance/sound-based (shallow processing). A simple experiment that can be conducted online, asynchronously or synchronously, demonstrates that the number of words recalled from a list of 24 words read aloud depends on the instructions given to students beforehand. Students in the deep processing group were asked to write 'yes' or 'no' - is the word likeable/pleasant, while students in the shallow processing group were asked to write 'yes' or 'no' - does the word contain an E or G. After a one-minute delay in which students performed a backward calculation task, they had two minutes to recall as many words as possible from the list. Regardless of how the online experiment was conducted, asynchronously or synchronously, the deep processing group recalled an average of 11-14 words compared to the shallow processing group, which recalled an average of 8-10 words. The deep processing group consistently recalled 3-6 more words on average than the shallow processing group. After debriefing the students about the experiment, the instructor can focus class discussion on topics that include experimental design, methodology, reproducibility, data analysis, as well as using these data as an evidence-based starting point for best learning practices.",asynchronous; deep processing; learning and memory experiment; neuroscience experiment; remote instruction; shallow processing; synchronous; word recall,,Journal Article
38323066,PMC10653249,10.59390/BKPW4729,20,2,A215-A218,"Deceived, Confused, or Peer Reviewed? Critical Information Literacy in a First-Year Neuroscience Course.",2022-06-01,"Information literacy skills are necessary to parse today's complex information landscape full of general audience, scholarly, and deceptive sources. For a student new to college and unfamiliar with publishing norms in the discipline, it can be difficult to identify and select from among the range of sources that electronic searches return - especially on Google or Google Scholar, which most students use regularly at the pre-college level. Centering information literacy as a course objective invites students into the scholarly conversation at a deeper level than typical one-off database searching sessions. Further, framing this objective through the lens of critical information literacy engages students in considering how structures of power and privilege direct the production, dissemination, and consumption of scientific research products, including deceptive sources. We, an information literacy librarian and a neuroscience faculty member at a small liberal arts college, have collaborated in developing critical information literacy curricula embedded within an introductory neuroscience course. Here we will briefly describe our motivation, process, and outcomes, and lessons learned from this effort.",critical information literacy; curriculum development; faculty collaboration; first-year seminar; research instruction,,Journal Article
38323065,PMC10653245,10.59390/LLWZ6243,20,2,A233-A240,"Designing a Simulation Lab: The Process that Led to Action Potentials Explored and Extended, Two Simulation-Based Neurobiology Labs.",2022-06-01,"Simulations have long played an important role in neurobiology education. This paper describes the design-research process that led to development of two popular simulation-based neurobiology modules used in undergraduate biology classes. Action Potentials Explored, and the more in-depth and quantitative Action Potentials Extended, are the third generation of neurobiology teaching simulations the author has helped develop. The paper focuses on how we used the idea of constraining simulations as a way of tuning the modules to different student populations. Other designers of interactive educational materials may also find constraint a useful lens through which to view designs.",educational simulation; inquiry-based learning constraint; neuroscience education; virtual experiments,,Journal Article
38323064,PMC10653240,10.59390/DWIP7136,20,2,E19-E20,"A Tale of Two Meetings: Indeed, the Worst of Times Gave Undergraduate Neuroscience Education One of the Best of Times.",2022-06-01,,,,Editorial
38323063,PMC10653229,10.59390/FKXM3006,20,2,A120-A145,Podcasting Neuroscience: A Science Communication Assignment.,2022-06-01,"Effective science communication has been identified as one of the core competencies of neuroscience education as articulated at the 2017 FUN Workshop. Yet most undergraduate students do not receive explicit instruction on how to effectively communicate science to a diversity of audiences. Instead, communication assignments typically help students become proficient at sharing scientific information with other scientists through research articles, poster presentations or oral presentations. This presents a missed opportunity to instruct students on the complexities of communicating to the general public, the importance of which has come into sharp focus during the COVID-19 pandemic. Translating research findings so they can be understood by a non-specialist audience requires practice and deep learning and can act as a powerful teaching tool to help students build science literacy skills. Here I share the blueprint to a broadly-oriented science communication assignment built to address the core competencies of neuroscience education. The assignment acts as the final project for a 400-level neuropharmacology course at a small public liberal arts university. Students work in small groups to identify a topic of interest and research, script, and record an audio podcast geared towards a general audience. The assignment is scaffolded to allow students to work towards the final submission in small steps and to receive feedback from the instructor and their peers. These feedback steps pair with opportunities to revise their work to further develop students' communication skills. Initial feedback from students suggests the assignment promoted deeper learning and higher engagement with course content.","Neuropharmacology; learner-generated podcast, science communication; neuroscience pedagogy; primary literature; student-generated podcast",,Journal Article
38323062,PMC10653226,10.59390/NFRQ7249,20,2,A184-A190,Adapting Case Studies for Synchronous and Asynchronous Online Courses.,2022-06-01,"Case studies are an effective active learning method that increases student engagement and are readily adaptable from in-person to online learning environments. In this perspective, Neuroscience Case Network fellows (NeuroCaseNet; NSF-RCN-UBE Grant #1624104) provide specific examples of how case studies were successfully adapted for synchronous and asynchronous online learning, including general strategies and best practices for adapting case studies into both online learning environments.",Case study; active learning; asynchronous; online; problem based learning; synchronous,,Journal Article
38323061,PMC10653235,10.59390/WTLQ2344,20,2,A254-A262,Teaching to Empower: Leveraging the Neuroscience of Now to Help Students Become Self-Regulated Learners.,2022-06-01,"In his book Descartes' Error, neurologist Antonio Damasio argues that humans do not make decisions by relying exclusively on the rational or reason-oriented parts of their brain (2008). Evidence from patients with brain damage reveal that our abilities to reason and make decisions are greatly influenced by our emotions (Damasio et al., 1990; Saver and Damasio, 1991). In fact, our emotions and how we feel act as a gateway to our thinking and learning by providing ""the bridge between rational [prefrontal cortex] and nonrational processes"" [brainstem and limbic structures]."" (Damasio, 2008). Understanding the ways in which our brain processes sensory inputs and integrates those inputs into our ongoing emotional state is critical for helping students become self-regulated, sophisticated learners. In the following article, I will begin by briefly summarizing the role of emotions in learning and the impact of toxic stress on our students' ability to engage, learn, and thrive. I will then define and present a trauma-informed teaching and learning paradigm with practical strategies that empower students to continue to learn and succeed. I will address a few misconceptions about trauma-informed education. I will conclude by making a plea to you, members of the undergraduate neuroscience community, by presenting a case for the utility and moral imperative of educating our students about the basic functioning of their brains, especially as it relates to emotional regulation and learning.",amygdala hijack; emotional valance; limbic brake; toxic stress; trauma; trauma-informed education,,Journal Article
38323060,PMC10653227,10.59390/LVJD2796,20,2,A207-A214,"PROJECT DiViNe: DIVERSE VOICES IN NEUROSCIENCE: Profiles of Rita Levi-Montalcini, Ricardo Miledi, Simon LeVay, Erich Jarvis, and Steve Ramirez.",2022-06-01,"In this paper we share the first five of what we hope will be many profiles of neuroscientists from historically underrepresented or marginalized groups. This initial collection of profiles, meant to stake out the general territory for future offerings, takes as its subjects a fairly broad range of individuals from Nobel laureates to early career scientists and educators. The goal of this project is to facilitate the dissemination of materials neuroscience educators can use to highlight the scientific contributions and personal stories of scientists from historically marginalized groups, and has been developed more extensively in the Editorial that accompanies this collection (Frenzel and Harrington, 2021). We believe that by sharing these stories, and highlighting the diversity of those who have and will continue to contribute to the field of neuroscience, we can help to foster a more inclusive discipline for our undergraduate students. Each of these profiles is a testament to the respect these contributors hold for their subjects. We hope that others might see this new feature as an opportunity to share the admiration they have for those who have impacted them as colleagues, mentors, and role models.",and inclusion in STEM; diversity; equity; inclusive pedagogy; neuroscientist; scientific biography,,Journal Article
38323059,PMC10653239,10.59390/AXFD9450,20,2,E13-E18,Celebrating Diverse Voices in Neuroscience: Introducing Project DiViNe.,2022-06-01,"Institutions of higher education are meant to provide opportunities for the growth and development of their students. As student bodies have become more diverse it would seem to follow that institutional efforts to satisfy this obligation would likewise need to change. Despite increases in the numbers of historically underrepresented students entering higher education, the proportion of these students who graduate continues to lag behind that of students who are not historically underrepresented. As others have suggested, we believe the disparity between rates of matriculation and graduation parallels a disconnect between diversity and inclusion. Whereas the former is a relatively simple matter of access and demographic accounting, the latter concerns the lived experiences of students within our programs. Evidence suggests that the degree to which students feel valued within their programs can predict students' success, persistence, and graduation from these programs. Here, in an effort to promote greater inclusion, we propose a new pedagogical resource designed to share the personal stories and scientific contributions of neuroscientists from historically underrepresented or marginalized groups. After providing some context for why these interventions are so important, we describe the general expectations of these profiles and, in an accompanying article in this same issue, provide a number of examples. By incorporating these stories into our curricula we would hope to increase the sense of belonging of historically underrepresented or marginalized students and to increase awareness of disciplinary diversity among their peers. Ultimately, by challenging a colorblind approach to science in general and to neuroscience in particular, we hope to change our collective assumptions about who neuroscientists are and can be.",STEM education; diversity; educational outcomes; inclusion; multiculturalism; role models; visibility,,Editorial
38323058,PMC10653243,10.59390/VOHJ7109,20,2,A241-A253,Structured Worksheets: Simple Active Learning Strategies to Increase Transparency and Promote Communication.,2022-06-01,"There are varied pedagogical approaches that promote active learning in the classroom, many of which have been shown to have positive impacts on student outcomes. Simple active learning techniques that do not require costly resources or extensive time investment for faculty may increase the likelihood of instructor adoption and decrease student anxiety or skepticism about such approaches. In two upper-level Neuroscience electives, scaffolded worksheets were utilized to increase transparency in instructor expectations and subsequent assessment, and to support student contributions to learning and group work. Scaffolded worksheets that presented practice questions were provided in a Behavioral Neuroscience course; students completed the worksheets alone or in teams, and course time was used for review and additional clarification. Shared group worksheets were used to support a group project in a mid-level Cognition course. These worksheets delineated expectations for the assignment and gave a timeline for in-class and out-of-class meetings with required individual, graded contributions to support group progress. Worksheets also enabled instructor feedback throughout the project. When surveyed, students responded positively to the worksheets for their ability to support learning and alleviate some of the common concerns associated with group work. This approach was also easily expanded during the pandemic to provide more time for active learning, and to maintain communication and ensure support of student learning during periods of remote learning due to Covid-19. Active learning techniques, particularly those that promote transparency and metacognition, are likely to benefit students and create a more inclusive classroom. Yet care must be used in the implementation of these approaches. In addition, barriers exist to the utilization of active learning, including a lack of support for such work at the institutional level. Greater institutional investment in these approaches will likely broaden their use and extend their impact.",active learning; assessment; group work; inclusivity; metacognition; teamwork; worksheets,,Journal Article
38323057,PMC10653236,10.59390/XCGJ3727,20,2,A219-A225,Virtual/Remote Labs for Fluorescent Immunocytochemistry or Western Blotting: The Next Best Thing to Being There.,2022-06-01,"The SARS CoV-2 pandemic forced many college courses to convert to remote instruction almost overnight in the middle of the spring 2020 teaching semester. This article presents two molecular biology labs formerly performed in person by students but converted into virtual labs. The virtual immunocytochemistry experiment teaches the specificity of antibody staining, principles of fluorescent microscopy, diversity of brain cell types and morphologies, and journal article Figure construction skills. The virtual Western blotting experiment teaches sodium dodecyl sulfate polyacrylamide gel electrophoresis (SDS-PAGE), the specificity of antibody binding, and graph creation and interpretation skills. Both virtual experiments use professionally-produced web-based videos of scientists conducting the lab procedures. Students must answer questions about the techniques and analyze real experimental data generated by past students to take a quiz and write a journal article-style lab report. At the whole-class level, student quiz and lab report scores from these virtual labs were not statistically different from those from the in-person versions of the same labs from a previous semester, using t tests with the Bonferroni correction. On the virtual Western blot quiz, students who did the virtual version actually scored higher than students who did the in-person version. These results were significant when the 2020 data were analyzed by within-student paired t tests for in-person labs done before COVID-19 versus those done virtually after dismissal for all-remote instruction. The students learned the laboratory concepts and data analysis skills just as well virtually as their predecessors had in person. However, the students trained virtually reported that they could not enter the lab and actually do Western blotting or fluorescent immunocytochemistry with their own hands without extensive additional training. These virtual experiments can be done with data included in the supplemental materials or can easily be adapted for any micrographs or Western blotting images available from previous lab experiments, or in the published literature. When COVID-19 or other public health emergencies necessitate remote instruction and we can't use the best practice of hands-on lab work, virtual labs can be the next best thing to being there.",Purkinje neuron; SDS-PAGE; Western blot; beta tubulin; cerebellum; fluorescence microscopy; glia; immunocytochemistry; remote instruction; virtual laboratory exercise,,Journal Article
38323056,PMC10653233,10.59390/GHOR4737,20,2,A161-A165,The Development of Core Concepts for Neuroscience Higher Education: From Beginning to Summer Virtual Meeting Satellite Session.,2022-06-01,"Neuroscience curricula vary widely across higher education institutions due to the lack of an accrediting body or a set of unified educational concepts or outcomes. Each institution has developed a unique set of fundamental knowledge, topical subdisciplines, and core competencies to be delivered in a neuroscience program. Core concepts would provide neuroscience departments and programs with a generally agreed upon set of overarching principles that organize knowledge and can be applied to all sub-disciplines of the field, providing a useful framework from which to approach neuroscience education. We set out to develop a consensus set of neuroscience core concepts to aid in higher education curricular development and assessment. Suggestions for neuroscience core concepts were solicited from neuroscience faculty in a nationwide survey and analyzed using an inductive, independent coding model to identify eight core concepts based upon survey responses. Accompanying explanatory paragraphs for each core concept were developed through an iterative process. We presented the resulting core concepts to 134 neuroscience educators at a satellite session of the Faculty for Undergraduate Neuroscience 2020 Summer Virtual Meeting (SVM). Individuals and groups of faculty provided feedback regarding the accuracy, comprehensiveness, and clarity of each concept and explanatory paragraph, as well as the structure of the document as a whole. We continue to refine the core concepts based upon this feedback and will distribute the final document in a subsequent publication. Following publication of the finalized list of core concepts, we will develop tools to help educators incorporate the core concepts into their curricula.",STEM education; Summer Virtual Meeting; assessment; conceptual knowledge; core concepts; curriculum; higher education; neuroscience principles,,Journal Article
38323055,PMC10653247,10.59390/XOIG7838,20,2,A111-A114,Video Microscopy for Teaching: Optimizing the Field of View.,2022-06-01,"Whether teaching online or in person, video microscopy can demonstrate and document procedures such as dissection and electrophysiology. Such videos can streamline in-person lab work or make online material more interesting and lifelike. Microscope video can also be streamed live over Zoom or other services for live online demonstration. It can be difficult, however, to match a microscope and camera such that the field of view (FOV) captured by the camera encompasses the entire FOV seen by the microscope user. Standard recommendations usually give a camera FOV much smaller than the user's FOV. This paper explains how to work with three variables (camera sensor size, microscope coupler magnification, and ocular diameter) to achieve a good FOV match.",microscope; online; video,,Journal Article
38323054,PMC10653250,10.59390/AZVZ2988,20,2,A191-A206,"Teaching About Sex and Gender in Neuroscience: More Than Meets the ""XY"".",2022-06-01,"Offering courses on the neuroscience of sex and gender can help support an inclusive curriculum in neuroscience. At the same time, developing and teaching such courses can be daunting to even the most enthusiastic educators, given the subject's complexities, nuances, and the difficult conversations that it invites. The authors of this article have all developed and taught such courses from different perspectives. Our aim is to provide educators with an overview of important conceptual topics as well as a comprehensive, but non-exhaustive, guide to resources for teaching about sex/gender in neuroscience based on our collective experience teaching courses on the topic. After defining vital terminology and briefly reviewing the biology of sex and sex determination, we describe some common topics within the field and contrast our current nuanced understandings from outdated misconceptions in the field. We review how (mis)representation of the neuroscience of sex/gender serves as a case study for how scientific results are communicated and disseminated. We consider how contextualization of sex/gender neuroscience research within a broader historical and societal framework can give students a wider perspective on the enterprise of science. Finally, we conclude with a brief discussion on how to choose learning goals for your course and implementation notes.",LGBTQ; course design; gender; inclusive teaching; sex; sex difference,,Journal Article
38323053,PMC10653238,10.59390/PQJQ5721,20,2,A226-A232,"Online Neuroscience Instruction: Insights, Lessons Learned, and Moving Forward.",2022-06-01,"Prior to the COVID-19 pandemic, most of us had little to no experience with online teaching. With the realization that we would need to teach our students remotely during the pandemic, we needed to develop our online teaching skills and apply this knowledge to create effective online classes for our students. Tulane University's Center for Engaged Learning and Teaching (CELT, http://celt.tulane.edu) and its Innovative Learning Center (ILC, http://it.tulane.edu/innovative-learning-center) partnered to teach an Online Teaching Training (OTT) course for all instructors. This five-week session covered many of the topics needed to teach an engaging and interactive online course. The training included not only the theory but also practical applications of many resources available to online course instructors. This training prepared me to teach a fully online course for the first time in Summer, 2020 and again the following summer. Student evaluations compared between the Emergency Remote Learning done in quick response to the COVID-19 pandemic (Spring 2020) and the online course after completion of the OTT (Summer 2020) indicated that student experiences were much more positive when taught by a trained instructor. Many of the resources/techniques for online courses can be incorporated into in-person or hybrid classes, and vice versa. Further, sharing ideas among colleagues, especially as new resources become available, is critical for the success of all instructors. In this article I share my lessons learned, insights, and thoughts for moving forward as we approach a new era of neuroscience instruction.",2020 FUN Virtual Conference; CANVAS; Zoom; case studies; concept maps; engaged learning; learning objectives; online teaching; pedagogy; rubrics; teaching software,,Journal Article
38323052,PMC10653228,10.59390/LXMJ2920,20,2,A150-A160,Why Students Cheat and How Understanding This Can Help Reduce the Frequency of Academic Misconduct in Higher Education: A Literature Review.,2022-06-01,"Academic integrity is fundamental to effective education and learning yet cheating continues to occur in diverse forms within the higher education sector. It is essential that students are educated about, and understand the importance of, good academic practice. Strict standards of academic integrity help to ensure that knowledge is acquired in an honest and ethical manner, creating fairness and equity for students, ultimately enriching the student experience at university and the wider society's trust in the value of university education. This literature review synthesizes the many varied reasons why students cheat, as presented in a large body of existing literature. We then turn our attention to what we can do as educators to help reduce the rates of academic misconduct. Factors influencing the propensity of students to cheat are diverse but relatively well understood. Whilst policing and applying appropriate punishments should be part of institutional responses to academic misconduct, it is clear that this is only part of the solution. We emphasize the need for a much broader range of proactive activities to be brought to bear. Many of these are educational in nature and should have benefits for students, staff and institutions beyond discouraging academic misconduct. Resource implication should not be a barrier to their implementation.",academic dishonesty; academic integrity; academic misconduct; cheating; good academic practice; higher education; plagiarism; university education,,Journal Article; Review
38323051,PMC10653241,10.59390/TVRA6768,20,2,A263-A268,Digital Timeline Assignment of Key Opioid Research Articles Spanning Five Decades.,2022-06-01,"Learning to read scientific literature is a crucial component of an undergraduate science education. Undergraduate science students learn to analyze data, read primary literature, and integrate knowledge across articles into a cohesive understanding of a field of study. Often, a class includes students with varying experience reading primary literature, making it difficult to develop assignments that are adequately approachable yet challenging for every student. Here I describe a three-part assignment for an intermediate level neurobiology course that seeks to address this concern. Each student was first assigned a single article in the field of opioid research, which they summarized in an entry for a digital timeline. Second, students presented their timeline entries to the class, and the compiled digital timeline was made publicly available online. In the third part of the assignment, students wrote a brief perspective paper. Here, students explained how their assigned article fit into the field of study using their classmates' timeline entries, along with the option to include additional references outside of the timeline. This three-part assignment sought to provide a supportive yet challenging project for students at all levels. The project was designed as a non-disposable assignment, aligned with additional learning goals and pedagogical practices, including interdisciplinary awareness, writing-to-learn, and inclusive pedagogy. Versions of this assignment have been used for both in-person and remote instruction.",inclusive pedagogy; non-disposable assignment; primary literature; remote instruction; writing-to-learn,,Journal Article
38323050,PMC10653230,10.59390/LVZC1043,20,2,A315-A324,Neuroscience Ambassadors: Creating a Network of Academia-CommunityPartnerships.,2022-06-01,"The field of neuroscience offers exciting, yet complex, insights into the human mind. In recent years, the need to improve the dialogue between neuroscientists and the public has been recognized, and an emphasis has been placed on the generation of public-based educational programs which reach outside the academic environment and into the community. One promising avenue includes the generation of mutually beneficial academia-community partnerships. These have the potential to allow faculty and students to acquire the necessary skills to become effective ""neuroscience ambassadors"", while delivering attractive, fun, informative and educational opportunities to the general public. The Department of Psychology/Interdisciplinary Neuroscience Minor at Saint Francis University (SFU) created a public-oriented, neuroscience-based network of educational programs with local public libraries, Girl and Cub scout troops, elementary schools, high schools, children museums and nursing homes, in rural Pennsylvania. We envisioned that the programs will serve to improve academia-community conversations and benefit students, faculty, community partners and the public alike. In this paper, the design, implementation, implications, limitations, and future directions of the project are discussed.",academia-community partnership; community-engaged pedagogy; neuroscience-education; reflection; testimonies,,Journal Article
38323049,PMC10653234,10.59390/DCXY9279,20,2,A269-A279,Lt: A Resource to Future-Proof the Laboratory in Uncertain Times.,2022-06-01,"The COVID-19 pandemic abruptly challenged educators to transition previously in-person courses to an online environment. This has been especially difficult for laboratory courses where students must experience the process of science to develop lab skills and scientific competencies. Due to the uncertainty caused by the pandemic, it is essential that instructional resources are flexible and robust for use in various potential learning environments. The Lt software platform (ADInstruments) is a resource designed to support in-person, online, and hybrid learning environments. Lt supports the in-person lab experience by integrating with data collection hardware and facilitating collaboration through group-based activity. In addition, the platform also provides several avenues for teaching online labs using the same experiments that would be done on campus. At home, students can analyze Lt's built-in example data, or be supplied with low-cost hardware to complete labs remotely. In conjunction with other online tools, Lt can support online group work and student collaboration. Lt hosts a wide range of pre-built lab experiments and activities covering neuroscience, anatomy, physiology, clinical health science, biology, and chemistry. Although the material can be used ""out-of-the-box"", the content is completely editable and new labs can be created. Feedback from students suggests that Lt has proved valuable for supporting flexible instructional practices during the pandemic.",ADInstruments; Lt; blended learning; distance learning; hands-on experiments; hybrid learning; laboratory experiments; online content delivery; online learning; remote learning; student engagement,,Journal Article
38323048,PMC10653224,10.59390/JGIP5297,20,2,A284-A291,Neurosim: Some Thoughts on Using Computer Simulation in Teaching Electrophysiology.,2022-06-01,"Neurosim is an interactive simulation program designed for teaching electrophysiology. It was first published in 1989, but has been updated several times over the years, and v5.3.3 was released in January 2022. Much effort has been put into making Neurosim as easy to use as possible, while at the same time offering a wide range of facilities. It contains 7 modules that simulate at biological levels ranging from single channel membrane properties, through spike and synaptic properties, small network properties, up to whole-population firing dynamics. It is highly configurable and can be useful for teaching from the beginning undergraduate level dealing with basic neuron physiology, through to the post-graduate level suitable for use as an introduction to computational neuroscience. The article describes how Neurosim has been useful in my own teaching over the years and gives several examples of student activities that have proved effective in aiding understanding. There is a comprehensive set of tutorial exercises available on the support website.",action potential; electrophysiology; network; neurophysiology; simulation; synapse; teaching neuroscience; voltage clamp,,Journal Article
38323047,PMC10653248,10.59390/TPQZ7702,20,2,E25-E28,Convening the Undergraduate Neuroscience Education Community in a Period of Rapid Change: Insights from the FUN 2020 Summer Virtual Meeting.,2022-06-01,,,,Editorial
38323046,PMC10653242,10.59390/NWXO4043,20,2,A178-A183,Enhancing Student Research Experiences with Open Data from the Allen Brain Map.,2022-06-01,"The Allen Brain Map is the main data repository for the Allen Institute for Brain Science, containing big, open datasets commonly used in neuroscience research (Allen Institute for Brain Science, 2022). Open data from the Allen Brain Map can be used to teach core concepts in neuroscience, data analysis methods, and other critical skills and knowledge to neuroscience students. These datasets can be used as the main data source for completely online lab experiences, or analyzed in combination with data students collect themselves. Applications may range in scope and format from a short worksheet used in a single class session to a coding tutorial to a guided independent research project. While open online data cannot fully replace lab experiences for learning techniques, they can be used to expose students to analysis of big data, introduce resources widely used in the field, and teach skills like statistics and coding. This article reviews potential assignment formats where big and open data can be applied, introduces selected popular resources and sample use cases for each, and discusses benefits and limitations of open online data for lab experiences. Some specific applications in the context of distance learning are also detailed.",big data; data analysis; online labs; open data; student independent research,,Journal Article
38323045,PMC10653237,10.5939/KYSI6629,20,2,A166-A177,FraidyRat: A Virtual Module Examining the Neural Circuitry Underlying Fear Conditioning.,2022-06-01,"FraidyRat is a teaching tool that allows students to investigate the neural basis of fear conditioning and extinction using a virtual rat with a virtual brain. FraidyRat models well-known phenomena at both a behavioral and neural level. Students use virtual versions of tract tracing, systemic and intracerebrally infused drugs, neural recording, and electrical stimulation to understand the neural substrates underlying the observed behavior. This module helps students develop critical thinking skills in order to deduce immediate cause and effect as well as inductive reasoning to grasp the broader scheme. This module utilizes scaffolded instruction and formative assessment to shape the thinking of students as they unfold and discover the neural mechanisms responsible for fear conditioning and extinction in FraidyRat, which largely reflect what is found in real rats. Experience with this three-week module resulted in students showing significant gains in content knowledge as well as a trend toward gains in critical thinking. An attitudinal questionnaire showed that students had an overall positive experience. This module can be replicated at any institution with just a computer. All materials are available at: https://mdcune.psych.ucla.edu/modules/fraidy-rat.",circuit neurophysiology; distance learning; extinction and renewal; extinction mechanisms; fear conditioning; higher education; neural basis of fear conditioning; neuroscience; online learning; remote learning; virtual neuroscience tools,,Journal Article
38323044,PMC10653244,10.59390/BIWD8550,20,2,A280-A283,Trainingspace: Neuroeducation Without Borders.,2022-06-01,"Advancements in the field of neuroinformatics have resulted in a massive explosion of raw data of many varieties, yet many traditional neuroscience training programs have not changed their curricula to reflect the urgent need for improved computational skills that would enable trainees to handle, organize, and interrogate such large, multimodal datasets. Thus, the objective of this project was to build an open access hub of neuroscience educational resources to fill the gap between current neuroscience curricula and the computationally focused skillset required to work with big data. To achieve this aim, we invited representatives from the world's leading neuroscience societies and large-scale brain initiatives to form the INCF Training and Education Committee that would provide oversight over the content and capabilities of the online hub. As a result, we developed TrainingSpace (https://training.incf.org/), an open access hub of nearly 500 multimedia courses, lectures, and tool tutorials covering the subspecialisms of neuroscience and neuroinformatics, as well as computer science, data science, and ethics. In addition to course content, TrainingSpace also provides users with access to publicly available datasets through KnowledgeSpace, a discoverability portal and community encyclopedia for neuroscience, as well as a question and answer forum, Neurostars.org. Since its launch in 2019, TrainingSpace has steadily increased in popularity with both trainees and trainers alike. It has also become popular with content providers that want to make their training materials available to the neuroscience community-at-large, as well as integrate their content into the larger TrainingSpace ecosystem.",computational neuroscience; conference lectures; courses; neuroethics; neuroinformatics; neuroscience; online training; open neuroscience resource; self-guided study; tutorials,,Journal Article
38323043,PMC10653251,10.59390/WXIP5336,20,2,A292-A314,Meeting Behind the Seen: Synchronous Teaching without Virtual Meeting Fatigue.,2022-06-01,"Videoconferencing platforms provide opportunities for synchronous teaching and interaction between classmates but they come with disadvantages including video fatigue. Moreover, presenters using videoconferencing programs may feel as if they are lecturing into a void. In an online class on Behavioral Pharmacology, we used Google Meet essentially as a conference call in the background while the class ""met"" within a Google Doc that everyone could edit. This format permitted both oral and written discussions and gave the students easy access to links posted within the Google Doc directing them to pictures, videos, web pages, and separate Google Meet addresses for small group discussions. For both the instructor and the students, class interaction and engagement were enhanced by the students' ability to add notes and comments to the common Google Doc. We used this technique for a synchronous online class but it could be adapted to hybrid or asynchronous teaching.",Google Doc; editable lecture notes; meeting fatigue; videoconferencing,,Journal Article
38323042,PMC10653225,10.59390/LKPG6213,20,2,E21-E24,An Introduction to the Proceedings of the 2020 FUN Summer Virtual Meeting.,2022-06-01,,,,Editorial
38323041,PMC10653246,10.59390/CVBF7454,20,2,R1-R4,Open Educational Resources for Neuroscience.,2022-06-01,"Open educational resources (OERs) promise to play an increasing role in making educational materials such as textbooks available to all and in helping to (slightly) mitigate exorbitant costs often associated with post-secondary education. True OERs provide the ability to use, distribute and even adapt available resources to fit with the needs of the user. Many other free resources often get lumped in with OERs but may have restrictions prohibiting specific forms of use, modification or distribution. In neuroscience, there is a growing collection of OER and open-access materials for instructors to consider incorporating into their courses, ranging from textbooks and other books to entire courses, a single lecture or videos and animations. This paper briefly reviews two free online textbooks for neuroscience. Further, the available platforms for organizing and distributing OERs are outlined and briefly discussed, with an emphasis on their usefulness at the present time for neuroscience education.",free resources; open access; open educational resources (OER); textbook,,Journal Article; Review
35540953,PMC9053431,,20,1,E12,Continued Challenges for Neuroscience Education During the COVID-19 Pandemic.,2021-12-24,,,,Editorial
35540952,PMC9053423,,20,1,C1-C10,The Simpsons Neuron: A Case Study Exploring Neuronal Coding and the Scientific Method for Introductory and Advanced Neuroscience Courses.,2021-12-24,"A fictitious patient, Miguel, has been diagnosed with drug-resistant epilepsy and is awaiting neurosurgery. While in the hospital, Miguel agrees to participate in a research study in which depth electrodes are used to record neuronal activity in response to a range of stimuli. Interestingly, a neuron is identified that seems to respond selectively to video clips of the animated satirical TV show The Simpsons. Students are challenged to make observations, formulate and revise hypotheses, and interpret data, excerpted from an authentic dataset derived from actual patients in a 2008 Science paper. Students then consider implications for these data, evaluate their ability to generalize to non-human (rodent) models, and speculate about future directions for this research. Adaptations of this case have been implemented in introductory and advanced neuroscience courses. Students responded positively to the case, and reported gains in science competence and identity, particularly in the introductory courses. Suggestions for implementation and adaptation of this experience are offered. While this case has been implemented in undergraduate neuroscience courses, it might also be used in physiology, psychology, biology, research methods, or clinical courses.",action potential; case studies; hippocampus; memory recall; neuron; neuroscience; undergraduate,,Journal Article
35540951,PMC9053422,,20,1,E1-E3,"Revisiting Diversity, Equity, and Inclusion Commitments and Instituting Lasting Actionable Changes in the Faculty for Undergraduate Neuroscience.",2021-12-24,,,,Editorial
35540950,PMC9053434,,20,1,A18-A27,Signal: A Neurotransmission Board Game.,2021-12-24,"Game-based learning offers a fun and engaging pedagogical approach that can promote greater understanding of course content. This article describes the development, use, and evaluation of a board game designed to test students' understanding of core concepts covered in introductory neuroscience courses-action potentials and synaptic transmission. During the game, students work collaboratively in small teams to build a working synaptic connection by drawing cards featuring proteins and molecules involved in neurotransmission and placing the cards onto specific locations on the pre- and post-synaptic neurons illustrated on the game board. The game requires students to synthesize information learned across different modules to determine what structures are vital to a functioning synapse. In a post-game survey, students reported that playing Signal enabled them to assess, increase, and apply content-specific knowledge, and promoted transferable skills including effective communication and critical thinking. Students also rated the game as an enjoyable learning experience. This board game could serve as an effective and engaging tool to review the fundamentals of neurotransmission across a range of neuroscience and biology courses.",action potential; game-based learning; neuroscience game; synapse; synaptic transmission; undergraduate,,Journal Article
35540949,PMC9053432,,20,1,A58-A72,A Semester without Exams: Approaches in a Small and Large Course.,2021-12-24,"Exams carry pedagogical downsides: they can create stress, decrease intrinsic motivation, and tend to reduce opportunities for creative problem-solving. Exams are also difficult to administer when flexibility is paramount, such as during remote learning, when students have special testing conditions, or during a pandemic when a subset of students are sick or in quarantine. To account for these shortcomings, I designed and instituted two completely exam-free undergraduate Neuroscience and Behavior courses in the Spring of 2021, one a large introductory-level course and the other a small upper-level elective course. In the large introductory-level course, I used several methods including Gradescope and new roles for my Teacher's Assistants to keep the grading load manageable. This exam-free approach was evaluated in four areas: creative thinking, interest in the material, stress level, and academic performance. Evaluation of success in these areas was completed via student feedback and by comparing final projects to final projects from previous semesters. The exam-free approach produced favorable or neutral results in every measured outcome. The framework for an exam-free course described here could be a useful starting point for other instructors who want to eliminate exams.",assessment; course design; pedagogy; testing anxiety; undergraduate,,Journal Article
35540948,PMC9053424,,20,1,A1-A10,DRD4 Allele Frequency as a Lab Exercise in Neuroscience and Genetics Courses.,2021-12-24,"DNA segments with variable number tandem repeats (VNTR) serve as a model for students to learn DNA extraction and polymerase chain reaction (PCR) techniques in biology laboratory courses from the high school to the graduate level. Because of a growing interest in the neurosciences among undergraduates, we have developed a PCR exercise with a focus on the nervous system and behavior, with the aim of inspiring students from all aspects of the neurosciences to appreciate the central dogma and neurogenetics. DRD4 was a good candidate to provide a lab exercise that would be more engaging than VNTR analysis of a non-coding segment. DRD4 encodes for the dopamine D4 receptor and has been controversially associated with 'novelty seeking' or 'wanderlust' behavior. DRD4 has three common variants of the 48 bp sequence on exon 3, easily differentiated through gel electrophoresis. The 2 repeat (2R), 4 repeat (4R) and 7 repeat (7R) of the 48 bp sequence are the most common alleles. The 7R sequences result in the expressed dopamine D4 receptor having less affinity for dopamine binding, which was proposed to be the reason individuals engage in 'novelty seeking' behavior, to increase dopamine release to facilitate more binding to the receptor. Here we demonstrate an enjoyable and simple two lab sequence to analyze DRD4 genotypes that is appropriate for neuroscience and genetics courses.",DRD4; Dopamine; Novelty Seeking; PCR; VNTR; Wanderlust,,Journal Article
35540947,PMC9053429,,20,1,A28-A39,"The Spine Lab: A Short-Duration, Fully-Remote Course-Based Undergraduate Research Experience.",2021-12-24,"Course-based undergraduate research experiences (CUREs) are increasingly common approaches to provide students with authentic laboratory experiences. Typically, CUREs are semester-long, in-person experiences that can be financially and time prohibitive for some institutions, faculty, and students. Here, we developed a short-duration, fully-online CURE, the Spine Lab, to provide an opportunity for students to conduct original research. In this CURE, we focused on synaptic spines in the mammalian brain; synapses are the unit structure that functions in rapid information processing. The students worked together in pairs and as a class to analyze cortical neuron spine density and structural morphology changes between a mouse line with learning impairments (forebrain-specific β-catenin knockouts [β-cat cKOs]) and control (Ctl) littermates. The students showed their results in an online poster presentation. Their findings show that spine density is significantly reduced, while spine structural maturation is unaltered in the β-cat cKO. Defining pathophysiological changes caused by CTNNB1/β-catenin loss-of-function provides important insights relevant to human disorders caused by disruptive mutations in this gene. To assess the benefits of this CURE, students completed a pre- and post-test assessment including a content quiz, STEM identity survey, and a standardized CURE survey. Participation in the Spine Lab correlated with improved content and STEM identity scores, and decreased negative attitudes about science. Moreover, direct comparison to the CURE database reveals that the Spine Lab produces comparable benefits to traditional CUREs. This work as a whole suggests that short-duration, fully-online CUREs can provide benefit to students and could be an inclusive tool to improve student outcomes.",CTNNB1; CURE; remote-learning; β-catenin,,Journal Article
35540946,PMC9053430,,20,1,E4-E11,Reissue: A Decade of FUN: The First Ten Years of the Faculty for Undergraduate Neuroscience.,2021-12-24,"The year 2021 marks the 30th Anniversary of the founding of the Faculty for Undergraduate Neuroscience (FUN). Within the first ten years of FUN's existence, the organization grew from a group of 67 individuals committed to undergraduate education in the neurosciences to over 300 members. FUN established productive partnerships with the Society for Neuroscience and the Association of Neuroscience Departments and Programs. FUN launched numerous projects to enhance the experience of undergraduates in the classroom and in the laboratory. FUN established a Travel Award Program that enabled undergraduates to attend the Annual Meeting of the Society for Neuroscience to present research posters on the floor of the meeting. Subsequently, undergraduate students were invited to present posters at the annual FUN Social. The listserv FUNnet was created to enable communication among FUN members. Workshops designed to enhance curricular development and laboratory-based experiences were begun in 1995 and continued every three years thereafter. Conversations to create regional conferences similar to the NorthEast Under/graduate Research Organization for Neuroscience (NEURON) conference were facilitated at the 2001 FUN Workshop. Efforts to improve National Institutes of Health funding for undergraduate colleges and universities were launched. Because of the dedication of FUN members, the first ten years of FUN's existence were filled with energetic innovations that significantly enhanced the education of undergraduate neuroscience students.",history; neuroscience education curricula; regional meetings; student travel awards; undergraduate neuroscience education; undergraduate poster session,,Editorial
35540945,PMC9053427,,20,1,A88-A99,Quantitative Characterization of Output from the Directionally Selective Visual Interneuron H1 in the Grey Flesh Fly Sarcophaga bullata.,2021-12-24,"H1, a very well-studied insect visual interneuron, has a panoramic receptive field and is directionally selective in responding to optic flow. The synaptic basis for the directional selectivity of the H1 neuron has been studied using both theoretical and cellular approaches. Extracellular single-unit recordings are readily obtained by beginning students using commercially available adults of the grey flesh fly Sarcophaga bullata. We describe an apparatus which allows students to present a series of moving visual stimuli to the eye of the restrained, minimally dissected adult Sarcophaga, while recording both the single unit responses of the H1 neuron and the position and velocity of the moving stimulus. Students obtain quantitative and reproducible responses of H1, probing the response properties of the neuron by modulating stimulus parameters such as: direction and speed of movement, visual contrast, spatial wavelength, or the extent of the visual field occupied. Students learn to perform quantitative analysis of their data and to generate graphical representations of their results characterizing the tuning and receptive field of this neuron. This exercise demonstrates the utility of single unit recording of an identified interneuron in an awake restrained insect and promotes interpretation of these results in terms of the visual stimuli normally encountered by freely flying flies in their natural environment.",Sarcophaga bullata; fly visual system; sensory processing; undergraduate laboratory exercises; visual optic flow,,Journal Article
35540944,PMC9053425,,20,1,A100-A110,Pandemic Teaching: Using the Allen Cell Types Database for Final Semester Projects in an Undergraduate Neurophysiology Lab Course.,2021-12-24,"We designed a final semester research project that allowed students to apply the electrophysiological concepts they learned in a lab course to propose and answer experimental questions without access to laboratory equipment. We created the activity based on lesson plans from Ashley Juavinett and the Allen Institute for Brain Science (AIBS) Allen SDK online examples. An interactive graphic interface was added for students to explore and easily quantify subtle neuronal voltage changes. Before starting the final project, students had experience with conventional extracellular and intracellular recording techniques to record and analyze extracellular action potential firing patterns and intracellular resting, action, and synaptic potentials. They demonstrated their understanding of neural signal transmission in required lab reports using data they gathered before the pandemic shutdown. After students left campus, they continued to analyze data and write lab reports focused on neuronal excitability in snail and fly neurons with data supplied by the instructors. For their final project, students were challenged to answer questions addressing neuronal excitability at both the single neuron and neuronal population level by analyzing and interpreting the open-access, patch clamp recording data from the Allen Cell Types Database using code we provided (Python/Jupyter Notebook). This virtual final semester project allowed students to ask real-world medical and scientific questions from ""start to end"". Through this project, students developed skills to navigate an extensive online database and gained experience with coding-based data analysis. They chose neuronal populations from human and mouse brains to compare passive properties and neuronal excitability between and within brain areas and across different species and disease states. Additionally, students learned to do simple manipulations of Python code, work remotely in teams, and polish their written scientific presentation skills. This activity could complement other remote learning options such as neuronal simulations. Few online sources offer such a wealth of neuroscience data that students can use for class assignments, and even for research and keystone projects. The activity extends the traditional material often taught in upper-level neuroscience courses, with or without a laboratory section, providing a deeper understanding of the range of excitability properties that neurons express.",Allen Cell Types Database; Allen Institute for Brain Science; Jupyter Notebooks; Python; coding; electrophysiology; open access database,,Journal Article
35540943,PMC9053421,,20,1,A40-A48,Race and the Ivory Tower: An Antiracism Exercise for an Undergraduate Neuroscience Classroom.,2021-12-24,"This article details an antiracism exercise completed in an introductory undergraduate neuroscience class. Students completed an online pre-class multimedia module entitled ""Race and the Ivory Tower"" covering racism in science and medicine, the neuroscience behind bias, and the impact of race and racism on health outcomes. The module included two videos, one podcast, and a peer-reviewed journal article, alongside several optional additional resources written for both academic and lay audiences. After completing the module, students participated in an open-ended online discussion followed by an anonymous survey to elicit feedback on the exercise. As a continuation of the antiracism exercise, students researched and reported on the work of a Black or nonwhite Hispanic/Latino scientist for a final project later in the semester. Sixty-eight of 69 students participated in the discussion, and the majority discussed the neuroscience of bias and public health effects of racism. Most students also discussed the importance of the module contents or further questions that they would explore. Sixty of 69 students answered the anonymous survey, where most students reported a better understanding of racism after interacting with the content. Additionally, most students felt better prepared to discuss racism in science and medicine and more able to identify unconscious bias. Finally, students reported that they enjoyed the module contents and online discussion. Overall, this exercise effectively introduced students to the ongoing challenge of racism in science and medicine through both scientific and sociological lenses. Students recognized the collective importance of the content, which was our goal as they represent the future leaders in neuroscience and medicine and should be equipped to address leading issues within their field.",education; neuroscience; public health; racism; unconscious bias,,Journal Article
35540942,PMC9053426,,20,1,A49-A57,Class Size and Student Performance in a Team-Based Learning Course.,2021-12-24,"High-enrollment university courses can be associated with decreased student learning and course satisfaction. In these large classes, students report feelings of isolation, reduced faculty interaction, and less motivation. Here we address whether team-based learning (TBL), a highly interactive and collaborative form of active learning, can improve the student experience in larger undergraduate neuroscience courses. Specifically, we analyzed student performance on summative assessments, as well as survey responses on measures of the classroom environment from a single TBL course, taught over a range of enrollment sizes (19-103 students). While the higher enrollment course terms had decreased ratings of course quality compared to the lower enrollment terms, we also found that student performance on exams was similar across all course term sizes. Furthermore, we observed no differences across class sizes for most measures of classroom dynamics and course characteristics. Taken together, our data suggest that the content knowledge outcomes and many aspects of the classroom environment were not negatively impacted in the higher enrollment versions of this TBL course.",Active Learning; Class Size; STEM; Team-Based Learning (TBL); Undergraduate Neuroscience Education,,Journal Article
35540941,PMC9053433,,20,1,A73-A82,Open-Ended Inquiry into Zebrafish Nerve Development Using Image Analysis.,2021-12-24,"Open-ended laboratory projects increase student success and retention in the sciences. However, developing organismal-based research projects is a challenge for students with restricted laboratory access, such as those attending courses remotely. Here I describe the use of image analysis of zebrafish neural development for authentic research projects in an introductory biology laboratory course. Zebrafish are a vertebrate model that produce large numbers of externally and rapidly developing embryos. Because zebrafish larvae are transparent, fluorescent reporters marking nervous system structures can be imaged over time and analyzed by undergraduate scientists. In the pilot of this project, remote first-year college students independently developed biological questions based on an image collection comparing zebrafish mutants and wild-type siblings. Students created and mastered techniques to analyze position, organization, and other morphological features of developing neurons and glia in the images to directly test their biological questions. At the end of the course, students communicated their project results in journal article format and oral presentations. Students were able to hone skills in organismal observation and data collection while studying remotely, and they reported excitement at applying lecture-based knowledge to their own independent questions. This module can be adapted by other instructors for both students on- and off-campus to teach principles of neural development, data collection, data analysis, and scientific communication.",Fiji; ImageJ; authentic inquiry; first-year research; image analysis; lateral line; motor nerves; neuroanatomy; neurodevelopment; open-ended laboratory; remote learning; sensory nerves; zebrafish,,Journal Article
35540940,PMC9053428,,20,1,A83-A87,The Open Neuroscience Initiative: A Free-to-Access and -Adopt Digital Textbook for Undergraduate Students of Introductory Neuroscience.,2021-12-24,"The steadily-rising cost of higher education is a tremendous financial burden, and the purchasing of textbooks represents a significant cost of higher education. Financial hardship exaggerates wealth disparities, decreasing the diversity of learners. Additionally, a growing interest in the field of neuroscience among the population at large has increased the demand for easily accessible learning resources. The Open Neuroscience Initiative (ONI) is an open educational resource (OER) that covers several major topics that may be addressed in an undergraduate introductory neuroscience course. The ONI is a collaboratively-written and -edited free to download digital textbook in English that replaces the traditional print textbooks that may be used in typical introductory neuroscience, non-major brain and behavior, or physiological psychology courses. Adoption of the ONI for these types of classes therefore decreases the financial burden that college students face and increases inclusivity, improving accessibility to the knowledge acquired in a college undergraduate introductory neuroscience course.",Lecture class; Open Educational Resource (OER); Open science; digital neuroscience textbook,,Journal Article
34552447,PMC8437368,,19,2,R35-R38,Examining Empathy Through Consolation Behavior in Prairie Voles.,2021-06-20,"Empathy is an affective and cognitive event in which an organism experiences an approximation of the physical or psychological state of another organism. The phenomenon has been well-studied in humans but is not as widely researched in other animals. Burkett and colleagues in a 2016 article published in Science measured empathy in prairie voles (Microtus ochrogaster) and meadow voles (Microtus pennsylvanicus) by observing consolation behavior between non-stressed and stressed individuals. Their data from behavioral analyses and histochemistry support their hypothesis that consolation behavior in prairie voles shares similar behavioral characteristics and conserved biological mechanisms with human empathy. Prairie voles match anxiety and fear states as well as groom stressed familiar conspecifics to lessen their stress. An oxytocin receptor antagonist abolished this empathetic response. This research impacted the field of neuroscience by demonstrating human-like empathy in rodents, and thereby supporting the value of animal models to investigations of higher order human experiences. The paper is also a valuable and accessible resource to undergraduate neuroscience students-from introductory courses to advanced seminars. In the classroom, this research provides a foundational look at the expanding field of social neuroscience. Empathy in prairie voles raises thought-provoking discussion concerning emotions, social behavior, and human nature.",Microtus ochrogaster; Microtus pennsylvanicus; Pavlovian fear conditioning; allogrooming; consolation behavior; empathy; immunohistochemistry; oxytocin receptor antagonist; social neuroscience,,Journal Article
34552446,PMC8437371,,19,2,R31-R34,Exploring the Genetic Underpinnings of Aggression in Drosophila melanogaster.,2021-06-20,"Aggression is a multidimensional social behavior observed in a wide range of animal species. Displays of aggression serve as an integral component of intraspecies competition for access to resources, territory, and mates. Despite being seen across nearly every facet of the animal kingdom, our understanding of how genes mediate aggression remains limited. A growing body of contemporary research has chosen to adopt the vinegar fly Drosophila melanogaster as an important tool in the modelling and study of aggression. Although references to aggression in Drosophila appear in the early 1900s (Sturtevant, 1915), the study of aggression in Drosophila received limited attention from researchers until the early 2000s. In 2006, Dierick and Greenspan were the first to investigate the genetic underpinnings of Drosophila aggression in an unbiased fashion. They described in detail how candidate genes for Drosophila aggression were identified by genetically screening fly strains that were selectively bred for heightened aggression. They identified that the Cyp6a20 gene mediated aggression at the phenotypic level. Dierick and Greenspan (2006) is an excellent demonstration of how the application of behavioral genetic concepts to genetics research can inform our understanding of how genes mediate behavior. This paper constitutes an excellent teaching resource for any behavioral neuroscience course and is a fine example of how comparatively simple model organisms like Drosophila can be used to dissect the genetic underpinnings of complex behavior.",Aggression; Behavioral genetics; Drosophila melanogaster,,Journal Article
34552445,PMC8437366,,19,2,R28-R30,Getting Graded: Teaching Principles of Chemical Synaptic Transmission Without Action Potentials.,2021-06-20,"The study of synaptic transmission is foundational for undergraduate neuroscience students. Chemical synaptic transmitter release is usually presented as evoked by action potentials, but it can also be caused by subthreshold, 'graded' changes in presynaptic membrane potential. In a 1980 publication in the Proceedings of the National Academy of Sciences, Graubard and colleagues measured synaptic activity in the crustacean stomatogastric ganglion; they found that postsynaptic voltage changes occur in response to both action potentials and to graded depolarizations in presynaptic neurons. This was one of the first papers to clearly demonstrate that both graded and spike-mediated chemical synaptic transmission could occur concurrently at an identified synapse. Discussion of this work in undergraduate classrooms can encourage students to think in greater depth about the diversity of transmission mechanisms available to neurons.",action potential; electrophysiology; graded chemical synaptic transmission; stomatogastric ganglion,,Journal Article
34552444,PMC8437367,,19,2,R23-R27,Teaching Principles of Place Cells.,2021-06-20,"Animals navigate within their surrounding environment to find food, shelter, and mates; this behavior forms one of the most basic means of survival. The vertebrate hippocampus acts as an integration hub for varied dynamic processes such as attention, memory, perception, and decision-making. This ultimately allows an animal to move efficiently in its surroundings in search of food or to escape from predators. Place cells are neurons located within the hippocampus which are triggered in response to an animal entering specific places in its local environment. John O' Keefe first described the firing patterns of these cells in 1976 in a paper published in Experimental Neurology. This was a pioneering effort in combining the efficacy of electrophysiological recordings with the value of behavioral approaches in freely moving animals. The author also presented testable hypotheses of plausible mechanisms governing place cell activation which in turn provided a conceptual scaffold for a diverse range of subsequent work in the field. This is an excellent paper for undergraduate education because it provides the historical context to an important research avenue while simultaneously showing how clear and concise hypotheses can emerge from studying how neural activity correlates with animal behaviour.",behavior; displace cell; hippocampus; misplace cell; place cell; spatial receptive field,,Journal Article
34552443,PMC8437364,,19,2,E3,Moving Closer to the Way Neuroscience Education Was before the COVID-19 Pandemic.,2021-06-20,,,,Editorial
34552442,PMC8437359,,19,2,C1-C12,Phantom Limb Pain: Feeling Sensation from a Limb that is No Longer Present and What it Can Reveal About Our Brain Anatomy.,2021-06-20,"This is a flexible, interrupted video case that uses phantom limb pain as a platform to investigate brain anatomy with a focus on somatosensory cortical mapping and the homunculus. The case begins with a video of neurologist Dr. V.S. Ramachandran interviewing two amputees who experience phantom limb pain (part one). Through Dr. Ramachandran's dialog with amputees, students learn about the paradoxical condition of feeling pain in a limb that does not exist (e.g., phantom limb pain). Students witness Dr. Ramachandran analyzing fMRI data from an amputee, and subsequently learn the somatosensory cortical mapping of the amputee has remarkably changed. Dr. Ramachandran also introduces and demonstrates one form of treatment for phantom limb pain, the mirror box. The video case is supplemented with optional opportunities for further exploration about the mirror box (part two) and somatosensory cortical mapping, via the two-point discrimination test (parts three and four). In part two, students use the primary literature to investigate the effectiveness of the mirror box, and practice skills of interpreting figures. In parts three and four, students conduct a two-point discrimination test (part three) on each other or a person in their residence and analyze class data (part four). Students are led to discover conceptual connections between all four parts of this module. As one example, students are challenged to predict how two-point discrimination data from amputees (interviewed in the video, part one) would compare to students' two-point discrimination data (parts three and four). While the four parts of this learning module are highly interconnected, instructors can choose to selectively implement one or more parts. In addition, each part can be executed in the face-to-face classroom, as out-of-classroom assignment, in a synchronous or non-synchronous video meeting platform, or as a hybrid of these options, providing flexibility for the instructor. This case has been used in a 100-level face-to-face, non-science major course and it has been modified as an online module for a 300 level General Physiology course.",homunculus; mirror box; mirror therapy; phantom limb pain; phantom limb syndrome; somatosensory cortex; somatosensory cortical mapping; two-point discrimination test; two-point discrimination threshold; video case,,Journal Article
34552441,PMC8437365,,19,2,A260-A266,A Course-Based Research Experience Using the Allen Brain Map: From Research Question to Poster Session.,2021-06-20,"San Francisco, CA A major challenge in implementing course-based undergraduate research experiences (CUREs) is for students to collect enough data for a robust analysis given the time and equipment available. One approach to mitigating this constraint in a CURE is to use massive open datasets such as those from the Allen Brain Map, produced by the Allen Institute for Brain Science. We describe a multi-week CURE module in which students generate a research question that can be addressed using at least two datasets of the Allen Brain Map, perform their analysis, and produce a conference-style poster detailing their findings. This article includes an adaptable CURE assignment, tutorials introducing students to selected datasets from the Allen Brain Map, and a summary of student outcomes.",Allen Institute; CURE; gene expression; neuroanatomy; poster presentation; student research,,Journal Article
34552440,PMC8437363,,19,2,A226-A259,"Assessment of Mapping the Brain, a Novel Research and Neurotechnology Based Approach for the Modern Neuroscience Classroom.",2021-06-20,"Neuroscience research is changing at an incredible pace due to technological innovation and recent national and global initiatives such as the BRAIN initiative. Given the wealth of data supporting the value of course-based undergraduate research experiences (CUREs) for students, we developed and assessed a neurotechnology CURE, Mapping the Brain. The goal of the course is to immerse undergraduate and graduate students in research and to explore technological advances in neuroscience. In the laboratory portion of the course, students pursued a hypothesis-driven, collaborative National Institutes of Health (NIH) research project. Using chemogenetic technology (Designer Receptors Exclusively Activated by Designer Drugs-DREADDs) and a recombinase-based intersectional genetic strategy, students mapped norepinephrine neurons, and their projections and explored the effects of activating these neurons in vivo. In lecture, students compared traditional and cutting-edge neuroscience methodologies, analyzed primary literature, designed hypothesis-based experiments, and discussed technological limitations of studying the brain. Over two consecutive years in the Program at North Carolina State University, we assessed student learning and perceptions of learning based on Society for Neuroscience's (SfN) core concepts and essential principles of neuroscience. Using analysis of student assignments and pre/post content and perception-based course surveys, we also assessed whether the course improved student research article analysis and neurotechnology assessment. Our analyses reveal new insights and pedagogical approaches for engaging students in research and improving their critical analysis of research articles and neurotechnologies. Our data also show that our multifaceted approach increased student confidence and promoted a data focused mentality when tackling research literature. Through the integration of authentic research and a neurotechnology focus, Mapping the Brain provides a unique model as a modern neuroscience laboratory course.",BRAIN Initiative; CURE (course based undergraduate research experience); FIGURE FACTS; collaborative research; graduate education; laboratory education; primary literature; technology,,Journal Article
34552439,PMC8437370,,19,2,A210-A225,"Reading the Brain: An Interdisciplinary First-Year Seminar on the Intersection of Neuroscience, Literature, and Popular Culture.",2021-06-20,"Topics related to the brain are becoming increasingly common in cultural products such as literature and film. Media representations of the brain and mind therefore provide an interesting method for introducing first-year college students to the field of neuroscience. In this article, we describe an interdisciplinary first-year seminar that we implemented at Gettysburg College, co-taught by a cognitive neuroscientist (KDW) and a literary scholar (TFB). The course explores a number of themes, such as memory, autism, and neuroaesthetics, as well as the relationship between brain and mind, using novels, short stories, film, and theater. The success of the course highlights the benefits of using non-technical sources to introduce students to scientific concepts as well as the value of teaching collaboratively across disciplinary boundaries.",and mathematics (STEM); co-teaching; cognitive neuroscience; engineering; humanities; neuroculture; neuroscience education; pedagogy; science; technology,,Journal Article
34552438,PMC8437360,,19,2,A201-A209,Cooperative Group Learning in Undergraduate Neuroscience: Using Simulations to Complement Problem-Solving Assignments.,2021-06-20,"The incorporation of active learning improves student learning and persistence compared to traditional lecture-based teaching. However, there are numerous active learning strategies and the degree to which each one enhances learning relative to other techniques is largely unknown. I analyzed the effectiveness of the addition of simulations to cooperative group problem-solving assignments in an undergraduate 400-level neurobiology course. One section of the course carried out group problem-solving alone, whereas the other section used neuroscience simulations (Neuronify) as part of the problem-solving assignments. Overall, both groups of students learned course concepts effectively and did not differ in their performance on exams or specific exam questions related to the assignments. Students perceived that the assignments and simulations were helpful in their understanding of course material but did not overwhelmingly recommend including simulations in the future. Students using simulations were more likely to report gaining experience with experimental design, and this may be an effective way to build scientific reasoning in non-laboratory courses. However, student frustration with technology was the primary reason that students reported dissatisfaction with the simulations. Overall, cooperative group problem-solving with or without simulations is very effective at helping students learn neuroscience concepts.",Neuronify; cooperative group learning; problem solving; simulations,,Journal Article
34552437,PMC8437369,,19,2,A192-A200,Integrating Service Learning into a Neuropsychopharmacology Course.,2021-06-20,"Incorporating service learning (SL) experiences into undergraduate courses can be a meaningful way to engage students and connect course content to the real world. Neuropsychopharmacology courses are often popular amongst undergraduate students, but it can be a challenge to find ways to connect the theoretical issues discussed in the classroom to the real world, and convey the complexities of research on substance use. This article describes a partnership between a 300-level ""Drugs & Behavior"" laboratory course and a local not-for-profit anti-drug coalition focused on drug education and prevention. A series of semester-long service-learning projects were developed that met instructional objectives and coalition goals. Briefly, students applied critical thinking and analytical skills to survey data on substance use, collected from local 6-12th grade students, that would inform coalition programming. By the end of the semester, students had produced scientific reports of the data, developed informational summaries for community distribution, and wrote a mock grant proposal incorporating proposed improvements to the study. During the semester, students reflected on the SL experience and took surveys on SL outcomes. Findings suggested that this SL opportunity helped students make connections between course content and the real world, enhanced skills or awareness in ways that added value to the course, challenged them to understand a problem and generate solutions, and expanded their thinking regarding their ability to help tackle substance use-related issues in the community. Suggestions for implementation and refinement of this experience are offered.",addiction; data literacy; laboratory activity; neuroscience; pharmacology; service learning; substance abuse; undergraduate,,Journal Article
34552436,PMC8437361,,19,2,A185-A191,Teaching Computation in Neuroscience: Notes on the 2019 Society for Neuroscience Professional Development Workshop on Teaching.,2021-06-20,"The 2019 Society for Neuroscience Professional Development Workshop on Teaching reviewed current tools, approaches, and examples for teaching computation in neuroscience. Robert Kass described the statistical foundations that students need to properly analyze data. Pascal Wallisch compared MATLAB and Python as programming languages for teaching students. Adrienne Fairhall discussed computational methods, training opportunities, and curricular considerations. Walt Babiec provided a view from the trenches on practical aspects of teaching computational neuroscience. Mathew Abrams concluded the session with an overview of resources for teaching and learning computational modeling in neuroscience.",MATLAB; Python; Society for Neuroscience; coding; computational neuroscience; modeling; professional development; programming; teaching workshop,,Journal Article
34552435,PMC8437358,,19,2,A163-A184,Teaching Neuroimmunology to Undergraduate Students: Resource for Full Course or Modular Implementation.,2021-06-20,"This paper describes a course I designed to teach neuroimmunology to undergraduate students. In this course I incorporated many active learning strategies to help make it a student-centered class, where they developed communication skills, while reading and analyzing primary literature articles. As the field of neuroimmunology is relatively new, most textbooks in the field approached the subject from the perspective of neurology and autoimmune diseases. Therefore, I used reading, analysis, and student-led presentation of primary papers in the classroom to not only develop critical thinking and application of the scientific method, but also oral communication skills. Other activities such as writing New York Times-style articles and literature review papers were employed to develop written communications skills. The goal of this article is to provide a reference tool for instructors trained in neuroscience to deploy an entire course on neuroimmunology or select a module or a single paper to incorporate into their existing course to offer students a taste for neuroimmunology.",critical thinking; neuroimmunology; oral and written communication; primary literature,,Journal Article
34552434,PMC8437362,,19,2,A141-A162,Effective Use of Student-Created Case Studies as Assessment in an Undergraduate Neuroscience Course.,2021-06-20,"Case studies and student-led learning activities are both effective active learning methods for increasing student engagement, promoting student learning, and improving student performance. Here, we describe combining these instructional methods to use student-created case studies as assessment for an online neurovirology module in a neuroanatomy and physiology course. First, students learned about neurovirology in a flipped classroom format using free, open-access virology resources. Then, students used iterative writing practices to write an interrupted case study incorporating a patient narrative and primary literature data on the neurovirulent virus of their choice, which was graded as a writing assessment. Finally, students exchanged case studies with their peers, and both taught and completed the case studies as low-stakes assessment. Student performance and evaluations support the efficacy of case studies as assessment, where iterative writing improved student performance, and students reported increased knowledge and confidence in the corresponding learning objectives. Overall, we believe that using student-created case studies as assessment is a valuable, student-led extension of effective case study pedagogy, and has wide applicability to a variety of undergraduate courses.",active learning; case study; collaborative learning; cooperative learning; neurovirology; primary literature,,Journal Article
33880108,PMC8040845,,19,1,R19-R22,Discovering Memory: Using Sea Slugs to Teach Learning and Memory.,2020-12-31,"Research on the sea slug Aplysia californica has played a key role in unraveling the molecular mechanisms for learning and memory. In this system, synapses exhibiting long-term potentiation provide an ideal experimental platform for uncovering conserved principles. This review will discuss a 1997 study published in the journal Cell which explored the means by which synapse-specific long-term potentiation occurs and its reliance on local protein synthesis. This study, conducted by Kelsey Martin and colleagues working in the Kandel laboratory, also explored synaptic capture: the mechanism by which a stimulated synapse recruits proteins from another, such that both undergo long-term potentiation. The authors discovered that synaptic capture does not require local protein synthesis, which led to further research on this mechanism. This study introduces undergraduates to a variety of research methods. Additionally, educators may use this paper as an introduction to the body of work produced by the Kandel laboratory and the field of learning and memory more generally. Advanced analyses of this research by upper level undergraduates may provide insights into competing theories for cellular mechanisms of long-term memory, presenting the opportunity to discuss disagreements within the scientific community.",Aplysia californica; controversy; learning and memory; long term potentiation (LTP); synaptic capture,,Journal Article
33880107,PMC8040846,,19,1,R15-R18,Exploring Neuroplasticity in the Classroom: Teaching Cortical Reorganization in the Visual System with a Stroke Patient Study.,2020-12-31,"Neuroscience education often dedicates a substantial amount of time to the study of neuroplasticity and cortical reorganization. Research articles that demonstrate neuroplasticity and cortical reorganization in human patients provide opportunities for neuroscience education. Dilks et al., in a 2007 article published in the Journal of Neuroscience provided evidence for cortical reorganization within the human primary visual cortex by utilizing both behavioral and fMRI data. The study examined stroke patient B.L. who was cortically blind in the upper left visual field. In the presence of visual stimuli from the lower left visual field, cortical reorganization allowed for the activation of areas of V1 that would not normally respond to this visual information. Therefore, B.L. perceived visual stimuli presented in the lower left visual field to be vertically elongated into the upper left visual field (Dilks et al., 2007). This paper is an ideal platform for teaching an undergraduate neuroscience audience about neuroplasticity within the human brain. The article allows students to combine knowledge of both the visual system and neuroplasticity and provides a visual representation of cortical reorganization that helps facilitate understanding of principles of neuroscience.",cortical reorganization; neuroplasticity; primary visual cortex (V1); stroke damage; visual distortion,,Journal Article
33880106,PMC8040834,,19,1,R11-R14,The Legacy of the Kennard Principle.,2020-12-31,"Research into neural plasticity has progressed rapidly over the last few decades, but the origins of this field lie in the early 20th century. In 1936, Margaret Kennard introduced the concept of brain plasticity in an animal model by studying the recovery of motor functions after performing brain lesions in infant and adult monkeys. It took until the 1970s for her work to be widely acknowledged. When her work did eventually make it into the limelight, this led to the synthesis of what scientists dubbed the 'Kennard Principle'. The Kennard Principle states that the younger an organism is, the greater and swifter recovery from brain injury will be. This principle itself is subject to controversy and debate; furthermore, it is based on a simplification of Kennard's original results. This article will explore Kennard's original 1936 paper, published in the American Journal of Physiology, and the context in which the Kennard Principle arose. Kennard's paper demonstrates early pioneering work within the field of behavioral neuroscience which provides a historical foundation for psychology and neuroscience undergraduates. Exploring the context in which the Kennard Principle arose also highlights the importance of tracing the origins of scientific principles and theories for students and researchers alike.",Kennard Principle; behavioral neuroscience; lesion studies; motor function; neural plasticity,,Journal Article
33880105,PMC8040837,,19,1,R7-R10,Primary Literature In Clinical Neuroscience for In-Person Or Remote Instruction.,2020-12-31,"Structure and function relationships in the nervous system are a major component of neuroscience education. Readings and/or discussion of lesion studies in animal models are often used to demonstrate how brain injury/damage affects specific behaviors or cognitive processes. In contrast, primary literature in clinical neuroscience is less often used to teach brain structure and function relationships and this literature often describes remarkable stories of preserved brain function despite major brain injury/lesion. Here we describe a series of published articles in clinical neuroscience that we used in an undergraduate neuroscience course that challenge the simplistic views of brain localization of function and demonstrate the dynamic and plastic properties of the brain. Discussion of these primary articles can take place in-person or remote via video conferencing platforms.",clinical neuroscience; neuroscience graduates; neuroscience majors; primary literature; programs,,Journal Article
33880104,PMC8040831,,19,1,R4-R6,Does It Feel Right or Wrong? The Neuroscience of Moral Judgement.,2020-12-31,"Moral judgement has been a topic of great interest through the history of philosophy and psychology, but the neural basis of this behavior remains elusive. Greene et al.'s (2001) paper is a pioneering one that opened doors to studying the neuroscience of moral judgement. Greene and colleagues used functional Magnetic Resonance Imaging (fMRI) to measure brain activity in humans as they grappled with moral decisions. The researchers found higher activation in brain areas associated with emotion when subjects were processing dilemmas in which an individual was directly hurt, and higher activation of areas associated with working memory when subjects processed dilemmas in which individuals were hurt as a consequence of an indirect action. The paper has received some criticism, but overall, is still quite relevant in the field. This work generated the field of moral neuroscience and has sparked further research and controversy. This paper's impact at the intersection of psychology and neuroscience and its engaging topic make it valuable for teaching. Furthermore, criticism of the paper also has pedagogic value as it can serve as a tool to promote students' critical evaluation skills. The presentation of this research would be best suited for Neuroscience and Psychology students being introduced to Cognitive Neuroscience.",,,Journal Article
33880103,PMC8040833,,19,1,R1-R3,Sparse Neural Representation of Odor Predicts Learning.,2020-12-31,"The way in which neurons encode information remains a hotly debated topic in neuroscience. Lin and colleagues in a 2014 article in the journal Nature Neuroscience demonstrate how sparse coding in the olfactory learning and memory center of Drosophila can influence learning behavior. Coding sparsity is the idea that only a small number of neurons in a network represent any given stimulus. Using neurogenetics, computational neuroscience, and cognitive approaches, they outline the discovery of an inhibitory feedback circuit responsible for differentiating the neuronal response to different odors. Manipulating this feedback circuit, they demonstrate how the sparseness in neural networks (how easily neurons are activated) can correspond to the ability to learn a sensory discrimination more easily. From a research perspective, this paper was important as it was the first causal demonstration of the role of sparseness in learning. From a teaching point of view, this paper is valuable because it is a simple but effective introduction to artificial neural network theory, where both the abstract theory and the importance of its application is apparent to those without a mathematical or computational background.",cognitive neuroscience; computational neuroscience; insect cognition; sparse coding,,Journal Article
33880102,PMC8040838,,19,1,E1-E2,Virtual was the Reality in Neuroscience Education during the COVID-19 Pandemic.,2020-12-31,,,,Editorial
33880101,PMC8040841,,19,1,A134-A140,Building Your Own Neuroscience Equipment: A Precision Micromanipulator and an Epi-fluorescence Microscope for Calcium Imaging.,2020-12-31,"A faculty member's ability to develop meaningful research-oriented laboratories in neurobiology is often hampered by the rapid pace of new technologies and the increasing cost of equipment. To help undergraduate neuroscience faculty meet these challenges, we introduce two important neuroscience research tools we designed and built. The first is a precision micromanipulator for neurophysiology applications costing less than $40 USD. We compare data generated using the DIY manipulator with commercial micromanipulators costing over $1000. The second tool is our newly designed 3D printed epi-fluorescence microscope. Commercial fluorescence imaging devices often cost over $20,000, but our 3D printed version is constructed for less than $1200. This epi-fluorescence microscope uses interchangeable LED light sources and filter sets to image static fluorescence in prepared slides and calcium imaging of neuronal activity in living Drosophila brains. This later technique uses transgenic flies with a genetically encoded calcium indicator, GCaMP, linked to green fluorescent protein (GFP). During an action potential, calcium ions (Ca2+) enter neurons and are observed as an increase in fluorescence intensity from a series of video images. These neuronal firing patterns can be assessed qualitatively and quantitatively to understand neural circuits leading to specific behaviors. We plan to develop curricula around the use of the epi-fluorescence microscope for calcium imaging in the next year, and to provide detailed parts sources and construction guides for the student and faculty DIY experience.",Calcium imaging; GCaMP; GFP; epi-fluorescence; epsp; mCherry; micromanipulator; neurophysiology,,Journal Article
33880100,PMC8040839,,19,1,A124-A133,Inexpensive Methods for Live Imaging of Central Pattern Generator Activity in the Drosophila Larval Locomotor System.,2020-12-31,"Central pattern generators (CPGs) are neural networks that produce rhythmic motor activity in the absence of sensory input. CPGs produce 'fictive' behaviours in vitro which parallel activity seen in intact animals. CPG networks have been identified in a wide variety of model organisms and have been shown to be critical for generating rhythmic behaviours such as swimming, walking, chewing and breathing. Work with CPG preparations has led to fundamental advances in neuroscience; however, most CPG preparations involve intensive dissections and require sophisticated electrophysiology equipment, making export to teaching laboratories problematic. Here we present an integrated approach for bringing the study of locomotor CPGs in Drosophila larvae into teaching laboratories. First, we present freely available genetic constructs that enable educators to express genetically encoded calcium indicators in cells of interest in the larval central nervous system. Next, we describe how to isolate the larval central nervous system and prepare it for live imaging. We then show how to modify standard compound microscopes to enable fluorescent imaging using 3D printed materials and inexpensive optical components. Finally, we show how to use the free image analysis programme ImageJ and freely available features in the signal analysis programme DataView to analyse rhythmic CPG activity in the larval CNS. Comparison of results to those obtained on research equipment shows that signal-to-noise levels are comparable and core features of larval CPG activity can be observed. Overall, this work shows the viability of exporting live imaging experiments to low cost environments and paves the way for new teaching laboratory exercises revolving around optical imaging of CPG activity.",Drosophila; GcamP; calcium imaging; central nervous system; epifluorescence; larval locomotion; motor systems; open source; teaching equipment,,Journal Article
33880099,PMC8040849,,19,1,A118-A123,Developing and Implementing Low-Cost Remote Laboratories for Undergraduate Biology and Neuroscience Courses.,2020-12-31,"The global pandemic caused by the novel coronavirus (SARS-COV-2) has forced many universities to abruptly change the delivery of courses from in-person to online. This change to remote learning requires creating new ways to deliver lectures, exams, and discussion groups through online meeting platforms. An often-overlooked challenge is performing lab courses that require access to specialized equipment and resources typically found in the undergraduate laboratory classrooms. Here we discuss some strategies for developing and implementing a full semester neuroscience laboratory course that allows students to fully participate in laboratory exercises at home or in their dorm rooms. Performing lab exercises remotely and independently was shown to significantly improve participant's self-efficacy and confidence that they can learn complex neuroscience material, when compared to participants who passively watch experiments online. We review best practices to ensure that lessons can be successfully demonstrated by the instructor and carried out by all students. Finally, we discuss the need to provide a level playing field such that all students may succeed, regardless of their current technology resources at home.",anatomy & physiology (A&P); distance learning; neuroscience labs; remote labs; remote teaching,,Journal Article
33880098,PMC8040842,,19,1,A113-A117,Highlighting Diversity in Neuroscience through Course Content.,2020-12-31,"Slides showcasing research of one or two neuroscientists from diverse backgrounds were added to weekly, learning assistant-led sections in a large (~80 person) primarily lecture course required for neuroscience majors. Students appreciated the slides, and survey data suggests that the slides increased the sense of belonging for both underrepresented and not underrepresented students.",belonging; diversity; educational resources; inclusion,,Journal Article
33880097,PMC8040850,,19,1,A105-A112,Non-Disposable Assignments for Remote Neuroscience Laboratory Teaching Using Analysis of Human Data.,2020-12-31,"To accomplish discovery learning in a remote educational context, while also addressing disparities in laboratory facility/equipment access, instructors can assign Non-Disposable Assignments (NDA) whereby students design research projects, extract data from public sources, analyze data in a cloud-based environment, and share potentially original findings. Unlike typical course assignments (e.g., lab-reports, tests) that remain in the student-teacher dyad, NDAs (e.g., disseminated presentations, visualizations, manuscripts) are associated with enhanced learning and facilitate the integration of diverse student perspectives in the creation, analysis and dissemination of neuroscience. Illustrating the design of a project-based approach to teaching neuroscience laboratory courses, we provide two example NDAs using neural imaging and physiological information available from public databases. We provide a data set in a directly usable form for teaching with R, and present an overview of two user-friendly tools, RStudio and R-Markdown, for remote teaching and learning through data analysis.",R-Markdown; RStudio Cloud; functional magnetic resonance imaging (fMRI); meta-analysis; non-disposable assignments (NDA); psychophysiology; reproducible data analysis,,Journal Article
33880096,PMC8040835,,19,1,A94-A104,Learning How to Code While Analyzing an Open Access Electrophysiology Dataset.,2020-12-31,"Conducting neuroscience research increasingly requires proficiency in coding and the ability to manipulate and analyze large datasets. However, these skills are often not included in typical neurobiology courses, partially because they are seen as accessory rather than central, and partially because of the barriers to entry. Therefore, this lesson plan aims to provide an introduction to coding in Python, a free and user-friendly programming language, for instructors and students alike. In this lesson, students edit Python code in the Jupyter Notebook coding environment to interact with cutting-edge electrophysiology data from the Allen Institute for Brain Science. Students can run their own experiments with these data to compare cell types in mice and humans. Along the way, they gain exposure to Python coding and the role of coding in the field of neuroscience.",Allen Institute; Jupyter Notebooks; Python; big data; coding; electrophysiology; neuronal diversity; patch clamping,,Journal Article
33880095,PMC8040848,,19,1,A89-A93,A Capstone Course Where Students Present Contemporary Neuroscience Research to High School Students.,2020-12-31,"This article describes a model of a neuroscience capstone course where students choose and study contemporary neuroscience research articles in depth and then present them to high school students in short videos. This course can provide a meaningful culminating experience where students are applying their neuroscience knowledge and communication skills acquired from their undergraduate education. As students take on the ownership of learning and presenting diverse neuroscience topics, this course can be run flexibly and remotely as needed. Developing a partnership with a local high school is an important aspect of this course.",Capstone; Partnership with High School; Presentation; Remote instruction,,Journal Article
33880094,PMC8040832,,19,1,A75-A88,Integrating Research into the Undergraduate Curriculum: 3. Research Training in the Upper-level Neuroscience Curriculum.,2020-12-31,"The benefits of undergraduate training in research are significant. Integration of such training into the undergraduate experience, however, can be challenging at institutions without extensive research programs, and may inadvertently exclude some populations of students. Therefore, inclusion of research into the academic curriculum ensures all students can access this important training. The 2019 annual meeting of the Society for Neuroscience included a workshop on integrating research into the curriculum at primarily undergraduate institutions (PUIs). In this last article of a three-part series, we describe models for integrating research into advanced stages of the undergraduate curriculum, specifically for juniors and seniors. First, we describe multiple models of faculty-mentored group-based research. Second, we detail a peer-mentored research system, in which seniors mentor groups of first through third year students. Third, we describe multiple examples of integrating research into ""capstone"" courses for seniors. Fourth, we describe models in which a senior thesis is a graduation requirement for all students. Lastly, we describe several models of implementing an optional honors thesis for students. Although similarities exist across these programs, their differences allow for specific secondary objectives to be met, which are often unique to institutions and/or departments. Therefore, for each of these examples, we describe the context, specific design, and required student assessments. We conclude by discussing some of the key successes and challenges of developing programs that facilitate undergraduate research by upper-level students, and suggest a number of concepts that should be considered by individuals developing and assessing new programs.",CRE; Honors; PUI; high impact practice; pedagogy; thesis; undergraduate research; underrepresented groups; upperclassman,,Journal Article
33880093,PMC8040851,,19,1,A64-A74,Integrating Research into the Undergraduate Curriculum: 2. Scaffolding Research Skills and Transitioning toward Independent Research.,2020-12-31,"Undergraduate research experiences are widely regarded as high-impact practices that foster meaningful mentoring relationships, enhance retention and graduation, and stimulate postbaccalaureate enrollment in STEM graduate and professional programs. Through immersion in a mentored original research project, student develop and apply their skills in critical thinking, problem solving, intellectual independence, communication, collaboration, project ownership, innovation, and leadership. These skills are readily transferable to a wide array of future careers in and beyond STEM that are well-served by evidence-based approaches. The 2019 Society for Neuroscience meeting included a well-attended workshop on integrating research into the curriculum at primarily undergraduate institutions (PUIs). This article is the second of three articles that summarize, analyze, and expand the workshop discussions. In this second article, we specifically describe approaches to transitional research courses that prepare students for independent research experiences such as undergraduate research theses. Educators can intentionally scaffold research experience and skills across the curriculum, to foster participation in scientific research and enhance diversity, equity, and inclusivity in research training. This article provides an overview of important goals and considerations for intermediate undergraduate research experiences, specific examples from several institutions of transitional courses that scaffold research preparation using different structures, and a summary of lessons learned from these experiences.",CRE; CURE; PUI; STEM; active learning; equity; inclusive; mentoring; research course; scaffolding; undergraduate research; underrepresented populations,,Journal Article
33880092,PMC8040836,,19,1,A52-A63,Integrating Research into the Undergraduate Curriculum: 1. Early Research Experiences and Training.,2020-12-31,"Undergraduate research experiences have emerged as some of the most beneficial high-impact practices in education, providing clear benefits to students that include improved critical thinking and scientific reasoning, increased academic performance, and enhanced retention both within STEM majors and in college overall. These benefits extend to faculty members as well. Several disciplines, including neuroscience, have implemented research as part of their curriculum, yet many research opportunities target late stage undergraduates, despite evidence that early engagement can maximize the beneficial nature of such work. A 2019 Society for Neuroscience professional development workshop provided multiple examples of integrating research into an undergraduate curriculum, including early engagement (Fernandes, 2020). This article is the first in a series of three that expands upon the information presented in those workshop discussions, focusing on ways to promote early research opportunities. The benefits and challenges associated with early research engagement suggest thoughtful consideration of the best mechanisms for implementation are warranted; some options might include apprenticeship models or course-based approaches. Regardless of mechanism, early research can serve to initiate more prolonged, progressive, scaffolded experiences that span the academic undergraduate career.",PUIs; curriculum; diversity; first-year students; inclusion; mentorship; pedagogy; undergraduate research,,Journal Article
33880091,PMC8040847,,19,1,A36-A51,"Physiologists turned Geneticists: Identifying transcripts and genes for neuronal function in the Marbled Crayfish, Procambarus virginalis.",2020-12-31,"The number of undergraduate researchers interested in pursuing neurophysiological research exceeds the research laboratory positions and hands-on course experiences available because these types of experiments often require extensive experience or expensive equipment. In contrast, genetic and molecular tools can more easily incorporate undergraduates with less time or training. With the explosion of newly sequenced genomes and transcriptomes, there is a large pool of untapped molecular and genetic information which would greatly inform neurophysiological processes. Classically trained neurophysiologists often struggle to make use of newly available genetic information for themselves and their trainees, despite the clear advantage of combining genetic and physiological techniques. This is particularly prevalent among researchers working with organisms that historically had no or only few genetic tools available. Combining these two fields will expose undergraduates to a greater variety of research approaches, concepts, and hands-on experiences. The goal of this manuscript is to provide an easily understandable and reproducible workflow that can be applied in both lab and classroom settings to identify genes involved in neuronal function. We outline clear learning objectives that can be acquired by following our workflow and assessed by peer-evaluation. Using our workflow, we identify and validate the sequence of two new Gamma Aminobutyric Acid A (GABAA) receptor subunit homologs in the recently published genome and transcriptome of the marbled crayfish, Procambarus virginalis. Altogether, this allows undergraduate students to apply their knowledge of the processes of gene expression to functional neuronal outcomes. It also provides them with opportunities to contribute significantly to physiological research, thereby exposing them to interdisciplinary approaches.",GABA; Marmorkrebs; Undergraduate; crustacean; decapod; gene annotation; neurophysiology; peer-mentoring,,Journal Article
33880090,PMC8040844,,19,1,A30-A35,Evaluation of Students' Conceptual Organization of Neuroscience May Depend on the Expert Referent.,2020-12-31,"The Structural Assessment of Knowledge (SAK) is an implicit form of evaluation, which examines the organization of knowledge structures or networks. The current study investigates variability in expert knowledge structures of neuroscience concepts, and whether different expert referents affect undergraduate students' learning of neuronal physiology and structure and function relationships across different course levels. Experts and students made pairwise ratings of terms on their relatedness. Students completed the ratings before and after learning in the classroom. Using Pathfinder software, students' networks were compared to three expert networks: their individual professor, an average of neuroscience professors at their institution, and an average of neuroscience professors in the field across multiple institutions. Neuroscience experts had large variability in the number of links in their networks. Furthermore, an exploratory analysis suggests experts' training may differentiate knowledge structures for some concepts. For student knowledge structures, the type of expert referent interacted with the type of class for neuronal physiology, but not structure and function relationships. More specifically, for neuronal physiology, advanced students were more similar to their professor than professors at their institution or professors in the field, but introductory students' similarity did not vary by expert referent. These findings highlight the role factors such as type of class, type of expert referent, and type of knowledge may play in comparisons using SAK. These issues may be more complex in interdisciplinary fields like neuroscience.",assessment; concept mapping; expertise; knowledge representation; structural knowledge,,Journal Article
33880089,PMC8040840,,19,1,A21-A29,Dissecting the Molecular and Neural Circuit Bases of Behavior as an Introduction to Discovery-Driven Research; A Report on a Course-Based Undergraduate Research Experience.,2020-12-31,"Herein we discuss a Course-Based Undergraduate Research Experience (CURE) developed in order to engage novice undergraduates in active learning and discovery-driven original research. This course leverages the powerful genetic toolkits available for Drosophila melanogaster in order to investigate the cellular and molecular bases of cold nociception. Given the relatively inexpensive nature of Drosophila rearing, a growing suite of publicly available neurogenomic data, large collections of transgenic stocks available through community stock centers, and Drosophila's highly stereotyped behaviors, this CURE design constitutes a cost-effective approach to introduce students to principles and techniques in genetics, genomics, behavioral neuroscience, research design, and scientific presentation. Moreover, we discuss how this paradigm might be adapted for continued use in investigating any number of systems and/or behaviors - a property we posit is key to impactful CURE design.",Drosophila melanogaster; cold nociception; course-based undergraduate research; pain; project lab,,Journal Article
33880088,PMC8040843,,19,1,A1-A20,Reproducible Quantitative Stimulation Allows New Analysis of Crayfish Muscle Receptor Organ Responses.,2020-12-31,"The crustacean muscle receptor organ (MRO) has provided a particularly accessible preparation for the study of sensory coding, which has been widely used in introductory laboratory courses incorporating extracellular recording from sensory nerves in living preparations. We describe three innovations to the standard laboratory exercise using the MRO: (1) a new form of suction electrode to facilitate extracellular recording; (2) a new, Arduino-driven actuator to allow reproducible and quantifiable mechanical stimulation of the MRO; and (3) a new approach to the crayfish abdomen preparation that allows linear extension of the MRO muscles. These novel approaches allow the collection of data sets comprised of sensory cell spike trains under software control as important mechanical stimulus parameters are varied systematically through software. This additional level of user control facilitates a more robust quantitative approach to the analysis of MRO sensory neuron spike trains, which is facilitated by training in data analysis using python.",Arduino controller; Procambarus clarkii; mechanotransduction; neural adaptation; rotary actuator; sensory coding; spike train analysis; suction electrode,,Journal Article
32848524,PMC7438169,,18,2,E4-E5,"Faculty for Undergraduate Neuroscience (FUN) Statement on Diversity, Equity, and Inclusion.",2020-06-28,,,,Editorial
32848523,PMC7438173,,18,2,E3,When the COVID-19 Pandemic Changed Neuroscience Education.,2020-06-28,,,,Editorial
32848522,PMC7438164,,18,2,C8-C11,Meningitis in College Students: Using a Case Study to Expose Introductory Neuroscience Students to Primary Scientific Literature and Applications of Neuroscience.,2020-06-28,"This case study was based on a popular press news article about Krystle Beauchamp Gridley's experience with meningitis while in college (Miller, 2019). Students in an introductory neuroscience course read the popular press news article as well as an empirical article that identified risk factors for contracting meningococcal disease in college (Bruce et al., 2001). Students used information from the empirical article to identify Krystle's risk factors for meningitis. Then, students evaluated their University's policy on students receiving the meningococcal vaccine based on what they had learned. This case supports two important goals of neuroscience education, 1) exposing students to primary scientific literature early in their undergraduate education and 2) developing an understanding of the broader implications of scientific research for society. Students enjoyed learning about meningitis using the case-study method, reading the primary scientific article, and considering how scientific research can be applied to policy decisions. Further, the case was instrumental in supporting the content and process learning objectives.",case study; introductory neuroscience course; meningitis; primary scientific literature; science applications,,Case Reports; Journal Article
32848521,PMC7438170,,18,2,A129-A133,Undergraduate Participation in the Society for Neuroscience.,2020-06-28,"Undergraduate neuroscience education has grown substantially in the US as well as participation in outreach and research activities by undergraduates. In line with these observations, undergraduates may also be seeking membership in the Society for Neuroscience (SfN) as well as attending the SfN annual meeting. Data in the present report show that undergraduate membership in SfN has increased between 2013 and 2019 as well as annual undergraduate SfN meeting attendance and abstract submissions for research presentations. Increases were observed for both US and international undergraduates. These data are discussed in the context of motivations of undergraduates to pursue future academic training and/or careers in neuroscience. These data are important to faculty and administrators at institutions that currently have or seek to establish new undergraduate neuroscience programs given membership in a professional society and attendance at a major conference can positively impact academic and professional development.",Society for Neuroscience; neuroscience graduates; neuroscience majors; neuroscience programs,,Journal Article
32848520,PMC7438171,,18,2,A121-A128,Quantifying the Effects of Two Local Anesthetics on the Crayfish Stretch Receptor Organ: An Integrated Neurophysiology Lab.,2020-06-28,"The crayfish stretch receptor organ (SRO) preparation represents a robust experimental model for undergraduate laboratory experiences. For example, this preparation may be included as part of a course-based undergraduate research experience (CURE), where students work independently to plan and carry out their own experiments. In the current paper, we provide an example of how local anesthetics may be used to manipulate the SRO preparation and to perform quantitative analyses of SRO action potential firing rates. Local anesthetics provide interesting tools for manipulating physiological responses within the nervous system. A variety of inexpensive anesthetics are available for student use and each of these is expected to inhibit neurophysiological responses. While specific anesthetics exhibit subtle differences in chemical organization, they are generally understood to block voltage gated sodium channels. In the current study, we investigated the effects of two local anesthetics, MS-222 and procaine, on the action potential firing rate from the crayfish SRO. Using quantitative analyses of SRO action potential generation, we determined that each anesthetic has unique inhibitory effects on action potential firing rate that may be explained by their neuropharmacological properties. This manipulation may thus be utilized as an interesting experimental tool in undergraduate teaching laboratories. Local anesthetics applied to crayfish SRO preparations can thus be used to deepen student understanding of local anesthetics, exercise quantitative analyses, and provide experimental tools for independent experimental design.",MS-222; crayfish; local anesthetics; muscle receptor organ; neurophysiology; procaine; stretch receptors,,Journal Article
32848519,PMC7438167,,18,2,A112-A120,Cocktail Napkin Presentations: Design of an Activity to Enhance Undergraduate Communication and Critical Evaluation of Neuroscience Primary Literature.,2020-06-28,"Distilling complex neuroscientific ideas in a succinct and elegant way is an art. The distilled product must have smoothly flowing logic, communicate a substantial body of knowledge, and be easily digestible by the audience. At the same time, the essence of scientific accuracy and experimental design cannot be lost in the distillation process. When undergraduates encounter primary literature for the first time, they are often stifled by its overpowering complexity and astringent technicality, but can quickly learn how exciting and interesting some of their subtle findings can be. Here, the design of a novel learning activity is presented that utilizes a cocktail napkin to synthesize the knowledge and skills required for fluidity in neuroscience primary literature. The activity was implemented within the context of an upper-level developmental neurobiology course for biology majors. The activity was designed specifically to increase neuroscience literacy and oral communication. The activity appeared to address a needed shift in students' attitudes to reading primary literature, and students additionally remarked how deeply engaged they were with the literature. When paired with mentored instruction, students' values toward neuroscience appeared to change as they learned to produce distillations that were rich in content and delightful to the scientific mind.",developmental neurobiology; neuroscience pedagogy; primary literature; science communication; transformational teaching; upper-level undergraduate,,Journal Article
32848518,PMC7438168,,18,2,A102-A111,Comparing Active Learning to Team-Based Learning in Undergraduate Neuroscience.,2020-06-28,"Team-based learning (TBL) is a special form of collaborative learning that involves the use of permanent working teams throughout the semester. In this highly structured and interactive teaching method, students perform preparatory activities outside of class to gain factual knowledge and understand basic concepts. In class, students collaborate with peers to apply content, analyze findings, and synthesize new ideas. To better understand the learning outcomes specific to TBL courses, we analyzed end-of-semester course evaluations from an undergraduate neuroscience course taught using either a moderate structure active learning or TBL format. Our analysis reveals that the TBL taught classes had significantly higher levels of self-reported learning in the areas of gaining, understanding, and synthesizing knowledge. We propose that these gains are driven by the TBL readiness assurance process and peer evaluations. Both of these structural components are expected to increase student accountability, motivation, and engagement with course content.",Active Learning; STEM; Team-Based Learning (TBL); Undergraduate Neuroscience Education,,Journal Article
32848517,PMC7438166,,18,2,A93-A101,Using Drosophila Motor Mutants to Teach Neurodevelopment in an Undergraduate Neurobiology Lab.,2020-06-28,"Most undergraduate neuroscience courses include a neurodevelopment component. Typically, the focus is on development of the mammalian central nervous system, including the concepts of neurulation, patterning of the neural tube, and differentiation of the various cells required to build a functional nervous system. However, it can be challenging to design an affordable undergraduate laboratory exercise to reinforce these concepts for students outside of lecture. Here we describe a laboratory exercise that takes advantage of the high level of conservation in neurodevelopmental pathways using Drosophila as a model organism to illuminate the connection between cell differentiation and nervous system function. Following a lesson discussing spinal cord development, students use Drosophila larvae to assess the effects of mutations in highly conserved motor neuron differentiation genes on motor behaviors such as crawling. As outcomes of this laboratory, students are able to master important neurodevelopmental concepts, connect neurodevelopment to nervous system function, and gain experience with experimental design and data analysis.",Drosophila; Motor neuron differentiation; Motor systems; Neurodevelopment; Spinal cord development,,Journal Article
32848516,PMC7438172,,18,2,A86-A92,Chick Embryonic Primary Astrocyte Cultures Provide an Effective and Scalable Model for Authentic Research in a Laboratory Class.,2020-06-28,"Cell culture provides an impactful tool for undergraduates to study a range of neurobiological processes. While immortalized or cancer cell lines offer a level of convenience for undergraduate research, particularly for larger scale course-based undergraduate research experiences (CUREs) or project-based learning (PBL), primary cell cultures more closely retain the characteristics of the tissue of origin, allowing students to engage in a wider range of authentic research projects. Astrocytes have gained increasing attention for their role in modulating neuronal viability and are at the forefront of neuroprotection research. Here we describe a method of primary astrocyte culture preparation, derived from embryonic day 8 chicken embryos, optimized for a cell biology laboratory class. The primary astrocytes, prepared and maintained by undergraduates, were used as the model system for student-centered research projects in which students investigated cytoskeletal changes in response to drug treatments. Students reported several learning gains from the experience. The ease of the primary culture method for novice research students allows greater flexibility in designing authentic and scalable research experiences.",actin; astrocytes; chick embryo; course-based undergraduate research experience (CURE); primary cell culture; project-based learning (PBL),,Journal Article
32848515,PMC7438165,,18,2,A75-A85,Interactive Student-Centered Neuroscience Workshops for Sixth Graders Enhance Science Knowledge and Education Attitudes.,2020-06-28,"UCNeuro, a University of California, Riverside student-run organization, developed, implemented, and tested a school-based supplemental science intervention. The purpose of this intervention was to improve students' neuroscience knowledge and education attitudes and meet, in part, California's new elementary science education standards. The intervention consisted of interactive, hands-on neuroscience workshops on the structure of a neuron, neuron-to-neuron communication, brain structure and function, autonomic nervous system function, and drug effects on the brain. Under the supervision of a faculty neuroscientist, undergraduate students implemented the intervention with 77 sixth-grade students in one school in Riverside County, California. Pre- and post-test results showed increases in students' neuroscience knowledge, confidence in achieving their goals, likeliness to go to college, and desire to attend school. Excitement about learning science material and school learning opportunities did not change after the workshops. We hope that the UCNeuro workshops can be employed and adapted to the existing curriculum to improve knowledge in the life sciences while California's new elementary science standards are being operationalized.",STEM; assessment; attitudes toward college; attitudes toward science; hands-on activities; outreach; undergraduate student teachers,,Journal Article
31983906,PMC6973299,,18,1,T1-T8,3D Printing Neuron Equivalent Circuits: An Undergraduate Laboratory Exercise.,2019-12-21,"The electrical equivalent circuit for a neuron is composed of common electrical components in a configuration that replicates the passive electrical properties and behaviors of the neural membrane. It is a powerful tool used to derive such fundamental neurophysiological equations as the Hodgkin-Huxley equations, and it is also the basis for well-known exercises that help students to model the passive (Ohmic) properties of the neuronal membrane. Unfortunately, as these exercises require basic knowledge of electronics, they are generally not physically conducted in biomedical courses, but remain merely conceptual exercises in a book or simulations on a computer. In such manifestations, they lack the ""hands-on"" appeal for students and teachers afforded by laboratory experimentations. Here, we propose a new approach to these experiments in which a desktop 3D printer and conductive paint are used to build the circuit and the popular programmable microcontroller, the Arduino UNO, is used as a graphical oscilloscope when connected to a standard computer. This set-up has the advantage of being very easy to build and less clumsy than a circuit in a prototyping board or connected with alligator clips, with the added benefit of being conveniently portable for classroom demonstrations. Most importantly, this method allows the monitoring of real-time changes in the current flowing through the circuit by means of a graphical display (by way of the Arduino) at a fraction of the cost of commercially available oscilloscopes.",3D printing; Arduino UNO; DIY; electrical equivalent circuit; neuron electrical model; oscilloscope,,Journal Article
31983905,PMC6973303,,18,1,E1-E2,JUNE: Continuing to Advance Neuroscience Education in the New Decade.,2019-12-21,,,,Editorial
31983904,PMC6973301,,18,1,C5-C7,'Without A Key': A Classroom Case Study.,2019-12-21,"This case study uses a narrative focused on locked-in syndrome to engage upper-level undergraduate students with functional neuroanatomy, clinical neuroscience, and brain computer interface technology. Students 'diagnose' the etiology of a composite patient's symptoms using behavioral, neurological, neuroimaging, and electrophysiological test results. Students work both in small groups and as a class to develop analytical and communication skills by exploring the underpinnings, symptoms, and outcomes of locked-in syndrome and how behavioral and brain computer interface techniques could be used to improve quality of life in patients. A complete, detailed description of classroom implementation and the case narratives are available from the corresponding author or from cases.at.june@gmail.com.",brain computer interface; case study; event-related potentials; locked-in syndrome; problem-based learning,,Case Reports; Journal Article
31983903,PMC6973298,,18,1,C1-C4,The Mysterious Case of Patient X: A Case Study for Neuroscience Students.,2019-12-21,The Mysterious Case of Patient X is adapted from an actual clinical case of a famous American writer whose symptoms initially presented as Parkinson's disease. His complex medical history challenges students to investigate alternative diagnoses. Students confront the complexity of biomedical systems from the molecular and cellular processes that underlie neuronal degeneration to the organization and integration of brain regions that control the symptoms of disease. The case is written for upper-level undergraduate or beginning graduate students in biology or neuroscience but could be adapted for introductory neuroscience courses.,Parkinson’s Disease; case study; collaborative learning; dopamine; neuroanatomy; parkinsonism; project-based learning,,Case Reports; Journal Article
31983902,PMC6973296,,18,1,A65-A74,Versatile Undergraduate Neurobiology Course-Based Research Experiences Using Open Access 3D Electron Microscopy Image Volumes.,2019-12-21,"Course-based undergraduate research experiences (CUREs) using inquiry-based methodology provide a range of positive benefits to undergraduates and instructors. Yet, the required time and cost in designing and running CUREs with detailed data acquisition steps can lead to barriers in CURE implementation. This report describes an alternative approach to CUREs that utilizes free, open access 3D image volumes as data-rich resources for neurobiology CUREs. These open access image volume CUREs (ivCUREs) effectively combine the data acquisition and analysis steps within the course, allowing more time for students to critically evaluate their hypotheses and results, compare data with peers, and reflect on their experiences. Undergraduates in this 10-week ivCURE analyzed >670 excitatory synapses across two brain areas for the presence and origins of spinules within presynaptic boutons, and fully reconstructed 13 of these synapses in 3D. These data highlight the prevalence of these enigmatic synaptic features within excitatory presynaptic boutons, and their potential importance to neuronal function. Moreover, these results underscore key benefits to ivCURE implementation, including the (1) low-cost of experimental design and implementation, (2) ability to utilize the same data-rich image volume across multiple ivCUREs, (3) potential to generate publishable analyses, and (4) flexibility to scale projects and class sizes up at little to no cost. Opportunities for undergraduates to engage in inquiry-based ivCUREs that examine a host of unexplored questions in neurobiology will continue to grow, in parallel with rapid advances in 3D microscopy techniques and the increased availability and diversity of open access image volumes and analytical tools.",CURE; ImageJ; cortex; hippocampus; image analysis; neuroanatomy; presynaptic bouton; serial section electron microscopy (ssEM); spinule; spinule-bearing bouton (SBB); three-dimensional (3D) reconstruction,,Journal Article
31983901,PMC6973300,,18,1,A57-A64,Modulating the Zebrafish Camouflage Response Pathway to Illustrate Neuroendocrine Control Over a Robust and Quantifiable Behavior.,2019-12-21,"Zebrafish detect the light levels of their surroundings and adjust their coloration in response. By controlling the location of melanosome pigment granules within melanocytes in their dermis, fish can lighten or darken their appearance to blend in with their environment. This camouflage response pathway, which begins in the retina and ends in the melanocyte, involves both neuronal and endocrine signaling. Ultimately, two hormones, α-melanocyte stimulating hormone and melanin concentrating hormone, converge on the melanocyte and cause dispersion or aggregation of melanosomes, respectively; the camouflage behavior can therefore be modulated both environmentally and pharmacologically. Here, we describe a two-part protocol designed for use in an undergraduate laboratory. Students induce the camouflage response by exposing zebrafish larvae to darkness or bright light, in conjunction with pharmacological treatments that alter the ability of the larvae to properly respond to these environmental cues. Students then fix the larvae, take photographs of their samples using their smartphones and dissecting microscopes, and directly measure the camouflage response by quantifying the size of melanocytes using ImageJ software. Finally, students present their data in a single professional-quality figure with an accompanying detailed figure legend. This protocol enables students to gain unique laboratory experiences in which they modulate and quantify a hormone-driven behavior, observable on a cellular level. It can therefore complement course topics in neurobiology, endocrinology, animal physiology, animal behavior, and cell biology classes.",camouflage; cytoskeleton; hormones; melanocytes; melanophores; melanosomes; neuroendocrinology; pituitary gland; zebrafish,,Journal Article
31983900,PMC6973302,,18,1,A51-A56,Quantitative Indicators of Continued Growth in Undergraduate Neuroscience Education in the US.,2019-12-21,"There is both anecdotal and quantitative evidence that undergraduate neuroscience education has grown substantially in the US. Therefore, efforts to continue to track changes in undergraduate neuroscience education are important. Here we provide quantitative data that both public and private institutions are creating new undergraduate neuroscience programs. In addition, we demonstrate that the number of graduates from undergraduate neuroscience programs continues to increase compared to graduates from other life sciences programs. These data are important to faculty and administrators at institutions that currently have or seek to establish new undergraduate neuroscience programs.",life science programs; neuroscience graduates; neuroscience majors; neuroscience programs,,Journal Article
31983899,PMC6973297,,18,1,A44-A50,Everyday Neuroscience: A Community Engagement Course.,2019-12-21,"The University of Pennsylvania offers ""Academically Based Community Service"" courses, which equip college students with real-world problem-solving skills relevant to their discipline of study in the service of the local community. The present report describes such a course called Everyday Neuroscience, in which Penn undergraduates developed ten neuroscience-relevant laboratory activities for high school students attending a nearby under-resourced public high school. For the community service component of the course, students ran these lab activities with small, consistent groups of high school students, based on topics that included traumatic brain injury, vision, reflexes, and attention. The academic component of the course included written reflections, reading scholarly works about education disparities, and making presentations to the class. At the end of the semester, the undergraduates self-reported that the course improved specific professional skills, namely teaching and communication, innovation and creativity, and critical thinking. Results of the before-and-after survey indicated that certain aspects of psychological and social well-being were rated more positively at the end of the semester compared with the beginning. In particular, students experienced a significant increase in confidence to express their own ideas and the feeling that they had something important to contribute to society. Their reflections revealed a theme of increased awareness of social issues, such as educational disparities. In sum, these results suggest that Everyday Neuroscience imparts professional skills related to communication, innovation and critical thinking, as well as improved social awareness.",Active Learning; Community Engagement; High School Laboratory Activity; Outreach; Service learning,,Journal Article
31983898,PMC6973305,,18,1,A15-A43,Cognitive and Non-Cognitive Outcomes Associated with Student Engagement in a Novel Brain Chemoarchitecture Mapping Course-Based Undergraduate Research Experience.,2019-12-21,"Course-based undergraduate research experiences (CUREs) engage emerging scholars in the authentic process of scientific discovery, and foster their development of content knowledge, motivation, and persistence in the science, technology, engineering, and mathematics (STEM) disciplines. Importantly, authentic research courses simultaneously offer investigators unique access to an extended population of students who receive education and mentoring in conducting scientifically relevant investigations and who are thus able to contribute effort toward big-data projects. While this paradigm benefits fields in neuroscience, such as atlas-based brain mapping of nerve cells at the tissue level, there are few documented cases of such laboratory courses offered in the domain. Here, we describe a curriculum designed to address this deficit, evaluate the scientific merit of novel student-produced brain atlas maps of immunohistochemically-identified nerve cell populations for the rat brain, and assess shifts in science identity, attitudes, and science communication skills of students engaged in the introductory-level Brain Mapping and Connectomics (BM&C) CURE. BM&C students reported gains in research and science process skills following participation in the course. Furthermore, BM&C students experienced a greater sense of science identity, including a greater likelihood to discuss course activities with non-class members compared to their non-CURE counterparts. Importantly, evaluation of student-generated brain atlas maps indicated that the course enabled students to produce scientifically valid products and make new discoveries to advance the field of neuroanatomy. Together, these findings support the efficacy of the BM&C course in addressing the relatively esoteric demands of chemoarchitectural brain mapping.",CURE; active learning; brain atlas; collaboration; course-based undergraduate research experience; discovery; experimental design; introductory biology; laboratory instruction; mapping; neuroanatomy; neuroscience; science communication; science process skills,,Journal Article
31983897,PMC6973304,,18,1,A1-A14,Student-led Recaps and Retrieval Practice: A Simple Classroom Activity Emphasizing Effective Learning Strategies.,2019-12-21,"It is imperative that college and university faculty members continue to collaborate to develop and assess innovative teaching methods that effectively encourage learning for all undergraduates, particularly in STEM. Here we describe a simple student-led classroom technique, recap and retrieval practice (R&RP), that we, as two instructors at different institutions, collaboratively implemented in three upper-level STEM courses. R&RP sessions are short, student-led reviews of previous course material that feature student voices prominently at the start of every class period. R&RP sessions require a small team of students to prepare and deliver a review of prior course content via active retrieval practice formats, which are well known to be particularly effective learning tools. These R&RP assignments were also designed to emphasize additional evidence-based learning practices (concrete examples, dual coding, elaboration, interleaving, and spaced practice). Our analysis of undergraduate student experiences both in leading and participating in R&RPs indicates that overall R&RP sessions were well-received, active learning strategies that our students indicated fostered their learning. As instructors, we found R&RPs an effective and efficient strategy to encourage class participation, assess class participation, and emphasize student voices in our classrooms. Moreover, we found that collaboratively deploying a learning activity allowed us to observe the impact of a specific pedagogical activity in varied instructional settings and enhanced our professional development as educators.",active learning; faculty development; inclusive pedagogy; pedagogy; retrieval practice; testing effect,,Journal Article
31360136,PMC6650263,,17,2,T12-T18,An Electrophysiological Investigation of Power-Amplification in the Ballistic Mantis Shrimp Punch.,2019-06-30,"Mantis shrimp are aggressive, burrowing crustaceans that hunt using one the fastest movements in the natural world. These stomatopods can crack the calcified shells of prey or spear down unsuspecting fish with lighting speed. Their strike makes use of power-amplification mechanisms to move their limbs much faster than is possible by muscles alone. Other arthropods such as crickets and grasshoppers also use power-amplified kicks that allow these animals to rapidly jump away from predator threats. Here we present a template laboratory exercise for studying the electrophysiology of power-amplified limb movement in arthropods, with a specific focus on mantis shrimp strikes. The exercise is designed in such a way that it can be applied to other species that perform power-amplified limb movements (e.g., house crickets, Acheta domesticus) and species that do not (e.g., cockroaches, Blaberus discoidalis). Students learn to handle the animals, make and implant electromyogram (EMG) probes, and finally perform experiments. This integrative approach introduces the concept of power-amplified neuromuscular control; allows students to develop scientific methods, and conveys high-level insights into behavior, and convergent evolution, the process by which different species evolve similar traits. Our power-amplification laboratory exercise involves a non-terminal preparation which allows electrophysiological recordings across multiple days from arthropods using a low-cost EMG amplifier. Students learn the principles of electrophysiology by fabricating their own electrode system and performing implant surgeries. Students then present behaviorally-relevant stimuli that generate attack strikes in the animals during the electrophysiology experiments to get insight into the underlying mechanisms of power amplification. Analyses of the EMG data (spike train burst duration, firing rate, and spike amplitude) allow students to compare mantis shrimp with other power-amplifying species, as well as a non-power-amplifying one. The major learning goal of this exercise is to empower students by providing an experience to develop their own setup to examine a complex biological principle. By contrasting power-amplifiers with non-power-amplifiers, these analyses highlight the peculiarity of power amplification at multiple levels of analysis, from behavior to physiology. Our comparative design requires students to consider the behavioral function of the movement in different species alongside the neuromuscular underpinnings of each movement. This laboratory exercise allows students to develop methodology, problem-solving and inquisitive skills crucial for pursuing science.",behavior; convergent evolution; electrophysiology; motor control; muscle activity; power amplification,,Journal Article
31360135,PMC6650258,,17,2,E13-E14,Innovation in Neuroscience Education for Diverse Student Populations.,2019-06-30,,,,Editorial
31360134,PMC6650253,,17,2,E7-E12,Models for Spiking Neurons: Integrate-and-Fire Units and Relaxation Oscillators.,2019-06-30,"Relaxation oscillators are nonlinear electronic circuits that produce a repetitive non-sinusoidal waveform when sufficient voltage is applied. In this fashion, they are reminiscent of integrate-and-fire neuron models, except that they also include components with hysteresis, and thus require no threshold rule to determine when an impulse has occurred or to return the voltage to its reset value. Here, I discuss the pros and cons of teaching elementary neurophysiology using first-order linear integrate-and-fire neurons versus relaxation oscillator circuits. I suggest that the shortcomings of both types of models are useful in order to foster a critical understanding of the neurophysiology underlying the firing dynamics of biological neurons.",integrate-and-fire model; python programming; relaxation oscillator; teaching lab; transistor,,Journal Article
31360133,PMC6650256,,17,2,C1-C5,Two Scientists Share Nobel Prize for the First Time! A Case Study Developed for Exploring the History of Neuroanatomy.,2019-06-30,"In this case, students read a 'press release' that describes the awarding of the 1906 Nobel Prize in Physiology or Medicine to Camillo Golgi and Santiago Ramon y Cajal. The case was developed to highlight the historical significance of these first descriptions of the nervous system for an upper level undergraduate neuroanatomy course. The dialogue was presented in a way to pique the students' interest by focusing on the disagreement between the two scientists on the structure and arrangement of neurons in the brain and peripheral nervous system. In the middle of the case, there were two concept check questions to ensure that the students understood the conflicting theories put forth by Golgi and Ramon y Cajal. At the end of the narrative, the class was broken into groups and assigned a series of questions to engage the students in reading primary literature (e.g., the acceptance speeches of both scientists), as well as secondary review articles on both Golgi's and Ramon y Cajal's contributions to the field of neuroscience. A series of primary and secondary articles was provided to the class, although this could be optional (depending on the course/level of students). Students presented their answers to the class in the form of short presentations. The case could also be used in an introductory neuroscience class to present the foundations of neuroanatomy, controversies in scientific discovery, biases that have existed or still exist, and how scientific information was disseminated prior to the 21st century.",case-based learning; collaborative learning; history of neuroanatomy; neuroanatomy; neuron doctrine; primary and secondary literature; reticular theory,,Case Reports; Journal Article
31360132,PMC6650261,,17,2,A159-A167,Neuroscience and Education Colleagues Collaborate to Design and Assess Effective Brain Outreach for Preschoolers.,2019-06-30,"Neuroscience outreach efforts are currently aimed at older elementary or high school children and have not traditionally assessed effectiveness. Additionally, programs are often initiated by either neuroscientists or educators alone, with few combined instances of these groups working together. Considering the wide range of benefits that accompany interdisciplinary collaborations for outreach, this study sought to develop a neuroscience curriculum for preschool students via collaborations between neuroscience and education departments. Six neuroscience lessons addressing various functions of the brain were taught to preschool students in consecutive weeks. The first lesson was given to the entire class, after which a baseline pre-assessment was performed. Students were then divided into groups, after which only half of the class received further neuroscience instruction. A post-assessment measured for increases in neuroscience knowledge in the students. Results showed that students who received the neuroscience lessons had a greater understanding of content-specific material compared to the group who did not receive neuroscience lessons. The undergraduates involved also reported great benefits from participation in this program. This work addresses the gap in interdisciplinary science programming targeting young elementary aged students, and also provides a framework for improved design and assessment of such programs to continue to better scientific outreach efforts.",neuroscience; outreach; preschool,,Journal Article
31360131,PMC6650262,,17,2,A153-A158,Development of Low-Cost Tactile Neuroanatomy Learning Tools for Students With Visual-Impairment.,2019-06-30,"Visual impairment is the most common form of disability in the world and results in major challenges to the education and employment of affected individuals. It is important, therefore, to provide the best possible higher education for these individuals, not only providing the same access to theoretical contents but also training them for their future work environment. The reliance of neuroanatomy teaching on visual material creates a set of challenges for educators, a situation that is only worsened by the lack of specific neuroanatomy teaching tools for students with visual impairment. To overcome this problem, a set of tactile tools for neuroanatomy education was prepared using low-cost materials such as hot-melt adhesive, pins and easily found fabrics. These tools were then employed in an undergraduate class of physical therapy, speech therapy and occupational therapy students that included a student with visual impairment. The use of tactile tools allowed full integration of the student, who was able to participate in hands-on classes with her peers. We anticipate that the ease of fabrication and the low cost may allow this experience to be replicated in the instruction of neuroanatomy in undergraduate neuroscience programs at other institutions.",blindness; cooperative learning; gross anatomy education; inclusive education; visual impairment,,Journal Article
31360130,PMC6650254,,17,2,A145-A152,"Motivation, Belongingness, and Anxiety in Neuroscience Undergraduates: Emphasizing First-Generation College Students.",2019-06-30,"The growth of undergraduate neuroscience programs nation-wide demonstrates that interest in this field is escalating. By understanding what motivates neuroscience undergraduates to do well and how they generally feel toward their major and environment, educators will be better able to attend to the needs of their neuroscience students. Thus, the present study aimed to characterize the psychosocial profiles of neuroscience majors in the U.S., with a particular interest in potential differences by generation in college, school type, and gender. For this, U.S. institutions that offer a neuroscience major were identified, and program directors/coordinators were asked to share a study survey with neuroscience majors at their school. The survey, which included demographics and measures of motivation, sense of belongingness, and anxiety, was completed by 756 students from 69 different institutions. Results showed that first-generation college students had lower academic performance (i.e., GPA), which was mediated by differences in motivation, and test- and trait-anxiety. Further, students from Liberal Arts Colleges reported valuing neuroscience courses more than students at National Universities, and the desire to meet others expectations, value of neuroscience course work, and anxiety were higher among female neuroscience students than males. Finally, test-anxiety was the strongest correlate of academic performance. These insights help identify potential targets for developing new teaching and advising strategies that could be employed to facilitate success among all neuroscience undergraduates.",academic performance; anxiety; belongingness; first-generation students; motivation; neuroscience major,,Journal Article
31360129,PMC6650255,,17,2,A130-A144,An Effective Model for Engaging Faculty and Undergraduate Students in Neuroscience Outreach with Middle Schoolers.,2019-06-30,"Engaging undergraduate students in science outreach events is critical for improving future communication between scientists and community members. Outreach events are opportunities for faculty and undergraduates to utilize active learning strategies to engage non-scientists in scientific questions and principles. Through careful design of outreach events, undergraduate students can practice science communication skills while reaching populations of the public that remain underserved and underrepresented in scientific fields. Here we describe a classroom outreach event designed to give a broad overview of the field of neuroscience to middle school students of all backgrounds by delivering the content in school, during school hours. Through a variety of active learning strategies, middle school students learned about basic structures of the brain and their corresponding functions. Additionally, these students participated in demonstrations during which they generated and tested their own hypotheses and learned about sensory transmission and responses. We designed the lesson to meet the educational goals for middle school students, fulfilling the criteria for the Next Generation Science Standard MS-LS1-8 (NGSS Lead States, 2013). We evaluated the impact of the event on both undergraduate student instructors and middle school participants. Our results demonstrate that these outreach events effectively deliver new content to middle school students while also reinforcing the importance and value of outreach to undergraduate instructors.",assessment; brain awareness week; communication; nervous system; neuroscience; outreach,,Journal Article
31360128,PMC6650257,,17,2,A125-A129,Development of an Introductory Neuroscience Teaching Experience for Undergraduates with a Low-Cost Neuroscience Summer Academy.,2019-06-30,"Undergraduate students studying neuroscience have limited opportunities to develop and apply teaching skills before joining a graduate program. Once in a graduate program, students in neuroscience programs are often hired as teaching assistants, adjuncts, or instructors of record. We propose that a low-cost, mentored, short-term summer neuroscience brain academy with high school student participants provides undergraduate students with critical introductory neuroscience teaching experience. Additionally, the experience serves as a service-learning opportunity for faculty and student personnel in a neuroscience laboratory. In this specific program, undergraduate students generate and deliver neuroscience lessons to high school students under the mentorship of a faculty member. This article contains an overview of the purpose of the summer academy, budgetary considerations, materials required, and the roles of faculty and students, with the goal that this model can be replicated at other universities. We propose that this experience addresses a critical gap in early neuroscience professional training.",neuropsychology; neuroscience; neuroscience education; service learning; teaching; undergraduate teaching,,Journal Article
31360127,PMC6650260,,17,2,A119-A124,Hands-on Undergraduate Experiences Using Low-Cost Electroencephalography (EEG) Devices.,2019-06-30,"Most methods used in cognitive neuroscience use expensive equipment that requires extensive training. This normally limits the hands-on experiences available to undergraduate neuroscience students, despite the known benefits of this type of learning. However, new commercially-available electroencephalography (EEG) systems aim to make the classic methodology available to laypeople, for instance, for the purposes of meditation practice. In this study, we evaluated the use of one such device - the Muse headband - to teach undergraduate neuroscience majors about cognitive neuroscience methodology and the research process. Students at Stonehill College practiced using the devices and then conceived, designed, and implemented their own experiments related to a topic of their choosing as part of a Research Methods in Neuroscience course. Objectively, students better retained material related to their experience compared with material only presented in lecture. Subjectively, they reported better understanding the material because of their experiences. They also reported that the experience made them more excited about studying neuroscience.",cognitive neuroscience; electroencephalography (EEG),,Journal Article
31360126,PMC6650259,,17,2,A111-A118,Long Term Potentiation in Mouse Hippocampal Slices in an Undergraduate Laboratory Course.,2019-06-30,"Long-term potentiation (LTP) is thought to be a critical mechanism underlying learning and memory. Although LTP is now widely performed in neuroscience research laboratories and the theory behind it is taught in many undergraduate courses, it is rare for undergraduate students to have the opportunity to perform LTP experiments themselves. Here, we describe a series of two laboratory sessions in which upper level students learn how to perform LTP experiments in acute hippocampal slices from wild type mice. In Laboratory 1, students practice the techniques necessary to set up the experiments. These techniques include making solutions, pulling glass recording electrodes, performing brain removal, preparing hippocampal slices, and positioning electrodes in area CA1. For Laboratory 2, hippocampal slices are prepared in advance by the instructors. Students record LTP by stimulating the Schaffer collateral axons and recording postsynaptic field potential responses in the apical dendritic region of area CA1. Once the students determine appropriate stimulus strength, they collect baseline responses, deliver a tetanic stimulus, and then collect responses 10 and 30 minutes following tetanic stimulation. Students analyze the data in LabChart 7 (ADInstruments - North America, Colorado Springs, CO, 2011) and perform appropriate statistical tests to determine whether potentiation has occurred. These laboratory exercises provide a unique opportunity for students to gain an appreciation for the techniques that are fundamental to studies of neural electrophysiology and plasticity as evidenced through a learning assessment tool.",acute hippocampal slice; electrophysiology; long term potentiation (LTP); mouse; neural plasticity,,Journal Article
30618509,PMC6312147,,17,1,T1-T11,How to Train a Honey Bee.,2018-12-15,"In the early twentieth century, Karl von Frisch performed seminal work on the organization of social behavior of honey bees. Much of his work involved training individual foragers to distant artificial feeders. Similar training methods have been used in research laboratories for the better part of a century, and these methods lend themselves well to advanced undergraduate biology classes in animal behavior. In recent years, students have used these methods in group projects to study color preference and time-memory. In this Technical Paper, we describe the basic steps of training honey bees to a distant feeder. We also provide alternative methods for answering specific types of questions that students in animal behavior classes might wish to address.",Apis mellifera; animal behavior; field training; learning and memory; student projects,,Journal Article
30618508,PMC6312132,,17,1,E4-E6,JUNE: The Journal of Neuroscience Education.,2018-12-15,,,,Editorial
30618507,PMC6312137,,17,1,E1-E3,"""Understanding Checkpoints"" Followed by Self-Evaluation to Assess Students' Scientific Literacy and Mastery of Content and Techniques.",2018-12-15,"An Understanding Checkpoint (UC) presents students with previously-unseen figures from published scientific studies accompanied by questions about the study methods, results, and implications. The UCs incorporate content, concepts, and techniques previously discussed in class, although the figures and study from which they are taken are new to students. They are in-class, open-note, time-limited assessments that simultaneously assess course learning goals related to: neurobiology principles and content; process of scientific investigation, including neurobiological research tools and data interpretation; and reading and analyzing primary research literature. After students submit their work, they are provided the full publication and are asked to grade their own work, providing rationale for their evaluation. The self-evaluative portion of the assignment incentivizes students to identify and remediate ongoing weaknesses. It also provides spaced retrieval practice to enhance learning. The final grade for the UC incorporates the student's original answers and the accuracy of the self-assessment rationale. Student and instructor feedback indicates that the self - evaluative requirement develops a deeper understanding of the course material and enhances metacognitive effort, in addition to providing an opportunity to improve the UC grade. This strategy was originally presented as a teaching demonstration at the 2017 Faculty for Undergraduate Neuroscience Workshop.",STEM education; formative assessment; neuroscience education; summative assessment; undergraduate,,Journal Article
30618506,PMC6312144,,17,1,A97-A110,Classroom-Based Research Experiences to Support Underserved STEM Student Success: From Introductory Inquiry to Optogenetics in the Embryonic Chicken.,2018-12-15,"In order to help overcome barriers to success for undergraduate STEM students from disadvantaged backgrounds, we developed two classroom-based research experiences (REs), Connecting Life (CL) and the Summer Research Institute (SRI). These REs were implemented over a two-year period (2014-2015) for regional community college students as part of the Southern Illinois Bridges to the Baccalaureate (SI Bridges) program. CL and SRI, broadly centered in biomedical sciences research, are designed to be offered in tandem. CL utilizes a guided inquiry approach with microscopy work-stations in experimental cell biology to experientially introduce research while building skills and confidence. CL serves as the gateway experience for the SRI, an intensive summer RE in which scholars engage in authentic research using modern technologies including optogenetics. We piloted the REs in year 1 (9 scholars) and made refinements in year 2 (10 scholars). Participants (""Bridges scholars"") were enrolled full-time at one of two regional, rural community colleges, and came on-site to Southern Illinois University at Carbondale (SIUC) for the paid REs. Here we report the development, design and implementation of CL and the SRI, and report improved STEM research-related attitudes and aptitudes as a result of these experiences. Our findings suggest that guided inquiry with increasingly technical authentic research projects in a classroom-based and supportive learning community-style setting is a positive model for the transformation of underserved community college students into confident, motivated scientists with research-ready skills, and is likely translatable to other research novices.",CURE; active learning; biomedical science; cell biology; community college; disadvantaged; neuroscience education,,Journal Article
30618505,PMC6312133,,17,1,A89-A96,"Engaging, Entertaining, and Educating Under-Served and At-Risk Youth with STEM-Based Activities.",2018-12-15,"In recently constructing a curriculum for our Neuroscience major, a service-learning component was included that requires students to develop and present STEM-based activities to underserved 4th-6th grade children in an afterschool program. Though initially proposed with a primary goal of teaching children specific concepts in the field of neuroscience, efforts have gradually shifted towards simply increasing interest in, and enthusiasm for, STEM through interactive demonstrations. Most of the activities used incorporate neuroscience examples that are inherently intriguing and conceptually accessible to children. The present article briefly summarizes our experiences with enlisting college students as youth mentors, and having those students work within the community to establish a conducive setting for such a program. Insight is also offered into developing activities that might be successful for working with this particular population, including possible approaches to assessing effectiveness. Finally, specific examples for several activities are given.",STEM-learning; children; community service; neuroscience program; service learning; undergraduate mentors,,Journal Article
30618504,PMC6312139,,17,1,A81-A88,Using A Contrast Illusion to Teach Principles of Neural Processing.,2018-12-15,"Neuroscience is a rapidly growing, multidisciplinary field that is advancing our understanding of the human condition. Therefore, studying key principles in neuroscience is critical for a well-rounded education across a wide range of disciplines. However, neuroscience concepts can be intimidating and challenging for undergraduate students to learn, especially when they lack active learning opportunities. To address this problem, we developed an interactive laboratory exercise to challenge students to use observational measurements of a visual contrast illusion to study neural activity. The goal of this study was to understand the effectiveness of this active learning exercise in increasing students' fundamental understanding of how perception is shaped by neural circuits in the retina. Students conducted simple psychophysical experiments to measure thresholds for detecting illusory spots under various conditions and described their results in a laboratory assignment. Assessment of students' confidence and practical understanding of neural processing, before and after engagement with the laboratory exercise, was used to improve curriculum and instruction.",Hermann Grid; center-surround antagonism; lateral inhibition; receptive field; retinal ganglion theory (RGT); visual illusion,,Journal Article
30618503,PMC6312131,,17,1,A72-A80,The Behavioral Effects of Oral Psychostimulant Ingestion on a Laboratory Rat Sample: An Undergraduate Research Experience.,2018-12-15,"Presented is a lab exercise designed to augment an upper-level undergraduate class covering the topics of psychopharmacology, biopsychology, physiological psychology, or introductory neuroscience. The exercise was developed as a tool to allow students to investigate behavioral correlates of oral psychomotor stimulant ingestion and observe firsthand the benefits and challenges of using animal models to study behavior. The purpose of the exercise was to observe the unconditioned, natural behaviors of laboratory rats prior to, and following, the oral administration of commonly used, over-the-counter psychomotor stimulants, and for students to experience the process of neuroscience research. Of specific interest was the comparison of behaviors demonstrated by the animals following ingestion of the nonprescription stimulants caffeine and pseudoephedrine. Students went through the steps of a research project by actively participating in all aspects of experimental design, including construction of testing apparatus, animal care, drug measurement and dosage, data collection, and analyzing behavioral data to determine animal response to psychomotor stimulant exposure. Through repetition of treatment conditions separated by a clearance phase, students observed experiment replication and learned about a research design commonly applied in animal research. Successful replication of treatment effects also served to exemplify the concepts of reliability and validity in behavioral research, while observable responses in animal models provided students with the opportunity to extrapolate important considerations for differential behavioral effects of psychostimulant consumption in humans.",animal research; anxiety; caffeine; elevated plus maze (EPM); pseudoephedrine; psychomotor stimulants; psychopharmacology,,Journal Article
30618502,PMC6312134,,17,1,A67-A71,Using iBiology as a Tool for Undergraduate Neuroscience Education.,2018-12-15,"This article presents iBiology, a free website that produces online resources for science education. iBiology develops material that can be used in preparation prior to lecture or as part of the curriculum and includes videos (research talks and technical videos), flipped classroom curriculum, and professional development courses. Neuroscience educators can find videos of leading scientists explaining crucial experiments in their field or demonstrating critical laboratory techniques like fluorescence microscopy. Here we provide examples on how educators integrate iBiology into their curriculum.",Career Exploration; Educational Resources; Flipped Classroom Curriculum; Professional Development; iBiology,,Journal Article
30618501,PMC6312136,,17,1,A59-A66,Impact of Experiential Neuroscience of Meditation Course on Attitudes Toward Meditation and Science.,2018-12-15,"An interdisciplinary, intensive, and experiential course on Neuroscience of Meditation was designed to fulfill a general education science requirement. Class activities included lecture, class discussion of the textbook and scholarly articles, laboratory experimentation, and practicing 15 different forms of meditation. Laboratory investigations included sheep brain dissection, physiological measurements of the autonomic nervous system, electroencephalogram, salivary enzyme assays, attention testing, and psychological questionnaires. The Determinants of Meditation Practice Inventory (DMPI) and My Attitude Toward Science (MATS) scales were administered at the beginning and conclusion of the course; barriers to meditation were reduced and positive attitudes toward school science were increased. Comments on course evaluations praised this incorporation of contemplative pedagogy into a neuroscience course.",contemplative neuroscience; contemplative pedagogy; education; meditation; mindfulness; neuroscience,,Journal Article
30618500,PMC6312148,,17,1,A54-A58,"A Report on the Qualities, Skills, and Characteristics Desired by Top Neuroscience Graduate Programs.",2018-12-15,"As neuroscience popularity grows, more and more students are seeking entry into doctorate-granting programs in this field. Currently, the literature lacks clarity regarding which features these programs prioritize when evaluating applications. This study sought to determine the value of specific application components, research skills, and personal characteristics that have historically been desired by graduate schools. Of the 82 top ranked doctorate-granting programs invited to participate, 39 responded. Respondents used a 1 (not at all valued) to 7 (incredibly valued) Likert scale to indicate ratings for 7 common application components (e.g., basic research, academic success, letters of recommendation). Those 7 components were also ranked from 1 (least essential) to 7 (most essential). Similar ratings and rankings were requested for seven areas of research (e.g., rodent research, bench skills, related background knowledge). Finally, respondents used the Likert scale and rankings to indicate the value of various personal characteristics, including persistence and reliability. The results clearly indicated that having basic research experience was the most essential component of the application (mean rating: 6.72; SD: 0.46). Letters of recommendation were the second most valuable component (mean: 6.67; SD: 0.48), with comments indicating that letters provide a means for application committees to best assess the personal characteristics provided in the survey. Collectively, these data highlight the importance of gaining as much research experience as possible if graduate school is a goal for students, and it further informs faculty who engage in undergraduate mentoring on best practices for preparing those students for graduate school.",Neuroscience; academic success; application; graduate school; research; undergraduate mentoring,,Journal Article
30618499,PMC6312145,,17,1,A50-A53,Raising Awareness About Prescription and Stimulant Abuse in College Students Through On-Campus Community Involvement Projects.,2018-12-15,"As prescription stimulants become more common on college campuses, concerns have been raised about the abuse of these drugs by college students. Estimates are that up to 20% of college students abuse prescription stimulants, most often by ingesting medications not prescribed to them. In an effort to raise awareness and disseminate information about the potential harmful effects of abusing prescription stimulants, students enrolled in a Health Psychology course participated in small-group community involvement projects. This paper describes the value of such projects, details the specific projects completed by the students, how the projects were graded and assessed, and discusses the usefulness of these and similar projects in neuroscience-related courses.",Adderall; Ritalin; Vyvanse; community involvement projects; stimulant abuse,,Journal Article
30618498,PMC6312140,,17,1,A40-A49,Teaching Dose-response Relationships Through Aminoglycoside Block of Mechanotransduction Channels in Lateral Line Hair Cells of Larval Zebrafish.,2018-12-15,"Here we introduce a novel set of laboratory exercises for teaching about hair cell structure and function and dose-response relationships via fluorescence microscopy. Through fluorescent labeling of lateral line hair cells, students assay aminoglycoside block of mechanoelectrical transduction (MET) channels in larval zebrafish. Students acquire and quantify images of hair cells fluorescently labeled with FM 1-43, which enters the hair cell through MET channels. Blocking FM 1-43 uptake with different concentrations of dihydrostreptomycin (DHS) results in dose-dependent reduction in hair-cell fluorescence. This method allows students to generate dose-response curves for the percent fluorescence reduction at different concentrations of DHS, which are then visualized to examine the blocking behavior of DHS using the Hill equation. Finally, students present their findings in lab reports structured as scientific papers. Together these laboratory exercises give students the opportunity to learn about hair cell mechanotransduction, pharmacological block of ion channels, and dose-dependent relationships including the Hill equation, while also exposing students to the zebrafish model organism, fluorescent labeling and microscopy, acquisition and analysis of images, and the presentation of experimental findings. These simple yet comprehensive techniques are appropriate for an undergraduate biology or neuroscience classroom laboratory.",DHS; FM 1-43; MET channel; dihydrostreptomycin; dose-response curves; drug competition; fluorescence microscopy; hair cells; lateral line; mechanoelectrical transduction channel; zebrafish,,Journal Article
30618497,PMC6312146,,17,1,A34-A39,The Neuroscience Classroom Remodeled with Team-Based Learning.,2018-12-15,"As neuroscience faculty we strive to have students be invested in their learning and be engaged in the process. However, these attributes are difficult to promote using a lecture-based format. Flipping the classroom so that students prepare before coming to class obliges them to take responsibility for their learning. This, combined with having them work in Teams with their classmates - across the entire semester - provides incentive and support. This article describes how I applied a method called Team-Based Learning (TBL) to my Neurobiology course. TBL requires that students read the assigned text before class and demonstrate their knowledge through quizzes called Readiness Assurance Tests (RATs) that are completed first individually (iRAT) then by each Team (tRAT). This process uncovers the most challenging material and identifies student misconceptions that the instructor addresses through mini-lectures. In subsequent classes, students work in Teams solving content-specific application questions (ungraded) and complete four written Team assignments (graded) that require critical thinking and collective decisions. Teams represent a safe space for students to share knowledge, ask questions, learn from and teach one another. Placing students in Teams promotes regular attendance and ensures preparation before class. Students report that working in Teams helps them to remember content and how to use the group's knowledge to solve problems. They also note the benefits of hearing multiple perspectives, diverse arguments, and different ways to reason. Scores on hourly exams and course grades show that TBL is an effective means for students to learn Neurobiology.",TBL; active learning; collaborative learning; flipped classroom; group work; student engagement; student-centered learning; teaching strategies,,Journal Article
30618496,PMC6312135,,17,1,A26-A33,Mystery Neurotransmitters! An Active Learning Activity on Synaptic Function for Undergraduate Students.,2018-12-15,"A core learning objective of undergraduate neuroscience education is an understanding of synaptic function and neurotransmission. This article presents a critical thinking activity in which students explore and evaluate neurotransmitter function at the synapse. Students analyze fictional datasets to identify fundamental processes involved in synaptic function, first following evoked neurotransmitter release and then in response to two ""mystery"" drugs. The activity requires students to synthesize information from multiple datasets in order to interpret data and figures, skills crucial to science literacy. Students' self-reported perceptions and declarative knowledge following the activity suggest that this activity promoted critical thinking and deep learning related to synaptic function. The activity is amenable to collaborative, team-based learning and can be modified for a range of undergraduate courses in neuroscience, psychology and biology.",active learning; classroom activity; drug abuse; neuroscience; neurotransmission; pharmacology; synapse function; undergraduate,,Journal Article
30618495,PMC6312142,,17,1,A20-A25,"Neuroscience and Sustainability: An Online Module on ""Environmental Neuroscience"".",2018-12-15,"Neuroscience has extensive and vital applications to environmental sustainability that have yet to be fully integrated into undergraduate education: The neurotoxicity of common chemicals and the health dangers of anthropogenic sensory noise are well known. Research on the neural bases for value-based decision making has implications for pro-environmental efforts. Neural and sensory responses to nature exposure show health benefits of such 'green' experiences. Despite these implications, the term ""environmental neuroscience"", in sharp contrast to ""environmental psychology"", is virtually unheard of in undergraduate education. Here we present a model for explicitly integrating environmentally-relevant neuroscience content into an undergraduate class without sacrificing its standard range of materials. Students completed a stand-alone online ""Environmental Neuroscience Module"" by reading and reflectively writing about popular science articles on environmentally-applied neuroscience issues. Results show that students saw the module as enhancing their understanding of class material and their application of neuroscience to sustainability and their lives. Students showed better performance on a knowledge test of environmental neuroscience relative to a control group. They also showed higher self-ratings of connectedness to nature, a robust predictor of eco-friendly behaviors. The module might thus serve as an efficient model for enriching neuroscience education through environmental applications while also fostering its contribution to sustainability efforts. Our approach might also point to novel ways of integrating neuroscience with disciplines like environmental studies and of reaching a diverse student body by teaching neuroscience in the context of important societal issues.",environmental education; interdisciplinary; neuroscience education; online teaching; pedagogy,,Journal Article
30618494,PMC6312138,,17,1,A10-A19,Recommendations for Developing an EEG Laboratory at a Primarily Undergraduate Institution.,2018-12-15,"Given its relatively low cost and minimal required space, an EEG laboratory provides the most feasible human cognitive neuroscience technique to implement at primarily undergraduate institutions (PUI). However, neuroscience programs at PUIs may be deterred from incorporating EEG methods into their research programs and/or classrooms due to limited funds and resources. This article provides recommended guidelines for faculty researchers looking to set up an EEG lab at their host PUIs with an emphasis on feasibility. We offer considerations regarding infrastructure, equipment, personnel, and potential sources of funding. A case study is also provided, describing the successful implementation and development of an EEG/ERP lab at a Midwest PUI, Baldwin Wallace University. Our goal is to offer diverse options for starting a new, or revitalizing an existing, EEG lab. We contend that such a laboratory at a PUI will advance undergraduate students' access to interdisciplinary neuroscience research and curricular opportunities.",electroencephalography (EEG); event-related potentials (ERP); neuroscience education; primarily undergraduate institution (PUI),,Journal Article
30618493,PMC6312143,,17,1,A1-A9,Analysis of Student Attitudes of a Neurobiology Themed Inquiry Based Research Experience in First Year Biology Labs.,2018-12-15,"Inquiry based research experiences are thought to increase learning gains in biology, STEM retention, and confidence in students of diverse backgrounds. Furthermore, such research experiences within the first year of college may foster increased student retention and interest in biology. However, providing first year students in biology labs with inquiry-based experiences is challenging given demands of large student enrollments, restricted lab space, and instructor time. Thus, we aimed to integrate a small neurobiology themed research experience within a three-week modular, first-year biology laboratory setting. For this, students first performed a whole class lab examining the effects of ethanol on movement and associative learning. Using skills they acquired, the students devised, executed, and presented their self-designed experiments and results. Using pre-and post-course surveys, we analyzed student attitudes on their experiences, including technical skills, inquiry-based learning styles in which experimental outcomes are often unknown, and research in their first year of biology. Analyzing data collected for three years, we found that students self-reported gains in technical skills and positive attitudes toward inquiry-based learning. In contrast, we found that students did not self-report increased interest in research experiences in general.",C. elegans; CURE; biology labs; first-year students; inquiry-based learning; module courses,,Journal Article
30254549,PMC6153007,,16,3,E39-E41,Support for Undergraduate Neuroscience at the NSF and NIH.,2018-09-15,,,,Journal Article
30254548,PMC6153018,,16,3,E35-E38,Integrating Addiction into the Neuroscience Curriculum.,2018-09-15,"Addiction is a relevant and fascinating topic that can be readily taught within undergraduate neuroscience curricula. Modern research has afforded tremendous insights into the neuroscience of addictions, including substance use disorders, behavioral addictions, and disorders of impulse control and compulsivity. Building on the neuroscience of plasticity associated with learning and memory, we now understand a great deal about the temporal and spatial progression of these disorders in adult and developing brains. Addictions have considerable health and social consequences to modern society, particularly with legalization of marijuana, the increasing popularity of numerous gambling/gaming venues, and the surge of methamphetamine and opioid abuse. To guide healthy medical practices and help inform policy makers, there is an increasing need for neuroscientists informed on addiction topics. Undergraduate education for students with an interest in the neurosciences is an excellent venue to achieve this goal. Key to this education is what modern neuroscience informs us on addiction processes and making these concepts relevant to the undergraduate student. Toward that end, this editorial will illustrate how addiction neuroscience can be integrated into ongoing curricula at the undergraduate level.",addiction neuroscience; behavioral addictions; substance use disorders,,Journal Article
30254547,PMC6153004,,16,3,E33-E34,This is Not Your Grandmother's Faculty Development Program.,2018-09-15,"For decades, our nation has called upon higher education to create a more competitively-trained and diverse STEM workforce. While recent efforts to improve undergraduate STEM education have been successful, they have largely focused on ""fixing"" students and been devoid of the kind of effort needed to build institutional change capacity, moderate STEM departmental climate, and/or provide professional development for faculty. As a result, U. S. global preeminence in science and technology remains threatened, and the prevailing systems of oppression that continue to marginalize students from underrepresented groups remain intact. Redressing this particular trend calls not only for a deeper understanding of what works in STEM higher education reform, but also for an understanding of what works best for whom and under what conditions. To this end, my presentation for the 2017 FUN Workshop at Dominican University explored the most important advances in culturally responsive undergraduate STEM teaching, as well as the outcomes thereof. Attendees were invited to interrogate their own motivations for teaching and training future generations of diverse neuroscientists, and to contribute to developing both immediate and future next steps for national STEM higher education reform.",,,Journal Article
30254546,PMC6153003,,16,3,A289-A295,Probing Synaptic Transmission and Behavior in Drosophila with Optogenetics: A Laboratory Exercise.,2018-09-15,"Optogenetics is possibly the most revolutionary advance in neuroscience research techniques within the last decade. Here, we describe lab modules, presented at a workshop for undergraduate neuroscience educators, using optogenetic control of neurons in the fruit fly Drosophila melanogaster. Drosophila is a genetically accessible model system that combines behavioral and neurophysiological complexity, ease of use, and high research relevance. One lab module utilized two transgenic Drosophila strains, each activating specific circuits underlying startle behavior and backwards locomotion, respectively. The red-shifted channelrhodopsin, CsChrimson, was expressed in neurons sharing a common transcriptional profile, with the expression pattern further refined by the use of a Split GAL4 intersectional activation system. Another set of strains was used to investigate synaptic transmission at the larval neuromuscular junction. These expressed Channelrhodopsin 2 (ChR2) in glutamatergic neurons, including the motor neurons. The first strain expressed ChR2 in a wild type background, while the second contained the SNAP-25ts mutant allele, which confers heightened evoked potential amplitude and greatly increased spontaneous vesicle release frequency at the larval neuromuscular junction. These modules introduced educators and students to the use of optogenetic stimulation to control behavior and evoked release at a model synapse, and establish a basis for students to explore neurophysiology using this technique, through recapitulating classic experiments and conducting independent research.",Drosophila; SNAP-25; behavior; electrophysiology; neuromuscular junction; optogenetics,,Journal Article
30254545,PMC6153008,,16,3,A282-A288,Muscle Spindles and Our Sense of Physical Self: Kinesthetic Illusions of Limb Position and Posture.,2018-09-15,"This article describes three simple activities we presented at the 2017 FUN Faculty Workshop at Dominican University that demonstrate how proprioceptive information contributes to our mental image of physical self, and how artificially altering this information creates kinesthetic illusions. We focus on the muscle spindle contribution to limb positional sense and standing postural maintenance. We use a percussion stimulator to vibrate muscle spindles in several muscle groups, causing an artificially incorrect message to the CNS that a muscle has lengthened. This creates an illusion of limb position or standing posture change. Although descriptive data can suffice to engage students in these activities, we suggest quantitative measurements to add further depth. These activities are open for continued student-designed exploration. They lead directly to discussions of sensory physiology, central pathways for integration of sensory information and spinal pathways to execute motor commands. A broader context for the activities could include postural adaptations at sea and upon return to land, postural illusions experienced by astronauts and the postural and locomotor problems they experience upon return to Earth, and the effects of aging and disease on the proprioceptive control of limb position and posture.",illusion; kinesthesia; muscle spindle; posture; proprioception; sensory physiology,,Journal Article
30254544,PMC6153001,,16,3,A277-A281,Reducing the Cost of Electrophysiology in the Teaching Laboratory.,2018-09-15,"Electrophysiology is a fundamental part of neuroscience and there are many published laboratory exercises suitable for undergraduates. However, the cost of equipping a lab is often a barrier to implementing these exercises. In this paper, we outline lab needs, suggest strategies for building a lab incrementally by adding equipment as budgets permit, and suggest specific areas for cost-cutting. We also point out instances in which it makes most sense to purchase or borrow research-grade equipment. A linked Google document lists specific items, prices, and purchase links.",amplifier; electrophysiology; extracellular; intracellular; micromanipulator; vibration isolation,,Journal Article
30254543,PMC6153017,,16,3,A273-A276,Expanding Collaborations between the Neuroscience Training Committee of the Society for Neuroscience and the Faculty for Undergraduate Neuroscience.,2018-09-15,"At the FUN workshop at Dominican University in July 2017, we presented a session on activities of the Neuroscience Training Committee (NTC) of the Society for Neuroscience (SfN). We focused on activities that pertain to undergraduate neuroscience education and how NTC could help the Faculty for Undergraduate Neuroscience (FUN) achieve its goals and objectives in the coming years. We outlined a brief history of how FUN became involved with the Association of Neuroscience Departments and Programs, one of the parent organizations from which the current NTC evolved. We provided examples of the efforts that the NTC is making to include more activities that support undergraduate neuroscience education, including providing support for FUN workshops and its accompanying special issue in the Journal of Undergraduate Neuroscience Education (JUNE). In addition, we solicited feedback from the participants at this session for ideas for how the NTC could better serve members of FUN. This discussion yielded questions about the value of Institutional Program (IP) memberships for undergraduate institutions and suggestions, such as reduced membership fees and discounts for abstracts, and/or registration attendance at the annual SfN conference for individuals at colleges or universities with IP membership. Other suggestions included providing short courses in undergraduate pedagogy (including program and curriculum development), sponsorships for developing new assessment tools or innovative curricula, and providing more support for JUNE. We concluded our session by encouraging FUN members to become active in NTC programs and to seek membership to the NTC and other SfN committees to ensure that the voice of undergraduate neuroscience education will continue to be heard.",Institutional Program (IP) membership; NTC survey; Neuroscience Training Committee (NTC); graduate school fairs; undergraduate neuroscience pedagogy; webinars on issues in undergraduate education,,Journal Article
30254542,PMC6153021,,16,3,A268-A272,Building an Inclusive Classroom.,2018-09-15,"Over the past two decades, a growing body of work has focused attention on the need for change in science, technology, math, and engineering (STEM) undergraduate education in order to broaden the participation and retention of a more diverse population of students. Increasing course structure and the use of active learning strategies are two of the ways that educators have successfully created more inclusive classrooms. This growing body of work makes it possible to adopt pedagogies based on the evidence that these strategies are effective for all of our students, and that they can help us close the achievement gap for underrepresented populations of students. This paper provides a brief summary of some of the strategies instructors may consider adopting in their own classes to provide an inclusive, structured environment.",active-learning; equitable teaching; inclusive pedagogy; retrieval practice,,Journal Article
30254541,PMC6153011,,16,3,A261-A267,The Allen Brain Atlas as a Resource for Teaching Undergraduate Neuroscience.,2018-09-15,"The open science movement has resulted in a growing field of data- and tool-sharing platforms that serve as a resource not only for sharing data and results in the field of brain science but has allowed students and researchers to learn neuroscientific skills and concepts. For over a decade, the Allen Institute for Brain Science has been meticulously collecting high quality data mapping gene expression, connectivity and, more recently, functional data from the brains of mice, macaques and humans. These open data have been paired with unique navigation and visualization tools such that the neuroscience researcher can explore, utilize and even incorporate these data into their publications. The tools created to explore and analyze the Allen Brain Atlas datasets have also been widely utilized to teach neuroscientific concepts to undergraduate and graduate students. This article aims to outline how to use the Allen Brain Atlas resources as teaching tools to impart neuroanatomic concepts to undergraduate and graduate neuroscience students.",Allen Brain Atlas; Allen Mouse Brain Atlas; Gene Expression; In Situ Hybridization (ISH),,Journal Article
30254540,PMC6153014,,16,3,A252-A260,A Discussion of Diversity and Inclusivity at the Institutional Level: The Need for a Strategic Plan.,2018-09-15,"A wider discussion is taking place nationally regarding how universities can make 'real' change in the old way of academic business. These changes include a hard look at the inclusive nature of the institutional environment as a whole. Lack of diversity is most noticeable within higher administrative levels of universities across the country. We have now reached a point where true reflection and assessment of inclusive practices on our campuses must be carried out so that we fully serve the needs of all of our students. In this breakout session participants will share best practices currently in place or strategic planning at your institutions, which not only promote diversity and inclusion in the classroom but describe strategies for institutional buy-in at all levels and provide examples of accountability measures that further promote diversity and inclusion at higher administrative levels.",administration; best practices; diversity; implicit bias; inclusion,,Journal Article
30254539,PMC6153019,,16,3,A244-A251,The New Blueprints: Undergraduate Neuroscience Education in the Twenty-First Century.,2018-09-15,"The Faculty for Undergraduate Neuroscience (FUN) has mounted many summer workshops since its first in 1995 held at Davidson College. An important outcome of the 1995 workshop was the development of four ""blueprints"" to help guide institutions in developing and maintaining undergraduate programs in neuroscience. Since then, at approximately ten-year intervals, participants at the FUN workshops have revisited and amended the Blueprints to better reflect best practices in undergraduate neuroscience education, including adding a fifth blueprint in 2005. In 2017, participants at the FUN workshop held at Dominican University again conducted a review of the blueprints and amended each of the five. A significant change resulting from the 2017 discussions was revision of the neuroscience minor blueprint to reflect the evolution of this program type across institutions.",core competencies; neuroscience emphasis in biology; neuroscience emphasis in psychology; neuroscience major; neuroscience minor; neuroscience studies,,Journal Article
30254538,PMC6153010,,16,3,A236-A243,Using Online Images to Teach Quantitative Skills via Comparative Neuroanatomy: Applying the Directives of Vision and Change.,2018-09-15,"Vision and Change calls for increasing the quantitative skills of biology majors, which includes neuroscience majors. Accordingly, we have devised a module to give students practice at regression analyses, covariance, and ANOVA. This module consists of a quantitative comparative neuroanatomy lab in which students explore the size of the hippocampus relative to the brain in 62 different mammalian species-from an anteater to a zebu. We utilize a digital image library (with appropriate metadata) allowing students to quantify the size of the hippocampus as well as obtain an index of the size of the brain in these various species. Students then answer the following questions: (1) Do brains scale with body size? (2) Does the hippocampus scale with brain size? (3) If we control for body size, does the hippocampus still scale with brain size? (4) How does the hippocampus change as a proportion of brain size? (5) Is the proportional scaling of the hippocampus different among primates, carnivores, and other mammals? (6) Do the data provide evidence for mosaic or concerted evolution? Measures of the pedagogical efficacy showed clear and significant gains on a PreTest vs PostTest assessment of material related to the module. An open ended qualitative measure revealed students' perception of the purposes of the module, which were consistent with the learning goals. This module utilizes open access digital resources and can be performed at any institution. All the materials or links to online resources can be found at https://mdcune.psych.ucla.edu/modules/cna.",Comparative Neuroanatomy; Digital Learning; Higher Education; Hippocampus; Neuroanatomy; Pedagogy; Quantitative Skills; STEM; Vision and Change,,Journal Article
30254537,PMC6153020,,16,3,A232-A235,NeuroBytes Electronic Neuron Simulators and the 2017 FUN Summer Workshop.,2018-09-15,"During the 2017 FUN Summer Workshop held at Dominican University, we ran two sessions that allowed participants to build their own neural circuits with NeuroBytes electronic neurons. Here we briefly detail those sessions and discuss further the updates to the NeuroBytes technology since our last article was published in the Spring 2017 issue of JUNE.",FUN Summer Workshop; curriculum; electronic neurons; engineering; physiology; simulation,,Journal Article
30254536,PMC6153016,,16,3,A223-A231,Demonstrating Connections Between Neuron Signaling and Behavior using C. elegans Learning Assays and Optogenetics in a Laboratory Class.,2018-09-15,"Due to its well-described neural circuitry and identified connectome, the Caenorhabditis elegans model is well-suited for demonstrating connections between neuron signaling and behavioral outcome. In the 2017 FUN workshop at Dominican University, three behavior-based techniques were introduced for their ease of introduction to students, the flexible data collection options they offer and the inexpensive cost to implement in an education setting. These behavioral assays were adapted to address some of the challenges of performing C. elegans behavior experiments in lab classes and included: an associative chemosensory avoidance task to examine behavior of groups of worms, a mechanosensory task to observe individual worm behavior and an optogenetics assay to directly manipulate neuron signaling and simultaneously observe resultant behavior. Methods for these assays as well as example data collected by undergraduate students in a lab class are provided. FUN Workshop feedback and assessment indicate these assays were well-received and overall seen as valuable for introducing neuroscience and behavior to undergraduates in a lab class.",associative chemotaxis; biogenic amines; channelrhodopsin (ChR2); gustatory signaling; habituation; head touch; learning; mechanosensory,,Journal Article
30254535,PMC6153013,,16,3,A220-A222,Specific Aims Workshop: Your Grant in a Sound Bite.,2018-09-15,"Grant writing is an essential component of research. In an increasingly competitive funding environment, writing successful grants has become an important focus of workshops and websites with each grant proposal component requiring detailed attention. The FUN 2017 Workshop session ""Specific Aims: Your Grant in a Sound Bite"" was dedicated to provide information and guidance in constructing and composing a Specific Aims document. This workshop drew on the presenters' collective combination of grant experience ranging from successful submissions to serving as grant reviewers. The focus of the session was to provide some key points with regards to the purpose of a Specific Aims document, the typical audience who will read the Specific Aims, and how to construct Specific Aims that catch the attention of reviewers and provide a clear and concise overview of the grant with the goal of attracting funding. The following is a brief summary of this workshop and includes links to additional resources to help construct a Specific Aims document that provides clarity and outlines the impact of proposed research.",Grant Composition; National Institutes of Health (NIH); Purpose; Specific Aims,,Journal Article
30254534,PMC6153015,,16,3,A217-A219,"""Doing"" the Reading: What Neuroscience Instructors Should Know about Reading Compliance and Comprehension in College.",2018-09-15,"Many neuroscience faculty assign readings from the textbook or primary literature to their students. What can we learn from research about how many of the students actually ""do"" the reading and, of those who do it, comprehend what they read? This article presents findings from studies on college student compliance with and comprehension of assigned readings and offers research-based strategies for motivating students to complete the readings in ways that promote deep learning. Faculty are encouraged not only to ask about the role that reading plays in undergraduate learning, but also the role that they themselves play in developing college student reading proficiencies.",comprehension; reading compliance,,Journal Article
30254533,PMC6153005,,16,3,A210-A216,Recording EMG Signals on a Computer Sound Card.,2018-09-15,"For a few dollars and in a few minutes, a simple circuit can be built to permit a cheap external sound card and a laptop computer to be used as a portable data acquisition system for recording EMG. The circuit uses a common audio amplifier integrated circuit to increase the gain of the EMG signals recorded from EMG surface electrodes and to match the impedance of the electrode-skin interface with the input impedance of the sound card. Data can be recorded using open source sound editing software and analyzed offline using simple Python code. It is hoped that such activities provide opportunities to undergraduates to gain confidence as experimentalists and as innovators.",lab activity; neuroscience; noise elimination; signal analysis; undergraduate,,Journal Article
30254532,PMC6153002,,16,3,A203-A209,Demystifying Graduate School: Navigating a PhD in Neuroscience and Beyond.,2018-09-15,"The decision to apply to a PhD-granting graduate program is both exciting and daunting. Understanding what graduate programs look for in an applicant will increase the chance of successful admission into a PhD program. It is also helpful for an applicant to understand what graduate training will look like once they matriculate into a PhD program to ensure they select programs that will help them reach their career objectives. This article focuses specifically on PhD programs in neuroscience, and while we use our program, the Graduate Program in Neuroscience at the University of Minnesota, as an example, most of what we describe is applicable to biomedical graduate programs generally. In order to ensure that our description of graduate programs is typical of neuroscience graduate programs generally, we surveyed the online websites of 52 neuroscience graduate programs around the U. S. and include our observations here. We will examine what graduate schools look for in an applicant, what to expect once admitted into a PhD graduate program, and the potential outcomes for those who successfully complete their PhD in neuroscience.",PhD; graduate program,,Journal Article
30254531,PMC6153012,,16,3,A197-A202,Open Source Software Tools for Teaching Neuroscience.,2018-09-15,"We developed an interdisciplinary course in computational neuroscience to address the need for students trained in both biological/psychological and quantitative sciences. Increasingly, exposure to advanced math and physics is important to stay on the cutting edge of developments and research in neuroscience. Additionally, the ability to work in multidisciplinary teams will continue to be an asset as the field develops. This course brings together students from biology, psychology, biochemistry, engineering, physics, and mathematics. The course was designed to highlight the importance of math in understanding fundamental neuroscience concepts and to prepare students for professional careers in neuroscience. They learn neurobiology, via a 'biology to model and back again' approach involving wet- and software/modeling-labs, with the latter being the focus of this paper. We presented a subset of the software activities described here at the 2017 Faculty for Undergraduate Neuroscience Workshop.",Computational Neuroscience; Electrophysiology; Software,,Journal Article
30254530,PMC6153009,,16,3,A195-A196,Cartoon Network Update: New Features for Exploring of Neural Circuits.,2018-09-15,"Cartoon Network is an open-source simulator for neural circuits. It allows students to playfully explore the remarkable complexity that emerges from networks of interacting neurons. This brief report describes four new features that have been added to Cartoon Network: 1) the ability to save and load different networks, 2) the addition of bursting neurons, and 3) new accelerometer inputs for the Finch robot. In addition, new data from the National Institute of Teaching Psychology is reported showing that psychology faculty report strong interest in using Cartoon Network as a pedagogical tool. The updated version of Cartoon Network is available at: https://github.com/rcalinjageman/cartoon_network.",Logo; closed-loop; lab exercise; microworld; neural circuit; neural network; simulation,,Journal Article
30254529,PMC6153006,,16,3,A42-A43,"Best Practices for Developing, Assessing, and Sustaining Inclusive Curricula: Proceedings of the 2017 Faculty for Undergraduate Neuroscience Workshop.",2018-09-15,,,,Editorial
30057514,PMC6057754,,16,2,R59-R60,"Introduction to the Hypothalamic-Pituitary-Adrenal Axis: Healthy and Dysregulated Stress Responses, Developmental Stress and Neurodegeneration.",2018-06-15,"Neurohormone systems, which regulate the maintenance of homeostasis and allostasis during stress, are a fundamental subject in the understanding of neuroendocrine function. One neuroendocrine system, the hypothalamic-pituitary-adrenal axis (HPA), is crucial for stress management. Study of the HPA-axis illustrates a mélange of interactions between different physiological systems to ensure survival, longevity, development and homeostatic maintenance. While some stress is important for healthy development, chronic stress has pathological consequences. It is important that neuroscience students have a robust understanding of the HPA axis and a comprehension of the long-term negative physiological effects of stress. The three papers discussed here provide both an understanding and a greater context of the pervasive effects of chronic stress outside of the typical peripheral physiological responses usually discussed, such as heart and respiration rates. They clarify the effects of stress on the brain and neuroendocrine systems.",Hypothalamic-pituitary-adrenal axis (HPA); acute stress; aging; chronic stress; neurodegeneration; neuroendocrinology,,Journal Article
30057513,PMC6057771,,16,2,R57-R58,Faces in the Brain: The Discovery of a Neuronal Subpopulation Selective for Face Recognition.,2018-06-15,"Facial recognition is a fundamental feature of primate social interaction. However, the location and number of neurons that are solely dedicated to the recognition of faces and facial features are not well known. The following mini review describes a paper by Perrett and colleagues that identifies and describes a subpopulation of neurons in the superior temporal sulcus that appear to be strongly tuned to faces and facial features. This paper holds great value for undergraduate teaching, as it is a foundational paper within the literature of face recognition. It is an example of a publication that stands the test of time, promotes the birth of many new fields of research and displays easy to understand experimentation with profound results.",Face recognition; Face selective; Facial Features; Superior temporal sulcus; subpopulation,,Journal Article
30057512,PMC6057775,,16,2,R54-R56,Reviewing the Diverse Effects of Protein Phosphorylation in Neural Signaling Transduction.,2018-06-15,"Signaling transduction pathways are now known to be foundational mechanisms for a wide variety of biological function. Nobel laureate Paul Greengard dedicated his early career to the exploration of how these molecular cascades are triggered by neurotransmitters, hence applying a general phenomenon to the nervous system. A review by Hemmings, Nairn, McGuinness, Huganir, and Greengard published in the FASEB journal in 1989 identifies three different effects of protein phosphorylation, namely vesicle release, modulation of receptor sensitivity, and initiation of positive or negative feedback systems. The work's focus on three specific examples, rather than the exhaustive approach taken by many other reviews, provides students with an accessible framework within which to learn fundamental concepts in molecular neuroscience. The review could be incorporated as assigned reading for introductory neuroscience or even upper level molecular neurobiology, as it holds very versatile teaching potential.",neural communication; neurotransmitters; pathway regulation and modulation; signaling pathways,,Journal Article
30057511,PMC6057761,,16,2,R51-R53,The Grasshopper Mouse and Bark Scorpion: Evolutionary Biology Meets Pain Modulation and Selective Receptor Inactivation.,2018-06-15,"Pain, however unpleasant, is a vital part of survival, providing a motivating response to noxious stimuli that helps move us away from danger. In medicine, adequate pain control can be maintained using analgesics, many of which produce unwanted and complicating side effects, most notably opioid analgesics. Here, I review a study which explored the unique predator/prey relationship between the Southern grasshopper mouse (Onychomys torridus) and its natural prey, the Arizona bark scorpion (Centruroides sculpturatus). O. torridus has developed an analgesic response to the scorpion's usually highly painful sting and, in doing so, provides a wonderful display of ion channel function and evolutionary biology. O. torridus' unique adaptation serves as a strong example of Krugg's Principle, which states there exists a best animal specimen for any scientific question. This principle is utilized to great effect by the authors to better understand receptor activation in pain. The study gradually progresses from an animal behavior model to isolating the amino acid residue in the ion channel responsible for the pain-relieving effect of scorpion venom on O. torridus. This provides a convincing argument for the potential of highly selective analgesics and the prospective sites of action for these future drugs.",Analgesia; Evolutionary Biology; Neuropharmacology; Pain; Voltage-gated Sodium Channels,,Journal Article
30057510,PMC6057762,,16,2,R48-R50,One Brain. Two Minds? Many Questions.,2018-06-15,"For several decades, split-brain research has provided valuable insight into the fields of psychology and neuroscience. These studies have progressed our knowledge of hemispheric specialization, language processing, the role of the corpus callosum, cognition, and even human consciousness. Following a recent empirical paper by Pinto et al. (2017a) and review by Volz and Gazzaniga (2017), a debate has ensued about the nature of conscious perception of visual stimuli in split-brain patients. This exchange is an ideal platform for generating discussion about both the implications of recent findings and the interpretation of results from split-brain studies in general.",cognition; consciousness; corpus callosum; cross-cueing; hemispheric specialization; split-brain,,Journal Article
30057509,PMC6057757,,16,2,R44-R47,Constructing an Inexpensive Elevated Plus Maze.,2018-06-15,"Introducing students to the challenges and rewards of legitimate experimentation has become an essential part of many undergraduate lab courses. However, this objective can be difficult to achieve if the students find the topic uninteresting and therefore do not take ownership of the project. Additionally, the budgets of most undergraduate courses do not allow for the purchase of new equipment for student-generated projects. Here we describe a lab project where students engaged in the process of designing and building their own inexpensive apparatus. Driven by their interest in anxiety research, students in a Neuroscience Methods course developed the following protocol to build an elevated plus maze (EPM) and optional data acquisition module, for less than $100 each. The project engaged students in work that required applied critical thinking and real-world problem solving, and produced a functional EPM that was used in multiple projects beyond this course.",Arduino; anxiety; behavioral testing; critical thinking; elevated plus maze (EPM),,Journal Article
30057508,PMC6057774,,16,2,R39-R43,"Characteristics, Emergent Properties and Functions of Somato-dendritic T- and L-Type Calcium Channels.",2018-06-15,"The primary literature, as an adjunct to textbooks, lectures, problem sets, and laboratories, has become integral to most undergraduate neuroscience courses by extending learning to topics outside the scope of introductory textbooks, providing insight into experimental methods and design, and offering a platform for critical thinking, independent learning, and student presentations. While introductory and intermediate textbooks cover ""Hodgkin-Huxley"" (H-H) Na and K channels thoroughly, the characteristics of diverse calcium, chloride, and other sodium and potassium channels, and especially the resulting emergent cellular properties and their functional consequences, receive far less coverage. The specific aim of this report is to identify, summarize, and pedagogically evaluate six articles that describe the biophysical channel properties, resulting cellular emergent properties, and potential functions of two types of somato-dendritic calcium channels: type T- and L- type channels. The three-tier vertical organization (channel, emergence, function) across multiple channels (T-, L-type) will help students connect information across parallel and hierarchical levels of analysis.",action potential; bursting; education; plateau potential; primary literature,,Journal Article
30057507,PMC6057770,,16,2,R33-R38,Using a Model to Understand the Symptoms of Ophthalmoplegia.,2018-06-15,"When the term muscular paralysis is used, most people will think of large muscle groups such as the upper and lower limbs or life-dependent muscles such as the diaphragm. However, the extrinsic extraocular muscles can also succumb to paralysis (whether partial or otherwise). Ophthalmoplegia can arise from a number of neural conditions, and in conjunction with the complex anatomy of the ocular orbit, it can be difficult to teach such syndromes. The range of existing physical models for the eye are limited in their functional ability, prohibiting the understanding of the structure and its function especially with regards to muscles. Only one eye model has been developed which is tangible and functional by design in relation to rotational movements (Williams, 1965). The aim of this study was to ultimately build a modern version of Williams' model and via means of a Likert-type, cross-sectional questionnaire, determine the model's capacity to assist students in learning the function and anatomy of the extrinsic muscles of the eye. This foundational knowledge could then be transferred to better understand the internal causes of the visible symptoms of ophthalmoparesis and ophthalmoplegia. In much the same way that different diagnostic scans are used to observe different bodily materials, functional models may not necessarily replace the range of anatomical resources which exist, but it is hoped that models such as this will instead provide insight into an alternative aspect of anatomical learning which is yet to be considered.",anatomy; education; extraocular muscles; functional model; ophthalmoplegia; resources,,Journal Article
30057506,PMC6057756,,16,2,R20-R32,On the Application of Multivariate Statistical and Data Mining Analyses to Data in Neuroscience.,2018-06-15,"Research in neuroscience, whether at the level of genes, proteins, neurons or behavior, almost always involves the interaction of multiple variables, and yet many areas of neuroscience employ univariate statistical analyses almost exclusively. Since multiple variables often work together to produce a neuronal or behavioral effect, the use of univariate statistical procedures, analyzing one variable at a time, limits the ability of studies to reveal how interactions between different variables may determine a particular outcome. Multivariate statistical and data mining methods afford the opportunity to analyze many variables together, in order to understand how they function as a system, and how this system may change as a result of a disease or a drug. The aim of this review is to provide a succinct guide to methods such as linear discriminant analysis, support vector machines, principal component and factor analysis, cluster analysis, multiple linear regression, and random forest regression and classification, which have been used in circumscribed areas of neuroscience research, but which could be used more widely.",R; SPSS 24; data mining; multivariate statistical analyses; neuroscience,,Journal Article; Review
30057505,PMC6057769,,16,2,E32-E33,Active Learning for Students and Faculty.,2018-06-15,,,,Editorial
30057504,PMC6057765,,16,2,E26-E31,Teaching Neuroanatomy Through a Historical Context.,2018-06-15,,,,Journal Article
30057503,PMC6057753,,16,2,E21-E25,The New Statistics for Neuroscience Majors: Thinking in Effect Sizes.,2018-06-15,"An ongoing reform in statistical practice is to report and interpret effect sizes. This paper provides a short tutorial on effect sizes and some tips on how to help your students think in terms of effect sizes when analyzing data. An effect size is just a quantitative answer to a research question. Effect sizes should always be accompanied by a confidence interval or some other means of expressing uncertainty in generalizing from the sample to the population. Effect sizes are best interpreted in raw scores, but can also be expressed in standardized terms; several popular standardized effect score measures are explained and compared. Reporting and interpreting effect sizes has several benefits: it focuses on the practical significance of your findings, helps make clear the remaining uncertainty in your findings, fosters better planning for subsequent experiments, fosters meta-analytic thinking, and can help focus efforts on protocol optimization. You can help your students start to think in effect sizes by giving them tools to visualize and translate between different effect size measures, and by tasking them to build a 'library' of effect sizes in a research field of interest.",confidence intervals; effect sizes; inferential statistics; neuroscience education,,Journal Article
30057502,PMC6057758,,16,2,C7-C10,Epilepsy and the Action Potential: Using Case Based Instruction and Primary Literature in a Neurobiology Course.,2018-06-15,"Epilepsy and seizure generation are at the center of this case study narrative. By exploring the nature of genetic mutations in voltage-gated sodium channels students will solidify fundamental concepts involving action potential generation and roles for excitatory and inhibitory neurons in the central nervous system. Students will wrestle with primary data, developing analytical and quantitative skills, and generate evidence-based hypotheses and predictions. As written here, the case is used in an upper-level undergraduate course, but because the case focuses on basic fundamental neuroscience concepts, the narrative could be easily adapted for uses in introductory neuroscience courses or potentially first-year graduate courses. Full text of the case study and the classroom implementation notes are available at cases.at.june@gmail.com.",action potential; active learning; case study; epilepsy; primary literature; voltage-gated sodium channels,,Case Reports; Journal Article
30057501,PMC6057772,,16,2,A186-A194,Using ImageJ to Assess Neurite Outgrowth in Mammalian Cell Cultures: Research Data Quantification Exercises in Undergraduate Neuroscience Lab.,2018-06-15,"Brain functions rely critically upon the proper development of neuronal processes (axons and dendrites) and the formation of functional networks. Any genetic factors or environmental compounds that alter the morphological features of neurons may render the nervous system dysfunctional and result in neuronal disorders. In vitro cell culture is an important technique in assessing the effect of chemicals on neurite formation and growth of individual neurons in desired brain regions and has been fundamental in advancing our understanding of the nervous system development and functioning. Despite others offering excellent techniques in cell cultures (Catlin et al., 2016), there is a lack of available resources for teaching students how to analyze neurite outgrowth and run proper statistics on their data. Here, we first briefly discuss culturing cryopreserved mammalian neurons. We then give detailed options to aid upper level undergraduate neurobiology students to quantify neurite outgrowth using NeuronJ, a plugin in the free ImageJ package, Fiji, on both phase contrast and immunofluorescent images. This laboratory exercise provides students the opportunity to culture live neurons, quantify neuronal growth, experiment with the effects of common chemicals on neural development, and conduct statistical data analysis. Previous students expressed their great appreciation for the opportunity to work with live neurons and conduct data quantification and analysis like a true scientist. The ability to accurately measure and calculate the overall growth of neurons using the software ImageJ greatly enhanced students' confidence in presenting their results both in oral and written format.",ImageJ; Neuronal cell culture; chemicals; immunofluorescence; neurite outgrowth; neurite tracing; phase contrast,,Journal Article
30057500,PMC6057766,,16,2,A177-A185,Aversive and Appetitive Learning in Drosophila Larvae: A Simple and Powerful Suite of Laboratory Modules for Classroom or Open-ended Research Projects.,2018-06-15,"A key element of laboratory courses introducing students to neuroscience includes behavioral exercises. Associative learning experiments often conducted in research laboratories are difficult to perform and time consuming. Commonly, these experiments cannot be performed without extensive instrumentation or animal care facilities. Here, we describe three distinct laboratory modules that build on simple chemosensory and memory assays in Drosophila larvae. Additionally, we describe open-ended research projects using these assays that can be developed into semester long independent research experiences. Given that Drosophila is a genetic model organism, these simple behavioral assays can be used to generate multiple hypothesis driven projects aimed at identifying a gene or class of neurons involved in appetitive and aversive learning. These lab modules are ideally suited for undergraduates at all levels to experience and can be incorporated in a lower/upper level neuroscience course or as a high school outreach exercise. Further, these modules enable students to collect their own data sets, work in groups in collating large data sets, performing statistical comparisons, and presenting results in the form of short research papers or traditional laboratory reports that include a short literature review.",,,Journal Article
30057499,PMC6057764,,16,2,A168-A176,The Olfactory Proboscis Extension Response in the Honey Bee: A Laboratory Exercise in Classical Conditioning.,2018-06-15,"The beginning neuroscience or psychology student does not often have the opportunity to experiment with classical conditioning. Here I present an inexpensive, easy-to-implement classical conditioning experiment taking advantage of the proboscis extension response to train honey bees to learn an appetitive olfactory association. If an apiary is available, this exercise can be implemented in large scale (training many animals simultaneously) with no specialized equipment so that students can train insects to recognize and respond to a specific odor within the time constraints of a single laboratory classroom session. The proportion of bees that successfully learn the association (40-50%) is considerably lower than in systems utilizing specialized equipment, but the learning is quick and robust enough to clearly demonstrate that learning has occurred. The exercise also lends itself to easy modification to allow alternative learning tasks to be attempted (e.g., multiple odorants, alternative modalities, etc.). Furthermore, this exercise proved to be highly engaging to students.",Apis mellifera; classical conditioning; classroom exercise; laboratory exercise; olfactory learning; proboscis extension response,,Journal Article
30057498,PMC6057763,,16,2,A159-A167,Partnerships in Neuroscience Research Between Small Colleges and Large Institutions: A Case Study.,2018-06-15,"There are advantages and limitations associated with a science, technology, engineering and math (STEM) education at small, liberal arts colleges relative to larger universities. While there may be increased opportunity for personal attention and access to faculty, students at liberal arts colleges may not always have the opportunity to gain experience with state-of-the-art equipment and technology. Herein, we describe a case study of an inter-institutional partnership between Stonehill College and two neuroscience research laboratories which are part of the Veterans Affairs Boston Healthcare System (VABHS). Both laboratories are affiliated with Harvard Medical School (HMS). We discuss the benefits as well as the challenges associated with the development and maintenance of this partnership. The experience with the use of sophisticated instrumentation and technology available in these laboratories may give students a competitive edge when applying to graduate school programs. However, we contend that the most important advantage of this research experience is the development of a sense of self-esteem and professional competence that will allow students to meet the many challenges that lie ahead in graduate school and beyond.",Inter-institutional Partnerships; Neuroscience Education; Research Internship; STEM; Undergraduate Research,,Journal Article
30057497,PMC6057767,,16,2,A152-A158,Using Optogenetics to Understand Neuronal Mechanisms Underlying Behavior in C. elegans.,2018-06-15,"Approaches for inhibiting and activating neurons are essential for understanding how neurons and neuronal circuits produce behavior. Optogenetics is a recently-developed technique which uses light to manipulate neuronal activity with temporal precision in behaving animals and is widely-used by neuroscience researchers. Optogenetics is also an excellent method to incorporate into an undergraduate neuroscience laboratory module because students can learn to conduct and analyze quantitative behavioral assays, reinforce their understanding of synaptic transmission, and investigate the genetic and neuronal basis of behavior. Here, we describe a module in which students use light to activate serotonergic neurons expressing the light-activated ion channel channelrhodopsin in wildtype and mutant Caenorhabditis elegans, and observe and analyze the effects on the movement behavior of the nematode. The methods described here provide a foundation which students can use to design and conduct additional experiments that may have never been done before. Thus, this laboratory module provides an opportunity for students to learn a state-of-the-art neuroscience technique, think about neuroscience on genetic, cellular and behavioral levels, and to develop an independent research project.",Caenorhabditis elegans; behavior; genetics; optogenetics; serotonin,,Journal Article
30057496,PMC6057760,,16,2,A143-A151,A Low-Cost Morris Water Maze for Undergraduate Research: Construction and Demonstration in a Rat Model of Obesity-Induced Diabetes.,2018-06-15,"The Morris Water Maze (MWM) is a standard task for assessing hippocampal-dependent learning and memory, but the cost of commercial versions of the task may be prohibitive for some undergraduate research projects. We describe the construction of a low-cost MWM for use with rodents and demonstrate the effectiveness of the MWM in a study of the effect of diet-induced obesity on cognitive function in rats. Previous studies have described an impairment in MWM performance in rats fed a high-fat diet combined with streptozotocin injection (to model Type 2 diabetes). We attempted to replicate this finding with our water maze design, and to test the ability of a novel anti-inflammatory treatment to reduce cognitive deficits in the diabetic model. Across five days of hidden-platform training, rats in all groups (normal pellet diet vs. high-fat diet, vehicle vs. treatment) improved on the water maze at similar rates. On a 30-second probe trial, each group showed a preference for the target quadrant used during training. These results did not replicate previous findings that a high-fat diet combined with streptozotocin injections produces deficits in the water maze. However, the results validate the effectiveness of a low-cost water maze ($400 USD) constructed from commonly available materials for hidden platform water maze training. When combined with a low-cost video tracking solution (less than $1,000), we expect this apparatus will be of use to other undergraduate researchers interested in learning and memory.",Morris Water Maze (MWM),,Journal Article
30057495,PMC6057755,,16,2,A131-A142,"The Design, Implementation, and Assessment of an Undergraduate Neurobiology Course using a Project-Based Approach.",2018-06-15,"Project-based learning (PBL) is a student-centered approach that allows students to build on prior knowledge and address relevant problems while working on challenging projects. PBL is well-suited to undergraduate neuroscience courses because students are often interested in learning about diseased states of the nervous system, but can be discouraged by having to learn the chemical and cellular mechanisms underlying pathologies in a lecture-based learning environment. PBL provides students with a significant learning experience that excites them and can help them learn challenging content. Drawing from the recommendations of multiple STEM education reform efforts, I examined the effectiveness of using PBL in an undergraduate neurobiology course to provide students with significant and engaging learning experiences. Students were grouped into teams using a guild system and completed three substantial projects consisting of team-authored research papers and poster presentations. Each project was designed to address fundamental neuroscience concepts using a real-world problem. By the end of the course, students were more confident in their understanding of neuroscience and had greater understanding of neuroscience concepts. Student attitudes toward working on projects or working as a member of team did not change but remained positive throughout course. Taken together, these results suggest that PBL can be an effective way to actively engage students while allowing them to learn, integrate and communicate core neuroscience concepts.",attitude; confidence; content knowledge; neurobiology; neuroscience; project-based learning (PBL); self-efficacy; team; undergraduate,,Journal Article
30057494,PMC6057773,,16,2,A126-A130,A Simple Method for Teaching Bayesian Hypothesis Testing in the Brain and Behavioral Sciences.,2018-06-15,"Undergraduate statistics courses in the brain and behavioral sciences tend to be well-grounded in classical null hypothesis significance testing. However, many journals in the fields of neuroscience and psychology are turning away from these classical methods and their reliance on p-values in favor of alternative methods. One such alternative is Bayesian inference, and in particular, the Bayes factor, which indexes the extent to which observed data supports one hypothesis over another. As such, the Bayes factor provides an easy-to-interpret measure of evidence. However, this ease of interpretation is often in stark contrast with the actual ease of computation, even for simple experimental designs. In this paper, I present an easy-to-use formula for computing Bayes factors for two common hypothesis testing situations: the one-way ANOVA and the independent samples t-test. I give examples of its use and recommendations of how to report the results, which should help any teacher of statistics and research methods begin to incorporate Bayesian statistics into quantitative methods courses.",Bayes factor; Bayesian methods; Hypothesis testing; Statistical inference; statistics education,,Journal Article
30057493,PMC6057768,,16,2,A120-A125,Using Blogs as Practice Writing About Original Neuroscience Papers Enhances Students' Confidence in Their Critical Analysis of Research.,2018-06-15,"Increasing emphasis is being put on providing students with opportunities to read and write about primary scientific literature in undergraduate neuroscience education. Extensive research has indicated that students' attitudes and self-efficacy as well as writing quality improve when they are provided with opportunities for practice and feedback. Here we tested the value of using a blog format to practice writing about scientific research articles. Students were assigned small groups and did work on their own individual schedules to build toward time allotted in class to discuss the articles with their groups. Our goal was to build confidence in the students' ability to read and analyze original research articles. We found that the students in the junior-level Systems Neuroscience course had high confidence in their ability to read and analyze papers at the end of the blogging experience. Surprisingly, however, this did not manifest in a change in quality of final, higher stakes, written reports on original research articles when compared to a control sample from a previous year that did not include the blog assignments. We conclude that blogs provide a useful format for students to discuss research articles collaboratively while building confidence in their ability to analyze and discuss original neuroscience articles. Although the final reports' quality did not change compared to the earlier offering of the course, we believe that the blog experience is a valuable tool for building confidence and creating a positive experience for students in learning to read and analyze original neuroscience research articles.",STEM education; assignment scaffolding; blogging; critical reading; essay writing; primary literature; scientific analysis; self-efficacy; systems neuroscience,,Journal Article
30057492,PMC6057759,,16,2,A112-A119,Clinical Neuroscience in Practice: An Experiential Learning Course for Undergraduates Offered by Neurosurgeons and Neuroscientists.,2018-06-15,"Many pre-health students pursue extracurricular shadowing opportunities to gain clinical experience. The Virginia Tech School of Neuroscience introduced a formal course that provides a clinical experience superior to that received by many medical students. This course is composed of weekly 75-minute seminars that cover diseases affecting the nervous system, their diagnosis and treatment, complemented by weekly half-day intensive clinical experiences with unprecedented access to a team of neurosurgeons (in hospital operating rooms, Intensive Care Units, emergency room, angiographic suites, and wards). In the operating rooms, students routinely ""scrub-in"" for complex surgeries. On hospital rounds, students experience direct patient care and receive in-depth exposure to modern nervous system imaging. Students participate in two 24-hour ""on-call"" experiences with team providers. After call, students participate in cognitive and psychological studies to assess physiological and psychological effects of call-related sleep deprivation. Students prepare weekly essays on challenging socioeconomic and ethical questions, exploring subjects such as the cost of medicine and inequalities in access to health care. Towards the end of the course, students meet with the admission dean of the Virginia Tech Carilion medical school; they prepare a personal statement for medical school/graduate school applications, and attend a half-day block of mock medical school/graduate school interviews delivered by experienced clinicians. In lieu of a final exam, each student presents to the entire neurosurgery department, an in-depth clinical analysis of a case in which they participated. We provide details on implementation, challenges and outcomes based on experiences from three semesters with a total enrollment of approximately 60 students.",Neurosurgery; grand rounds; health care; medical school; on-call; shadowing,,Journal Article
29371856,PMC5777852,,16,1,R13-R19,Three Scientific Controversies to Engage Students in Reading Primary Literature.,2017-11-15,"In this review, three sets of papers are presented. Each of the sets presents a historical or active controversy in neuroscience ranging from cell biology and cell signaling, to developmental neuroscience, to cognitive neuroscience. The first set captures a historical controversy about whether the beta/gamma subunit of G-proteins can be active in opening ion channels. The second set represents a modern instantiation of the oldest debate in neuroscience: are our minds and brains the product of innate factors or environmental influences. This debate plays out in a series of papers on the development of the visual system. The third set contrasts the view that the hippocampus and surrounding structures primarily function to represent our location in space (a position for which the 2014 Nobel Prize in Physiology or Medicine was awarded to three investigators) with the perspective that the hippocampus is a general-purpose structure for declarative memories, spatial or non-spatial. The first and third controversies feature publications of virtually identical experiments that show opposing results. All three controversies are discussed in regards to the individual scientists who did the experiments and debated directly with each other. The first (beta/gamma subunits) emphasizes the value of reproducibility in scientific research, the second (visual cortex development) emphasizes the value of new techniques and updating scientific models, and the third (hippocampus) exposes students to an ongoing, albeit under discussed, debate.",GPCR; controversy; debate; interpretation of data; nature; nurture; pedagogy; place cells; science process; synapses,,Journal Article
29371855,PMC5777851,,16,1,R1-R12,A Guerilla Guide to Common Problems in 'Neurostatistics': Essential Statistical Topics in Neuroscience.,2017-11-15,"Effective inferential statistical analysis is essential for high quality studies in neuroscience. However, recently, neuroscience has been criticised for the poor use of experimental design and statistical analysis. Many of the statistical issues confronting neuroscience are similar to other areas of biology; however, there are some that occur more regularly in neuroscience studies. This review attempts to provide a succinct overview of some of the major issues that arise commonly in the analyses of neuroscience data. These include: the non-normal distribution of the data; inequality of variance between groups; extensive correlation in data for repeated measurements across time or space; excessive multiple testing; inadequate statistical power due to small sample sizes; pseudo-replication; and an over-emphasis on binary conclusions about statistical significance as opposed to effect sizes. Statistical analysis should be viewed as just another neuroscience tool, which is critical to the final outcome of the study. Therefore, it needs to be done well and it is a good idea to be proactive and seek help early, preferably before the study even begins.",experimental design; neuroscience; statistical analysis,,Journal Article; Review
29371854,PMC5777849,,16,1,E18-E20,For the FUN of It.,2017-11-15,,,,Editorial
29371853,PMC5777848,,16,1,E13-E17,The University of Ibadan/Grass Foundation Workshop in Neuroscience Teaching.,2017-11-15,"The University of Ibadan/Grass Foundation Workshop in Neuroscience Teaching (March 31st to April 2nd, 2017) in Ibadan, Nigeria was sponsored by the Grass Foundation as a ""proof of principle"" outreach program for young neuroscience faculty at Nigerian universities with limited educational and research resources. The workshop's goal was to introduce low cost equipment for student lab exercises and computational tutorials that could enhance the teaching and research capabilities of local neuroscience educators. Participant assessment of the workshop's activities was very positive and suggested that similar workshops for other faculty from institutions with limited resources could have a great impact on the quality of both the undergraduate and faculty experience.",education outreach; international networking; neurophysiology; teaching workshop,,Journal Article
29371852,PMC5777850,,16,1,E5-E12,Devising a Method to Study if Wernicke's Aphasia Patients are Aware That They Do Not Comprehend Language or Speak It Understandably.,2017-11-15,"Wernicke's Aphasia (WA) is characterized by an individual speaking fluent gibberish without the ability to understand anything that is said to them or anything they attempt to read. It is caused by damage to the left posterior temporoparietal cortex, also known as Wernicke's area. An additional intriguing symptom of WA patients is their apparent obliviousness to their own lack of understanding despite their intact reasoning or other cognitive abilities. Their only deficit seems to be in the basic rules of language that define word meaning, also known as phonology. Growing out of a project in an undergraduate class, we devised a phonology-free approach to communicating with WA patients that attempts to answer the questions of whether WA patients know that they do not understand what is said to them, that others do not understand what they have said, and if these patients are distressed by this lack of communication. We here describe the process and the resulting method.",Wernicke’s Aphasia (WA); anosognosia,,Journal Article
29371851,PMC5777847,,16,1,E1-E4,After p Values: The New Statistics for Undergraduate Neuroscience Education.,2017-11-15,"Statistical inference is a methodological cornerstone for neuroscience education. For many years this has meant inculcating neuroscience majors into null hypothesis significance testing with p values. There is increasing concern, however, about the pervasive misuse of p values. It is time to start planning statistics curricula for neuroscience majors that replaces or de-emphasizes p values. One promising alternative approach is what Cumming has dubbed the ""New Statistics"", an approach that emphasizes effect sizes, confidence intervals, meta-analysis, and open science. I give an example of the New Statistics in action and describe some of the key benefits of adopting this approach in neuroscience education.",Open Science; confidence intervals; inferential statistics; neuroscience education; null-hypothesis significance testing,,Journal Article
29371850,PMC5777846,,16,1,C1-C6,Using Case Studies to Promote Student Engagement in Primary Literature Data Analysis and Evaluation.,2017-11-15,"Analyzing and evaluating primary literature data is a common learning objective in undergraduate neuroscience courses. However, students with more clinically focused career goals often dismiss the relevance of evaluating basic neuroscience literature. Here, we describe using case studies to promote student engagement in primary literature in a cellular and molecular neuroscience course. Two example literature-based case studies are provided: Untwisting Pretzel Syndrome, a neurodevelopment case exploring synapse formation in a pretzel syndrome patient, and The Trials of ALS, a neurodegeneration case exploring axon degeneration and repair in an amyotrophic lateral sclerosis patient. These cases were assigned after neurodevelopment and neurodegeneration lectures covering key concepts. Both cases begin by introducing the patient and hypothesizing symptoms and diagnoses, followed by scenes incorporating primary data to illustrate disease pathogenesis and treatments. Students complete questions embedded in these cases as homework, and class time is used to discuss their answers. Discussion emphasizes that there can be multiple ""correct"" answers, and the best answers are accurate and well-supported. Accordingly, students edit their answers in class, and these annotations are factored into a pass/fail grade on the case. Additional scenes and questions from the same case studies are used on the course's take-home exams, thereby allowing students to practice primary data analysis and evaluation before a graded assignment. Student evaluations support literature-based case studies as an effective learning tool, with students identifying cases as the most valuable aspect of the course, and reporting increased confidence in understanding cellular and molecular neuroscience.",active learning; amyotrophic lateral sclerosis; case study; neurodegeneration; neurodevelopment; pretzel syndrome; primary literature,,Case Reports; Journal Article
29371849,PMC5777831,,16,1,A102-A111,An Integrative Approach to STEM Concepts in an Introductory Neuroscience Course: Gains in Interdisciplinary Awareness.,2017-11-15,"Neuroscience is an integrative discipline for which students must achieve broad-based proficiency in many of the sciences. We are motivated by the premise that student pursuit of proficiency in science, technology, engineering, and mathematics (STEM) can be supported by awareness of the application of knowledge and tools from the various disciplines for solving complex problems. We refer to this awareness as ""interdisciplinary awareness."" Faculty from biology, chemistry, mathematics/computer science, physics, and psychology departments contributed to a novel integrative introductory neuroscience course with no pre-requisites. STEM concepts were taught in ""flipped"" class modules throughout the semester: Students viewed brief videos and completed accompanying homework assignments independently. In subsequent class meetings, students applied the STEM concepts to understand nervous system structure and function through engaged learning activities. The integrative introduction to neuroscience course was compared to two other courses to test the hypothesis that it would lead to greater gains in interdisciplinary awareness than courses that overlap in content but were not designed for this specific goal. Data on interdisciplinary awareness were collected using previously published tools at the beginning and end of each course, enabling within-subject analyses. Students in the integrative course significantly increased their identification of scientific terms as relevant to neuroscience in a term-discipline relevance survey and increased their use of terms related to levels of analysis (e.g., molecular, cellular, systems) in response to an open-ended prompt. These gains were seen over time within the integrative introduction to neuroscience course as well as relative to the other two courses.",STEM; diversity; engaged learning; flipped classroom; inclusion; integrative education; intended learning outcome; interdisciplinary; introductory neuroscience,,Journal Article
29371848,PMC5777845,,16,1,A95-A101,Front and Back Flipping for Neurobiology! Developing a Hybrid Upper-Division Lab Course.,2017-11-15,"Flipped instruction using online enrichment is a popular way to enhance active learning in the laboratory setting. Graduate student teaching assistants at University of California, Irvine flipped an upper division undergraduate neurobiology and behavior lab using the new online software platform ""Rocketmix."" The following research study compares the impact of pre-lab online instruction (front flipping) and post-lab online instruction (back flipping) on student exam performance. We describe a novel method for unbiased categorization of exam questions by degree of difficulty. Multi-choice instruction encourages students to consider all distractors and discourages verbal cues and process of elimination techniques. Eighteen identical questions were evenly distributed across exam versions with multiple choice instruction (single answer) or a more challenging multi-choice instruction (more than one answer). Student performance on multiple choice questions were used to categorize the degree of difficulty of questions that were presented in multi-choice format. Our findings reveal that pre-lab instruction resulted in better student performance compared with post-lab instruction on questions of moderate difficulty. This effect was significant for both male and female students. Student survey data on the flipped lab format is provided, indicating that students appreciated the online instructional modules, finding them both informative and useful during lab exercises and exams.",Rocketmix; active learning; blended laboratory course; flipped course; neurobiology; neuroscience education; online lecture; pedagogy,,Journal Article
29371847,PMC5777844,,16,1,A89-A94,Interviewing Neuroscientists for an Undergraduate Honors Project.,2017-11-15,"Honors projects that supplement standard coursework are a widely used practice in undergraduate curricula. These projects can take many forms, ranging from laboratory research projects to performing service learning to literature analyses. Here we discuss an honors project focused on interviewing neuroscientists to learn about individual scientific practice and career paths, and synthesizing the resulting information into a personal reflection essay. We detail step-by-step instructions for performing this type of project, including how to develop interview questions, a sample project timeline, deliverables, learning objectives and outcomes, and address potential pitfalls. We provide sample interview questions, an interview solicitation email, and in the supplemental materials an example student reflection essay, assessment rubrics, and the transcription of a student-conducted interview of Drs. John Godwin and Santosh Mishra of North Carolina State University. This type of project is a promising method to enable student-researcher communication, and potentially useful to a broad spectrum of both honors and non-honors neuroscience coursework.",honors project; interviews; neuroscientists; reflection essay; rubrics; undergraduate,,Journal Article
29371846,PMC5777843,,16,1,A83-A88,Learning Experimental Design through Targeted Student-Centric Journal Club with Screencasting.,2017-11-15,"Knowledge and application of experimental design principles are essential components of scientific methodology, and experience with these skills is fundamental for participating in scientific research. However, undergraduates often enter the research laboratory with little training in designing and interpreting their own experiments. In the context of a research university laboratory, we designed a journal club training exercise to address this need. Students were instructed on methods for interpreting scientific literature using a screencast, a digital recording of a slide presentation narrated by an instructor. Students subsequently examined a series of research publications with a focus on the experimental designs and data interpretation in a two-session group discussion journal club format. We have found this approach to be an efficient and productive method for engaging students in learning about principles of experimental design and further preparing them for success in laboratory research.",experimental design; journal club; pedagogy,,Journal Article
29371845,PMC5777842,,16,1,A77-A82,Integrating Brain Science into Health Studies: An Interdisciplinary Course in Contemplative Neuroscience and Yoga.,2017-11-15,"As neuroscience knowledge grows in its scope of societal applications so does the need to educate a wider audience on how to critically evaluate its research findings. Efforts at finding teaching approaches that are interdisciplinary, accessible and highly applicable to student experience are thus ongoing. The article describes an interdisciplinary undergraduate health course that combines the academic study of contemplative neuroscience with contemplative practice, specifically yoga. The class aims to reach a diverse mix of students by teaching applicable, health-relevant neuroscience material while directly connecting it to first-hand experience. Outcomes indicate success on these goals: The course attracted a wide range of students, including nearly 50% non-science majors. On a pre/post test, students showed large increases in their knowledge of neuroscience. Students' ratings of the course overall, of increases in positive feelings about its field, and of their progress on specific course objectives were highly positive. Finally, students in their written work applied neuroscience course content to their personal and professional lives. Such results indicate that this approach could serve as a model for the interdisciplinary, accessible and applied integration of relevant neuroscience material into the undergraduate health curriculum.",contemplation; contemplative neuroscience; health studies; interdisciplinary; mental health; mindfulness; neuroscience education; non-science majors; pedagogy; yoga,,Journal Article
29371844,PMC5777841,,16,1,A68-A76,Teaching with Big Data: Report from the 2016 Society for Neuroscience Teaching Workshop.,2017-11-15,"As part of a series of workshops on teaching neuroscience at the Society for Neuroscience annual meetings, William Grisham and Richard Olivo organized the 2016 workshop on ""Teaching Neuroscience with Big Data."" This article presents a summary of that workshop. Speakers provided overviews of open datasets that could be used in teaching undergraduate courses. These included resources that already appear in educational settings, including the Allen Brain Atlas (presented by Joshua Brumberg and Terri Gilbert), and the Mouse Brain Library and GeneNetwork (presented by Robert Williams). Other resources, such as NeuroData (presented by William R. Gray Roncal), and OpenFMRI, NeuroVault, and Neurosynth (presented by Russell Poldrack) have not been broadly utilized by the neuroscience education community but offer obvious potential. Finally, William Grisham discussed the iNeuro Project, an NSF-sponsored effort to develop the necessary curriculum for preparing students to handle Big Data. Linda Lanyon further elaborated on the current state and challenges in educating students to deal with Big Data and described some training resources provided by the International Neuroinformatics Coordinating Facility. Neuroinformatics is a subfield of neuroscience that deals with data utilizing analytical tools and computational models. The feasibility of offering neuroinformatics programs at primarily undergraduate institutions was also discussed.",Allen Brain Atlas; Big Data; GeneNetwork NeuroData; INCF; Mouse Brain Library; NeuroVault; Neurosynth; OpenfMRI; educational resources; iNeuro; neuroinformatics,,Journal Article
29371843,PMC5777840,,16,1,A60-A67,Characterizing the Undergraduate Neuroscience Major in the U.S.: An Examination of Course Requirements and Institution-Program Associations.,2017-11-15,"Neuroscience is a rapidly expanding field, and many colleges and universities throughout the country are implementing new neuroscience degree programs. Despite the field's growth and popularity, little data exists on the structural character of current undergraduate neuroscience programs. We collected and examined comprehensive data on existing undergraduate neuroscience programs, including academic major requirements and institution characteristics such as size, financial resources, and research opportunities. Thirty-one variables covering information about course requirements, department characteristics, financial resources, and institution characteristics were collected from 118 colleges and universities in the United States that offer a major titled ""neuroscience"" or ""neural sciences."" Data was collected from publicly available sources (online databases, institutions' neuroscience program websites) and then analyzed to define the average curriculum and identify associations between institution and program characteristics. Our results suggest that the average undergraduate neuroscience major requires 3 chemistry, 3 biology, 3 laboratory, 2-3 neuroscience, 1 physics, 1 math, and 2 psychology courses, suggesting that most neuroscience programs emphasize the natural sciences over the social sciences. Additionally, while 98% of institutions in our database offer research opportunities, only 31% required majors to perform research. Of note, 70% of institutions offering a neuroscience major do not have a neuroscience department, suggesting that most institutions offer neuroscience as an interdisciplinary major spanning several departments. Finally, smaller liberal arts colleges account for the majority of institutions offering a neuroscience major. Overall, these findings may be useful for informing groups interested in undergraduate neuroscience training, including institutions looking to improve or establish programs, students wanting to major in neuroscience and employers hiring neuroscience graduates.",academic curriculum requirements; neuroscience major; undergraduate education; undergraduate research,,Journal Article
29371842,PMC5777838,,16,1,A52-A59,Using Action-Mapping to Design a Non-Majors Neuroeconomics Course to Teach First-Year Collegiate Skills.,2017-11-15,"With its ability to address questions about how decisions are made and why, neuroeconomics is an excellent topic of study for college students at a variety of levels. In this paper we detail a neuroeconomics course specifically modified for undecided First-year students. One particularly daunting challenge was defining clear outcomes and delivering instruction at an appropriate level. We used Action-Mapping to achieve the course objectives of teaching collegiate skills applicable to any path of study or career while also delivering content suitable for credits in both a social science and natural science.",Action-Mapping; Backward Design; Course Design; First-year Experience; Neuroeconomics,,Journal Article
29371841,PMC5777837,,16,1,A46-A51,"""Brevity is the Soul of Wit"": Use of a Stepwise Project to Teach Concise Scientific Writing.",2017-11-15,"Skillful writing is essential for professionals in science and medicine. Consequently, many undergraduate institutions have adjusted their curriculum to include in-depth instruction and practice in writing for students majoring in the sciences. In neuroscience, students are often asked to write a laboratory report in the style of a primary scientific article or a term paper structured like a review article. Typically, students write section by section and build up to the final draft of a complete paper. In this way, students learn how to write a scientific paper. While learning to write such a paper is important, this is not the only type of written communication relevant to scientific careers. Here, I describe a stepwise writing project aimed to improve editing, succinctness, and the ability to synthesize the literature. Furthermore, I provide feedback from the students, and discuss the advantages and challenges of this project.",and poster presentations; editing; peer review; science writing; undergraduate,,Journal Article
29371840,PMC5777836,,16,1,A41-A45,Cartoon Network: A tool for open-ended exploration of neural circuits.,2017-11-15,"Cartoon Network is an open-source simulator for neural circuits. It was designed to provide a microworld for the playful exploration of neural networks (similar to the niche Logo/Scratch fills for computer programming). The simulator makes it easy to construct and experiment with closed-loop circuits, enabling students to explore how small sets of neurons can generate complex patterns of activity (oscillations, reverberation). Cartoon Network can be connected to the Finch robot from BirdBrain Technologies, a cheap USB robotics platform. This enables students to design a nervous system for a Finch, creating sensory neurons which read Finch inputs (touch, light, and temperature), motor neurons which control Finch outputs (wheels, lights, and sound), and interneurons to produce intrinsic activity and/or link together inputs and outputs in ways that can produce complex and surprising behaviors. Students use Cartoon Network by taking on structured challenges (For example, can you make the Finch follow a light? Can it turn and run when it bumps a wall?) that require deep engagement with important principles of neural circuit operation (e.g., lateral inhibition, parallel processing, positive- and negative-feedback). On successfully completing a challenge, students can systematically explore the neural properties that help control the behavior, compare their work to other successful designs, and/or reflect on how the circuit they designed might be modified via evolution to produce different behaviors. Cartoon Network has proven an engaging and effective activity for undergraduates and is accessible for students as young as late elementary school. Download it for free at: https://github.com/rcalinjageman/cartoon_network.",Logo; closed-loop; lab exercise; microworld; neural circuit; neural network; simulation,,Journal Article
29371839,PMC5777835,,16,1,A34-A40,Using the Tools of Behavioral Neuroscience to Determine the Identity of Different Mouse Strains in a Laboratory Course.,2017-11-15,"Understanding the neural mechanisms underlying behavior depends on our ability to define and to measure these behaviors in the model animal. We describe an upper-level course which provides students with hands-on experience in the methods of behavioral neuroscience. There are many well-established behavioral tests which are relatively easy for students to conduct that can be used to determine the performance of animals in such tasks as anxiety, motor performance and memory. Laboratory mice bred specifically to exhibit particular behavioral characteristics are readily available from vendors along with well documented behavioral profiles for these strains. We used two albino strains CD1 and BALBc as our model animals. Students were given the task of identifying the strains based on the results of a battery of behavioral tests but were not given information about the mice. These two strains were chosen for their clear differences particularly in tests of anxiety. Students conducted elevated plus maze and zero maze tests, open field test, light-dark exploratory task, rotarod, balance beam test, spatial or novel object learning. Students were able to correctly identify the two strains by comparing their own data with the published literature in the field. The course structure encouraged students to work in teams to design protocols, and then to collect and explore data. Students were enthusiastic about the hands-on laboratory experience and were able to demonstrate an appreciation for and understanding of these methods in behavioral neuroscience.",anxiety; biobehavioral; inbred mice; memory; motor performance; outbred mice,,Journal Article
29371838,PMC5777834,,16,1,A28-A33,An Attitudinal Survey of Undergraduate Neuroscience Students Regarding Their Views on the Relevance of Lectures to their Education.,2017-11-15,"Advances in technology have seen a significant growth in the integration of e-learning into university education. Coupled with this trend are the learning approaches used by ""Generation Connected"" or GenC students, whose prolific use of digital technology is a defining characteristic. This has resulted in questions being asked as to whether in-class university lecture time is still relevant to university education. Here we conducted a case study with a group of undergraduate neuroscience students to assess their views on the relevance of attending lectures, why they attend or the reasons for non-attendance, and on what makes a good lecture. This is with a view to informing the design of new teaching approaches that may be more beneficial in maximising student engagement, and facilitating learning. The survey instrument was a ten-item questionnaire that collected both qualitative and quantitative data. Over 90% of students were of the view that lectures were beneficial to their learning, while only 4% thought they were an outdated mode of education. Three main themes emerged when students were asked what makes a good lecture: 1. Engagement, 2. Time, and 3. Varied format. We discuss the implications of these findings and suggest how these student views could be woven into the design of teaching approaches to increase the relevance of in-class lecture time in undergraduate neuroscience education.",Attendance; Education; Engagement; Lecture; Neuroscience; Pedagogy; Relevance; Undergraduate,,Journal Article
29371837,PMC5777833,,16,1,A23-A27,Measuring Salivary Alpha-Amylase in the Undergraduate Neuroscience Laboratory.,2017-11-15,"Undergraduate courses in biopsychology, neuroscience, and physiology often include laboratory exercises that examine responses to stimulation of the sympathetic nervous system with measurements of heart rate, blood pressure, or galvanic skin levels (sweat response). A newer bioindicator of the sympathetic nervous system is salivary alpha-amylase (sAA) measured with a colorimetic enzyme assay. Undergraduate students successfully measured a rise in sAA due to the stress of giving a class presentation (n=13). Students were enthusiastic to measure a physiological response to a real-life anxiety-producing situation. We describe potential difficulties in the assay and our adaptations to the manufacturer's protocol to make it more feasible in the undergraduate setting.",autonomic nervous system (ANS); salivary alpha-amylase (sAA); stress; sympathetic nervous system (SNS),,Journal Article
29371836,PMC5777832,,16,1,A14-A22,A Case Study in the Use of Primary Literature in the Context of Authentic Learning Pedagogy in the Undergraduate Neuroscience Classroom.,2017-11-15,"Providing opportunities for undergraduate science students to develop causal reasoning skills and the ability to think like research scientists is a crucial part of their preparation for professional practice as a scientist and/or a clinician. This has led many to question whether the traditional academic in-class lecture still has a functional role in today's undergraduate science education. Here, we performed a case study to attempt to maximize the use of in-class time to create a more authentic learning opportunity for undergraduate neuroscience students in our institution, the majority of whom go on to be research active scientists. We hypothesised that using seminal research papers as a teaching tool in a flipped classroom setting would model for neuroscience students what it means to think like a research scientist, would provide an opportunity for them to develop their causal reasoning skills and allow them to become more comfortable with the nature of professional practice (i.e., research) in the context of the discipline. We describe the design and implementation of this teaching approach to undergraduate final year neuroscience students, and evaluate their perception of it. We provide evidence that this approach models for the students what it means to reason like a research scientist, and discuss the implications of these findings for future practice. We propose that these findings will help add to the educational experience of all Neuroscience students whether they are on pre-med or on a research track.",Authentic learning; Causal reasoning; Education; Engagement; Flipped classroom; Lecture; Neuroscience; Pedagogy; Undergraduate; University,,Journal Article
29371835,PMC5777839,,16,1,A6-A13,"Diversity of Graduates from Bachelor's, Master's and Doctoral Degree Neuroscience Programs in the United States.",2017-11-15,"The demography of United States graduates from science, technology, engineering, and math (STEM) degree programs is well-understood; however, data particularly describing the gender and ethnic diversity of graduates of neuroscience programs has not been analyzed, limiting our knowledge of specific areas where diversity and fair representation are lacking. Using over 30 years of data from the National Center for Education Statistics, we documented the demography of neuroscience graduates from bachelor's, master's, and doctoral degree programs. Recent graduation trends indicate greater numbers of female graduates from bachelor's and graduate degree programs. White (non-Hispanic) males and females represent the largest group of graduates while Asian/Pacific Islanders represent the largest non-White group of graduates. Although the number of underrepresented minorities graduating from neuroscience degree programs at every level has increased in recent years, they still lag compared to White (non-Hispanic) and Asian/Pacific Islanders. These data provide valuable information that can be used to promote greater diversity among neuroscience graduates by higher education faculty and administrators and federal funding agencies.",STEM; diversity; neuroscience; underrepresented minorities; women,,Journal Article
29371834,PMC5777830,,16,1,A1-A5,An Interactive Simulation Program for Exploring Computational Models of Auto-Associative Memory.,2017-11-15,"While neuroscience students typically learn about activity-dependent plasticity early in their education, they often struggle to conceptually connect modification at the synaptic scale with network-level neuronal dynamics, not to mention with their own everyday experience of recalling a memory. We have developed an interactive simulation program (based on the Hopfield model of auto-associative memory) that enables the user to visualize the connections generated by any pattern of neural activity, as well as to simulate the network dynamics resulting from such connectivity. An accompanying set of student exercises introduces the concepts of pattern completion, pattern separation, and sparse versus distributed neural representations. Results from a conceptual assessment administered before and after students worked through these exercises indicate that the simulation program is a useful pedagogical tool for illustrating fundamental concepts of computational models of memory.",Hebbian plasticity; Hopfield networks; computational neuroscience; memory; neural networks,,Journal Article
28690447,PMC5480854,,15,2,R29-R35,The Missing Manuscript of Dr. Jose Delgado's Radio Controlled Bulls.,2017-06-15,"Neuroscience systems level courses teach: 1) the role of neuroanatomical structures of the brain for perception, movement, and cognition; 2) methods to manipulate and study the brain including lesions, electrophysiological recordings, microstimulation, optogenetics, and pharmacology; 3) proper interpretation of behavioral data to deduce brain circuit operation; and 4) the similarities, differences, and ethics of animal models and their relation to human physiology. These four topics come together quite dramatically in Dr. Jose Delgado's 1960s famous experiments on the neural correlates of aggression in which he stopped bulls in mid-charge by electrically stimulating basal ganglia and thalamic structures. Technical documentation on these experiments is famously difficult to find. Here I translate and discuss a Spanish language article written by Dr. Delgado in 1981 for an encyclopedia on bull fighting published in Madrid. Here Dr. Delgado appears to give the most complete explanation of his experiments on microstimulation of bovine brains. Dr. Delgado's motivations, methods, and his interpretation of the bull experiments are summarized, as well as some accompanying information from his 1970 English language book: ""Physical Control of the Mind."" This review of Dr. Delgado's written work on the bull experiments can provide a resource to educators and students who desire to learn more about and interpret the attention-calling experiments that Dr. Delgado did on a ranch in Andalucía over 50 years ago.",,,Journal Article; Review
28690446,PMC5480853,,15,2,R24-R28,Making Primary Literature Come Alive in the Classroom.,2017-06-15,"By the time young scholars graduate college, they are expected to be prepared for their career. The knowledge that they have gained during their undergraduate education is assumed to prepare them for their future occupation. Understanding primary academic literature is absolutely imperative for scientists who are expected to be able to read, understand, explain, and incorporate literature into their work. Unfortunately, many new graduates are only exposed to traditional learning methods such as textbook readings, lectures, or slide shows about primary literature. It is important that while in college, students learn about the rich content of the literature that serves as the foundation for their respective fields. We review methods for integrating primary literature into the classroom and separate them into three components including (1) introduction to the literature, (2) enhancement of literacy and comprehension, (3) and humanizing the literature. These methods of teaching and learning are far more captivating than simply memorizing facts for a test. The brilliance of these methods is that they can be completed within one class time or throughout a semester. The goal is to help students become comfortable with literature, which does not have to be restricted by any time frame. It is our hope that this review of existing tools and ideas provided will help set students up for success in their field. They allow students to practice knowing and using primary literature while requiring students to be active participants in scientific discovery related to their future occupation.",CREATE; Jigsaw; education; neuroscience education; science literacy; undergraduate education,,Journal Article; Review
28690445,PMC5480851,,15,2,E17-E18,"Teach Local, Think global: Best Practices in Neuroscience Education Without Big Budgets.",2017-06-15,,,,Editorial
28690444,PMC5480850,,15,2,E13-E16,The Benefits of a Real-Time Web-Based Response System for Enhancing Engaged Learning in Classrooms and Public Science Events.,2017-06-15,"Large introduction to neuroscience classes and small science cafés have the same goal: bridging the gap between the presenter and the audience to convey the information while being engaging. Early classroom response systems became the cornerstone of flipped and engaged learning. These ""clickers"" helped turn lectures into dialogues, allowing the presenter to become a facilitator rather than a ""sage on the stage."" Rapid technological developments, especially the increase of computing power opened up new opportunities, moving these systems from a clicker device onto cellphones and laptops. This allowed students to use their own devices, and instructors to use new question types, such as clicking on a picture or ranking concepts. A variety of question types makes the learning environment more engaging, allows better examples for creative and critical thinking, and facilitates assessment. Online access makes these response systems scalable, bringing the strength of formative assessments and surveys to public science communication events, neuroscience journal clubs and distance learning. In addition to the new opportunities, online polling systems also create new challenges for the presenters. For example, allowing mobile devices in the classroom can be distracting. Here, a web-based, real-time response system called Poll Everywhere was compared to iClickers, highlighting the benefits and the pitfalls of both systems. In conclusion, the authors observe that the benefits of web-based response systems outweigh the challenges, and this form of digital pedagogy can help create a rich dialogue with the audience in large classrooms as well as in public science events.",audience engagement; engaged learning; formative assessment; large classroom; public science events; science café; science communication,,Journal Article
28690443,PMC5480849,,15,2,E10-E12,A Guide for Undergraduates to the Society for Neuroscience Annual Meeting.,2017-06-15,"The annual meeting of the Society for Neuroscience (SfN) attracts over 30,000 attendees, including many of the world's most accomplished researchers. Although it can be intimidating to attend a conference of this scale, there are many rewards for undergraduates. Based on surveys of young neuroscientists, we provide planning strategies to ensure attendees maximize their exposure and retention of the breadth and depth offered by this large conference format without becoming overwhelmed.",conference; networking; undergraduate,,Journal Article
28690442,PMC5480852,,15,2,E8-E9,25 Years of FUN!,2017-06-15,"Dr. Julio J. Ramirez, the founding president of the Faculty for Undergraduate Neuroscience (FUN), shared the comments below on November 13, 2016 at the 25th Anniversary of FUN's founding, when Drs. Sally Frutiger, Stephen George, Julio Ramirez, and Dennison Smith were recognized with the Founders Award for their efforts in launching FUN in 1991.",celebration; education; founders; history; undergraduate research,,Journal Article
28690441,PMC5480847,,15,2,C11-C14,Drugs & the Brain: Case-based Instruction for an Undergraduate Neuropharmacology Course.,2017-06-15,"In order to transform a traditional large non-majors general education (GE) neurobiology lecture (Drugs & the Brain) into an active learning course, we developed a series of directed mini-cases targeting major drug classes. Humorous and captivating case-based situations were used to better engage and motivate students to solve problems related to neuropharmacology and physiology. Here we provide directed cases, questions and learning outcomes for our opiates mini-cases. In addition, we describe how case studies were incorporated into our course and assessed using peer review and online quizzing. An in-depth analysis of the overall course transformation on student exam performance, opinions and instructor evaluations can be found in the JUNE article Don't Believe the Gripe! Increasing Course Structure in a Large Non-majors Neuroscience Course.",active teaching; addiction; anti-psychotics; antidepressants; case study; drugs; hallucinogens; opiates; peer review; pharmacology; psychomotor stimulants; sedative-hypnotics; tolerance,,Case Reports; Journal Article
28690440,PMC5480848,,15,2,C7-C10,Locate the Lesion: A Project-Based Learning Case that Stimulates Comprehension and Application of Neuroanatomy.,2017-06-15,"A fictitious patient, Mr. Challenge, is admitted to the emergency room and displays symptoms consistent with damage to the central nervous system. In this problem-based learning case, students are challenged to determine the location of a lesion that is consistent with Mr. Challenge's symptoms. Students discover details about Mr. Challenge's symptoms while exploring three anatomical pathways: corticospinal tract, spinothalamic tract and medial lemniscal pathway. Students make predictions as to which of these pathways may be damaged in Mr. Challenge and defend their predictions based on their research of the function and anatomical location of these tracts. This ultimately leads the student to identifying a single lesion site that can account for Mr. Challenge's symptoms. This case is executed in an undergraduate neuroscience course and would be useful in anatomy and physiology course, as well as other courses that serve students interested in health science related careers.",active learning; anatomical tracts; case study; corticospinal tract; flipped classroom; generation-based learning; medial lemniscal pathway; problem based learning (PBL); spinothalamic tract,,Case Reports; Journal Article
28690439,PMC5480846,,15,2,A162-A173,Grasshopper DCMD: An Undergraduate Electrophysiology Lab for Investigating Single-Unit Responses to Behaviorally-Relevant Stimuli.,2017-06-15,"Avoiding capture from a fast-approaching predator is an important survival skill shared by many animals. Investigating the neural circuits that give rise to this escape behavior can provide a tractable demonstration of systems-level neuroscience research for undergraduate laboratories. In this paper, we describe three related hands-on exercises using the grasshopper and affordable technology to bring neurophysiology, neuroethology, and neural computation to life and enhance student understanding and interest. We simplified a looming stimuli procedure using the Backyard Brains SpikerBox bioamplifier, an open-source and low-cost electrophysiology rig, to extracellularly record activity of the descending contralateral movement detector (DCMD) neuron from the grasshopper's neck. The DCMD activity underlies the grasshopper's motor responses to looming monocular visual cues and can easily be recorded and analyzed on an open-source iOS oscilloscope app, Spike Recorder. Visual stimuli are presented to the grasshopper by this same mobile application allowing for synchronized recording of stimuli and neural activity. An in-app spike-sorting algorithm is described that allows a quick way for students to record, sort, and analyze their data at the bench. We also describe a way for students to export these data to other analysis tools. With the protocol described, students will be able to prepare the grasshopper, find and record from the DCMD neuron, and visualize the DCMD responses to quantitatively investigate the escape system by adjusting the speed and size of simulated approaching objects. We describe the results from 22 grasshoppers, where 50 of the 57 recording sessions (87.7%) had a reliable DCMD response. Finally, we field-tested our experiment in an undergraduate neuroscience laboratory and found that a majority of students (67%) could perform this exercise in one two-hour lab setting, and had an increase in interest for studying the neural systems that drive behavior.",DIY; descending contralateral motion detector (DCMD); electrophysiology; escape response; eye; grasshopper vision; looming; mobile application; neuroethology,,Journal Article
28690438,PMC5480845,,15,2,A157-A161,A Critical Thinking Activity on Drug Tolerance for Undergraduate Neuroscience Courses.,2017-06-15,"Active teaching techniques that involve critical thinking and analysis lead to better learning and retention, and there is growing need for learner-centered classroom activities in the neurosciences. This article presents a critical thinking activity that offers context and meaning to basic principles of synaptic pharmacology. Students analyze fictional datasets to identify major characteristics of drug tolerance. Students' self-reported perceptions and ungraded quiz scores suggest that this activity was an enjoyable and impactful way to deepen students' understanding and engage them with the course material. This activity was developed for a 300-level psychopharmacology course that included majors from various science departments, but could be used and/or modified for specialized seminars or other undergraduate courses in psychology or biology.",active learning; classroom activity; drug; neuropharmacology; psychopharmacology; tolerance,,Journal Article
28690437,PMC5480844,,15,2,A151-A156,"The Use of Modular, Electronic Neuron Simulators for Neural Circuit Construction Produces Learning Gains in an Undergraduate Anatomy and Physiology Course.",2017-06-15,"During the spring of 2016 at the University of Wisconsin-Milwaukee, we implemented a novel educational technology designed to teach undergraduates about the nervous system while allowing them to physically construct their own neural circuits. Modular, electronic neuron simulators called NeuroBytes were used by the students in BIOSCI202 Anatomy and Physiology I, a four-credit course consisting of three hours per week each of lecture and laboratory time. 162 students participated in the laboratory sessions that covered reflexes; 83 in the experimental sections used the NeuroBytes to build a model of the patellar tendon reflex, while 79 in the control sections participated in alternate reflex curricula. To address the question of whether or not the NeuroBytes-based patellar tendon reflex simulation brought about learning gains, the control and experimental group students underwent pre/post testing before and after their laboratory sections. We found that for several of the neuroscience and physiology concepts assessed on the test, the experimental group students had significantly greater declarative learning gains between the pre- and post-test as compared to the control group students. While there are numerous virtual neuroscience education tools available to undergraduate educators, there are relatively few designed to engage students in the basics of electrophysiology and neural circuitry using physical manipulatives, and none to our knowledge that allow them to build circuits from functioning hand-held ""neurons.""",Anatomy and Physiology; Electrophysiology; Hands-On; Neural Circuits; Neuron; Simulation,,Journal Article
28690436,PMC5480843,,15,2,A144-A150,A Rat Model of Fetal Alcohol Syndrome: A Series of Undergraduate Laboratory Exercises for Biopsychology Courses.,2017-06-15,"Many undergraduate students are aware that consuming alcohol during pregnancy can result in many serious physical and behavioral deficits. Student interest in this clinical syndrome allows instructors to provide engaging laboratory exercises that relate topics covered in most biopsychology courses to Fetal Alcohol Syndrome (FAS). Through this series of experiments, students will use rodents to study the behavioral deficits that can be caused by developmental alcohol exposure, including impaired ultrasonic vocalizations, hyperactivity, balance, and spatial learning. Other possible exercises include analyzing blood alcohol concentrations (BACs), completing histological studies of anatomical effects, and/or discussing the societal implications of developmental alcohol exposure. The instructor has the flexibility to determine which of the exercises fit into the class schedule and budget since he or she may choose to complete all of the behavioral tests or only one of them. Students will also learn about the benefits and drawbacks of animal models for human disorders, important considerations in research design such as reliability and validity, while also gaining experience in statistical analyses and writing empirical research papers. The application of these important concepts to a human syndrome and the use of small, easy-to-handle rodent pups make these exercises an accessible, stimulating introduction to animal research for most undergraduate students.",Morris water maze; animal research; balance; blood alcohol concentration (BAC); fetal alcohol spectrum disorders (FASD); open field; ultrasonic vocalizations (USV),,Journal Article
28690435,PMC5480842,,15,2,A137-A143,Redesigning a Neuroscience Laboratory Course for Multiple Sections: An Action Research Project to Engage Students.,2017-06-15,"The purpose of our action research project was to improve students' motivation in a multi-section introductory neuroscience laboratory course. In this paper, we present: (a) how we collected data related to students' motivation and engagement, (b) how we analyzed and used the data to make modifications to the courses, (c) the results of the course modifications, and (d) some possible explanations for our results. Our aim is not only to provide the results of our study, but also to explain the process that we used, with the hopes that other instructors can use similar approaches to improve students' motivation in their courses. Our attempts to improve students' motivation-related perceptions were successful in some instances, but not in others. Of particular note was our finding that some of the students' perceptions varied even though the course syllabus was the same across sections. We attributed this variation to the learning environment developed by the teaching assistants (TAs) who taught the different sections. We provide some strategies that faculty instructors can use to redesign courses with high enrollments and help TAs motivate their students.",MUSIC Model of Motivation; hands-on experience; instructional design; laboratory course; student motivation,,Journal Article
28690434,PMC5480841,,15,2,A128-A136,Don't Believe the Gripe! Increasing Course Structure in a Large Non-majors Neuroscience Course.,2017-06-15,"Active teaching is increasingly accepted as a better option for higher education STEM courses than traditional lecture-based instruction. However, concerns remain regarding student preferences and the impact of increased course structure on teaching evaluations. Undergraduates in a non-majors neuropharmacology course were enrolled in an enriched blended course format, providing online case-based learning opportunities in a large lecture hall setting. Students working in small assigned groups solved weekly case studies developed to teach basic neuropharmacology concepts. All case study assignments were peer reviewed and content was further reinforced with a weekly online quiz. A comparison of scores on equivalent midterm and final exam questions revealed that students enrolled in the High-Structure course scored better than students from the previous year that took a more traditional Low-Structure lecture-based course. Student performance increased significantly for exam questions that required Bloom's level understanding. When surveyed, students in the High-Structure course reported some regret for the lack of traditional lecture and revealed some disapproval towards the extra work required for active teaching and peer review. Yet, we saw no change in quantitative instructor evaluation between sections, challenging the idea that student resistance towards increased work lowers course evaluation scores. Future instructors using active learning strategies may benefit from revealing to students the value of increased course structure on performance outcomes compared with traditional lecture courses.",Science; and mathematics (STEM); blended; case study active teaching; engineering; hybrid; neuropharmacology; non-majors neuroscience education; peer reviewed group work; remote learning; technology,,Journal Article
28690433,PMC5480840,,15,2,A122-A127,Recognition Without Words: Using Taste to Explore Survival Processing.,2017-06-15,"Many educational demonstrations of memory and recall employ word lists and number strings; items that lend themselves to semantic organization and ""chunking."" By applying taste recall to the adaptive memory paradigm, which evaluates memory from a survival-based evolutionary perspective, we have developed a simple, inexpensive exercise that defies mnemonic strategies. Most adaptive memory studies have evaluated recall of words encountered while imagining survival and non-survival scenarios. Here, we've left the lexical domain and hypothesized that taste memory, as measured by recognition, would be best when acquisition occurs under imagined threat of personal harm, namely poisoning. We tested participants individually while they evaluated eight teas in one of three conditions: in one, they evaluated the toxicity of the tea (survival condition), in a second, they considered the marketability of the tea and, in the third, they evaluated the bitterness of the tea. After a filler task, a surprise recognition task required the participants to taste and identify the eight original teas from a group of 16 that included eight novel teas. The survival condition led to better recognition than the bitterness condition but, surprisingly, it did not yield better recognition than the marketing condition. A second experiment employed a streamlined design more appropriate for classroom settings and failed to support the hypothesis that planning enhanced recognition in survival scenarios. This simple technique has, at least, revealed a robust levels-of-processing effect for taste recognition and invites students to consider the adaptive advantages of all forms of memory.",adaptive memory; classroom demonstration; levels-of-processing; memory; recall; survival processing; taste,,Journal Article
28690432,PMC5480839,,15,2,A117-A121,An Algebra-Based Introductory Computational Neuroscience Course with Lab.,2017-06-15,"A course in computational neuroscience has been developed at Ohio Wesleyan University which requires no previous experience with calculus or computer programming, and which exposes students to theoretical models of neural information processing and techniques for analyzing neural data. The exploration of theoretical models of neural processes is conducted in the classroom portion of the course, while data analysis techniques are covered in lab. Students learn to program in MATLAB and are offered the opportunity to conclude the course with a final project in which they explore a topic of their choice within computational neuroscience. Results from a questionnaire administered at the beginning and end of the course indicate significant gains in student facility with core concepts in computational neuroscience, as well as with analysis techniques applied to neural data.",MATLAB; computational neuroscience; computer programming; neural modeling,,Journal Article
28690431,PMC5480838,,15,2,A110-A116,A Protocol Demonstrating 60 Different Drosophila Behaviors in One Assay.,2017-06-15,"The fruit fly Drosophila melanogaster performs many behaviors, from simple motor actions to complex social interactions, that are of interest to neurobiologists studying how the brain controls behavior. Here, an undergraduate laboratory exercise uses cutting-edge methods to activate sets of neurons thermogenetically, triggering 60 different behaviors. Students learn how to recognize this large repertoire of behaviors from 16 fly strains that are publicly available, and from a large set of training videos provided here. A full protocol, timeline and handouts are included. Instructors need not have any experience working with flies. Student feedback is reported; in our experience, students are fascinated and highly engaged by watching animals perform such a broad array of behaviors. This exercise teaches fly husbandry and crossing, careful scientific observation, and principles of behavioral screening.",Drosophila; behavior; genetics; neuron; pedagogy; screen; teaching; thermogenetic,,Journal Article
28690430,PMC5480837,,15,2,A104-A109,"Neurogaming Technology Meets Neuroscience Education: A Cost-Effective, Scalable, and Highly Portable Undergraduate Teaching Laboratory for Neuroscience.",2017-06-15,"Active research-driven approaches that successfully incorporate new technology are known to catalyze student learning. Yet achieving these objectives in neuroscience education is especially challenging due to the prohibitive costs and technical demands of research-grade equipment. Here we describe a method that circumvents these factors by leveraging consumer EEG-based neurogaming technology to create an affordable, scalable, and highly portable teaching laboratory for undergraduate courses in neuroscience. This laboratory is designed to give students hands-on research experience, consolidate their understanding of key neuroscience concepts, and provide a unique real-time window into the working brain. Survey results demonstrate that students found the lab sessions engaging. Students also reported the labs enhanced their knowledge about EEG, their course material, and neuroscience research in general.",cognitive neuroscience; electroencephalography (EEG); enquiry-based learning; event-related potential (ERP); research-enhanced learning,,Journal Article
27980487,PMC5105981,,15,1,R19-R20,Cognitive Neuroscience and Single-Word Processing.,2016-04-15,"Early neuroimaging research on language-related function is useful for teaching cognitive neuroscience. In these studies, researchers used relatively simple experimental designs in an attempt to break down complex cognitive processes. In addition, the hypotheses tested in these studies were based on models derived from non-imaging observations, such as lesion studies. Thus, students at all levels may find the research accessible in its simplicity and engaging in its attempt to test existing theories in novel ways. Raichle (1996) describes a series of such studies that used what were, at the time, novel applications of relatively young imaging methods to measure brain activity related to single-word processing. In a short, readable article, he places the studies in their historical context (i.e., models of language function based largely on case studies of patients with brain lesions) and describes the methods and designs used in the research. He summarizes the results and the main takeaways from the research and its practical implications for research and medicine in the future. This paper touches on many important features of cognitive neuroscience, as well as psychology and neuroscience more broadly. It can serve as a springboard into discussion of many topics in many course contexts.",Cognitive neuroscience; PET; experimental methods; fMRI; language; neuroimaging,,Journal Article
27980486,PMC5105980,,15,1,R17-R18,Cockroaches Now Evading Death by Getting Bitter about Sweeteners.,2016-04-15,"Here, I review the article ""Changes in taste neurons support an adaptive behavior in cockroaches"" by Wada-Katsumata et al. (2013). Their article elucidates the mechanism by which some cockroaches avoid eating poisoned bait: a change in the response properties of cells that transduce the tastant glucose and related sugars. Specifically, the data show that in cockroaches that avoid glucose consumption, these sugars activate the gustatory neurons that detect the presence of bitter compounds. This finding was replicated in cockroaches from several distinct populations. The article is brief but compelling. It serves as an excellent teaching tool for the topics of taste perception, neural mechanisms of behavior, and the rapid evolutionary response in terms of an adaptation of a sensory system to changing environmental conditions. Moreover, it could serve as a point of departure for a variety of in-class discussion topics.",behavioral mechanism; cockroach; electrophysiology; gustatory receptor neurons; polymorphism; sensory adaptation; taste,,Journal Article
27980485,PMC5105979,,15,1,R14-R16,Both Genetic and Environmental Changes Can Enhance Learning and Memory.,2016-04-15,"This review discusses two papers from the same lab that directly compared the effects of genetic enhancement with environmental enrichment on learning and memory in mice. In the first study mice were genetically manipulated to have an increased expression of the NR2B component of the NMDA receptor, associated with learning. These transgenic (Tg) mice showed greater current flow, larger EPSPs, and improved learning and memory on a variety of tasks. In the second experiment both the Tg mice and normal wild type (Wt) mice were raised in either a standard environment or given an enriched environment for two weeks. The differences in behavior and in receptor expression were compared among the four groups. The enriched Wt mice performed as well as both Tg groups on measures of fear conditioning. For the more difficult task of novel object recognition the enriched Wt mice performed as well as the Tg raised in a standard environment, but the enriched Tg mice performed significantly better than all other groups. Environmental enrichment caused an increase in receptor expression in both the Wt and Tg groups, but the Tg enriched mice had the highest expression levels. These papers clearly demonstrated that the mice's environmental enrichment caused behavioral differences for both Wt and Tg-enriched mice - with important implications for humans. They also raise questions about how a lab animal's environment might change its brain and/or behavior, with a potential impact on the results of studies using animals raised in impoverished conditions.",environment; genetics; learning; memory; nature and nurture,,Journal Article
27980484,PMC5105978,,15,1,R12-R13,"Psychosocial Stress, Health, and the Hippocampus.",2016-04-15,"Psychoneuroimmunology (PNI) is an interdisciplinary field that examines the relationships between psychological factors and changes in endocrine and immune function, with possible consequences for health status. There is a growing literature suggesting that psychosocial stressors can impact negatively on health through deleterious changes in immune function. In their 2005 review, Glaser and Kiecolt-Glaser examined the mechanisms by which these changes might occur, and summarized some of the findings showing stress-related health consequences in a number of human populations. Buchanan et al. (2009) examined the cortisol response in individuals sustaining damage to the hippocampus, when challenged with a psychosocial stressor. Individuals with damage to the hippocampus, but not those with damage in other regions of the brain, showed abnormal cortisol responses to the psychosocial stressor. These papers were used successfully in an undergraduate Neuroscience course to stimulate class discussion; other possible uses for these articles are discussed.",Psychosocial stressors; cortisol; health consequences of stressors; hippocampus,,Journal Article
27980483,PMC5105985,,15,1,R4-R11,"Introducing Students to Subcortical Sensory, Motor, and Cognitive Processes Associated with Saccades using a Series of Papers by Goldberg and Wurtz.",2016-04-15,"The ability to acquire, observe, and analyze neuronal activity in conjunction with behavior in awake, behaving organisms was a great leap forward for the field of neuroscience in the 20th century. While some of the early experiments are relayed in introductory textbooks, rarely are undergraduate students introduced to tractable primary literature that illustrates the genesis of modern techniques, includes raw data that are immediately interpretable based on their basic knowledge of cellular neuroscience and their own experience, and reinforces and/or question basic concepts in neuroscience. This classic paper review introduces four papers published in 1972 by Robert Wurtz and Michael Goldberg focusing on eye movement behavior and superior colliculus physiology that fit these criteria. Taken together these papers introduce students to fundamental concepts (e.g., receptive and movement fields) in the field of behavioral neuroscience by introducing students to visual, motor, and attentional processing using single unit neuronal recordings and lesion studies. I have attempted to provide the basic introductory information for faculty who wish to use these papers for in-class discussions in their introductory or upper level neuroscience courses.",eye movement; inactivation; lesion; microstimulation; physiology; saccade; single unit; superior colliculus,,Journal Article
27980482,PMC5105976,,15,1,E6-E7,Candles in the Dark.,2016-04-15,,,,Editorial
27980481,PMC5105975,,15,1,E3-E5,Student Assisted Course Design.,2016-04-15,"Designing a new course is an important but time-consuming task for instructors. Traditionally, the instructor researches and develops the course, launches it as a pilot class, and receives student feedback upon completion of the course. Here I suggest student participation in the initial design and development of a new course. I initiated a course design class with a few motivated, upper division students to plan an advanced neuroscience course. The students assisted me in the new course preparation and offered valuable organizational and intellectual input prior to launching the new course. The students benefited by receiving a deeper study of the course topics, developing critical analysis skills, learning about course design, and by viewing the course from the instructor's perspective. Thus, I propose that including students in the design of new courses can assist instructors in course development and can provide a unique, in depth learning experience for students.",course design; course preparation,,Journal Article
27980480,PMC5105974,,15,1,E1-E2,A New Feature in JUNE: Sharing the Amazing Papers of Neuroscience.,2016-04-15,,,,Editorial
27980479,PMC5105973,,15,1,C4-C6,Professor Eric Can't See: A Project-Based Learning Case for Neurobiology Students.,2016-04-15,"""Professor Eric Can't See"" is a semi-biographical case study written for an upper level undergraduate Neurobiology of Disease course. The case is integrated into a unit using a project-based learning approach to investigate the retinal degenerative disorder Retinitis pigmentosa and the visual system. Some case study scenes provide specific questions for student discussion and problem-based learning, while others provide background for student inquiry and related active learning exercises. The case was adapted from ""'Chemical Eric' Can't See,"" and could be adapted for courses in general neuroscience or sensory neuroscience.",Retinitis pigmentosa; case study; drawing-to-learn; primary literature; project-based learning; retina; translational medicine; visual system,,Journal Article
27980478,PMC5105972,,15,1,C1-C3,The Woman Born Without a Cerebellum: A Real-Life Case Adapted for Use in an Undergraduate Developmental and Systems Neuroscience Course.,2016-04-15,"In 2014, the case of a 24-year-old woman who had just discovered she was born without a cerebellum made headlines around the world. The details of this case were combined with other published cases of cerebellar agenesis to create an active learning exercise for an undergraduate developmental and systems neuroscience course. By reading an intriguing narrative and answering questions in stages, students work together to apply and extend their knowledge of brain development and cerebellar function. The case can be used to introduce new information in a ""flipped classroom"" setting or as an interactive exam review.",active learning; brain development; case-based learning; cerebellum; collaborative learning; motor systems,,Journal Article
27980477,PMC5105971,,15,1,A94-A103,"""Social"" Neuroscience: Leveraging Social Media to Increase Student Engagement and Public Understanding of Neuroscience.",2016-04-15,"Neuroscience is young and still developing. It is quickly adapting to a number of emerging changes in science and education. Not only have neuroscientists been at the forefront of the open access publishing movement, but many prominent neuroscientists continue to push towards making science more accessible and understandable to the broader public. Social media is a global phenomenon that is changing the way that we talk about research and education. Researchers, students, and the public alike can leverage social media to find updates in research and higher education. Social media also provides pathways to connect with experts and non-experts in a way never been seen before. Two major trends are appearing in education and social media: 1) providing more engaging teaching activities, and 2) providing opportunities for community engagement using teaching activities that leverage social media. In this article, we describe a semester long teaching activity that challenged students to use social media in their learning process. We provide initial evaluation and feedback from the students on their social media experience in class, and suggestions for how to improve the project in future implementations.",community engagement; education; neuroscience; social media; student engagement,,Journal Article
27980476,PMC5105970,,15,1,A85-A93,Using Rubrics as a Scientific Writing Instructional Method in Early Stage Undergraduate Neuroscience Study.,2016-04-15,"Scientific writing is an important communication and learning tool in neuroscience, yet it is a skill not adequately cultivated in introductory undergraduate science courses. Proficient, confident scientific writers are produced by providing specific knowledge about the writing process, combined with a clear student understanding about how to think about writing (also known as metacognition). We developed a rubric for evaluating scientific papers and assessed different methods of using the rubric in inquiry-based introductory biology classrooms. Students were either 1) given the rubric alone, 2) given the rubric, but also required to visit a biology subject tutor for paper assistance, or 3) asked to self-grade paper components using the rubric. Students who were required to use a peer tutor had more negative attitudes towards scientific writing, while students who used the rubric alone reported more confidence in their science writing skills by the conclusion of the semester. Overall, students rated the use of an example paper or grading rubric as the most effective ways of teaching scientific writing, while rating peer review as ineffective. Our paper describes a concrete, simple method of infusing scientific writing into inquiry-based science classes, and provides clear avenues to enhance communication and scientific writing skills in entry-level classes through the use of a rubric or example paper, with the goal of producing students capable of performing at a higher level in upper level neuroscience classes and independent research.",Undergraduate; inquiry-based learning; introductory neuroscience instruction; peer-tutoring; rubric; scientific writing; writing-to-learn,,Journal Article
27980475,PMC5105969,,15,1,A76-A84,Word Origins of Common Neuroscience Terms for Use in an Undergraduate Classroom.,2016-04-15,"We compiled a list of nearly 300 neuroscience terms and list their language of origin (typically Latin or Greek), their literal meaning, and their pronunciation in a table. The table was distributed to students in an undergraduate neuroscience class a few weeks before the first examination. A follow-up survey asked students how long they spent with the handout, and also assessed whether they thought it helped them better understand the terms, apply the terms, and whether they thought it helped them enough to get a higher grade on the exam. Results were positive: nearly 78% of students used the table while reviewing the material, and these students overwhelmingly reported that the table helped them better understand and apply the terms. However, students were equally split on whether the handout resulted in a better grade on the first exam. It was our premise that better understanding the derivation of the words can help students make associations between the terms and their meanings/functions. This handout can be used in any undergraduate neuroscience to help students better understand the complex terminology associated with the material.",etymology; student success; undergraduate learning; word origins,,Journal Article
27980474,PMC5105968,,15,1,A72-A75,From Botox to Behavior: Neuroscience for Non-Scientists at Emory.,2016-04-15,"For the past six years, we have been teaching a neuroscience for non-science majors course titled ""From Botox to Behavior: Neuroscience for non-scientists."" The primary objectives for this course are to create science literate students using neuroscience concepts as the foundation. The evidence from our course assessments suggest that the students are learning fundamental concepts and developing skills of source evalution, using evidence in an argument and appreciating the role of neuroscience in society. While the course has been very successful as measured by student performance on assessments of content learning and student satisfaction, we have noticed a pervasive weakness in quantitative literacy. Our future directions include assessing what kinds of interventions and approaches work best to increase quanitative literacy among non-science majors.",Active learning; Problem Based Learning (PBL); liberal arts; non-majors; synaptic communication,,Journal Article
27980473,PMC5105967,,15,1,A67-A71,Using a Pop-Science Book to Teach Introductory Neuroscience: Advantages for Science Majors and Non-Science Majors Alike.,2016-04-15,"The traditional approach to teaching neuroscience often involves presenting a topic like one might present a ""murder mystery""; evidence is presented serially until the final answer is revealed. Although this approach mirrors the scientific discovery process, it is not always effective at engaging students, particularly those who are less familiar with the scientific concepts being presented as evidence. By the time the answer arrives, students may be too overwhelmed to absorb it. One way to combat this is to reverse the order of presentation. By starting with the final condition and working backwards through the underlying neuroscientific concepts, students have a relatable framework in which to couch the scientific detail necessary to understand neural phenomena. It was with this approach in mind that the course, ""Fundamental Neuroscience: Understanding Ourselves"" was designed. Taught for the past seven years at the University of Minnesota, the course uses the best-selling book The Brain That Changes Itself by Norman Doidge in lieu of a traditional textbook. Each chapter focuses on a case study of a particular neuropsychological problem or, in some cases, the work of a particular neuroscientist. This material is then used as a launching point to delve deeper into the neurobiological mechanisms underlying the particular disorder. In our experience, the result is that students from a wide variety of academic backgrounds are able to engage with the material throughout the entire lesson and apply their new knowledge broadly across the discipline of Neuroscience. This article aims to provide an in-depth presentation of the course, including potential challenges of working with a pop-science text. Further, we extend our discussion to a newly-developed companion course using non-traditional texts and how these courses fit into a Neuroscience minor.",neuroscience minor; non-science majors; non-traditional textbook; pedagogy; popular science,,Journal Article
27980472,PMC5105966,,15,1,A61-A66,The Establishment of an On-Campus Neurotraining Center at a Small University: Internship Experience Using Neuropsychological Techniques.,2016-04-15,"In 2015, Wilkes University's Neuroscience Program and Psychology Department established a unique training and learning center on a small liberal arts undergraduate campus - The NeuroTraining & Research Center. This paper shares the purpose of the Center, as a learning tool for Neuroscience majors who engage in internships and research opportunities, and as a means of promoting well-being on the campus by offering training in techniques such as Neurofeedback, Biofeedback and Audio-Visual Entrainment to the college community. The role that the center plays in connecting real world applications to concepts in Neuroscience, and the approach that the authors have taken to assess student learning is presented in this article.",applied clinical neuroscience; experiential learning; neuroscience education; neuroscience internship,,Journal Article
27980471,PMC5105965,,15,1,A56-A60,The Miracle Fruit: An Undergraduate Laboratory Exercise in Taste Sensation and Perception.,2016-04-15,"""Miracle Fruit"" is a taste-altering berry that causes sour foods to be perceived as sweet. The present paper describes a laboratory exercise that uses Miracle Fruit to educate students about the sensation and perception of taste. This laboratory exercise reinforces course material pertaining to the function of sweet taste receptors covered in a Sensation and Perception course at Christopher Newport University. Here we provide a step-by-step explanation of the methodology, and an example of data collected and analyzed by one group of students who participated in this laboratory exercise. The origins of the Miracle Fruit, the structure and the physiological function of miraculin (the glycoprotein responsible for the taste-modifying effect found in the pulp of the Miracle Fruit) were discussed before the laboratory exercise. Students then sampled foods known to target different types of tastes (i.e., sweet, sour, bitter and salty) and rated their perception of taste intensity for each food item. Next, students each consumed Miracle Fruit berries, then resampled each original food item and again recorded their perception of taste intensity ratings for these foods. The data confirmed that the sour food items were perceived sweeter after the Miracle Fruit was consumed. The students also completed a written assignment to assess what they learned about the origins, structure, and physiological function of Miracle Fruit. This hands-on laboratory exercise received positive feedback from students. The exercise can be used by other neuroscience educators to teach concepts related to the sensory system of taste.",miracle berry; receptor; sensory; sour; sweet; taste modifier,,Journal Article
27980470,PMC5105963,,15,1,A44-A55,An Inquiry-Based Approach to Study the Synapse: Student-Driven Experiments Using C. elegans.,2016-04-15,"Inquiry-based instruction has been well demonstrated to enhance long term retention and to improve application and synthesis of knowledge. Here we describe an inquiry-based teaching module that trains undergraduates as scientists who pose questions, design and execute hypothesis-driven experiments, analyze data and communicate their research findings. Before students design their research projects, they learn and practice several research techniques with the model organism, Caenorhabditis elegans. This nematode is an ideal choice for experimentation in an undergraduate lab due to its powerful genetics, ease and low cost of maintenance, and amenability for undergraduate training. Students are challenged to characterize an instructor-assigned ""mystery mutant"" C. elegans strain. The ""mystery mutant"" strain has a defect in cholinergic synaptic transmission. Students are well poised to experimentally test how the mutation impacts synaptic transmission. For example, students design experiments that address questions including: Does the effected gene influence acetylcholine neurotransmitter release? Does it inhibit postsynaptic cholinergic receptors? Students must apply their understanding of the synapse while using their recently acquired research skills (including aldicarb and levamisole assays) to successfully design, execute and analyze their experiments. Students prepare an experimental plan and a timeline for proposed experiments. Undergraduates work collaboratively in pairs and share their research findings in oral and written formats. Modifications to suit instructor-specific goals and courses with limited or no lab time are provided. Students have anonymously reported their surprise regarding how much can be learned from a worm and feelings of satisfaction from conducting research experiments of their own design.",Caenorhabditis elegans; active learning; aldicarb; hypothesis-driven; inquiry-based instruction; levamisole; nematode; neurobiology; neuroscience education; open-ended project; worm,,Journal Article
27980469,PMC5105962,,15,1,A38-A43,Use of Structural Assessment of Knowledge for Outcomes Assessment in the Neuroscience Classroom.,2016-04-15,"Outcomes assessment of undergraduate neuroscience curricula should assess the ability to think integratively about basic neuroscience concepts based on two of the core competencies established by the Faculty for Undergraduate Neuroscience. The current study investigated whether the structural assessment of knowledge (SAK) approach, which evaluates the organization of an individual's knowledge structures, is effective for demonstrating learning of basic neuroscience concepts. Students in an introductory psychology course (n = 29), an introductory neuroscience course (n = 19), or an advanced behavioral neuroscience course (n = 15) completed SAK before and after learning gross brain anatomy and neuronal physiology. All students showed improvements in their SAK after short-term dissemination for gross brain anatomy, but not for neuronal physiology, concepts. Therefore, research is needed to determine whether the effectiveness of SAK in outcomes assessment depends on the content or teaching style. Additional research using SAK should also explore effectiveness for learning over longer time frames and correlations with student performance in the course. However, the results suggest SAK is a promising technique for outcomes assessment of undergraduate neuroscience curricula.",assessment; concept mapping; knowledge representation; outcomes; structural knowledge,,Journal Article
27980468,PMC5105961,,15,1,A29-A37,Are Electrode Caps Worth the Investment? An Evaluation of EEG Methods in Undergraduate Neuroscience Laboratory Courses and Research.,2016-04-15,"Electroencephalography (EEG) is a common neuroscience technique that is more accessible to undergraduate programs than expensive techniques such as fMRI and single-cell recording. The use of EEG can provide undergraduates with firsthand neuroscience research experience without taking too many financial resources away from a program. There are multiple types of EEG equipment that can be used, including individual electrodes and electrode caps. This study used surveys administered to students who were in a neuroscience laboratory course, conducting research, or participating in research in order to discern which of these two EEG setups is preferred by undergraduates. According to average reaction scores calculated from the surveys, laboratory students tended to prefer individual electrodes over electrode caps, and when explicitly asked about their overall preference, a majority of laboratory students chose individual electrodes over electrode caps. Additionally, comparable levels of improvement in learning objectives and the quality of data collected in laboratory sessions were found across methods. Student researchers' ratings revealed a marginal preference for caps over individual electrodes, and all 5 researchers surveyed chose caps on a discriminate choice question. Research participants' ratings of caps and individual electrodes, however, were not significantly different. These results do not point to a concrete recommendation of one setup over the other but rather suggest that either setup could be a viable option. Therefore, we conclude that programs can comfortably decide which to use based on their own needs and resources as well as the relative advantages and disadvantages of each setup. For example, individual electrodes may be better for programs with low budgets looking to introduce students to EEG data recording, whereas electrode caps may be better for programs looking to better prepare students for future EEG research or to perform multichannel recordings.",EEG; electrode caps; individual electrodes,,Journal Article
27980467,PMC5105960,,15,1,A24-A28,An Undergraduate Laboratory Exercise that Demonstrates the Difference Between Peripherally and Centrally Mediated Measures.,2016-04-15,"One of the first concepts that students of neuroscience are exposed to is the overall organization of the nervous system and the two principle divisions of it: the Peripheral Nervous System (PNS) and the Central Nervous System (CNS). In sensory systems, this fundamental division plays a particularly prominent role in the information processing stream that integrates and processes information from the external environment to the CNS. To better understand the differences between the roles that the PNS and CNS play in information processing, we developed a relatively simple in-class laboratory exercise. The experimental methods used to determine several aspects of a subject's discriminative capacity (threshold detection, amplitude discrimination, duration discrimination) are described. These methods were used either under control conditions or after the students altered their skin sensitivity (i.e., the PNS) by cold water immersion. At the conclusion of the lab exercise, students will thoroughly understand the principle of the PNS vs. CNS, as well as a fundamental understanding of quantitative sensory testing. This fundamental understanding of sensory testing provides a foundation for students to pursue or investigate other aspects of sensory information processing in either independent studies or subsequent lab exercises.",Peripheral Mediation; Temperature and Sensitivity; Vibrotactile Amplitude Discrimination,,Journal Article
27980466,PMC5105959,,15,1,A18-A23,"The Influence of Assay Design, Blinding, and Gymnema sylvestre on Sucrose Detection by Humans.",2016-04-15,"The detection and grading of tastes corresponding to different taste modalities can be tested in engaging laboratory sessions using students themselves as test subjects. This article describes a series of experiments in which data pertaining to the detection of salty and sweet tastes are obtained, and the ability of the herb Gymnema sylvestre to disrupt the detection of sucrose is quantified. The effects of blinding and different assay designs on EC50 estimation are also investigated. The data obtained allow for substantial data analysis, including non-linear regression using fixed and free parameters to quantify dose-response relationships, and the use of often under-utilized permutation tests to determine significant differences when the underlying data display heteroscedasticity.",Gymnema sylvestre; dose-response; permutation test; sensory transduction; taste,,Journal Article
27980465,PMC5105958,,15,1,A11-A17,Simulated in vivo Electrophysiology Experiments Provide Previously Inaccessible Insights into Visual Physiology.,2016-04-15,"Lecture content and practical laboratory classes are ideally complementary. However, the types of experiments that have led to our detailed understanding of sensory neuroscience are often not amenable to classroom experimentation as they require expensive equipment, time-consuming surgeries, specialized experimental techniques, and the use of animals. While sometimes feasible in small group teaching, these experiments are not suitable for large cohorts of students. Previous attempts to expose students to sensory neuroscience experiments include: the use of electrophysiology preparations in invertebrates, data-driven simulations that do not replicate the experience of conducting an experiment, or simply observing an experiment in a research laboratory. We developed an online simulation of a visual neuroscience experiment in which extracellular recordings are made from a motion sensitive neuron. Students have control over stimulation parameters (direction and contrast) and can see and hear the action potential responses to stimuli as they are presented. The simulation provides an intuitive way for students to gain insight into neurophysiology, including experimental design, data collection and data analysis. Our simulation allows large cohorts of students to cost-effectively ""experience"" the results of animal research without ethical concerns, to be exposed to realistic data variability, and to develop their understanding of how sensory neuroscience experiments are conducted.",extracellular recording; motion sensitivity; neurophysiology; online learning; simulation; statistical analysis; tuning curves; virtual experiment; vision,,Journal Article
27980464,PMC5105964,,15,1,A5-A10,A Model For Teaching Advanced Neuroscience Methods: A Student-Run Seminar to Increase Practical Understanding and Confidence.,2016-04-15,"Neuroscience doctoral students must master specific laboratory techniques and approaches to complete their thesis work (hands-on learning). Due to the highly interdisciplinary nature of the field, learning about a diverse range of methodologies through literature surveys and coursework is also necessary for student success (hands-off learning). Traditional neuroscience coursework stresses what is known about the nervous system with relatively little emphasis on the details of the methods used to obtain this knowledge. Furthermore, hands-off learning is made difficult by a lack of detail in methods sections of primary articles, subfield-specific jargon and vague experimental rationales. We designed a student-taught course to enable first-year neuroscience doctoral students to overcome difficulties in hands-off learning by introducing a new approach to reading and presenting primary research articles that focuses on methodology. In our literature-based course students were encouraged to present a method with which they had no previous experience. To facilitate weekly discussions, ""experts"" were invited to class sessions. Experts were advanced graduate students who had hands-on experience with the method being covered and served as discussion co-leaders. Self-evaluation worksheets were administered on the first and last days of the 10-week course and used to assess students' confidence in discussing research and methods outside of their primary research expertise. These evaluations revealed that the course significantly increased the students' confidence in reading, presenting and discussing a wide range of advanced neuroscience methods.",confidence; graduate teaching; hands-off learning; hands-on learning; interdisciplinary; life sciences; methodology; pedagogy,,Journal Article
27980463,PMC5105957,,15,1,A1-A4,Undergraduate Neuroscience Education in the U.S.: Quantitative Comparisons of Programs and Graduates in the Broader Context of Undergraduate Life Sciences Education.,2016-04-15,"The impact of undergraduate neuroscience programs on the broader landscape of life sciences education has not been described. Using data from the National Center for Education Statistics, we found that the number of undergraduate neuroscience programs in the U.S. continues to grow. Within any given institution, neuroscience programs exist alongside a small number of other life sciences undergraduate programs, suggesting that neuroscience is one of few major options from which students can choose from at many institutions. Neuroscience majors constitute a substantial proportion of all life sciences graduates at many institutions, and in several cases, neuroscience majors were the majority of life sciences graduates. Thus, neuroscience programs contribute substantially to life sciences education, and neuroscience is a highly attractive major among undergraduate students where these programs are available. These data have implications for institutions with existing neuroscience programs as well as for institutions seeking to establish a new program.",life sciences majors; undergraduate neuroscience majors,,Journal Article
27385934,PMC4917358,,14,2,R25-31,Running Wheel for Earthworms.,2016-04-15,"We describe the construction and use of a running wheel responsive to the movement of the earthworm. The wheel employs readily available, inexpensive components and is easily constructed. Movement of the wheel can be monitored visually or via standard behavioral laboratory computer interfaces. Examples of data are presented, and possibilities for use in the teaching classroom are discussed.",classroom; earthworm; invertebrate; locomotion; running wheel,,Journal Article
27385933,PMC4917355,,14,2,e9-e12,"Nu Rho Psi, The National Honor Society in Neuroscience: A decade of progress.",2016-04-15,"Nu Rho Psi, the National Honor Society in Neuroscience, celebrates its 10th anniversary by reflecting back upon a decade's worth of growth, successes, and accomplishments of its membership. Fundamentally, Nu Rho Psi seeks to engage the nation's best and brightest science students early in their educational pursuits and steer them towards future careers in neuroscience, thereby driving higher quality neuroscience education and research at all levels. This article details the history of Nu Rho Psi since its founding by the Faculty for Undergraduate Neuroscience (FUN) and reviews the current programs, benefits, and future initiatives of the Society. We make the case that Nu Rho Psi has enhanced the opportunities for undergraduate students of neuroscience and created a new culture among this vital cohort of budding scientists, reminiscent of the substantial network of faculty educators and departments of neuroscience established by FUN.",Faculty for Undergraduate Neuroscience; Nu Rho Psi; education; honor society; neuroscience; non-profit; undergraduate,,Journal Article
27385932,PMC4917354,,14,2,E5-8,Developing Science Communication in Africa: Undergraduate and Graduate Students should be Trained and Actively Involved in Outreach Activity Development and Implementation.,2016-04-15,"Despite recent improvements in scientific research output from Africa, public understanding of science in many parts of the continent remains low. Science communication there is faced with challenges such as (i) lack of interest among some scientists, (ii) low availability of training programs for scientists, (iii) low literacy rates among the public, and (iv) multiplicity of languages. To address these challenges, new ways of training and motivating scientists to dialogue with non-scientists are essential. Developing communication skills early in researchers' scientific career would be a good way to enhance their public engagement abilities. Therefore, a potentially effective means to develop science communication in Africa would be to actively involve trainee scientists (i.e., undergraduate and graduate students) in outreach activity development and delivery. These students are often enthusiastic about science, eager to develop their teaching and communication skills, and can be good mentors to younger students. Involving them in all aspects of outreach activity is, therefore, likely to be a productive implementation strategy. However, science communication training specifically for students and the involvement of these students in outreach activity design and delivery are lacking in Africa. Here, we argue that improving the training and involvement of budding scientists in science communication activities would be a good way to bridge the wide gap between scientists and the African public.",Africa; Science communication; public engagement in science; science literacy; science outreach,,Journal Article
27385931,PMC4917353,,14,2,E22-3,Teaching as THE Oldest Profession.,2016-04-15,,,,Journal Article
27385930,PMC4917352,,14,2,E20-1,Diversity is Inclusion.,2016-04-15,,,,Journal Article
27385929,PMC4917351,,14,2,E15-9,Career Advice: Finding a Job at a Predominantly Undergraduate Institution.,2016-04-15,"Seeking a teaching job at a predominantly undergraduate college or university can be a daunting proposition. Although reports from the Bureau of Labor Statistics suggest that the job market for teaching positions at postsecondary institutions will be healthy over the coming decade, competition for these positions will likely be intense. This essay explores the profiles of predominantly undergraduate institutions (PUIs), the nature of faculty positions at PUIs, the elements that make for a competitive job applicant, and strategies to consider during negotiations. Seeking a position at a PUI may be arduous at times, but the rewards reaped from a successful search for a PUI position are well worth the investment.",College; Employment; Faculty; Negotiation; Science Education; Teaching; Undergraduate Student,,Journal Article
27385928,PMC4917350,,14,2,E13-4,Case Studies and Neuroscience Education: Tools for Effective Teaching.,2016-04-15,,,,Journal Article
27385927,PMC4917349,,14,2,C1-3,Nora's Medulla: A Problem-Based Learning Case for Neuroscience Fundamentals.,2016-04-15,"Students work through this Problem-Based Learning Case in order to discover how Nora ended up blue lipped and non-responsive. By exploring fundamental mechanisms of neuronal communication, students examine facts, research concepts, and propose hypotheses about how Nora's physiology was disrupted to cause her respiratory distress. The dramatic context supports student learning at many levels - from systems neurophysiology to synaptic pharmacology. The case as written is used in an undergraduate course for non-science majors, but because the case focuses on basic fundamental neuroscience concepts, the case could be easily used in high school or other undergraduate courses that cover basic neuroscience.",Problem-Based Learning (PBL); active learning; agonist; antagonist; case study; drug abuse; neurotransmission; pharmacology; receptor; synaptic communication,,Journal Article
27385926,PMC4917348,,14,2,A97-A103,The BRAIN Initiative Provides a Unifying Context for Integrating Core STEM Competencies into a Neurobiology Course.,2016-04-15,"The Brain Research through Advancing Innovative Neurotechnologies (BRAIN) Initiative introduced by the Obama Administration in 2013 presents a context for integrating many STEM competencies into undergraduate neuroscience coursework. The BRAIN Initiative core principles overlap with core STEM competencies identified by the AAAS Vision and Change report and other entities. This neurobiology course utilizes the BRAIN Initiative to serve as the unifying theme that facilitates a primary emphasis on student competencies such as scientific process, scientific communication, and societal relevance while teaching foundational neurobiological content such as brain anatomy, cellular neurophysiology, and activity modulation. Student feedback indicates that the BRAIN Initiative is an engaging and instructional context for this course. Course module organization, suitable BRAIN Initiative commentary literature, sample primary literature, and important assignments are presented.",BRAIN Initiative; STEM education; Vision and Change; neuroscience education; pedagogy; scientific communication; scientific process,,Journal Article
27385925,PMC4917347,,14,2,A91-6,Incorporating an ERP Project into Undergraduate Instruction.,2016-04-15,"Electroencephalogram (EEG) is a relatively non-invasive, simple technique, and recent advances in open source analysis tools make it feasible to implement EEG as a component in undergraduate neuroscience curriculum. We have successfully led students to design novel experiments, record EEG data, and analyze event-related potentials (ERPs) during a one-semester laboratory course for undergraduates in cognitive neuroscience. First, students learned how to set up an EEG recording and completed an analysis tutorial. Students then learned how to set up a novel EEG experiment; briefly, they formed groups of four and designed an EEG experiment on a topic of their choice. Over the course of two weeks students collected behavioral and EEG data. Each group then analyzed their behavioral and ERP data and presented their results both as a presentation and as a final paper. Upon completion of the group project students reported a deeper understanding of cognitive neuroscience methods and a greater appreciation for the strengths and weaknesses of the EEG technique. Although recent advances in open source software made this project possible, it also required access to EEG recording equipment and proprietary software. Future efforts should be directed at making publicly available datasets to learn ERP analysis techniques and making publicly available EEG recording and analysis software to increase the accessibility of hands-on research experience in undergraduate cognitive neuroscience laboratory courses.","Electroencephalography (EEG); event-related potentials (ERPs); neuroscience education, laboratory course",,Journal Article
27385924,PMC4917346,,14,2,A87-90,A Quantitative Examination of Undergraduate Neuroscience Majors Applying and Matriculating to Osteopathic Medical School.,2016-04-15,"Undergraduates choose to become neuroscience majors for a number of reasons including future career goals. Faculty and administration of undergraduate neuroscience programs understand that many neuroscience majors have aspirations of applying and matriculating to medical school (Prichard, 2015); however a quantitative understanding of this particular student population remains unknown, especially in the context of the national growth in undergraduate neuroscience education (Ramos et al., 2011). In the present report, we use medical school application data to establish a novel quantitative understanding of the number of neuroscience majors that apply and matriculate to osteopathic medical school. Our data indicate that a substantial number of neuroscience majors do indeed apply and matriculate to medical school compared to other majors in the life sciences, math and physical sciences, and humanities. These data are relevant to faculty and administration of undergraduate neuroscience programs and suggest that when programmatic, curricular, and training decisions are made, they should be made in the context of the diverse motivations and professional goals of neuroscience majors including careers in medicine. Finally, our novel quantitative approach of determining student motivation and professional goals based on application/matriculation data, can complement traditional methods such as surveys and questionnaires and can be used to determine the extent to which neuroscience majors apply to other professional and graduate degree programs.",medical school; neuroscience majors; osteopathic medical school; physiology,,Journal Article
27385923,PMC4917345,,14,2,A138-42,Lights! Camera! Action Projects! Engaging Psychopharmacology Students in Service-based Action Projects Focusing on Student Alcohol Abuse.,2016-04-15,"Alcohol abuse continues to be an issue of major concern for the health and well-being of college students. Estimates are that over 80% of college students are involved in the campus ""alcohol culture."" Annually, close to 2000 students die in the United States due to alcohol-related accidents, with another 600,000 sustaining injury due to alcohol-related incidents (NIAAA, 2013). Students enrolled in a Psychopharmacology course engaged in action projects (community outreach) focused on alcohol abuse on our campus. Research has indicated that these types of projects can increase student engagement in course material and foster important skills, including working with peers and developing involvement in one's community. This paper describes the structure and requirements of five student outreach projects and the final projects designed by the students, summarizes the grading and assessment of the projects, and discusses the rewards and challenges of incorporating such projects into a course.",action projects; alcohol abuse; college students; outreach,,Journal Article
27385922,PMC4917344,,14,2,A132-7,Using Cultured Mammalian Neurons to Study Cellular Processes and Neurodegeneration: A Suite of Undergraduate Lab Exercises.,2016-04-15,"Cell culture is a powerful tool for exploring cellular function. Culturing primary neurons has revealed how neurons communicate in learning and memory (Kandel, 2006) and provided insights into the mechanisms of neurodegenerative diseases such as Parkinson's and Alzheimer's disease (Alberio et al., 2012; Trinchese, et al., 2004). Here we describe a series of four modular laboratory exercises to integrate this neuroscience technique in undergraduate teaching laboratories. First, we describe the modular approach. Then we provide educators with simple techniques for culturing rat primary neurons, performing immunohistochemistry to label cellular components, and illustrating neurodegeneration caused by reactive oxygen species. We describe teaching exercises that culminate in student-generated research projects. Finally, we describe potential barriers students may face when integrating modern cell culture experiments into teaching laboratories.",antioxidants; axon path finding; cell culture; free radicals; growth cones; immunohistochemistry; neurites; neurodegeneration,,Journal Article
27385921,PMC4917343,,14,2,A124-31,Breadboard Amplifier: Building and Using Simple Electrophysiology Equipment.,2016-04-15,"Electrophysiology is a valuable skill for the neuroscientist, but the learning curve for students can be steep. Here we describe a very simple electromyography (EMG) amplifier that can be built from scratch by students with no electronics experience in about 30 minutes, making it ideal for incorporating into a laboratory activity. With few parts and no adjustments except the gain, students can begin physiology experiments quickly while having the satisfaction of having built the equipment themselves. Because the output of the circuit goes to a computer sound card, students can listen to electrophysiological activity as they see it on the computer screen, a feature many of our students greatly appreciated. Various applications are discussed, including dual channel recording, using streaming media platforms with remote lab partners and acquiring data in the field on a smart phone. Our students reported that they enjoyed being able to build a working device and using it to record from their own muscles.",building equipment; electrical circuits; electromyography; laboratory exercises; remote learning,,Journal Article
27385920,PMC4917342,,14,2,A117-23,Evaluation of Changes in Ghanaian Students' Attitudes Towards Science Following Neuroscience Outreach Activities: A Means to Identify Effective Ways to Inspire Interest in Science Careers.,2016-04-15,"The scientific capacity in many African countries is low. Ghana, for example, is estimated to have approximately twenty-three researchers per a million inhabitants. In order to improve interest in science among future professionals, appropriate techniques should be developed and employed to identify barriers and correlates of science education among pre-university students. Young students' attitudes towards science may affect their future career choices. However, these attitudes may change with new experiences. It is, therefore, important to evaluate potential changes in students' attitudes towards science after their exposure to experiences such as science outreach activities. Through this, more effective means of inspiring and mentoring young students to choose science subjects can be developed. This approach would be particularly beneficial in countries such as Ghana, where: (i) documented impacts of outreach activities are lacking; and (ii) effective means to develop scientist-school educational partnerships are needed. We have established an outreach scheme, aimed at helping to improve interaction between scientists and pre-university students (and their teachers). Outreach activities are designed and implemented by undergraduate students and graduate teaching assistants, with support from faculty members and technical staff. Through this, we aim to build a team of trainee scientists and graduates who will become ambassadors of science in their future professional endeavors. Here, we describe an approach for assessing changes in junior high school students' attitudes towards science following classroom neuroscience outreach activities. We show that while students tended to agree more with questions concerning their perceptions about science learning after the delivery of outreach activities, significant improvements were obtained for only two questions, namely ""I enjoy science lessons"" and ""I want to be a scientist in the future."" Furthermore, there was a generally strong trend towards a change in attitude for questions that sought information about students' perceptions about scientists (both positive and negative perceptions). In addition, outreach providers reported that their involvement in this public engagement scheme helped them acquire several transferable skills that will be beneficial in their studies and career development. These include vital skills in project and time management, teamwork and public speaking. Altogether, our findings provide novel indications that the development of scientist-school outreach partnerships in Ghana has valuable implications for science education and capacity development.","Africa; Ghana; Science, technology, engineering and mathematics (STEM); attitude; high school; outreach; public engagement; scientific capacity; scientist",,Journal Article
27385919,PMC4917341,,14,2,A111-6,Illuminating the Undergraduate Behavioral Neuroscience Laboratory: A Guide for the in vivo Application of Optogenetics in Mammalian Model Organisms.,2016-04-15,"Optogenetics is a technology that is growing rapidly in neuroscience, establishing itself as a fundamental investigative tool. As this tool is increasingly utilized across the neuroscience community and is one of the primary research techniques being presented at neuroscience conferences and in journals, we believe that it is important that this technology is introduced into the undergraduate neuroscience research laboratory. While there has been a significant body of work concentrated to deploy optogenetics in invertebrate model organisms, little to no work has focused on brining this technology to mammalian model organisms in undergraduate neuroscience laboratories. The establishment of in vivo optogenetics could provide for high-impact independent research projects for upper-level undergraduate students. Here we review the considerations for establishing in vivo optogenetics with the use of rodents in an undergraduate laboratory setting and provide some cost-saving guidelines to assist in making optogenetic technologies financially accessible. We discuss opsin selection, cell-specific opsin expression strategies, species selection, experimental design, selection of light delivery systems, and the construction of implantable optical fibers for the application of in vivo optogenetics in rodents.",Arduino™ microcontroller boards; Cre-driver transgenic lines; adeno-associated virus (AAV); behavioral assays; budget; channelrhodopsin-2 (ChR2); halorhodopsin (NpHR); in vivo optogenetics; lasers; light emitting diodes (LEDs); mammals; opsin; optical fiber; undergraduate research,,Journal Article
27385918,PMC4917340,,14,2,A104-10,"""C.R.E.A.T.E.""-ing Unique Primary-Source Research Paper Assignments for a Pleasure and Pain Course Teaching Neuroscientific Principles in a Large General Education Undergraduate Course.",2016-04-15,"A large (250 registrants) General Education lecture course, Pleasure and Pain, presented basic neuroscience principles as they related to animal and human models of pleasure and pain by weaving basic findings related to food and drug addiction and analgesic states with human studies examining empathy, social neuroscience and neuroeconomics. In its first four years, the course grade was based on weighted scores from two multiple-choice exams and a five-page review of three unique peer-reviewed research articles. Although well-registered and well-received, 18% of the students received Incomplete grades, primarily due to failing to submit the paper that went largely unresolved and eventually resulted in a failing grade. To rectify this issue, a modified version of the C.R.E.A.T.E. (Consider, Read, Elucidate hypotheses, Analyze and interpret data, Think of the next Experiment) method replaced the paper with eight structured assignments focusing on an initial general-topic article, the introduction-methods, and results-discussion of each of three related peer-review neuroscience-related articles, and a final summary. Compliance in completing these assignments was very high, resulting in only 11 INC grades out of 228 students. Thus, use of the C.R.E.A.T.E. method reduced the percentage of problematic INC grades from 18% to 4.8%, a 73% decline, without changing the overall grade distribution. Other analyses suggested the students achieved a deeper understanding of the scientific process using the C.R.E.A.T.E. method relative to the original term paper assignment.",CREATE; Reward; addiction; behavioral economics; craving; empathy; fMRI; food intake; liking-wanting-needing; relapse,,Journal Article
26557803,PMC4640495,,14,1,R3-R14,An Instructor's Guide to (Some of) the Most Amazing Papers in Neuroscience.,2015-10-15,"Although textbooks are still assigned in many undergraduate science courses, it is now not uncommon, even in some of the earliest courses in the curriculum, to supplement texts with primary source readings from the scientific literature. Not only does reading these articles help students develop an understanding of specific course content, it also helps foster an ability to engage with the discipline the way its practitioners do. One challenge with this approach, however, is that it can be difficult for instructors to select appropriate readings on topics outside of their areas of expertise as would be required in a survey course, for example. Here we present a subset of the papers that were offered in response to a request for the ""most amazing papers in neuroscience"" that appeared on the listserv of the Faculty for Undergraduate Neuroscience (FUN). Each contributor was subsequently asked to describe briefly the content of their recommended papers, their pedagogical value, and the audiences for which these papers are best suited. Our goal is to provide readers with sufficient information to decide whether such articles might be useful in their own classes. It is not our intention that any article within this collection will provide the final word on an area of investigation, nor that this collection will provide the final word for the discipline as a whole. Rather, this article is a collection of papers that have proven themselves valuable in the hands of these particular educators. Indeed, it is our hope that this collection represents the inaugural offering of what will become a regular feature in this journal, so that we can continue to benefit from the diverse expertise of the FUN community.",classic papers; neuroscience literature; primary sources; scientific literature; teaching,,Journal Article; Review
26557802,PMC4640489,,14,1,E3-4,Ishi no ue ni mo san nen(*) : Warming to the Changing Face of Neuroscience and Neuroscience Education.,2015-10-15,,,,Journal Article
26557801,PMC4640488,,14,1,E1-2,When All the Giants Are Gone.,2015-10-15,,,,Journal Article
26557800,PMC4640487,,14,1,A82-6,Excitable Membranes and Action Potentials in Paramecia: An Analysis of the Electrophysiology of Ciliates.,2015-10-15,"The ciliate Paramecium caudatum possesses an excitable cell membrane whose action potentials (APs) modulate the trajectory of the cell swimming through its freshwater environment. While many stimuli affect the membrane potential and trajectory, students can use current injection and extracellular ionic concentration changes to explore how APs cause reversal of the cell's motion. Students examine these stimuli through intracellular recordings, also gaining insight into the practices of electrophysiology. Paramecium's large size of around 150 µm, simple care, and relative ease to penetrate make them ideal model organisms for undergraduate students' laboratory study. The direct link between behavior and excitable membranes has thought provoking evolutionary implications for the study of paramecia. Recording from the cell, students note a small resting potential around -30 mV, differing from animal resting potentials. By manipulating ion concentrations, APs of the relatively long length of 20-30 ms up to several minutes with depolarizations maxing over 0 mV are observed. Through comparative analysis of membrane potentials and the APs induced by either calcium or barium, students can deduce the causative ions for the APs as well as the mechanisms of paramecium APs. Current injection allows students to calculate quantitative electric characteristics of the membrane. Analysis will follow the literature's conclusion in a V-Gated Ca(++) influx and depolarization resulting in feedback from intracellular Ca(++) that inactivates V-Gated Ca(++) channels and activates Ca-Dependent K(+) channels through a secondary messenger cascade that results in the K(+) efflux and repolarization.",action potential; ciliates; excitability; ionic conductances; paramecium; paramecium caudatum,,Journal Article
26557799,PMC4640486,,14,1,A8-A12,Snack Cake 'Dissection': A Flipped Classroom Exercise to Engage Undergraduates With Basic Neuroanatomy.,2015-10-15,"This report describes a brief classroom activity for introducing basic neuroanatomical terminology and concepts to undergraduates in a survey-level course. Prior to completing the activity, students watched a short online lecture discussing the relevant material. During class, students worked in groups to 'dissect' snack cakes using the information they learned in the video and then reported and shared their 'results' using anatomical terminology. Quantitative feedback suggests that students found that the exercise was useful practice, that it helped increase their confidence in their ability to learn neuroanatomy, and that it helped increase their interest in the material generally. Data from an online anatomy quiz further supports the exercise's efficacy. Overall, the data suggest that this exercise may be a worthwhile addition to courses that introduce neuroanatomy to undergraduates.",introduction to neuroscience; teaching neuroanatomy; undergraduates,,Journal Article
26557798,PMC4640485,,14,1,A74-81,A Series of Computational Neuroscience Labs Increases Comfort with MATLAB.,2015-10-15,"Computational simulations allow for a low-cost, reliable means to demonstrate complex and often times inaccessible concepts to undergraduates. However, students without prior computer programming training may find working with code-based simulations to be intimidating and distracting. A series of computational neuroscience labs involving the Hodgkin-Huxley equations, an Integrate-and-Fire model, and a Hopfield Memory network were used in an undergraduate neuroscience laboratory component of an introductory level course. Using short focused surveys before and after each lab, student comfort levels were shown to increase drastically from a majority of students being uncomfortable or with neutral feelings about working in the MATLAB environment to a vast majority of students being comfortable working in the environment. Though change was reported within each lab, a series of labs was necessary in order to establish a lasting high level of comfort. Comfort working with code is important as a first step in acquiring computational skills that are required to address many questions within neuroscience.",Computational simulations; Hodgkin-Huxley equations; Hopfield Memory network; Integrate-and-Fire model; MATLAB,,Journal Article
26557797,PMC4640484,,14,1,A66-73,The Cognitive Neuroscience of Sign Language: Engaging Undergraduate Students' Critical Thinking Skills Using the Primary Literature.,2015-10-15,"This article presents a modular activity on the neurobiology of sign language that engages undergraduate students in reading and analyzing the primary functional magnetic resonance imaging (fMRI) literature. Drawing on a seed empirical article and subsequently published critique and rebuttal, students are introduced to a scientific debate concerning the functional significance of right-hemisphere recruitment observed in some fMRI studies of sign language processing. The activity requires minimal background knowledge and is not designed to provide students with a specific conclusion regarding the debate. Instead, the activity and set of articles allow students to consider key issues in experimental design and analysis of the primary literature, including critical thinking regarding the cognitive subtractions used in blocked-design fMRI studies, as well as possible confounds in comparing results across different experimental tasks. By presenting articles representing different perspectives, each cogently argued by leading scientists, the readings and activity also model the type of debate and dialogue critical to science, but often invisible to undergraduate science students. Student self-report data indicate that undergraduates find the readings interesting and that the activity enhances their ability to read and interpret primary fMRI articles, including evaluating research design and considering alternate explanations of study results. As a stand-alone activity completed primarily in one 60-minute class block, the activity can be easily incorporated into existing courses, providing students with an introduction both to the analysis of empirical fMRI articles and to the role of debate and critique in the field of neuroscience.",cognitive neuroscience; critical thinking; fMRI; primary literature; sign language; teaching; undergraduates,,Journal Article
26557796,PMC4640483,,14,1,A56-65,Undergraduate Biocuration: Developing Tomorrow's Researchers While Mining Today's Data.,2015-10-15,"Biocuration is a time-intensive process that involves extraction, transcription, and organization of biological or clinical data from disjointed data sets into a user-friendly database. Curated data is subsequently used primarily for text mining or informatics analysis (bioinformatics, neuroinformatics, health informatics, etc.) and secondarily as a researcher resource. Biocuration is traditionally considered a Ph.D. level task, but a massive shortage of curators to consolidate the ever-mounting biomedical ""big data"" opens the possibility of utilizing biocuration as a means to mine today's data while teaching students skill sets they can utilize in any career. By developing a biocuration assembly line of simplified and compartmentalized tasks, we have enabled biocuration to be effectively performed by a hierarchy of undergraduate students. We summarize the necessary physical resources, process for establishing a data path, biocuration workflow, and undergraduate hierarchy of curation, technical, information technology (IT), quality control and managerial positions. We detail the undergraduate application and training processes and give detailed job descriptions for each position on the assembly line. We present case studies of neuropathology curation performed entirely by undergraduates, namely the construction of experimental databases of Amyotrophic Lateral Sclerosis (ALS) transgenic mouse models and clinical data from ALS patient records. Our results reveal undergraduate biocuration is scalable for a group of 8-50+ with relatively minimal required resources. Moreover, with average accuracy rates greater than 98.8%, undergraduate biocurators are equivalently accurate to their professional counterparts. Initial training to be completely proficient at the entry-level takes about five weeks with a minimal student time commitment of four hours/week.",big data; biocuration; bioinformatics; biomedical informatics; data science; database; health informatics; lab management; neuroinformatics; text mining; undergraduate research,,Journal Article
26557795,PMC4640482,,14,1,A46-55,Using Tinbergen's Four Questions as the Framework for a Neuroscience Capstone Course.,2015-10-15,"Capstone courses for upper-division students are a common feature of the undergraduate neuroscience curriculum. Here is described a method for adapting Nikolaas Tinbergen's four questions to use as a framework for a neuroscience capstone course, in this case with a particular emphasis on neurotoxins. This course is intended to be a challenging opportunity for students to integrate and apply knowledge and skills gained from their major study, a B.S. in Biological Sciences with a Concentration in Integrative Physiology and Neurobiology. In particular, a broad, integrative approach is favored, with emphasis placed on primary literature, scientific process and effective, professional communication. To achieve this, Tinbergen's four questions were adapted and implemented as the overarching framework of the course. Tinbergen's questions range from the proximate to ultimate/evolutionary view, providing an excellent base upon which to teach students an integrative approach to understanding neuroscientific phenomena. For example, a particular neurotoxin can be examined from the proximate level (i.e., mechanism: how does this toxin specifically impact neural physiology) to the ultimate/evolutionary level (i.e., adaptation: why and to what extent did this toxin evolve naturally or the reason that it was initially invented by humans). The mechanics, goals, and objectives of the course are presented as we believe that it will serve as a flexible and useful model for neuroscience capstone courses concerning a wide variety of topics across multiple types of institutions.",Neuroscience capstone course; Nikolaas Tinbergen; Tinbergen’s four questions; neurotoxins; pedagogy,,Journal Article
26557794,PMC4640481,,14,1,A39-45,Non-Fiction Memoirs in the Neuroscience Classroom: A Window into the Minds of Those Affected by Addiction.,2015-10-15,"When I first developed an Addiction course for the Honors College at UMass-Boston in 2006, it focused exclusively on the acute and long-term effects of psychoactive substances on the brain. However, I soon realized that a strictly biological perspective failed to capture how this complex disorder affected the whole person. Students had no insight into addicts' thoughts, feelings, behaviors or how their addiction affected others. To remedy this, students read two non-fiction memoirs: Tweak (Nic Sheff, young adult addict) and Beautiful Boy (David Sheff, Nic's father) along with learning underlying neurobiology and pharmacology. Reading memoirs students saw firsthand the impact of addiction on individuals. Inspired by the diary structure of Tweak, one assignment asked students to collect data about themselves in order to determine their daily patterns/rituals and to contemplate the impact of removing these activities - like the addict after rehabilitation. Other assignments asked students to do close reading by selecting passages from Tweak and explaining how they related to different facets of addiction (biological, environmental, effect on individual), and to perform a comparative analysis between Beautiful Boy and Tweak to find points of intersection and divergence. Most recently, students used the text of Tweak to create interactive performances for a visiting high school class. Memoirs provided students with detailed, honest accounts of lives affected by addiction. The assignments and class discussions facilitated students understanding of the impact of addiction on individuals and their families, which was a powerful adjunct to learning about its underlying neurobiology and pharmacology.",addiction memoirs; creative assignments in science; memoirs in science classroom; narratives in science; neurobiology of addiction; neuroscience education; teaching methods; writing in science classroom,,Journal Article
26557793,PMC4640480,,14,1,A29-38,Extracellular Recording of Light Responses from Optic Nerve Fibers and the Caudal Photoreceptor in the Crayfish.,2015-10-15,"Few laboratory exercises have been developed using the crayfish as a model for teaching how neural processing is done by sensory organs that detect light stimuli. This article describes the dissection procedures and methods for conducting extracellular recording from light responses of both the optic nerve fibers found in the animal's eyestalk and from the caudal photoreceptor located in the ventral nerve cord. Instruction for ADInstruments' data acquisition system is also featured for the data collection and analysis of responses. The comparison provides students a unique view on how spike activities measured from neurons code image-forming and non-image-forming processes. Results from the exercise show longer latency and lower frequency of firing by the caudal photoreceptor compared to optic nerve fibers to demonstrate evidence of different functions. After students learn the dissection, recording procedure, and the functional anatomy, they can develop their own experiments to learn more about the photoreceptive mechanisms and the sensory integration of modalities by these light-responsive interneurons.","Orconectes immunis; Procambarus clarkii; electrophysiology; extracellular recording; optic nerve fibers, caudal photoreceptors",,Journal Article
26557792,PMC4640479,,14,1,A23-8,Developing the Next Generation of Civic-Minded Neuroscience Scholars: Incorporating Service Learning and Advocacy Throughout a Neuroscience Program.,2015-10-15,"The Neuroscience Program of Moravian College aspires to produce well-informed, morally responsible and civically engaged individuals who will become the next generation of community leaders. Through the integration of service learning and advocacy into a Neuroscience curriculum, undergraduates are consistently involved in meaningful community service with instruction and reflection that enriches their learning experience, teaches civic responsibility and strengthens their college and local communities. As a result of our brain awareness outreach programming, formation of a local Society for Neuroscience chapter and advocacy for scientific funding initiatives, we have created a model of student engagement that has connected the academic to the practical in life altering ways for our undergraduates. Our service experiences have become an educational awakening as critical reflective thought creates new meaning and leads to growth and the ability to take informed actions. As expressed in our students' portfolio writings, our service learning endeavors have lead to personal growth, contributed to humane conditions and engaged these citizens in purposeful association with one another.",advocacy; civic-responsibility; neuroscience curriculum; reflection; service learning,,Journal Article
26557791,PMC4640478,,14,1,A13-22,Pencil-and-Paper Neural Networks: An Undergraduate Laboratory Exercise in Computational Neuroscience.,2015-10-15,"Although it has been more than 70 years since McCulloch and Pitts published their seminal work on artificial neural networks, such models remain primarily in the domain of computer science departments in undergraduate education. This is unfortunate, as simple network models offer undergraduate students a much-needed bridge between cellular neurobiology and processes governing thought and behavior. Here, we present a very simple laboratory exercise in which students constructed, trained and tested artificial neural networks by hand on paper. They explored a variety of concepts, including pattern recognition, pattern completion, noise elimination and stimulus ambiguity. Learning gains were evident in changes in the use of language when writing about information processing in the brain.",Hebbian plasticity; artificial neural networks; learning; memory,,Journal Article
26557790,PMC4640477,,14,1,A1-7,Psychoactive Substances Bill and Act of New Zealand: A Chance to Engage Undergraduate Scientists with Society using a Transfer Learning Paradigm.,2015-10-15,"Our aim was to develop a teaching paradigm that connected undergraduate's neuropharmacological/toxicological knowledge to that of government policy. One goal of undergraduate education should be to help develop scientists that can use their scientific knowledge to critique government policy. There is little research, however, on whether democratization of science occurs: nor how to achieve this. Our work focused on a semi-structured workshop designed around the Psychoactive Substances Bill (PSB). Third year science students were given a questionnaire that was designed to address whether participating in the workshop enhanced their understanding of the PSB and its relationship to their established knowledge (i.e., transfer learning). Furthermore, whether they felt that they had enough expertise to consider making a submission (i.e., societal engagement). Results showed that the students appreciated the opportunity to explore potential application of their knowledge and delve into a socio-scientific issue. However, our findings suggested they felt uncomfortable discussing their ideas outside the classroom: nor, did they identify themselves as having sufficient knowledge to contribute to a submission. In conclusion, this study highlights two points. First, that discussion based transfer learning can be used in the tertiary sector and students value the opportunity to apply their knowledge to socio-scientific issue. Second, if social participation and democratization of science is a goal, then more emphasis should be placed on how students can realistically and confidently apply their learning to change social policy. In order to achieve this, education programs need to focus on legitimate real-life processes such as the PSB for engagement.",Psychoactive Substance Act; Psychoactive Substance Bill; democratization of science; societal engagement; transfer learning theory; undergraduate education,,Journal Article
26240537,PMC4521745,,13,3,E9-E10,"Proceedings of the Faculty for Undergraduate Neuroscience Workshops at Ithaca College, Ithaca, NY, July 30 - Aug 3, 2014.",2015-07-07,,,,Journal Article
26240536,PMC4521744,,13,3,E11-3,The 2014 FUN Achievement Award.,2015-07-07,,,,Journal Article
26240535,PMC4521743,,13,3,A244-6,Student Friendly Technique to Demonstrate Coordination between Postural (Involuntary) and Voluntary Muscle Contractions.,2015-07-07,"Electromyography is a very useful technique for a number of clinical and research applications in physiology and other life science applications. We have adapted this technique as a student exercise to explore important aspects of postural control. With minimal effort and some mathematical calculations this student friendly technique efficiently demonstrates the interaction of anticipatory, or feedforward, mechanisms and feedback correction from sensory input.",RMS; electromyography; feedforward; physiology; postural control; second derivative,,Journal Article
26240534,PMC4521742,,13,3,A234-43,Electrophysiology Meets Ecology: Investigating How Vision is Tuned to the Life Style of an Animal using Electroretinography.,2015-07-07,"Students learn best when projects are multidisciplinary, hands-on, and provide ample opportunity for self-driven investigation. We present a teaching unit that leads students to explore relationships between sensory function and ecology. Field studies, which are rare in neurobiology education, are combined with laboratory experiments that assess visual properties of insect eyes, using electroretinography (ERG). Comprised of nearly one million species, insects are a diverse group of animals, living in nearly all habitats and ecological niches. Each of these lifestyles puts different demands on their visual systems, and accordingly, insects display a wide array of eye organizations and specializations. Physiologically relevant differences can be measured using relatively simple extracellular electrophysiological methods that can be carried out with standard equipment, much of which is already in place in most physiology laboratories. The teaching unit takes advantage of the large pool of locally available species, some of which likely show specialized visual properties that can be measured by students. In the course of the experiments, students collect local insects or other arthropods of their choice, are guided to formulate hypotheses about how the visual system of ""their"" insects might be tuned to the lifestyle of the species, and use ERGs to investigate the insects' visual response dynamics, and both chromatic and temporal properties of the visual system. Students are then guided to interpret their results in both a comparative physiological and ecological context. This set of experiments closely mirrors authentic research and has proven to be a popular, informative and highly engaging teaching tool.",ERG; behavioral ecology; electrophysiology; electroretinogram; electroretinography; visual system,,Journal Article
26240533,PMC4521741,,13,3,A225-33,Using the Humanities to Teach Neuroscience to Non-majors.,2015-07-07,"We developed and offered a sequence of neuroscience courses geared toward changing the way non-science students interact with the sciences. Although we accepted students from all majors and at all class levels, our target population was first and second year students who were majoring in the fine arts or the humanities, or who had not yet declared a major. Our goal was to engage these students in science in general and neuroscience in particular by teaching science in a way that was accessible and relevant to their intellectual experiences. Our methodology was to teach scientific principles through the humanities by using course material that is at the intersection of the sciences and the humanities and by changing the classroom experience for both faculty and students. Examples of our course materials included the works of Oliver Sacks, V.S. Ramachandran, Martha Nussbaum, Virginia Woolf and Karl Popper, among others. To change the classroom experience we used a model of team-teaching, which required the simultaneous presence of two faculty members in the classroom for all classes. We changed the structure of the classroom experience from the traditional authority model to a model in which inquiry, debate, and intellectual responsibility were central. We wanted the students to have an appreciation of science not only as an endeavor guided by evidence and experimentation, but also a public discourse driven by creativity and controversy. The courses attracted a significant number of humanities and fine arts students, many of whom had already completed their basic science requirement.",emotions; film; neurocinematics; perspective; play; space; team teaching; the two cultures; time,,Journal Article
26240532,PMC4521740,,13,3,A215-24,"In Vivo Time-Lapse Imaging in the Zebrafish Lateral Line: A Flexible, Open-Ended Research Project for an Undergraduate Neurobiology Laboratory Course.",2015-07-07,"The lateral line sensory system in fish detects movements in the water and allows fish to respond to predators, prey, and other stimuli. As the lateral line forms in the first two days of zebrafish development, axons extend caudally along the lateral surface of the fish, eventually forming synapses with hair cells of neuromasts. Growing lateral line axons are located superficially under the skin and can be labeled in living zebrafish using fluorescent protein expression. This system provides a relatively straightforward approach for in vivo time-lapse imaging of neuronal development in an undergraduate setting. Here we describe an upper-level neurobiology laboratory module in which students investigate aspects of axonal development in the zebrafish lateral line system. Students learn to handle and image living fish, collect time-lapse videos of moving mitochondria, and quantitatively measure mitochondrial dynamics by generating and analyzing kymographs of their movements. Energy demands may differ between axons with extending growth cones versus axons that have already reached their targets and are forming synapses. Since relatively little is known about this process in developing lateral line axons, students generate and test their own hypotheses regarding how mitochondrial dynamics may differ at two different time points in axonal development. Students also learn to incorporate into their analysis a powerful yet accessible quantitative tool, the kymograph, which is used to graph movement over time. After students measure and quantify dynamics in living fish at 1 and 2 days post fertilization, this module extends into independent projects, in which students can expand their studies in a number of different, inquiry-driven directions. The project can also be pared down for courses that wish to focus solely on the quantitative analysis (without fish handling), or vice versa. This research module provides a useful approach for the design of open-ended laboratory research projects that integrate the scientific process into undergraduate Biology courses, as encouraged by the AAAS and NSF Vision and Change Initiative.",axon development; fluorescence; growth cone; in vivo; lateral line; mitochondria; time-lapse imaging; zebrafish,,Journal Article
26240531,PMC4521739,,13,3,A206-14,In Situ Teaching: Fusing Labs & Lectures in Undergraduate Science Courses to Enhance Immersion in Scientific Research.,2015-07-07,"Undergraduate courses in the life sciences at most colleges and universities are traditionally composed of two or three weekly sessions in a classroom supplemented with a weekly three-hour session in a laboratory. We have found that many undergraduates can have difficulty making connections and/or transferring knowledge between lab activities and lecture material. Consequently, we are actively developing ways to decrease the physical and intellectual divides between lecture and lab to help students make more direct links between what they learn in the classroom and what they learn in the lab. In this article we discuss our experiences teaching fused laboratory biology courses that intentionally blurred the distinctions between lab and lecture to provide undergraduates with immersive experiences in science that promote discovery and understanding.",fused courses; laboratory; pedagogy,,Journal Article
26240530,PMC4521738,,13,3,A198-205,"Mission-driven, Manageable and Meaningful Assessment of an Undergraduate Neuroscience Program.",2015-07-07,"Academia has recently been under mounting pressure to increase accountability and intentionality in instruction through development of student ""intended learning outcomes"" (ILOs) developed at multiple levels (e.g., course, program, major, and even institution). Once these learning goals have been determined, then classroom instruction can be purposefully designed to map onto those intended outcomes in a ""backward design"" process (Wiggins and McTighe, 2005). The ongoing challenge with any such process, however, is in determining one's effectiveness in achieving these intended learning goals, so it is critical that efficient tools can be developed that enable these goals to be assessed. In addition, an important requirement of any ILOs is that they are mission-driven, meaningful and parsed in such a way that they can be used to obtain evidence in a manageable way. So how can we effectively assess these outcomes in our students? This paper describes key factors to consider in the planning and implementation of assessment for an undergraduate neuroscience program.",Intended Learning Outcomes (ILOs); assessment; backward design; curriculum mapping; evaluation; neuroscience curriculum; neuroscience program,,Journal Article
26240529,PMC4521737,,13,3,A192-7,How to Successfully Incorporate Undergraduate Researchers Into a Complex Research Program at a Large Institution.,2015-07-07,"One feature of the Laboratory for Rational Decision Making at Cornell University is the integration of a large number of undergraduate students into a relatively elaborate research program. We describe our thorough screening process, laboratory structure, and our expectations for undergraduate researchers in our lab. We have a structure in place that helps maintain organization and enhance productivity, including scheduled weekly and monthly meetings, and selecting undergraduate and graduate team leaders to lead each research project. We discuss how it is important to encourage students to aim high and have a good attitude toward learning and problem solving. We emphasize that both initiative and teamwork are important in a large research laboratory. We also discuss the importance of giving students responsibility in connection with research projects-our undergraduate researchers engage in data analysis, interpretation of results, and have a high-level understanding of theory.",initiative; professionalism; research program; structure; teamwork; undergraduate students,,Journal Article
26240528,PMC4521736,,13,3,A184-91,Neuroscience and Global Learning.,2015-07-07,"Traditional study abroad experiences take a variety of forms with most incorporating extensive cultural emersion and a focus on global learning skills. Here we ask the question: Can this type of experience co-exist with a quality scientific experience and continued progression through a typically rigorous undergraduate neuroscience curriculum? What are the potential costs and benefits of this approach? How do we increase student awareness of study abroad opportunities and inspire them to participate? We outline programs that have done this with some success and point out ways to cultivate this approach for future programs. These programs represent a variety of approaches in both their duration and role in a given curriculum. We discuss a one-week first year seminar program in Berlin, a summer study abroad course in Munich and Berlin, semester experiences and other options offered through the Danish Institute for Study Abroad in Copenhagen. Each of these experiences offers opportunities for interfacing global learning with neuroscience.",curricular development; global learning; research internships; semester abroad; study abroad,,Journal Article
26240527,PMC4521735,,13,3,A174-83,Gel Scramble: An E-Tool for Teaching Molecular Neuroscience.,2015-07-07,"In this completely digital teaching module, students interpret the results of two separate procedures: a restriction endonuclease digestion, and a polymerase chain reaction (PCR). The first consists of matching restriction endonuclease digest protocols with images obtained from stained agarose gels. Students are given the sequence of six plasmid cDNAs, characteristics of the plasmid vector, and the endonuclease digest protocols, which specify the enzyme(s) used. Students calculate the expected lengths of digestion products using this information and free tools available on the web. Students learn how to read gels and then match their predicted fragment lengths to the digital images obtained from the gel electrophoresis of the cDNA digest. In the PCR experiment, students are given six cDNA sequences and six sets of primers. By querying NCBI BLAST, students can match the PCR fragments to the lengths of the predicted in silico PCR products. The ruse posed to students is that the gels were inadvertently mislabeled during processing. Although students know the experimental details, they do not know which gel goes with a given restriction endonuclease digest or PCR-they must deduce the answers. Because the gel images are from actual students' experiments, the data sometimes result from mishandling/mislabeling or faulty protocol execution. The most challenging part of the exercise is to explain these errors. This latter aspect requires students to use critical thinking skills to explain aberrant outcomes. This entire exercise is available in a digital format and downloadable for free at http://mdcune.psych.ucla.edu/modules/gel.",PCR; digital learning; distance education; endonuclease digest; gel electrophoresis; molecular neuroscience; virtual laboratory,,Journal Article
26240526,PMC4521734,,13,3,A166-73,Light Activated Escape Circuits: A Behavior and Neurophysiology Lab Module using Drosophila Optogenetics.,2015-07-07,"The neural networks that control escape from predators often show very clear relationships between defined sensory inputs and stereotyped motor outputs. This feature provides unique opportunities for researchers, but it also provides novel opportunities for neuroscience educators. Here we introduce new teaching modules using adult Drosophila that have been engineered to express csChrimson, a red-light sensitive channelrhodopsin, in specific sets of neurons and muscles mediating visually guided escape behaviors. This lab module consists of both behavior and electrophysiology experiments that explore the neural basis of flight escape. Three preparations are described that demonstrate photo-activation of the giant fiber circuit and how to quantify these behaviors. One of the preparations is then used to acquire intracellular electrophysiology recordings from different flight muscles. The diversity of action potential waveforms and firing frequencies observed in the flight muscles make this a rich preparation to study the ionic basic of cellular excitability. By activating different cells within the giant fiber pathway we also demonstrate principles of synaptic transmission and neural circuits. Beyond conveying core neurobiological concepts it is also expected that using these cutting edge techniques will enhance student motivation and attitudes towards biological research. Data collected from students and educators who have been involved in development of the module are presented to support this notion.",Drosophila; electrophysiology; flight muscle; giant fiber escape; neuroethology; optogenetics,,Journal Article
26240525,PMC4521733,,13,3,A160-5,Techniques and Technology to Revise Content Delivery and Model Critical Thinking in the Neuroscience Classroom.,2015-07-07,"Undergraduate neuroscience courses typically involve highly interdisciplinary material, and it is often necessary to use class time to review how principles of chemistry, math and biology apply to neuroscience. Lecturing and Socratic discussion can work well to deliver information to students, but these techniques can lead students to feel more like spectators than participants in a class, and do not actively engage students in the critical analysis and application of experimental evidence. If one goal of undergraduate neuroscience education is to foster critical thinking skills, then the classroom should be a place where students and instructors can work together to develop them. Students learn how to think critically by directly engaging with course material, and by discussing evidence with their peers, but taking classroom time for these activities requires that an instructor find a way to provide course materials outside of class. Using technology as an on-demand provider of course materials can give instructors the freedom to restructure classroom time, allowing students to work together in small groups and to have discussions that foster critical thinking, and allowing the instructor to model these skills. In this paper, I provide a rationale for reducing the use of traditional lectures in favor of more student-centered activities, I present several methods that can be used to deliver course materials outside of class and discuss their use, and I provide a few examples of how these techniques and technologies can help improve learning outcomes.",Blended; Classroom; Clicker; Hybrid; Lecture; Podcast; Software; Syllabus; Teaching,,Journal Article
26240524,PMC4521732,,13,3,A155-9,Career Transitions for Faculty Members committed to Undergraduate Neuroscience Education.,2015-07-07,"This article highlights some of the critical issues that were discussed during a breakout session on career transitions at the 2014 Faculty for Undergraduate Neuroscience (FUN) Workshop at Ithaca College on Undergraduate Neuroscience Education: Challenges and Solutions in Creating and Sustaining Programs. Topics included: (1) transitioning from graduate school or a postdoc position to an assistant professor position; (2) preparing for promotion and tenure decisions; (3) balancing teaching, research, and service during a career in academics; (4) exploring alternative career options, including moving to another institution, taking on an administrative position, and working in industry; and (5) deciding when and how to retire. Much of the discussion focused on special challenges that women and minorities face in the academic environment. Participants offered valuable insights and suggestions for helping new faculty members prepare for reappointment, promotion, and tenure decisions, including utilizing networking connections within FUN for letters of support and collaborative opportunities. These networking opportunities were also valued by participants who were in rather unique positions, such as transitioning from a purely administrative role back to a regular faculty position or handling the extra burden of being a chair or program director with essentially the same research and grant-writing expectations of a regular faculty member. The session proved to be enlightening for most participants and though several questions and concerns remained unanswered, several ideas and insights were shared by the participants and a sense of empathy for the unique circumstances many of the participants were experiencing provided an atmosphere of comradery and support that often emanates from these FUN workshop sessions.",and retirement decisions; career development; gender equality; retention and reappointment; tenure criteria; transitioning to leadership and administrative positions,,Journal Article
26240523,PMC4521731,,13,3,A150-4,Best Practices: The Neuroscience Program at Central Michigan University.,2015-07-07,"The original design of our program at Central Michigan University (CMU) and its evolving curriculum were directly influenced by Faculty for Undergraduate (FUN) workshops at Davidson College, Oberlin College, Trinity College, and Macalester College. The course content, laboratory exercises, and pedagogy used were informed by excellent articles in the Journal of Undergraduate Neuroscience Education (JUNE) and presentations at these FUN workshops and meetings over the years. Like the program at Baldwin-Wallace College, which was a previous winner of the Undergraduate Neuroscience Program of the Year Award, as selected by the Committee on Neuroscience Departments and Programs (CNDP) of the Society for Neuroscience (SfN, our program stresses the importance of inquiry-based, hands-on research experience for our undergraduates and utilizes a peer-mentoring system. A distinct advantage that is employed at CMU is the use of graduate student mentors, which allows us to expand our peer-mentorship to distinct research teams that are focused on a specific research project. Developing our program was not easy. The present manuscript reviews the long and arduous journey (including ways in which we navigated some difficult internal political issues) we made to build a strong program. Hopefully, this description may prove helpful for other evolving programs, in terms of avoiding certain pitfalls and overcoming obstacles, as well as selecting practices that have proven to be successful at our institution.",TEAM approach to student research; academic politics; neuroscience curriculum; neuroscience pedagogy; peer-mentoring; student-centered research,,Journal Article
26240522,PMC4521730,,13,3,A146-9,Intentional Excellence in the Baldwin Wallace University Neuroscience Program.,2015-07-07,"The Society for Neuroscience recognized Baldwin Wallace University's (BWU) undergraduate Neuroscience program as their Program of the Year for 2012. This award acknowledged the ""accomplishments of a neuroscience department or program for excellence in educating neuroscientists and providing innovative models to which other programs can aspire."" The Neuroscience program grew out of students interested in studying the biological basis of behavior. BWU's neuroscience major is research-intensive, and all students are required to produce an empirically-based senior thesis. This requirement challenges program resources, and the demand for faculty attention is high. Thus, we developed an intentional 3-step peer mentoring system that encourages our students to collaborate with and learn from, not only faculty, but each other. Peer mentoring occurs in the curriculum, faculty research labs, and as students complete their senior theses. As the program has grown with over 80 current majors, we have developed a new Neuroscience Methods course to train students on the safety, ethics, and practice of research in the neuroscience laboratory space. Students in this course leave with the skills and knowledge to assist senior level students with their theses and to begin the process of developing their own projects in the laboratory. Further, our students indicate that their ""peer mentorship was excellent,"" ""helped them gain confidence,"" and ""allowed them to be more successful in their research.""",Baldwin Wallace University; best practices; peer mentoring,,Journal Article
26240521,PMC4521729,,13,3,A136-45,Retention of Underrepresented Minority Faculty: Strategic Initiatives for Institutional Value Proposition Based on Perspectives from a Range of Academic Institutions.,2015-07-07,"The student and faculty make-up of academic institutions does not represent national demographics. Racial and ethnic minorities are disproportionately underrepresented nationally, and particularly at predominantly white institutions (PWIs). Although significant efforts and funding have been committed to increasing points of access or recruitment of under-represented minority (URM) students and faculty at PWIs, these individuals have not been recruited and retained at rates that reflect their national proportions. Underrepresentation of URMs is particularly prevalent in Science, Technology, Engineering, and Mathematics (STEM) disciplines. This reality represents a national crisis given a predicted shortage of workers in STEM disciplines based on current rates of training of all individuals, majority and URM, and the intersection of this limitation with persistent challenges in the recruitment, training, retention and advancement of URMs who will soon represent the largest pool of future trainees. An additional compounding factor is the increasingly disproportionate underrepresentation of minorities at higher professorial and administrative ranks, thus limiting the pool of potential mentors who are correlated with successful shepherding of URM students through STEM training and development. We address issues related to improving recruitment and retention of URM faculty that are applicable across a range of academic institutions. We describe challenges with recruitment and retention of URM faculty and their advancement through promotion in the faculty ranks and into leadership positions. We offer specific recommendations, including identifying environmental barriers to diversity and implementing strategies for their amelioration, promoting effective and innovative mentoring, and addressing leadership issues related to constructive change for promoting diversity.",STEM; diversity; faculty retention; higher education; institutional transformation; under-represented minorities (URM),,Journal Article
26240520,PMC4521728,,13,3,A131-5,Documenting Laboratory Procedures with Video.,2015-07-07,"Demonstrating laboratory procedures in person during class time can be time-consuming. When procedures are done under a microscope, live demonstration is also impractical because of the limited number of students who can view the demonstration at once. Creating videos beforehand, which students can watch before class and review during lab sessions, solves both of these problems. This article suggests ways to make and distribute high quality video of microscopic procedures.",demonstration; dissection; editing; microscope; video,,Journal Article
26240519,PMC4521727,,13,3,A126-30,ERIN: A Portal to Resources for Higher Education in Neuroscience.,2015-07-07,"ERIN, Educational Resources in Neuroscience, is the Society for Neuroscience's web portal to selected, high-quality materials for higher education. A Board of Editors approves resources after describing them and classifying them by topic, subtopic, media type, author, and appropriate educational level. Some resources are also accompanied by reviews and ratings from faculty who have used the resource. These features make a search of ERIN far more useful than a typical Google search. ERIN's development was funded by the National Science Foundation with a three-year grant to SfN. Along the way, various unexpected problems arose and solutions were found, many of which are described in this overview of ERIN's history and the various decisions that were made in its design and development.",classification schemes; crowdsourcing; faculty reviews; media; teaching resources; website,,Journal Article
26240518,PMC4521726,,13,3,A120-5,VideoHacking: Automated Tracking and Quantification of Locomotor Behavior with Open Source Software and Off-the-Shelf Video Equipment.,2015-07-07,"Differences in nervous system function can result in differences in behavioral output. Measurements of animal locomotion enable the quantification of these differences. Automated tracking of animal movement is less labor-intensive and bias-prone than direct observation, and allows for simultaneous analysis of multiple animals, high spatial and temporal resolution, and data collection over extended periods of time. Here, we present a new video-tracking system built on Python-based software that is free, open source, and cross-platform, and that can analyze video input from widely available video capture devices such as smartphone cameras and webcams. We validated this software through four tests on a variety of animal species, including larval and adult zebrafish (Danio rerio), Siberian dwarf hamsters (Phodopus sungorus), and wild birds. These tests highlight the capacity of our software for long-term data acquisition, parallel analysis of multiple animals, and application to animal species of different sizes and movement patterns. We applied the software to an analysis of the effects of ethanol on thigmotaxis (wall-hugging) behavior on adult zebrafish, and found that acute ethanol treatment decreased thigmotaxis behaviors without affecting overall amounts of motion. The open source nature of our software enables flexibility, customization, and scalability in behavioral analyses. Moreover, our system presents a free alternative to commercial video-tracking systems and is thus broadly applicable to a wide variety of educational settings and research programs.",Python; ethanol; open source; thigmotaxis; video tracking; zebrafish,,Journal Article
25838810,PMC4380308,,13,2,E7-8,There are so many I want to thank: Inviting the neuroscience classroom into Hollywood(.).,2015-03-15,,,,Journal Article
25838809,PMC4380307,,13,2,E2-6,A changing tide: what the new 'foundations of behavior' section of the 2015 medical college admissions test® might mean for undergraduate neuroscience programs.,2015-03-15,"Each year over 50,000 college students and alumni take the Medical College Admissions Test® (MCAT) and apply for admissions to medical school. After an extensive review process, the MCAT has undergone a major revision in form and content in order to better reflect the competencies medical students will need to be successful in their training and practice. Starting in April 2015, for the first time since the test's inception, the MCAT will include social and behavioral sciences content. The new section of the MCAT exam titled ""The Psychological, Social and Biological Foundations of Behavior"" will test pre-health competencies that combine content knowledge with scientific inquiry and reasoning skills. Anticipating growing interest in curriculum related to the new competency based content on the exam, the AAMC (Association of American Medical Colleges) established the Pre-health Collection within MedEdPORTAL's iCollaborative, a free repository of teaching resources. This online space gives faculty members the opportunity to share access to instructional resources in order to prepare or revise courses to include pre-health competencies. As a result of the increased content related to mind-body connections, undergraduate pre-medical students will be more likely to enroll in neuroscience courses to learn these competencies, or declare neuroscience majors, as the typical neuroscience major course requirements now meet most of the suggested pre-requisite competencies for medical school.","MCAT 2015; pre-medical education; teaching resources, curriculum",,Journal Article
25838808,PMC4380306,,13,2,A95-A100,"Exercises in Anatomy, Connectivity, and Morphology using Neuromorpho.org and the Allen Brain Atlas.",2015-03-15,"Laboratory instruction of neuroscience is often limited by the lack of physical resources and supplies (e.g., brains specimens, dissection kits, physiological equipment). Online databases can serve as supplements to material labs by providing professionally collected images of brain specimens and their underlying cellular populations with resolution and quality that is extremely difficult to access for strictly pedagogical purposes. We describe a method using two online databases, the Neuromorpho.org and the Allen Brain Atlas (ABA), that freely provide access to data from working brain scientists that can be modified for laboratory instruction/exercises. Neuromorpho.org is the first neuronal morphology database that provides qualitative and quantitative data from reconstructed cells analyzed in published scientific reports. The Neuromorpho.org database contains cross species and multiple neuronal phenotype datasets which allows for comparative examinations. The ABA provides modules that allow students to study the anatomy of the rodent brain, as well as observe the different cellular phenotypes that exist using histochemical labeling. Using these tools in conjunction, advanced students can ask questions about qualitative and quantitative neuronal morphology, then examine the distribution of the same cell types across the entire brain to gain a full appreciation of the magnitude of the brain's complexity.","digital experiments, anatomy; neuronal morphology",,Journal Article
25838807,PMC4380305,,13,2,A88-94,Undergraduate Neuropharmacology: A Model for Delivering College-Level Neuroscience to High School Students in situ.,2015-03-15,"Our university course for non-majors (Biology 100) on the neurobiology of drug addiction was recently retooled for delivery at high schools around the state of Washington in order to engage younger students in the study of psychoactive drugs. Many of these students are earning both high school and university credits (dual-enrollment). This paper outlines the course design principles we used to ensure that high school students are earning valid college credits. We present an analysis of learning gains experienced by both university and high school students as measured by before and after course knowledge surveys. We also describe how assessment strategies used for on-campus students have been transferred to our high school partner teachers and how generous interchange and observation ensure that the high school students are engaging deeply in their study of neuroscience. Indeed, many have had a transformative experience that inspires them to contemplate the field of neuroscience as they transition into university study.","addiction; neurobiology; neuropharmacology; neuroscience; undergraduate, dual-enrollment",,Journal Article
25838806,PMC4380304,,13,2,A81-7,"Mad dogs, vampires, and zombie ants: a multidisciplinary approach to teaching neuroscience, behavior, and microbiology.",2015-03-15,"Viruses, parasites, and some bacteria use host organisms to complete their lifecycle. These infectious agents are able to hijack host processes to replicate and transmit to the next host. While we tend to think of infections as just making us sick, they are also capable of changing host behavior. In fact, many infectious agents are able to mediate host behavior in ways that can enhance transmission of the disease. In this course we explore the process of host behavior mediation by infectious agents, combining aspects of multiple fields including neurobiology, animal behavior, infectious disease microbiology, and epidemiology. The goals for this course are: 1) To explore the neurological and behavioral effects of infectious organisms on their hosts, in particular pathogen mediation of host behavior to the benefit of the pathogen, 2) to introduce students to primary literature in a multidisciplinary field, and 3) when applicable, to address cultural/historical/mythological perspectives that might alter societal norms and pressures and influence the impact of the biological processes of behavior modification by infections.",arousal; bacteria; behavior manipulation hypothesis; conditioning; gut-brain axis; modal action patterns; neurons; parasite; virus,,Journal Article
25838805,PMC4380303,,13,2,A74-80,A classic improved: minor tweaks yield major benefits in crayfish slow-flexor preparations.,2015-03-15,"Action potentials and the postsynaptic potentials they evoke fill the pages of neuroscience textbooks, but students have relatively few opportunities to record these phenomena on their own. However, the act of making such recordings can be key events in a student's scientific education. The crayfish abdominal slow flexor muscle system is a well-established platform for recording spikes and PSPs. It enables students to see nerves and the muscles they innervate, record spontaneous spikes from several motor axons in these nerves as well as PSPs in their postsynaptic muscle fibers, and interpret these recordings quantitatively. Here we describe an improved method for preparing the slow-flexor system for recording that employs transmitted illumination through the stereo microscope's conventional substage lighting. Oblique transmitted lighting allows students to see the nerve and muscles fibers in each segment clearly and position recording electrodes accurately under visual control. Because students can see the nerves, muscles, and recording electrodes, broken electrode tips are relatively uncommon and the first successful recordings come more quickly. Many kinds of neurons in the CNS have the same pattern of multineuronal, multiterminal innervation that occurs on these muscle fibers. To visualize these innervation patterns on these fibers, we describe an immunohistochemical protocol that labels the GABAergic inhibitory motor axon and all the synaptic vesicles in the synaptic terminals on these muscle fibers. Dual-color images reveal extensive branching of the axons and fields of presynaptic terminals, only some of which are double-labeled for GABA.",GABA; PSPs; crayfish; extracellular recording; immunohistochemistry,,Journal Article
25838804,PMC4380302,,13,2,A64-73,Brain literate: making neuroscience accessible to a wider audience of undergraduates.,2015-03-15,"The ability to critically evaluate neuroscientific findings is a skill that is rapidly becoming important in non-science professions. As neuroscience research is increasingly being used in law, business, education, and politics, it becomes imperative to educate future leaders in all areas of society about the brain. Undergraduate general education courses are an ideal way to expose students to issues of critical importance, but non-science students may avoid taking a neuroscience course because of the perception that neuroscience is more challenging than other science courses. A recently developed general education cluster course at UCLA aims to make neuroscience more palatable to undergraduates by pairing neuroscientific concepts with philosophy and history, and by building a learning community that supports the development of core academic skills and intellectual growth over the course of a year. This study examined the extent to which the course was successful in delivering neuroscience education to a broader undergraduate community. The results indicate that a majority of students in the course mastered the basics of the discipline regardless of their major. Furthermore, 77% of the non-life science majors (approximately two-thirds of students in the course) indicated that they would not have taken an undergraduate neuroscience course if this one was not offered. The findings also demonstrate that the course helped students develop core academic skills and improved their ability to think critically about current events in neuroscience. Faculty reported that teaching the course was highly rewarding and did not require an inordinate amount of time.",bioethics; critical thinking; general education; interdisciplinary; learning community; mental illness; neuroethics; neuroscience anxiety; neuroscience education; research skills; team teaching; writing skills,,Journal Article
25838803,PMC4380301,,13,2,A59-63,Dark adaptation and purkinje shift: a laboratory exercise in perceptual neuroscience.,2015-03-15,"The systematic measurement of luminance thresholds during dark adaptation usually requires advanced optical equipment not available in most undergraduate classes. Here we describe an easy, inexpensive alternative that uses a printed grayscale to measure visual thresholds. Adaptation curves found with this method are comparable to those found with the technologically advanced tools in the standard literature and even show the shift from cone to rod vision at around 4-8 minutes. The exercise can furthermore be easily combined with a demonstration of the Purkinje shift (the different spectral sensitivity of the rod and cone systems) and of multi-sensory integration across vision, touch and proprioception. The lab allows students to collect, graph and analyze both qualitative and quantitative data. Student ratings of the activity are highly positive, even when compared to other visual neuroscience labs. The activity provides an effective and accessible tool for teaching several important neuroscience concepts, including retinal circuitry, spectral sensitivity, and multi-sensory integration.",class demonstrations; cross-modality; dark adaptation; spectral sensitivity,,Journal Article
25838802,PMC4380300,,13,2,A110-9,Active learning in a neuroethics course positively impacts moral judgment development in undergraduates.,2015-03-15,"The growing neuroscientific understanding of the biological basis of behaviors has profound social and ethical implications. To address the need for public awareness of the consequences of these advances, we developed an undergraduate neuroethics course, Neuroscience and Society, at the University of Minnesota. Course evolution, objectives, content, and impact are described here. To engage all students and facilitate undergraduate ethics education, this course employed daily reading, writing, and student discussion, case analysis, and team presentations with goals of fostering development of moral reasoning and judgment and introducing application of bioethical frameworks to topics raised by neuroscience. Pre- and post-course Defining Issues Test (DIT) scores and student end-of-course reflections demonstrated that course objectives for student application of bioethical frameworks to neuroethical issues were met. The active-learning, student-centered pedagogical approaches used to achieve these goals serve as a model for how to effectively teach neuroethics at the undergraduate level.",active learning pedagogy; bioethics education; moral judgment development; neuroethics; undergraduate education,,Journal Article
25838801,PMC4380299,,13,2,A101-9,Teaching science writing in an introductory lab course.,2015-03-15,"One challenge that many neuroscience instructors face is how to teach students to communicate within the field. The goal of this project was to improve students' scientific writing in an introductory psychology laboratory course that serves as a feeder course into the neuroscience curriculum. This course included a scaffolded approach - breaking assignments into different sections that build upon each other to allow for more direction and feedback on each section. Students were also provided with examples of scientific writing, given direction on finding and reading journal articles, and were taught how to effectively peer review a paper. Research papers were assessed before (Year 1) and after (Year 2) this scaffolded approach was instituted. The assessment included measures of ""Genre Knowledge"" for each section of a research paper (abstract, introduction, method, results, discussion) as well as measures of ""Writing Elements"" (grammar, formatting, clarity, transitions, building to the hypothesis, using evidence). The results indicated that there was an improvement for Genre Knowledge scores when comparing Year 1 to Year 2. However, there was no systematic improvement in Writing Elements. This suggests that this teaching technique was most effective in improving students' ability to write within the scientific genre. The logistics of implementing such an approach are discussed.",genre knowledge; neuroscience; science writing; writing elements,,Journal Article
25565922,PMC4281051,,13,1,E1,The reviews are in: resources for undergraduate neuroscience education.,2014-10-15,,,,Journal Article
25565921,PMC4281050,,13,1,A8-A20,K-12 Neuroscience Education Outreach Program: Interactive Activities for Educating Students about Neuroscience.,2014-10-15,"The University of New England's Center for Excellence in the Neurosciences has developed a successful and growing K-12 outreach program that incorporates undergraduate and graduate/professional students. The program has several goals, including raising awareness about fundamental issues in neuroscience, supplementing science education in area schools and enhancing undergraduate and graduate/professional students' academic knowledge and skill set. The outreach curriculum is centered on core neuroscience themes including: Brain Safety, Neuroanatomy, Drugs of Abuse and Addiction, Neurological and Psychiatric Disorders, and Cognition and Brain Function. For each theme, lesson plans were developed based upon interactive, small-group activities. Additionally, we've organized our themes in a ""Grow-up, Grow-out"" approach. Grow-up refers to returning to a common theme, increasing in complexity as we revisit students from early elementary through high school. Grow-out refers to integrating other scientific fields into our lessons, such as the chemistry of addiction, the physics of brain injury and neuronal imaging. One of the more successful components of our program is our innovative team-based model of curriculum design. By creating a team of undergraduate, graduate/professional students and faculty, we create a unique multi-level mentoring opportunity that appears to be successful in enhancing undergraduate students' skills and knowledge. Preliminary assessments suggest that undergraduates believe they are enhancing their content knowledge and professional skills through our program. Additionally, we're having a significant, short-term impact on K-12 interest in science. Overall, our program appears to be enhancing the academic experience of our undergraduates and exciting K-12 students about the brain and science in general.",K-12; STEM; abuse; addiction; brain injury; brain safety; cognition; concussion; drug; education; memory; neuroanatomy; neuroscience; outreach; pharmacology,,Journal Article
25565920,PMC4281049,,13,1,A52-8,Recording field potentials from zebrafish larvae during escape responses.,2014-10-15,"Among vertebrates, startle responses are a ubiquitous method for alerting, and avoiding or escaping from alarming or dangerous stimuli. In zebrafish larvae, fast escape behavior is easily evoked through either acoustic or tactile stimuli. For example, a light touch to the head will excite trigeminal neurons that in turn excite a large reticulospinal neuron in the hindbrain called the Mauthner cell (M-cell). The M-cell action potential then travels down the contralateral trunk of the larva exciting motoneurons, which subsequently excite the entire axial musculature, producing a large amplitude body bend away from the source of the stimulus. This body conformation is known as the ""C-bend"" due to the shape of the larva during the behavior. As a result of the semi-synchronized activation of the M-cell, the population of motor neurons, and the axial trunk muscles, a large field potential is generated and can be recorded from free-swimming or fixed-position larvae. Undergraduate laboratories that record field potentials during escape responses in larval zebrafish are relatively simple to setup and allow students to observe and study the escape reflex circuit. Furthermore, by testing hypotheses, analyzing data and writing journal-style laboratory reports, students have multiple opportunities to learn about many neuroscience topics including vertebrate reflexes; sensory transduction; synaptic-, neuro-, and muscle-physiology; the M-cell mediated escape response; and the zebrafish as a model organism. Here, we detail the equipment, software, and recording setup necessary to observe field potentials in an undergraduate teaching lab. Additionally, we discuss potential advanced laboratory exercises and pedagogical outcomes. Finally, we note possible low-cost alternatives for recording field potentials.",Mauthner cells; electromyography (EMG); electrophysiology; escape responses; field potentials; motor behavior; neurophysiology; zebrafish,,Journal Article
25565919,PMC4281048,,13,1,A45-51,Engaging undergraduate summer research students and faculty in a regional neuroscience network.,2014-10-15,"Students who engage in experiential research programs and who form communities of learning are more likely to persist in Science, Technology, Engineering, and Math (STEM) programs. Faculty who collaborate are more likely to publish and to stay engaged in their field. With funding from the Great Lakes Colleges Association (GLCA) Expanding Collaboration Initiative, we engaged in a series of summer seminars with neuroscience faculty and their research students at five regional institutions, the College of Wooster, Ohio Wesleyan University, Earlham College, Oberlin College and Kenyon College. Our goals were to provide an opportunity for faculty and students to learn about the methods used in the labs at these institutions, to increase collaborative relationships across these institutions, to develop a community of learning among participating students, and to provide students with professional development opportunities. Pre- and post-assessment data indicate knowledge gains in demonstrated methods and increased comfort performing the methods with supervision or collaboration. In addition, several collaborative relationships were formed and significant assistance with planning, materials, and/or apparatus was provided across institutions. In open-ended post-experience questions, students indicated valuing the relationships formed with other students in this community of learning. We will continue this program with continued funding through the GLCA Expanding Collaboration Initiative and submission of a multi-center National Science Foundation Research Experience for Undergraduates grant and encourage others to engage in similar practices at their own institutions.",community of learning; faculty collaboration; student training; summer undergraduate research,,Journal Article
25565918,PMC4281047,,13,1,A41-4,A proposal for undergraduate students' inclusion in brain awareness week: promoting interest in curricular neuroscience components.,2014-10-15,"Brain Awareness Week (BAW) is a global campaign aimed at raising awareness of neuroscience and the progress and benefits of brain research. Our proposal was to include undergraduate physiology students in the organization and presentation of BAW activities. In this sense, we proposed the BAW as a neurophysiology teaching strategy. BAW 2013 occurred between March 11-17, and physiology students in the Nursing, Pharmacy and Physiotherapy programs of our university were involved in the organization of and participation in the activities. To evaluate student perceptions of their participation, a questionnaire was used to establish whether their involvement increased their interest in physiology/neuroscience. Our results indicated that this strategy was successful and increased the students' interest in neuroscience and physiology. In addition a survey of undergraduate and graduate students participating in BAW established their interest in the various activities available. The attention and reaction time workshop and the neuroanatomy workshop were the most popular of the eight activities available.",education; neurophysiology; popularization of science,,Journal Article
25565917,PMC4281046,,13,1,A29-40,"""Thinking like a Neuroscientist"": Using Scaffolded Grant Proposals to Foster Scientific Thinking in a Freshman Neuroscience Course.",2014-10-15,"Learning and practicing scientific inquiry is an essential component of a STEM education, but it is often difficult to teach to novices or those outside of a laboratory setting. To promote scientific thinking in a freshmen introductory neuroscience course without a lab component, we developed a series of learning activities and assignments designed to foster scientific thinking through the use of scientific grant proposals. Students wrote three short grant proposals on topics ranging from molecular to cognitive neuroscience during a 10-week class (one quarter). We made this challenging and advanced task feasible for novice learners through extensive instructional scaffolding, opportunity for practice, and frequent peer and instructor feedback. Student and instructor reports indicate that the assignments were highly intellectually engaging and that they promoted critical thinking, a deeper understanding of neuroscience material, and effective written communication skills. Here we outline the mechanics of the assignment, student and instructor impressions of learning outcomes, and the advantages and disadvantages of implementing this approach.",STEM education; grant proposal; inquiry; novice learners; scaffolding; scientific thinking,,Journal Article
25565916,PMC4281045,,13,1,A21-8,Students apply research methods to consumer decisions about cognitive enhancing drinks.,2014-10-15,"The goal of this class project was to provide students with a hands-on research experience that allowed autonomy, but eliminated duplication of effort and could be completed within one semester. Our resources were limited to a small supply budget and an introductory psychology subject pool. Six students from a behavioral neuroscience class tested claims made by a drink company that their product improves cognitive function. The students each chose a cognitive task for their part of the project. The tasks included the Donders Reaction Time Task, the Stroop Task, the Raven's Progressive Matrices, a short-term memory span test, the Rey-Osterrieth Complex Figure Test and a simple measure of prefrontal EEG activity. Participants were randomly assigned to an experimental or control drink. The experimental group received the putative cognitive enhancing drink and the control group received a placebo drink that was very similar in color and taste. The two drinks shared no active ingredients. Results suggest that the putative cognitive enhancing drink did not improve performance on any of the tasks and decreased performance on the short-term memory task. These findings are discussed in regard to implications for consumers as well as further research into supplements and their ability to improve cognitive performance. Each student presented his/her results at a university-wide research conference. This project provided a rich experience in which students had the opportunity to carry out a research project from conception to presentation.",behavioral neuroscience; cognitive-enhancement; consumer decisions; research methods; teaching neuroscience,,Journal Article
25565915,PMC4281044,,13,1,A1-7,Developing a new experimental system for an undergraduate laboratory exercise to teach theories of visuomotor learning.,2014-10-15,"Humans have a flexible motor ability to adapt their movements to changes in the internal/external environment. For example, using arm-reaching tasks, a number of studies experimentally showed that participants adapt to a novel visuomotor environment. These results helped develop computational models of motor learning implemented in the central nervous system. Despite the importance of such experimental paradigms for exploring the mechanisms of motor learning, because of the cost and preparation time, most students are unable to participate in such experiments. Therefore, in the current study, to help students better understand motor learning theories, we developed a simple finger-reaching experimental system using commonly used laptop PC components with an open-source programming language (Processing Motor Learning Toolkit: PMLT). We found that compared to a commercially available robotic arm-reaching device, our PMLT accomplished similar learning goals (difference in the error reduction between the devices, P = 0.10). In addition, consistent with previous reports from visuomotor learning studies, the participants showed after-effects indicating an adaptation of the motor learning system. The results suggest that PMLT can serve as a new experimental system for an undergraduate laboratory exercise of motor learning theories with minimal time and cost for instructors.",Processing; error-based learning; implicit learning mechanism; reaching movement; visuomotor rotation,,Journal Article
24693266,PMC3971001,,12,2,E12-3,"Expanding, enriching and sustaining undergraduate neuroscience education.",2014-03-15,,,,Journal Article
24693265,PMC3971000,,12,2,A93-9,The student as teacher: reflections on collaborative learning in a senior seminar.,2014-03-15,"A major influence on education since the 1950's has been Bloom's Taxonomy, a classification of learning objectives across multiple domains meant to educate the whole student (Anderson and Krathwohl, 2001). Although it has influenced educational pedagogy in primary education, higher education remains, in antiquity, heavily lecture based; viewing the instructor as an expert who professes their vast knowledge to their students. However, when students serve as instructor, it is difficult to apply this traditional view to the college classroom. Here we discuss the development, pedagogical approach, and experience of a senior level seminar course in which the students and instructor collaboratively explored an emerging field, embodied cognition, which combines research and theory from psychology and neuroscience among other disciplines, in which neither the students nor instructor were an expert. Students provided feedback and evaluations at three time points over the course of the semester, before class started, at midterm and at the end of the semester in order to address the experience and effectiveness of a collaborative seminar experience in which the instructor assumed a role closer to an equal of the students. Student responses revealed both high levels of satisfaction and degrees of perceived learning within the course at both the midterm and final evaluation. The approach of this seminar may be beneficial when applied to other seminars or course formats as students in this course felt as though they were learning more and appreciated being a more equal partner in their own learning process.",collaborative learning; embodied cognition; engaged learning; seminar; student-centered teaching,,Journal Article
24693264,PMC3970999,,12,2,A159-66,Controversies in Neuroscience: A Literature-Based Course for First Year Undergraduates that Improves Scientific Confidence While Teaching Concepts.,2014-03-15,"Controversies in Neuroscience is a half-semester elective for first year science students at Carnegie Mellon University with an emphasis on discussing primary literature to highlight current research topics and to introduce students to neuroscience. In order to evaluate the effectiveness of teaching first-year students using a literature-only approach, we took advantage of an opportunity to teach the same topics to a traditional textbook-based upper division course as to the first year seminar. Students in both courses took surveys at the beginning and end of the course, and self-reported confidence levels as well as exam scores were compared. At the conclusion of both courses, students reported increased level of comfort with scientific terminology and methodology. In addition, students enrolled in the first-year seminar performed at least as well or better than students involved in the upper division course on exam material. These results suggest that first year students are capable of making great strides in learning and understanding scientific principles strictly through exposure to primary literature, even with little or no access to a standard textbook. Furthermore, introducing students to primary literature-based courses early on in their undergraduate career can increase enthusiasm for learning science and improve confidence with neuroscience concepts and methodology. We therefore conclude that it is valuable to provide students opportunities to critically evaluate scientific literature early in their undergraduate careers.",active learning; hippocampus; introductory course; long-term potentiation (LTP); neuroscience methodology; pedagogy; scientific papers; synapse,,Journal Article
24693263,PMC3970998,,12,2,A154-8,Attitudes toward animal research: revisiting.,2014-03-15,"Gallup and Beckstead's (1988) commentary in the American Psychologist reported an assessment of college student's attitudes toward animal research. Among many findings, one main conclusion reached by the authors was that the participants in their study were generally concerned about the welfare of animals used in research, but that they also appreciated and valued the need for animal experimentation. Given the declining support for animal research from the general population over the past few decades, the present study administered the same questionnaire to a contemporary sample of university students to determine whether any patterns would emerge in a current sample's responses to these items. While the results suggest that respondents still demonstrate significant concern for animal welfare, importantly, the present sample of participants showed significantly less agreement with items that stressed the importance and value of conducting animal research. Educating college students about the importance of animal research and its valuable contributions to science as an enduring component of instructional practice in neuroscience and other courses may be an important step toward reversing these trends.",Gallup and Beckstead; animal research; attitudes,,Journal Article
24693262,PMC3970997,,12,2,A150-3,Classroom demonstration of the visual effects of eye diseases.,2014-03-15,"An understanding of the visual system is a fundamental aspect of many neuroscience and psychology courses. These classes often cover a variety of visual diseases that are correlated with the anatomy of the visual system, e.g., cataracts are caused by a clouding of the lens. Here, we describe an easy way to modify standard laboratory glasses/goggles to simulate the various perceptual deficits that accompany vision disorders such as astigmatism, cataracts, diabetic retinopathy, glaucoma, optic neuritis, posterior vitreous detachment, and retinitis pigmentosa. For example, when teaching about cataracts, students can put on glasses that mimic how severe cataracts affect one's vision. Using the glasses will allow students to draw connections between the disorder, its perceptual deficits, and the underlying anatomy. We also discuss floaters in the eye and provide an easy method to allow students to detect their own floaters. Together, these demonstrations make for a more dynamic and interactive class on the visual system that will better link diseases of the eye to anatomy and perception, and allow undergraduate students to develop a better understanding of the visual system as a whole.",retina; vision; vision deficit; visual disease,,Journal Article
24693261,PMC3970996,,12,2,A140-9,Application of a spike sorting procedure to analyze recordings in the crayfish ventral superficial flexor preparation: A high resolution approach to the study of neuromodulators on axons and synapses.,2014-03-15,"The crayfish ventral superficial flexor (VSF) is innervated by the ventral branch of the third nerve. This nerve and muscle system is tonic, and is responsible for posture control of the animal. The easy accessibility of the third nerve and its muscle fibers, along with its display of tonic activity in vitro, make this preparation ideal for observing axonal action potentials and synaptic responses. As a result, this preparation has often been adopted for undergraduate electrophysiology laboratories. This report describes application of a spike sorting procedure to simultaneously recorded traces from the third nerve and associated muscle fiber. This procedure allows for isolation of action potentials arising from each of the six axons in the third nerve. Separation of action potentials and their corresponding synaptic responses from large data sets, with sample sizes in the thousands, enables us to perform averaging and to analyze waveforms of action potentials and synaptic responses with a high resolution. With this high resolution approach, we document variations in the shape of action potentials in the third nerve and in synaptic potential in muscle fibers. The approach described here can be used for detailed study of the effects mediated by neuromodulators and drugs. An example of such an application is illustrated using 50 μM GABA. Several possible student projects using this approach are outlined and discussed.",GABA; action potential; crayfish; neuromuscular junction; spike sorting; synaptic transmission; ventral superficial flexor,,Journal Article
24693260,PMC3970995,,12,2,A130-9,Complementing Neurophysiology Education for Developing Countries via Cost-Effective Virtual Labs: Case Studies and Classroom Scenarios.,2014-03-15,"Classroom-level neuroscience experiments vary from detailed protocols involving chemical, physiological and imaging techniques to computer-based modeling. The application of Information and Communication Technology (ICT) is revolutionizing the current laboratory scenario in terms of active learning especially for distance education cases. Virtual web-based labs are an asset to educational institutions confronting economic issues in maintaining equipment, facilities and other conditions needed for good laboratory practice. To enhance education, we developed virtual laboratories in neuroscience and explored their first-level use in (Indian) University education in the context of developing countries. Besides using interactive animations and remotely-triggered experimental devices, a detailed mathematical simulator was implemented on a web-based software platform. In this study, we focused on the perceptions of technology adoption for a virtual neurophysiology laboratory as a new pedagogy tool for complementing college laboratory experience. The study analyses the effect of virtual labs on users assessing the relationship between cognitive, social and teaching presence. Combining feedback from learners and teachers, the study suggests enhanced motivation for students and improved teaching experience for instructors.",ICT; neuron simulator; neuroscience; pedagogy; teaching tool; virtual lab,,Journal Article
24693259,PMC3970994,,12,2,A123-9,NeuroLab: A Set of Graphical Computer Simulations to Support Neuroscience Instruction at the High School and Undergraduate Level.,2014-03-15,"Young students struggle with concepts that involve the parallel activity of large numbers of similar entities, precisely the kind of concepts that abound in neuroscience. While a direct experience to laboratory work cannot be replaced, such activities include a steep learning curve and may be impractical in certain course settings. This article describes a set of computer simulations of a number of neural processes using NetLogo (Wilensky, 1999), a software environment for the design and implementation of multi-agent simulations that has an intuitive graphical interface and minimal learning curve. NeuroLab is a group of graphical simulations that portray ions, molecules, synapses or cells as individual recognizable agents with particular behaviors, depending on the level at which the particular process is simulated. On a typical assignment, students run the simulation a few times manipulating specific variables by means of buttons, switches and sliders and observe the results of their manipulations on the main window. Many simulations include one or more plots that help visualize statistical data in real time and allow for the testing of experimental hypotheses. Students may repeat the simulation as many times as they wish and collect data or answer questions based on their observations. Assignments may take just a few minutes to perform, but could conceivably be part of more involved activities as designed by the instructor.",freeware; graphical computer simulations; neuroscience; virtual experiments,,Journal Article
24693258,PMC3970993,,12,2,A114-22,Positron Emission Tomography (PET) and Graphical Kinetic Data Analysis of the Dopamine Neurotransmitter System: An Exercise for an Undergraduate Laboratory Course.,2014-03-15,"Neuroimaging techniques, including positron emission tomography (PET), are widely used in clinical settings and in basic neuroscience research. Education in these methods and their applications may be incorporated into curricula to keep pace with this expanding field. Here, we have developed pedagogical materials on the fundamental principles of PET that incorporate a hands-on laboratory activity to view and analyze human brain scans. In this activity, students will use authentic PET brain scans generated from original research at Brookhaven National Laboratory (Volkow et al., 2009) to explore the neurobiological effects of a drug on the dopamine system. We provide lecture and assignment materials (including a 50-minute PowerPoint presentation introducing PET concepts), written background information for students and instructors, and explicit instructions for a 4-hour, computer-based laboratory to interested educators. Also, we discuss our experience implementing this exercise as part of an advanced undergraduate laboratory course at Stony Brook University in 2010 and 2011. Observing the living human brain is intriguing, and this laboratory is designed to illustrate how PET neuroimaging techniques are used to directly probe biological processes occurring in the living brain. Laboratory course modules on imaging techniques such as PET can pique the interest of students potentially interested in neuroscience careers, by exposing them to current research methods. This activity provides practical experience analyzing PET data using a graphical analysis method known as the Logan plot, and applies core neuropharmacology concepts. We hope that this manuscript inspires college instructors to incorporate education in PET neuroimaging into their courses.",Logan plot; addiction; binding potential; cocaine; college; dissociation constant; distribution volume ratio (DVR); dopamine; dopamine transporter; education; human; imaging; integrative; interactive learning; laboratory course; modafinil; neuroimaging; neuropharmacology; pharmacology; positron emission tomography (PET); raclopride; radiotracer; teaching,,Journal Article
24693257,PMC3970992,,12,2,A107-13,Behavioral observation of Xenopus tadpole swimming for neuroscience labs.,2014-03-15,"Neuroscience labs benefit from reliable, easily-monitored neural responses mediated by well-studied neural pathways. Xenopus laevis tadpoles have been used as a simple vertebrate model preparation in motor control studies. Most of the neuronal pathways underlying different aspects of tadpole swimming behavior have been revealed. These include the skin mechanosensory touch and pineal eye light-sensing pathways whose activation can initiate swimming, and the cement gland pressure-sensing pathway responsible for stopping swimming. A simple transection in the hindbrain can cut off the pineal eye and cement gland pathways from the swimming circuit in the spinal cord, resulting in losses of corresponding functions. Additionally, some pharmacological experiments targeting neurotransmission can be designed to affect swimming and, fluorescence-conjugated α-bungarotoxin can be used to label nicotinic receptors at neuromuscular junctions. These experiments can be readily adapted for undergraduate neuroscience teaching labs. Possible expansions of some experiments for more sophisticated pharmacological or neurophysiological labs are also discussed.",Xenopus; behavior; neuromuscular junction; pharmacology; physiology; swimming; tadpole,,Journal Article
24693256,PMC3970991,,12,2,A100-6,A Mind of Their Own: Using Inquiry-based Teaching to Build Critical Thinking Skills and Intellectual Engagement in an Undergraduate Neuroanatomy Course.,2014-03-15,"A changing undergraduate demographic and the need to help students develop advanced critical thinking skills in neuroanatomy courses has prompted many faculty to consider new teaching methods including clinical case studies. This study compared primarily conventional and inquiry-based clinical case (IBCC) teaching methods to determine which would produce greater gains in critical thinking and content knowledge. Results showed students in the conventional neuroanatomy course gained less than 3 national percentile ranks while IBCC students gained over 7.5 within one academic term using the valid and reliable California Critical Thinking Skills Test. In addition to 2.5 times greater gains in critical thinking, IBCC teaching methods also produced 12% greater final exam performance and 11% higher grades using common grade performance benchmarks. Classroom observations also indicated that IBCC students were more intellectually engaged and participated to a greater extent in classroom discussions. Through the results of this study, it is hoped that faculty who teach neuroanatomy and desire greater critical thinking and content student learning outcomes will consider using the IBCC method.",active learning; critical thinking; inquiry-based clinical case teaching (IBCC); neuroanatomy pedagogy,,Journal Article
24319399,PMC3852879,,12,1,E6-E10,Science Communication to the General Public: Why We Need to Teach Undergraduate and Graduate Students this Skill as Part of Their Formal Scientific Training.,2013-10-15,,,,Journal Article
24319398,PMC3852878,,12,1,E11,Training Tomorrow's Neuroscientists Today.,2013-10-15,,,,Journal Article
24319397,PMC3852877,,12,1,E1-5,A win for science: the benefits of mentoring high school students in the lab.,2013-10-15,,,,Journal Article
24319396,PMC3852876,,12,1,A85-92,Engaging Undergraduates in a Unique Neuroscience Research Opportunity: A Collaborative Research Experience Between a Primarily Undergraduate Institution (PUI) and a Major Research Institution.,2013-10-15,"This report describes a unique undergraduate research and teaching collaboration between investigators at two institutions, one a relatively small, primarily undergraduate institution and the other a large, urban research-intensive university. The program incorporates three major facets. First, undergraduates participate in a weekly collaborative lab meeting involving instructors from both institutions and held via remote video. Student-led discussions and presentations dominate these meetings, and the unique format promotes novel interactions between students and instructors. Second, students carry out investigative studies centered on understanding the role extracellular pH dynamics play in regulating neuronal processing. Students carry out studies on isolated neurons and glia throughout the fall and spring semesters, and primarily use a noninvasive electrophysiological technique, termed self-referencing, for extracellular pH measurements. The technique is relatively simple and readily learned and employed by undergraduates, while still being powerful enough to provide novel and meaningful research results. The research component is expanded for several students each summer who are selected to participate in summer research with both PIs and graduate students at the major research institution. Finally results gathered during the year and over the summer are disseminated at institutional symposia, undergraduate neuroscience symposia, national society meetings, and in submitted journal manuscripts. Preliminary observations and findings over three years support the aim of this research experience; to create a productive environment that facilitates deep-level understanding of neurophysiological concepts at the undergraduate level and promotes intellectual development while cultivating an excitement for scientific inquiry in the present and future.",collaborative research; electrophysiology; primarily undergraduate institution (PUI); retina; self-referencing; undergraduate research,,Journal Article
24319395,PMC3852875,,12,1,A75-84,The Use of Mock NSF-type Grant Proposals and Blind Peer Review as the Capstone Assignment in Upper-Level Neurobiology and Cell Biology Courses.,2013-10-15,"Although the use of grant proposals and blind peer review are standard in the natural sciences, their use as a pedagogical tool is rarely mentioned in the literature. As a consequence of dissatisfaction with term papers and literature reviews as the capstone writing experience in 300-level undergraduate biology courses, I have been experimenting with mock NSF-type grant proposals followed by blind peer review as the major assignment in my junior/senior-level classes. The improvement in educational outcomes and competencies due to this assignment appears to be substantial and worth the additional effort on both the students' and instructor's parts. Here, I outline the mechanics of this assignment and its advantages and disadvantages as well as the type of curriculum that is required to support this type of capstone assignment.",capstone experience; grant proposal; intensive writing; peer review,,Journal Article
24319394,PMC3852874,,12,1,A66-74,Using crickets to introduce neurophysiology to early undergraduate students.,2013-10-15,"Anatomy and physiology instructors often face the daunting task of teaching the principles of neurophysiology as part of a laboratory course with very limited resources. Teaching neurophysiology can be a difficult undertaking as sophisticated electrophysiology and data acquisition equipment is often financially out-of-reach for two-year institutions, and for many preparations, instructors need to be highly skilled in electrophysiology techniques when teaching hands-on laboratories. In the absence of appropriate laboratory tools, many undergraduate students have difficulty understanding concepts related to neurophysiology. The cricket can serve as a reliable invertebrate model to teach the basic concepts of neurophysiology in the educational laboratory. In this manuscript, we describe a series of hands-on, demonstrative, technologically simple, and affordable laboratory activities that will help undergraduate students gain an understanding of the principles of neurophysiology. By using the cerci ganglion and leg preparation, students can quantify extracellular neural activity in response to sensory stimulation, understand the principles of rate coding and somatotopy, perform electrical microstimulation to understand the threshold of sensory stimulation, and do pharmacological manipulation of neuronal activity. We describe the utility of these laboratory activities, provide a convenient protocol for quantifying extracellular recordings, and discuss feedback provided by undergraduate students with regards to the quality of the educational experience after performing the lab activities.",action potential; cerci ganglion; cricket; electrophysiology; extracellular recording; motor neurons; neuron; neuropharmacology,,Journal Article
24319393,PMC3852873,,12,1,A61-5,Studying temporal properties of stimulus-evoked responses in the ventral nerve cord of insects.,2013-10-15,"Students in undergraduate laboratory settings learn many of the foundational principles of sensory processing in the comparatively simple, easy to study invertebrate nervous system. In this example preparation, the American cockroach, students record action potentials from the fibers in the ventral nerve cord (VNC) that participate in a well explained escape behavior in response to stimulation of its cerci, a pair of mechanosensitive abdominal appendages. A system that allows good control over the time and amplitude of the air pulse delivered to the cerci is described. This experimental setup enables students to extract and display temporal information from recordings to learn how to interpret those responses in the context of the properties of the stimulus. I offer examples of specific investigations and analyses that work well for this purpose in an undergraduate laboratory.",adaptation; autocorrelation; cerci; electrophysiology; giant fibers; interspike interval; phase locking,,Journal Article
24319392,PMC3852872,,12,1,A53-60,"Community-based, Experiential Learning for Second Year Neuroscience Undergraduates.",2013-10-15,"Service learning is becoming a keystone of the undergraduate learning experience. At Stonehill College, we implemented a service learning course, called a Learning Community, in Neuroscience. This course was created to complement the basic research available to Stonehill Neuroscience majors with experience in a more applied and ""clinical"" setting. The Neuroscience Learning Community is designed to promote a deep understanding of Neuroscience by combining traditional classroom instruction with clinical perspectives and real-life experiences. This Neuroscience Learning Community helps students translate abstract concepts within the context of neurodevelopment by providing students with contextual experience in a real-life, unscripted setting. The experiential learning outside of the classroom enabled students to participate in informed discussions in the classroom, especially with regard to neurodevelopmental disorders. We believe that all students taking this course gain an understanding of the importance of basic and applied Neuroscience as it relates to the individual and the community. Students also have used this concrete, learning-by-doing experience to make informed decisions about career paths and choice of major.",Learning Community; Neuroscience education; Service Learning; clinical experiences; experiential learning; undergraduate Neuroscience curriculum,,Journal Article
24319391,PMC3852871,,12,1,A49-52,Basic neuron model electrical equivalent circuit: an undergraduate laboratory exercise.,2013-10-15,"We developed a hands-on laboratory exercise for undergraduate students in which they can build and manipulate a neuron equivalent circuit. This exercise uses electrical circuit components that resemble neuron components and are easy to construct. We describe the methods for creating the equivalent circuit and how to observe different neuron properties through altering the structure of the equivalent circuit. We explain how this hands-on laboratory activity allows for the better understanding of this fundamental neuroscience concept. At the conclusion of this laboratory exercise, undergraduate students will be able to apply the principles of Ohm's law, cable theory with regards to neurons, and understand the functions of resistance and capacitance in a neuron.",Ohm’s Law; RC Circuit; cable theory; electrical equivalent circuit; electrical properties; neuron model,,Journal Article
24319390,PMC3852870,,12,1,A42-8,The use of haiku to convey complex concepts in neuroscience.,2013-10-15,"Conveying scientific content with accuracy and fluency takes practice and requires deep understanding of the concepts being conveyed. This depth of knowledge comes from internalizing information and constructing it into a form that is unique and coherent to the individual. Often in science classrooms there is little or no opportunity for students to practice this type of thinking, activities that we believe are fundamental to effective science communication. This article describes the use of haiku - a 17 syllable poem - as a means for students to convey neurobiological concepts in a succinct manner by forcing them to focus on the most salient features of the observed processes. In our assignments haiku writing was successfully paired with explanations of the students' thought processes (Addiction course) or the scientific evidence to support claims (Neurodegenerative Disease course). We provide examples of student haiku and explanations as evidence of the power of this approach. The coupling of poetry and prose together create rich, accurate descriptions of scientific phenomena by encouraging higher-order thinking. Poetry writing can thus be used across the curriculum to forge comprehension of complex ideas in any discipline and to bridge the arts and the sciences.",deconstructing science; innovative assignments; non-traditional STEM writing; poetry; science haiku; scientific literacy; writing to learn; written communication,,Journal Article
24319389,PMC3852869,,12,1,A4-A10,Engaging the audience: developing presentation skills in science students.,2013-10-15,"This article describes a graduate class in presentation skills (""PClass"") as a model for how a class with similar objectives, expectations and culture might be mounted for undergraduates. The required class is given for students in neuroscience and physiology programs at the University of North Carolina at Chapel Hill; I describe the class in the years I led it, from 2003-2012. The class structure centered on peer rehearsal, critiquing of PowerPoint, and chalk talks by the students; video-recording of student talks for later review by the student with the instructor; and presentation of polished talks in a formal setting. A different faculty visitor to the class each week gave the students a variety of perspectives. The students also gained insight into their own evolving skills by discussing the strengths and weaknesses of seminars given by visitors to the campus. A unique feature of the class was collaboration with a professional actor from the University's Department of Dramatic Arts, who helped the students develop techniques for keeping the attention of an audience, for speaking with confidence, and for controlling nervousness. The undergraduate campus would be expected to lend itself to this sort of interdisciplinary faculty cooperation. In addition, students worked on becoming adept at designing and presenting posters, introducing speakers graciously and taking charge of the speaker's question session, and speaking to a lay audience.",PowerPoint; audience engagement; chalk talks; poster presentation; presentation; rehearsing,,Journal Article
24319388,PMC3852868,,12,1,A34-41,Pleasure and pain: teaching neuroscientific principles of hedonism in a large general education undergraduate course.,2013-10-15,"In a large (250 registrants) general education lecture course, neuroscience principles were taught by two professors as co-instructors, starting with simple brain anatomy, chemistry, and function, proceeding to basic brain circuits of pleasure and pain, and progressing with fellow expert professors covering relevant philosophical, artistic, marketing, and anthropological issues. With this as a base, the course wove between fields of high relevance to psychology and neuroscience, such as food addiction and preferences, drug seeking and craving, analgesic pain-inhibitory systems activated by opiates and stress, neuroeconomics, unconscious decision-making, empathy, and modern neuroscientific techniques (functional magnetic resonance imaging and event-related potentials) presented by the co-instructors and other Psychology professors. With no formal assigned textbook, all lectures were PowerPoint-based, containing links to supplemental public-domain material. PowerPoints were available on Blackboard several days before the lecture. All lectures were also video-recorded and posted that evening. The course had a Facebook page for after-class conversation and one of the co-instructors communicated directly with students on Twitter in real time during lecture to provide momentary clarification and comment. In addition to graduate student Teaching Assistants (TAs), to allow for small group discussion, ten undergraduate students who performed well in a previous class were selected to serve as discussion leaders. The Discussion Leaders met four times at strategic points over the semester with groups of 20-25 current students, and received one credit of Independent Study, thus creating a course within a course. The course grade was based on weighted scores from two multiple-choice exams and a five-page writing assignment in which each student reviewed three unique, but brief original peer-review research articles (one page each) combined with expository writing on the first and last pages. A draft of the first page, collected early in the term, was returned to each student by graduate TAs to provide individual feedback on scientific writing. Overall the course has run three times at ful or near enrollment capacity despite being held at an 8:00 AM time slot. Student-generated teaching evaluations place it well within the normal range, while this format importantly contributes to budget efficiency permitting the teaching of more required small-format courses (e.g., freshman writing). The demographics of the course have changed to one in which the vast majority of the students are now outside the disciplines of neuroscience or psychology and are taking the course to fulfill a General Education requirement. This pattern allows the wide dissemination of basic neuroscientific knowledge to a general college audience.",Reward; addiction; analgesia; behavioral economics; body weight regulation; craving; empathy; fMRI; relapse,,Journal Article
24319387,PMC3852867,,12,1,A23-33,Can You Change a Student's Mind in a Course about the Brain? Belief Change Following an Introductory Course in Biological Psychology.,2013-10-15,"Undergraduate courses in the neurosciences, including biological psychology, often appeal to students because they offer perspectives on human behavior and experience that are so different from those students arrive with or are exposed to elsewhere on campus. Consider, for example, this passage from Crick's, Astonishing Hypothesis: ""You, your joys and your sorrows, your memories and your ambitions, your sense of personal identity and free will, are in fact no more than the behaviour of a vast assembly of nerve cells and their associated molecules."" Unfortunately, because this perspective is at such odds with those many students arrive with, the very thing that makes these classes so interesting is also likely to engender resistance. With Crick's hypothesis serving as the theme of my introductory course in biological psychology, we explore the ways in which complex experiences and behaviors can be explained by lower-level, biological phenomena. Historically, and for a host of valid reasons, class assessment tends to focus on whether students understand the course material (e.g., Can you explain the role of Ca(2+) in synaptic transmission?), rather than whether students believe what they have been introduced to (e.g., Do you believe that the mind exists as something separate from the body?). For a number of years, however, I have also been collecting pre- and post-test data from students enrolled in three formats of the class in an effort to measure changes in beliefs. One format was a conventional standalone class, whereas the other two were more intensive and involved parallel coursework in the Philosophy of Mind with a second instructor. The full assessment, identical at both test intervals, was comprised of 56 items and included 16 items from a Theoretical Orientation Scale (TOS; Coan, 1979), several of which addressed whether human behavior was predictable; 14 items that addressed dualism, the veracity of our perceptions, personal responsibility, and other topics; and 26 items from the Organicism-Mechanism Paradigm Inventory (OMPI; Germer et al., 1982). Unlike most of the other test items, which addressed class topics specifically, the OMPI addressed general worldviews between two poles of mechanism and organicism. Mechanistic explanations, common in Neuroscience, tend to be highly reductive and treat organisms as more passive and reactive, whereas organismic explanations treat organisms as more active and the systems that give rise to their behaviors as non-reductive. Overall, analyses revealed statistically significant changes on a wide range of items that were generally, though not always, consistent with course objectives. The results of the OMPI indicated that the average student began the term closer to the organismic end of the scale, and became slightly more organismic by the end of the term. And yet, on a number of items related more specifically to the relationship between brain and behavior, students became more willing to endorse reductive and mechanistic positions. Although student beliefs can be very resistant to persuasion, change can occur.",assessment; beliefs; biological psychology; mechanistic; organismic; student learning; teaching of neuroscience; theoretical orientation,,Journal Article
24319386,PMC3852866,,12,1,A18-22,Using case studies as a semester-long tool to teach neuroanatomy and structure-function relationships to undergraduates.,2013-10-15,"In addition to being inherently interesting to students, case studies can serve as useful tools to teach neuroanatomy and demonstrate important relationships between brain structure and function. In most undergraduate courses, however, neuroanatomy is presented to students as a ""unit"" or chapter, much like other topics (e.g., receptors, pharmacology) covered in the course, over a period of a week or two. In this article, a relatively simple model of teaching neuroanatomy is described in which students are actively engaged in the presentation and discussion of case studies throughout the semester, following a general introduction to the structure of the nervous system. In this way, the teaching of neuroanatomy is ""distributed"" throughout the semester and put into a more user-friendly context for students as additional topics are introduced. Generally, students report enjoying learning brain structure using this method, and commented positively on the class activities associated with learning brain anatomy. Advantages and disadvantages of such a model are presented, as are suggestions for implementing similar models of undergraduate neuroanatomy education.",Case studies; active learning exercises; neuroanatomy; neuroscience pedagogy,,Journal Article
24319385,PMC3852865,,12,1,A11-7,MetaNeuron: A Free Neuron Simulation Program for Teaching Cellular Neurophysiology.,2013-10-15,"MetaNeuron, a neuron simulation program, is an effective interactive tool for teaching cellular neurophysiology. The computer program simulates a wide range of neuronal behavior in its six lessons: i) Resting Membrane Potential, ii) Membrane Time Constant, iii) Membrane Length Constant, iv) Axon Action Potential, v) Axon Voltage Clamp, and vi) Synaptic Potential. The program is designed foremost as a platform for conducting neurophysiology experiments in silico. Neuronal parameters are easily modified and a virtual stimulator injects single or double current pulses into the neuron. Phenomena such as temporal summation of synaptic potentials, passive spread of a synaptic potential from the dendrite to the soma, the refractory period, families of voltage-clamp traces, and the reversal potential of synaptic responses, are easily illustrated in MetaNeuron. Responses are displayed graphically and can be measured with a cursor. Families of traces can be generated and viewed in rotatable 3D plots. Mac and Windows versions of the program can be downloaded, free of charge, onto individual student computers from the website www.MetaNeuron.org. A manual containing operating instructions, a description of the lessons, and exercises conducted on MetaNeuron, can also be downloaded for free.",Neurophysiology; action potential; neuron; simulation; teaching neuroscience; voltage-clamp,,Journal Article
24319384,PMC3852864,,12,1,A1-3,Three colossal neurons: a new approach to an old classroom demonstration.,2013-10-15,"Research suggests that the key to optimal student learning, regardless of class size, is engaging students in active learning. It is my contention that to truly understand neural processing, one must not only understand the activities of the neuron as a living cell, but also how that cell works within the context of a neural network. The demonstration exercise described herein combines techniques expressed in three previously published articles, with certain modifications, allowing as few as 15 and as many as about 200 students to actively participate in the endeavor. Moreover, test scores from 158 students were examined, showing that students who participated in the demonstration performed significantly better on exam questions than students who did not take part.",Classroom Neuron Demonstration; Teaching Neural Anatomy and Function; Teaching Neuroscience,,Journal Article
23805060,PMC3692249,,11,2,E9-E10,Preparing new minds and communicating innovations in undergraduate neuroscience education: welcoming change in many forms.,2013-06-15,,,,Journal Article
23805059,PMC3692248,,11,2,A178-86,Using chick forebrain neurons to model neurodegeneration and protection in an undergraduate neuroscience laboratory course.,2013-06-15,"Since 2009 at Boston College, we have been offering a Research in Neuroscience course using cultured neurons in an in vitro model of stroke. The students work in groups to learn how to perform sterile animal cell culture and run several basic bioassays to assess cell viability. They are then tasked with analyzing the scientific literature in an attempt to identify and predict the intracellular pathways involved in neuronal death, and identify dietary antioxidant compounds that may provide protection based on their known effects in other cells. After each group constructs a hypothesis pertaining to the potential neuroprotection, we purchase one compound per group and the students test their hypotheses using a commonly performed viability assay. The groups generate quantitative data and perform basic statistics on that data to analyze it for statistical significance. Finally, the groups compile their data and other elements of their research experience into a poster for our departmental research celebration at the end of the spring semester.",cell culture; concept mapping; developmental biology; dissection; journal club; oxidative stress; poster presentation; stroke; viability assay,,Journal Article
23805058,PMC3692247,,11,2,A174-7,Da vinci coding? Using renaissance artists' depictions of the brain to engage student interest in neuroanatomy.,2013-06-15,"This report describes a pair of brief, interactive classroom exercises utilizing Renaissance artists' depictions of the brain to help increase student interest in learning basic neuroanatomy. Undergraduate students provided anonymous quantitative evaluations of both exercises. The feedback data suggest that students found both exercises engaging. The data also suggest that the first exercise increased student interest in learning more about neuroanatomy in general, while the second provided useful practice in identifying major neuroanatomical structures. Overall, the data suggest that these exercises may be a useful addition to courses that introduce or review neuroanatomical concepts.",art; history of science; teaching neuroanatomy,,Journal Article
23805057,PMC3692246,,11,2,A169-73,An undergraduate laboratory exercise to study sensory inhibition.,2013-06-15,"Sensory inhibition was first described by von Békésy as a process in which excitation of a field of sensory neurons leads to the reduction of activity of surrounding neurons and thus promotes contrast enhancement of the excited field. In the context of somatosensory cortex, the cortical neurons excited by touch or vibration will suppress excitation of neurons from surrounding receptive fields. USING TACTILE STIMULATORS BOTH DESIGNED AND FABRICATED AT THE UNIVERSITY OF NORTH CAROLINA AT CHAPEL HILL, WE CONDUCTED TWO SIMPLE EXPERIMENTS IN WHICH SENSORY INHIBITION PLAYS A ROLE IN INFORMATION PROCESSING: a unilateral study in which stimuli are delivered to the digits of one hand, and a bilateral study in which stimuli are delivered to the digits of both hands. In the unilateral study, we demonstrated that threshold detection on the third digit (D3) is impacted by conditioning stimuli delivered to adjacent digits 2 (D2) and digits 4 (D4). In the bilateral study, we delivered different conditions of bilateral stimulation in order to investigate the impact that conditioning stimulation of the right hand had on amplitude discriminative capacity of the left hand. The results demonstrated that conditioning stimulation on the right hand had a significant impact on the discriminative capacity of the left hand, and this alteration in discriminative capacity was consistent with previous animal studies in which somatosensory cortical responses evoked by stimulus conditions of unilateral vs. bilateral stimulation were compared. At the conclusion of this exercise, students will appreciate the fundamentals of sensory inhibition as well as the logistics of obtaining and analyzing data from human subjects. This study is designed to help students prepare for studying other facets of sensory processing by providing a firm foundation in the experimental methods and procedures.",Ipsilateral and Bilateral Inhibition; Sensory Inhibition; Vibrotactile Amplitude Discrimination,,Journal Article
23505342,PMC3598089,,10,2,E8,Quenchable Neuroscience: Why JUNE Needs to Focus on Getting Indexed in PubMed.,2012-03-15,,,,Journal Article
23505341,PMC3598090,,10,2,E7,The State of JUNE.,2012-03-15,,,,Journal Article
23504673,PMC3598094,,10,2,A88-95,Assessing development of an interdisciplinary perspective in an undergraduate neuroscience course.,2012-03-15,"Neuroscience is an intrinsically interdisciplinary (ID) field yet little has been published regarding assessment of ID learning in undergraduate neuroscience students. This study attempted to empirically assess the development of an interdisciplinary perspective in 25 undergraduate neuroscience students in a neuroscience program core course. Data were collected using two simple assessment instruments: 1) written responses to the open-ended question ""What is neuroscience?"" and 2) a term-discipline relevance survey in which students indicated all disciplinary perspectives to which terms (such as electrode, taste, dx/dt) were relevant. Comparison of student responses early in the course (week 1 or 5) and at the end of the course (week 15) showed evidence of development of an interdisciplinary perspective, with students using significantly more integrative terms in their responses and demonstrating an increased awareness of the complexity of the field of neuroscience.",assessment; content analysis; integration; intended learning outcomes; interdisciplinary learning,,Journal Article
23504612,PMC3598093,,10,2,A132-9,An undergraduate laboratory exercise examining the psychomotor stimulant effects of caffeine in laboratory rats.,2012-03-15,"This paper describes an exercise in a Systems and Behavioral Neuroscience with Laboratory class, an introductory laboratory class taken by Barnard College students majoring in a wide range of academic topics. The study took place over three weeks, allowing students to assess the effects of caffeine on motor stimulation in laboratory rats. The within-subject design involved injecting rats with three different caffeine doses and measuring five different motor outputs in a standard open field. Students completed four different assignments related to this study, demonstrating acquisition of the stated learning goals. This lab exercise allowed students to learn about basal ganglia neural circuitry and stimulant pharmacology, to work directly with an animal model, and to generate enough data to perform statistical analyses. Course evaluations suggest that students liked learning about caffeine, a stimulant many of them have personal experience consuming. They also expressed appreciation for working with rats and for learning how to analyze data. This study can easily be implemented at most undergraduate institutions under minimal cost. The wide-ranging effects of caffeine also permit for flexibility in experimental design, allowing instructors and students options for different avenues of investigation.",basal ganglia; caffeine; motor stimulation; open field; rat; stimulant,,Journal Article
23504583,PMC3598092,,10,2,A96-A104,Characterizing Mystery Cell Lines: Student-driven Research Projects in an Undergraduate Neuroscience Laboratory Course.,2012-03-15,"Inquiry-based projects promote discovery and retention of key concepts, increase student engagement, and stimulate interest in research. Described here are a series of lab exercises within an undergraduate upper level neuroscience course that train students to design, execute and analyze their own hypothesis-driven research project. Prior to developing their own projects, students learn several research techniques including aseptic cell culture, cell line maintenance, immunocytochemistry and fluorescent microscopy. Working in groups, students choose how to use these techniques to characterize and identify a ""mystery"" cell line. Each lab group is given a unique cell line with either a neural, astrocyte, or Schwann cell origin. Working together, students plan and execute experiments to determine the cellular origin and other unique characteristics of their mystery cell line. Students generate testable hypotheses, design interpretable experiments, generate and analyze data, and report their findings in both oral and written formats. Students receive instructor and peer feedback throughout the entire project. In summary, these labs train students the process of scientific research. This series of lab exercises received very strong positive feedback from the students. Reflections on student feedback and plans for future improvements are discussed.",cell biology; cell culture; hypothesis-driven research; immunocytochemistry; inquiry-based instruction; molecular biology; neuroscience education; open-ended project; research design; student-driven research project; upper level neuroscience course,,Journal Article
23504543,PMC3598091,,10,2,A118-24,Bio-amplifier with Driven Shield Inputs to Reduce Electrical Noise and its Application to Laboratory Teaching of Electrophysiology.,2012-03-15,"We describe a custom-designed bio-amplifier and its use in teaching neurophysiology to undergraduate students. The amplifier has the following features: 1) differential amplification with driven shield inputs, which makes it workable even in electrically unshielded environments, 2) high input impedance to allow recordings of small signals through high signal source impedance, 3) dual fixed frequency bandpass filters (1-340Hz for surface EMG, EEG, local field potential etc and 320Hz - 3.4kHz for neuronal action potential recording) and independent gain controllers (up to x107,000) to allow the recording of different signals from the same source (e.g., local field potential and spiking activity of neurons), and 4) printed circuit board technology for easy replication with consistent quality. We compared its performance with a commercial amplifier in an electrically noisy environment. Even without any electrostatic shield, it recorded clear electromyographic activity with little interference from other electric appliances. In contrast, the commercial amplifier's performance severely deteriorated under the same condition. We used this amplifier to build a computer-controlled stimulation and measurement system for electroencephalographic recordings by undergraduate students. The students successfully recorded various sensory evoked potentials with clarity that otherwise would have required costly instruments. This amplifier is a low-cost yet reliable instrument for electro-physiological recording both in education and research.",amplifier; driven shield; electroencephalography; electromyogram; neuron; physiology,,Journal Article
23504500,PMC3598088,,10,2,A113-7,Using in vivo voltammetry to demonstrate drug action: a student laboratory experience in neurochemistry.,2012-03-15,"Providing undergraduate neuroscience students an appropriate laboratory experience that demonstrates principles of neurotransmission and drug action is a difficult task. In the following activity, fast-scan cyclic voltammetry was utilized to measure dopamine levels using carbon-fiber microelectrodes in rats in vivo. Recordings were made before and after administration of several drugs to assess their ability to alter extracellular dopamine. The following drugs were chosen due to their well established actions: haloperidol, methylphenidate, and alpha-methyl-para-tyrosine. Each demonstrated markedly altered extracellular dopamine dynamics and some basic kinetic analysis enabled students to attribute the alterations to differing modes of action. Dopamine tissue content was also assessed to compare the differences between acute drug action and overall neurotransmitter content. Any neuroscience laboratory course that desired to demonstrate principles involved in neurotransmission would be well served by the activities involved. This laboratory experience provided: 1) basic principles in experimental design, 2) small animal surgical experiences, 3) exposure to common instrumentation used in collecting neurochemical data, 4) data analysis procedures, and 5) experience in presenting their findings.",alpha-methyl-para-tyrosine; carbon-fiber microelectrode; dopamine; dopamine transporter; fast-scan cyclic voltammetry; haloperidol; methylphenidate,,Journal Article
23504446,PMC3598087,,10,2,A125-31,Using equivalence-based instruction to increase efficiency in teaching neuroanatomy.,2012-03-15,"A goal of all instruction is to efficiently allocate time spent teaching -- balancing redundancy that enhances learning with redundancy that is irrelevant to increasing student understanding. Efficient allocation of time allows the instructor to present additional material and go into more detail about the information being presented. Here we borrow laboratory research on concept formation and apply these formal principles in teaching introductory neuroanatomy within a lecture course on Behavioral Neuroscience. Concept formation is taught by pairing multiple stimuli, for instance brain name, location, and function, in such a way that novel associations within a category emerge without direct training. This study demonstrates that careful selection of associations by the instructor can encourage the spontaneous emergence of novel associations within a concept or category, thereby increasing efficiency of teaching and by extension, the depth of material that can be taught.",equivalence classes; instruction; lecture; neuroanatomy,,Journal Article
23503211,PMC3598095,,10,2,A105-12,"Drugs, the brain, and behavior: a graduate student-run comprehensive course in neuroscience.",2012-03-15,"Drugs, the Brain, and Behavior is an interdisciplinary two-semester upper level course at Georgetown University designed to expose undergraduate and graduate students to broad areas of the neurosciences, to promote the development of scientific literacy in these students, and to provide pedagogical experience for Ph.D. students in the Interdisciplinary Program in Neuroscience (IPN) at all stages of training. Drugs, the Brain, and Behavior fulfills these goals through a unique model of student-teaching. This lecture-based, team-taught course is completely run and taught by Ph.D. students in the IPN. It is designed to gradually increase the teaching duties of new instructors, providing a structured setting for them to develop their pedagogical skills. We encourage scientific literacy in our students through the incorporation of primary literature and experimental results throughout the course. The strategies we have employed have increased student confidence on a variety of measures of scientific literacy. While running a team-taught course, we have also developed several strategies for coordinating team-taught courses within semesters and across years, which could easily be adapted to other courses.",continuity; graduate teaching; interdisciplinary learning; pedagogy; scientific literacy; team-teaching,,Journal Article
23495293,PMC3592733,,11,1,E1-2,"Introduction to Volume 11, Issue 1 and Proceedings of the Faculty for Undergraduate Neuroscience Workshops at Pomona College, Claremont, CA, July 28 to July 31, 2011.",2012-10-15,,,,Journal Article
23494749,PMC3592753,,11,1,A27-37,Identifying and using 'core competencies' to help design and assess undergraduate neuroscience curricula.,2012-10-15,"There has been a growing emphasis on the use of core competencies to design and inform curricula. Based on our Faculty for Undergraduate Neuroscience workshop at Pomona we developed a set of neuroscience core competencies. Following the workshop, faculty members were asked to complete an online survey to determine which core competencies are considered most essential and the results are presented. Backward Design principles are then described and we discuss how core competencies, through a backward design process, can be used to design and assess an undergraduate neuroscience curriculum. Oberlin College is used as a case study to describe the use of core competencies to help develop learning objectives, activities, and assessment measures for an undergraduate neuroscience major.",backwards design; core competencies; curriculum; learning goals,,Journal Article
23494739,PMC3592732,,11,1,A38-40,Working with your Administration to Garner Support for Neuroscience Programs.,2012-10-15,"In this article, I discuss the ways that faculty can work with academic administrators to advance neuroscience programs. To be successful in making the case for resources, you should identify the institutional and administrative priorities, and be sure that your proposal aligns well with those. You should demonstrate the need and expected benefits that the additional resources will provide for the students and institution, and you should muster a group of like-minded colleagues who support your proposal. Expect that the process may extend over several years, as resource constraints and proposals from other programs will compete with yours and possibly delay your obtaining the resources you seek. Patience, persistence, and politeness will all come in handy during these potentially prolonged negotiations.",administration; interdisciplinary; priorities; resources,,Journal Article
23494716,PMC3592752,,11,1,A158-60,Classic clinical technique adapted to demonstrate autonomic nervous system physiology in an undergraduate laboratory course.,2012-10-15,"The sympathetic skin response can be measured across the hands and feet with a simple bio amplifier. Controlled by the sympathetic nervous system, this response results from the activation of the eccrine sweat glands by many types of stimuli. This classical clinical test is used to evaluate peripheral neuropathies caused by a wide range of diseases, and can easily be adapted to teach a range of physiology applicable to neuroscience curricula.",autonomic nervous system; habituation; neuropathy; non-myelinated fibers; physiology; sympathetic skin response,,Journal Article
23494679,PMC3592731,,11,1,A149-57,Electroretinograms in Drosophila: a robust and genetically accessible electrophysiological system for the undergraduate laboratory.,2012-10-15,"Laboratory courses in neurophysiology fulfill a critical need for inquiry-based training in undergraduate programs in neuroscience and biology. These courses typically use classical electrophysiological preparations to explore the basic features of neuronal function. However, current neuroscience research also focuses on elucidating the molecular and genetic mechanisms of neuronal function, using model systems that include mutant and transgenic animals. To bridge laboratory training in neurophysiology with modern molecular genetics, we describe a teaching model based on electroretinography of the fruit fly Drosophila melanogaster, a long-established model system for basic neuroscience research. Drosophila are easily maintained, economical, and have hundreds of neurophysiologically relevant mutant strains and genetic tools readily available. The Drosophila electroretinogram (ERG) is a simple and accessible extracellular recording of a neural signal in the fly eye in response to flashes of light. The signal is multifaceted and the response is sensitive to stimulation parameters such as intensity, duration and wavelength, thus forming a rich source of analysis for students. Most importantly, different mutations affecting key components of intracellular signaling, synaptic transmission or neuronal function can affect the ERG waveform in characteristic ways. Recording wild type and mutant ERGs allows students to examine firsthand the connection between genetics, biochemical pathways, and electrophysiology. This neurophysiology laboratory course can facilitate and enhance an understanding of the cellular and molecular contributions to neurophysiological recordings.",Drosophila; electroretinograms; phototransduction; visual system,,Journal Article
23494601,PMC3592751,,11,1,A76-81,Accelerated integrated science sequence: an interdisciplinary introductory course for science majors.,2012-10-15,"We report here on our development of an introductory science course sequence that integrates biology, chemistry and physics in order to foster an interdisciplinary perspective in future science majors. Accelerated Integrated Science Sequence (AISS) is a two semester, double credit sequence co-taught by a biologist, a physicist and a chemist to first year undergraduates who plan to major in a natural science field. Topics are organized within a thematic framework. The course sequence also features integration of various pedagogical approaches as students shift from one type of activity to another within the same class session. The presence of AISS in our curriculum over the past five years has been correlated with increased recruitment and graduation of students in science majors and a perception within the department that AISS has helped improve the culture of learning. These benefits outweigh the difficulties of developing such a course and encourage us that interdisciplinary introductory courses can make important contributions to training versatile scientists.",biology; chemistry; interdisciplinary; introductory; physics; teaching; undergraduate,,Journal Article
23494568,PMC3592730,,11,1,A64-71,Classroom Activities: Simple Strategies to Incorporate Student-Centered Activities within Undergraduate Science Lectures.,2012-10-15,"The traditional science lecture, where an instructor delivers a carefully crafted monolog to a large audience of students who passively receive the information, has been a popular mode of instruction for centuries. Recent evidence on the science of teaching and learning indicates that learner-centered, active teaching strategies can be more effective learning tools than traditional lectures. Yet most colleges and universities retain lectures as their central instructional method. This article highlights several simple collaborative teaching techniques that can be readily deployed within traditional lecture frameworks to promote active learning. Specifically, this article briefly introduces the techniques of: reader's theatre, think-pair-share, roundtable, jigsaw, in-class quizzes, and minute papers. Each technique is broadly applicable well beyond neuroscience courses and easily modifiable to serve an instructor's specific pedagogical goals. The benefits of each technique are described along with specific examples of how each technique might be deployed within a traditional lecture to create more active learning experiences.",active learning; lectures; student-centered learning,,Journal Article
23494491,PMC3592729,,11,1,A72-5,Creating Cross-disciplinary Courses.,2012-10-15,"Because of its focus on the biological underpinnings of action and behavior, neuroscience intersects with many fields of human endeavor. Some of these cross-disciplinary intersections have been long standing, while others, such as neurotheology or neuroeconomics, are more recently formed fields. Many undergraduate institutions have sought to include cross-disciplinary courses in their curriculum because this style of pedagogy is often seen as applicable to real world problems. However, it can be difficult for faculty with specialized training within their discipline to expand beyond their own fields to offer cross-disciplinary courses. I have been creating a series of multi- or cross-disciplinary courses and have found some strategies that have helped me successfully teach these classes. I will discuss general strategies and tools in developing these types of courses including: 1) creating mixed experience classrooms of students and contributing faculty 2) finding the right tools that will allow you to teach to a mixed population without prerequisites 3) examining the topic using multiple disciplinary perspectives 4) feeding off student experience and interest 5) assessing the impact of these courses on student outcomes and your neuroscience program. This last tool in particular is important in establishing the validity of this type of teaching for neuroscience students and the general student population.",interdisciplinary; multidisciplinary; pedagogy,,Journal Article
23494489,PMC3592750,,11,1,A1-5,Wikipedia neuroscience stub editing in an introductory undergraduate neuroscience course.,2012-10-15,"In response to the Society for Neuroscience initiative to help improve the neuroscience related content in Wikipedia, I implemented Wikipedia article construction and revision in my Introduction to Neuroscience course at Boston College as a writing intensive and neuroscience related outreach activity. My students worked in small groups to revise neuroscience ""stubs"" of their choice, many of which had little or no useful content. The exercise resulted in the successful development of well-written Wikipedia neuroscience articles, and was received well by my students, receiving positive marks in our course evaluations. Much of the student guidance and assessment was done by student peer groups as well as other Wikipedia editors outside of our course, reducing the instructor involvement to below that of a typical term paper.",Wikipedia; collaborative; introductory course; outreach; science writing; small group work,,Journal Article
23494151,PMC3592749,,11,1,A22-6,"Vision and change in undergraduate biology education: a call to action presentation to faculty for undergraduate neuroscience, july 2011.",2012-10-15,"The biology of the 21(st) century requires a revolution in teaching that corresponds to the revolution that the discipline experienced in the last decades of the 20(th) century. Consensus is not a tradition in the many disparate subdisciplines that constitute modern biology, but the demands of effective instruction prompted an unprecedented series of conversations among all the stakeholders of undergraduate biology education. A culminating conference resulted in consensus on both the form and substance of modern biology courses: They should emphasize repeatedly five core concepts and six core competencies in a student-centered, inquiry-driven pedagogy modeled on a number of ""best practices."" The conference report can serve as a guide to individual faculty members, departments, and institutions seeking to reform their teaching practices.",assessment; backwards design; curriculum reform; professional development; professional societies; scientific teaching; student-centered learning; undergraduate education,,Journal Article
23494064,PMC3592748,,11,1,A132-8,A structured-inquiry approach to teaching neurophysiology using computer simulation.,2012-10-15,"Computer simulation is a valuable tool for teaching the fundamentals of neurophysiology in undergraduate laboratories where time and equipment limitations restrict the amount of course content that can be delivered through hands-on interaction. However, students often find such exercises to be tedious and unstimulating. In an effort to engage students in the use of computational modeling while developing a deeper understanding of neurophysiology, an attempt was made to use an educational neurosimulation environment as the basis for a novel, inquiry-based research project. During the semester, students in the class wrote a research proposal, used the Neurodynamix II simulator to generate a large data set, analyzed their modeling results statistically, and presented their findings at the Midbrains Neuroscience Consortium undergraduate poster session. Learning was assessed in the form of a series of short term papers and two 10-min in-class writing responses to the open-ended question, ""How do ion channels influence neuronal firing?"", which they completed on weeks 6 and 15 of the semester. Students' answers to this question showed a deeper understanding of neuronal excitability after the project; their term papers revealed evidence of critical thinking about computational modeling and neuronal excitability. Suggestions for the adaptation of this structured-inquiry approach into shorter term lab experiences are discussed.",MetaNeuron; Neurodynamix; conductance-based models; neuron database,,Journal Article
23493966,PMC3592747,,11,1,A126-31,Exploring sensory neuroscience through experience and experiment.,2012-10-15,"Many phenomena that we take for granted are illusions - color and motion on a TV or computer monitor, for example, or the impression of space in a stereo music recording. Even the stable image that we perceive when looking directly at the real world is illusory. One of the important lessons from sensory neuroscience is that our perception of the world is constructed rather than received. Sensory illusions effectively capture student interest, but how do you then move on to substantive discussion of neuroscience? This article illustrates several illusions, attempts to connect them to neuroscience, and shows how students can explore and experiment with them. Even when (as is often the case) there is no agreed-upon mechanistic explanation for an illusion, students can form hypotheses and test them by manipulating stimuli and measuring their effects. In effect, students can experiment with illusions using themselves as subjects.",adaptation; aftereffect; color; illusion; motion; orientation; pitch; receptive field; size,,Journal Article
23493934,PMC3592746,,11,1,A6-A11,Elevating student potential: creating digital video to teach neurotransmission.,2012-10-15,"Students today have unprecedented access to technology, the Internet, and social media. Their nearly ubiquitous use of these platforms is well documented. Given that today's students may be primed to learn using a different medium, incorporating various technological elements into the classroom in a manner compatible with traditional approaches to teaching becomes a challenge. We recently designed and implemented a strategy that capitalized on this knowledge. Students in their first neuroscience course were required to create a 3-5 minute digital video using video-making freeware available on any Mac or PC. They used images, text, animation, as well as downloaded music to describe the fundamental process of neurotransmission as it applies to a topic of their choice. In comparison to students taught using other more traditional approaches to demonstrate the process of neurotransmission, we observed that students who took part in the video-making project exhibited better understanding of the neurological process at multiple levels, as defined by Bloom's revised taxonomy. This was true even of students who had no aspirations of pursuing a Neuroscience career, thus suggesting that there was an overall increased level of student engagement regardless of personal career interests. The utility of our approach was validated by both direct and indirect assessments. Importantly, this particular strategy to teaching difficult concepts offers a high degree of flexibility allowing it to potentially be incorporated into any upper-level Neuroscience course.",Facebook; digital video; e-learning; neurodegeneration; neurological disease; neurotransmission,,Journal Article
23493882,PMC3592745,,11,1,A12-6,Developing a Team-taught Capstone Course in Neuroscience.,2012-10-15,"Capstone courses are becoming increasingly visible on college and university campuses. In this paper, we describe a capstone experience for undergraduate students pursuing our neuroscience concentration. The course is intended to provide an in-depth and interdisciplinary examination of contemporary topics in the field of neuroscience, and is designed for students who have completed the majority of requirements for the concentration. We describe the evolution of such a course, the goals and objectives of the course, and offer a workable model for similar courses in the context of a liberal arts institution. We summarize the positive aspects of such a course, describe the challenges involved in creating a course of this nature, and offer suggestions for successful similar capstone courses in Neuroscience.",Capstone; Liberal Arts Institutions; Neuroscience Programs; Neuroscience concentrators; Team taught course; Undergraduates,,Journal Article
23493834,PMC3592744,,11,1,A119-25,Teaching neuroinformatics with an emphasis on quantitative locus analysis.,2012-10-15,"Although powerful bioinformatics tools are available for free on the web and are used by neuroscience professionals on a daily basis, neuroscience students are largely ignorant of them. This Neuroinformatics module weaves together several bioinformatics tools to make a comprehensive unit. This unit encompasses quantifying a phenotype through a Quantitative Trait Locus (QTL) analysis, which links phenotype to loci on chromosomes that likely had an impact on the phenotype. Students then are able to sift through a list of genes in the region(s) of the chromosome identified by the QTL analysis and find a candidate gene that has relatively high expression in the brain region of interest. Once such a candidate gene is identified, students can find out more information about the gene, including the cells/layers in which it is expressed, the sequence of the gene, and an article about the gene. All of the resources employed are available at no cost via the internet. Didactic elements of this instructional module include genetics, neuroanatomy, Quantitative Trait Locus analysis, molecular techniques in neuroscience, and statistics-including multiple regression, ANOVA, and a bootstrap technique. This module was presented at the Faculty for Undergraduate Neuroscience (FUN) 2011 Workshop at Pomona College and can be accessed at http://mdcune.psych.ucla.edu/modules/bioinformatics.",analysis of variance (ANOVA); genetics; in situ hybridization; microarrays; multiple regression; neuroinformatics; neuroscience; online learning; phenotypic expression; quantitative trait locus (QTL),,Journal Article
23493810,PMC3592743,,11,1,A55-63,The intentional mentor: effective mentorship of undergraduate science students.,2012-10-15,"Promoting quality mentorship of undergraduate science students has recently emerged as an important strategy for successfully recruiting and retaining students in the sciences. Although numerous faculty members are naturally gifted mentors, most faculty are inserted into a mentorship role with little, if any, training. Successfully mentoring undergraduate science students requires a myriad of skills that can be honed with forethought and practice. In this essay, the value of mentoring, the developmental profile of young adult students, and the traits of a good mentor are explored. The Triangular Model proposed by W. Brad Johnson provides a theoretical framework for the development of effective mentorship. Fifteen tips gleaned from the literature and the author's personal experience are provided to help improve mentoring skills of faculty working with undergraduate science students.",Mentee; Mentor; Mentoring; Protégé; Role Model; Science Education; Undergraduate Student,,Journal Article
23493678,PMC3592742,,11,1,A97-A105,The value of partnerships in science education: a win-win situation.,2012-10-15,"An editorial in Science (Alberts, 2012) has expressed the need to teach ""real science,"" firmly based on hands-on and inquiry methodology. Also in a recent article, Stevens (2011) highlighted the contrast between the emphasis that federal agencies and professional associations place on science outreach, and the scarcity of support for such activities at the classroom level. To bridge this gap, we have developed a way to redefine science education by involving college students and faculty in ""real science"" outreach. Incorporating outreach activities into a college science curriculum is an efficient means to affect not only future scientists but also the world at large with which scientists need to communicate. In this paper we describe a Science Education Partnership Award (SEPA) project. The project has been implemented in a minority setting, at a small college of allied health located in one of the most underserved areas of Los Angeles. Some of its outcomes were presented at two Society for Neuroscience meetings (Gizerian et al., 2009; Ayers and de Lacalle, 2010), before being also discussed as an example of outreach program during the FUN summer workshop in Pomona (California) in 2011. This project entails the development of a working partnership between K-12 institutions and college science students and faculty. Participation was voluntary (but college students could request community service credit) and most importantly built on student interests and connections with the community. The three components are described in terms of efficacy (i.e., impact on college students' communication skills) and community value (i.e., impact on educational outcomes for the partner K-12 institution).",minorities in science; neuroscience education; public policy; science outreach,,Journal Article
23493648,PMC3592741,,11,1,A41-3,"External reviews, internal influences: consultations and the undergraduate neuroscience curriculum.",2012-10-15,"In 2007 FUN established the FUN Program and Department Consultations Service, or FUN-PDCS. Since that founding, the service has provided numerous consultation recommendations to undergraduate programs seeking assistance with external program reviews, designing and improving courses and many other programmatic needs. FUN-PDCS, like FUN, is primarily a grassroots organization and draws on the expertise of the FUN membership to aid programs in their more personalized pursuit of the FUN mission: to promote and improve undergraduate neuroscience education and research.",enhancing teaching effectiveness; facilities design; funding sources; minority recruitment and retention; neuroscience curriculum; neuroscience study abroad; professional development; program review,,Journal Article
23493526,PMC3592740,,11,1,E3-8,Oh What FUN We've Had! Reflections on the Past and a Look to the Future.,2012-10-15,"In 2011 FUN celebrated 20 years of training tomorrow's neuroscientists today. Over the past two decades we've become an international organization of members dedicated to excellence in teaching and research at the undergraduate level. FUN has enacted its mission through our flagship journal JUNE, student travel awards, faculty awards, education workshops, and regional conferences. More recent initiatives include the equipment loan program, department/program consulting service, the honor society Nu Rho Psi, and neuroscience study abroad opportunities. FUN is poised to continue enhancing undergraduate neuroscience education and research over the next 20 years.",JUNE; Nu Rho Psi; equipment loan program; neuroscience education workshops; neuroscience study abroad; program and department consultants; regional conferences; student travel awards,,Journal Article
23493499,PMC3592739,,11,1,A17-21,An undergraduate taught course on consciousness and mind.,2012-10-15,"Consciousness remains a mystery despite centuries of inquiry, but neuroscience research is beginning to offer insights into the conscious brain. Although the influence of neuroscience in decoding consciousness is growing, it is distinctly absent from collegiate education. Many psychology and neuroscience textbooks devote a single paragraph or an appendix to consciousness. Simultaneously absent from undergraduate education are opportunities for students to practice teaching skills. Our course, Consciousness and Mind (PSYC 499), was designed to address these inadequacies. The course was designed and taught by an undergraduate student at Ohio Wesleyan University and supervised by the Director of the Neuroscience program. The class met once a week for a three hour block period, which required active engagement to keep students interested and motivated. Several novel class activities were designed to hold student attention and offer a checkpoint for the student-instructor to assess the strength of the preceding lecture. These activities included varied group discussions, an animal-mind debate, a movie screening, and a final presentation. The course received positive feedback from all who participated. Although the once-a-week class period offered a manageable workload for the student-instructor, more frequent meetings would have strengthened the interaction with the material. With preparation, motivated students, and frequent feedback from a seasoned professional, a student-instructed course can be a rewarding experience for all involved.",consciousness; mind; undergraduate instructor,,Journal Article
23493457,PMC3592738,,11,1,A82-9,Collaborative online writing assignments to foster active learning.,2012-10-15,"To help students master the content of a neurophysiology course, they were asked to participate in collaborative writing projects. In the first two years, students contributed to a class wiki by summarizing one lecture and editing summaries of several others. In the second two years, students worked in teams of three or four to write a series of illustrated chapters spanning the entire semester. The second assignment kept students more engaged than the wiki project, and although they found it a significant amount of work, they also believed that it helped them learn the subject matter. Working in teams, however, was not always a happy experience.",Google Docs; class notes; collaboration; learning strategies; neurophysiology course; online work; wiki; writing,,Journal Article
23493445,PMC3592737,,11,1,A44-51,Cultivating Diversity and Competency in STEM: Challenges and Remedies for Removing Virtual Barriers to Constructing Diverse Higher Education Communities of Success.,2012-10-15,"The need to increase the number of college graduates in Science, Technology, Engineering, and Mathematics (STEM) disciplines is a national issue. As the demographics of the United States' population grow increasingly more diverse, the recognition that students of color are disproportionately under-represented among those individuals successful at completing STEM degrees requires exigent and sustained intervention. Although a range of efforts and funding have been committed to increasing the success of under-represented minority (URM) students at primarily white, or majority, institutions, widespread progress has been slow. Simultaneously, Historically Black Colleges and Universities and Minority Serving Institutions have demonstrated disproportionate successes in graduating URM students with STEM degrees and those that proceed to completing graduate-level degrees in the sciences. The differential successes of particular institutions with promoting the achievement of diverse individuals in obtaining academic STEM degrees suggest that with committed and strategic leadership, advancements in creating academic communities that promote the success of a diverse range of students in STEM can be achieved in part through assessing and mitigating environmental barriers that impede success at majority institutions. In this paper, we address issues related to the engagement of URM students in majority settings and describe some efforts that have shown success for promoting diversity in STEM and highlight continuing issues and factors associated with cultivating diversity in academic STEM disciplines at majority institutions. Recommended efforts include addressing academic assistance, professional and cultural socialization issues and institutional environmental factors that are associated with success or lack thereof for URMs in STEM.",STEM degrees; diversity; higher education; minority achievement; pipeline; under-represented minorities (URM),,Journal Article
23493426,PMC3592757,,11,1,A114-8,Planning and designing spaces for the sciences.,2012-10-15,"Science facility renovation and expansion projects provide opportunities for faculty members to play a role in working with architects and administrators to produce effective spaces for teaching and research. This article summarizes information regarding the process and design features that have proved beneficial for many recent science facilities projects. Although the context focuses on large projects, the general principles pertain to smaller changes in spaces that individual departments might be pursuing.",Project Kaleidoscope; construction; design; expansion; planning; renovation; science facilities projects; teaching and research spaces,,Journal Article
23493343,PMC3592736,,11,1,A161-8,The homemade alternative: teaching human neurophysiology with instrumentation made (almost) from scratch.,2012-10-15,"Recording human neurophysiological data in the teaching laboratory generally requires expensive instrumentation. From our experience in developing inexpensive equipment used in teaching neurophysiology laboratory exercises, we offer a strategy for the development of affordable and safe recording of human neurophysiological parameters. There are many resources available to guide the design and construction of electronic equipment that will record human biopotentials. An important consideration is subject safety, and the electrical characteristics of any equipment must meet strict galvanic isolation standards. Wireless data gathering offers the most complete isolation from 120VAC current. As an example, we present a homemade electrocardiogram recording circuit using only inexpensive and readily available components. We outline the feasibility of constructing equipment that meets the needs of the student laboratory for good data collection, and we consider the obstacles likely to be encountered in these projects. If students actively participate in the equipment design and construction, the process can also be a teaching tool. Students may gain a deeper understanding of the human neurobiology by making the electronic data acquisition and its presentation more transparent.","electrocardiogram; human neurophysiology; teaching laboratories, laboratory equipment",,Journal Article
23493330,PMC3592756,,11,1,A90-6,Service learning in neuroscience courses.,2012-10-15,"Incorporating service learning (SL) components can be a very powerful way to engage students, add relevance, and develop community-building skills. SL experiences can play important roles in neuroscience classes, although the roles can be different depending on the needs of the classes. In this paper, we will present two models of incorporating service learning into neuroscience courses. The first model gives an example of using SL in a non-majors course, and the second model gives an example of using SL in a neuroscience class for neuroscience concentrators. After describing the two sets of experiences, we summarize the positive aspects and the challenges involved in creating SL components in neuroscience courses, develop some keys to success, and then provide a list of additional resources.",Community involvement project; Concentrators; Majors; Neuroscience; Service learning; Volunteering; non-majors,,Journal Article
23493248,PMC3592735,,11,1,A139-48,The fundamentals of flying: simple and inexpensive strategies for employing Drosophila genetics in neuroscience teaching laboratories.,2012-10-15,"Drosophila researchers have developed a powerful suite of genetic techniques for studying the neural basis of animal behavior. Many of these tools can be exported to neuroscience teaching laboratories (Berni et al., 2010; Pulver et al., 2011a,b), but often neuroscience educators lack the basic knowledge and resources to obtain, generate and rear transgenic fruit flies on their own. Fly researchers in turn may take for granted resources that are readily available in research laboratories, but out of reach for educators. Our goal is to provide a primer for neuroscience educators who want to incorporate Drosophila genetics into their teaching, but have limited knowledge of fruit fly genetics, and/or small budgets. First we review the available methods for manipulating gene expression in Drosophila. Then we provide educators with blueprints for obtaining transgenic animals tailored for specific types of teaching modules. We outline simple techniques for rearing transgenic Drosophila, performing genetic crosses, and preparing a teaching laboratory without the use of expensive animal-care facilities. Overall, we try to break down the practical barriers educators may face when integrating modern neurogenetic experiments into teaching laboratories.","animal behavior; genetics; neuroethology, transgenic organisms; neuroscience education",,Journal Article
23493243,PMC3592755,,11,1,A106-11,Neuroscience study abroad: developing a short-term summer course.,2012-10-15,"Collaborative and international scientific efforts continue to be of increasing importance in the development of successful educational and research programs. The goal of our study abroad program, Neuroscience Seminar in Germany, is to bring this fact to light for undergraduates and make them aware of the global opportunities that exist in the neurosciences and related biological sciences. Here we discuss our experience of conducting a four-week summer study abroad course in collaboration with two universities associated with the German Graduate Schools of Neuroscience: Munich Center for Neurosciences - Ludwig-Maximilians-Universität (MCN-LMU) and Charité - Universitätsmedizin, Berlin (a joint institution of the Freie Universität and the Humboldt-Universität). This course combined the historical foundations of neuroscience in Germany with current research programs at these two prominent German research universities. Two weeks were spent at each location and faculty members from the participating universities provided seminars, laboratory exercises, demonstrations and tours. Students were presented with background reading and lecture material prior to the seminars and activities. Additionally, they were responsible for leading seminar-style class discussions through brief presentations and submitting written critical analyses of primary research papers associated with the laboratory exercises. These assignments provided a means to assess learning outcomes, coupled with course evaluations. Overall, this experience may serve as a template for those interested in study abroad course development and research opportunities in the neurosciences.",history of neuroscience; international neuroscience research; research techniques; study abroad,,Journal Article
23493229,PMC3592754,,11,1,A52-4,Diversity in neuroscience. We know the problem. Are we really still debating the solutions?,2012-10-15,"The lack of racial and ethnic diversity in science, technology, engineering and mathematic or STEM fields requires immediate attention if the United States is to continue to compete in the global marketplace of ideas. Here, the argument is made for immediate action in four specific directions. First, we need to continue to recruit and incentivize the mentoring of a diverse pool of junior faculty. Second, we need to introduce Under-Represented Minority (URM) students to ""science in practice"" through our research labs as early as possible. Third, we need to provide the resources to allow URM students to succeed in STEM fields. Fourth and finally, we need to encourage students of all backgrounds to ""reach back"" and involve themselves in K-12 science education.","Bridge Programs, mentoring; Science, Technology, Engineering and Mathematic (STEM) fields; Under-Represented Minorities (URM)",,Journal Article
23493195,PMC3592734,,11,1,A112-3,Shared innovations in education: writing and reviewing for the undergraduate neuroscience community.,2012-10-15,"In the Fall of 2002, the Faculty for Undergraduate Neuroscience (FUN) began publication of its flagship journal, the Journal of Undergraduate Neuroscience Education (JUNE). For the past ten years, JUNE has been a major forum for the free exchange of information among undergraduate neuroscience educators. Numerous articles on laboratory exercises, media, pedagogy, curriculum, and issues pertinent to neuroscience educators have been published in JUNE during the past decade. Given the vast expertise in pedagogy amongst the FUN membership and within the undergraduate neuroscience education community at large, we strongly encourage all FUN members and JUNE readers to become actively involved in JUNE by contributing manuscripts and/or by offering your services as a reviewer.",educational resources; enhancing teaching effectiveness; laboratory exercises; neuroscience curriculum; peer review; professional development,,Journal Article
23626501,PMC3598178,,10,1,E2-6,Input-output: The Role of Undergraduate Curriculum in Successful Graduate Training in the Neurosciences.,2011-10-15,"This article was motivated by the 2010 SfN session on Undergraduate Curricula and Graduate Expectations. To prepare for my role as panelist, I examined the background of Washington University Neuroscience Ph.D. students. Current students with a declared thesis lab were queried, and records from past graduates were reviewed to determine the characteristics that contribute to graduate success. This pilot research suggests that no specific undergraduate curriculum element or quantitative undergraduate achievement metric predicts success at the graduate level, measured by graduate GPA, years to degree, or number of publications. I extrapolate these results to suggest that students from non-typical backgrounds should not be deterred from applying to Ph.D. programs in Neuroscience. I speculate that less tangible traits may be most important for graduate success. These include critical thinking skills and independent research experience.",GRE scores; admissions requirements; grades; graduate education; undergraduate curriculum,,Journal Article
23626500,PMC3598183,,10,1,E1,Unquenchable neuroscience.,2011-10-15,,,,Journal Article
23626499,PMC3598186,,10,1,A9-A13,A mechanism for multidisciplinary dialogue: the memory & … series.,2011-10-15,"Neuroscientists have long explored the mechanisms of memory from molecular, physiological, cognitive, and social perspectives. Scholars from other disciplines such as history, sociology, literature, and cultural studies, that do not traditionally cross-pollinate ideas with neuroscientists, also study memory from a variety of angles. In this article, we describe the founding of a multidisciplinary discussion series in which faculty and staff from the arts, humanities, social sciences, and natural sciences come together to explain how memory is integral to their scholarship and teaching. After panelists from different disciplines present opening comments, the floor is open for discussion with the audience that includes students, staff, and community members, as well as other faculty. Each year the series is anchored by a keynote address by an eminent scholar engaged in cross-disciplinary memory research. We outline the benefits of such thematic discussion series, highlighting the synchrony with the academy's increasing focus on interdisciplinarity, and on the need to train scholars to speak clearly about their work beyond their own disciplinary boundaries. More specifically, we focus on the need to train scientists to communicate with non-scientists. We have experienced success with this series and believe that the format could be adapted to a wide range of issues that cross disciplines (e.g., development, language, music, environmental studies).",interdisciplinarity; memory; multidisciplinary discussion series; scientist/non-scientist dialogue; speaker series,,Journal Article
23626498,PMC3598180,,10,1,A85-7,A Modified Golgi-Cox Procedure for use in Undergraduate Courses.,2011-10-15,"The Golgi staining method has a long history in the field of neuroscience, and remains an important teaching tool in undergraduate laboratory settings. The ability to visualize a cell with all the processes makes the method useful when teaching introductory neuroscience courses. However, the amount of time required for post-stain tissue processing makes it a difficult procedure to use when teaching laboratory classes. We detail a modified Golgi-Cox method with a short incubation period and minimal post-stain processing that produces well differentiated cells, making it ideal for use in an undergraduate laboratory.",Golgi; histology; undergraduate,,Journal Article
23626497,PMC3598189,,10,1,A80-4,Design plans for an inexpensive tail flick analgesia meter.,2011-10-15,"While the pedagogical benefits of incorporating inquiry driven labs into an undergraduate curriculum are well established, often the prohibitive costs of providing equipment for such labs limits the types of experiences that can be offered. For example, the lab portion of Advanced Neuroscience at Centenary College of Louisiana consists of a semester-long research project developed by the students. Frequently, these junior- and senior-level students generate interesting research questions that must be culled or scaled back simply due to a lack of appropriate equipment. In the most recent iteration of the class, the students wanted to examine analgesia using the tail flick test, a measure of spinal nociception. In this test a rodent subject is restrained; its tail is exposed to a heat source; and the latency to flick its tail away from the noxious stimuli is recorded. As commercial devices were far beyond the lab budget, we sought to develop an inexpensive tail flick analgesia meter that was easy to use and generated reliable data. The prototype device was tested by students in the above-mentioned class and was found to consistently produce reliable data in agreement with the literature. Here we present plans for a tail flick analgesia meter that can be constructed for $50-75, roughly 100 times cheaper than commercial devices.",analgesia; arduino; behavioral testing; nociception; spinal reflex; supraspinal pain; tail flick test,,Journal Article
23626496,PMC3598188,,10,1,A71-9,A conceptual framework for interdisciplinary curriculum design: a case study in neuroscience.,2011-10-15,"Teaching of interdisciplinary fields of study poses a challenge to course organizers. Often interdisciplinary courses are taught by different departments, and hence, at best provide a multidisciplinary overview. Scientific progress in neuroscience, for instance, is thought to depend heavily on interdisciplinary investigations. If students are only taught to think in particular disciplines without integrating these into a coherent framework to study the nervous system, it is unlikely that they will truly develop interdisciplinary thinking. Yet, it is this interdisciplinary thinking that is at the heart of a holistic understanding of the brain. It is, therefore, important to develop a conceptual framework in which students can be taught interdisciplinary, rather than multidisciplinary, thinking. It is also important to recognize that not all teaching needs to be interdisciplinary, but that the type of curriculum design is dependent on the aims of the course, as well as on the background of the students. A rational curriculum design that aligns learning and teaching objectives is, therefore, advocated.","Curriculum Design; Expert Learning; Interdisciplinary; Multi-disciplinary, Teaching; Neuroscience; Novice to Expert; Rationale Curriculum Planning; Spiral Curriculum",,Journal Article
23626495,PMC3598179,,10,1,A65-70,Use of personal EEG monitors in a behavioral neuroscience course to investigate natural setting sleep patterns and the factors affecting them in college students.,2011-10-15,"Sleep is often a topic of avid interest to college students, yet it is one that does not yield itself well to hands-on, interactive learning modules. Supplementing classroom learning with interactive ""real world"" laboratory activities provides students with a deeper understanding of behavior and its neural control. The project described here was designed to supplement the teaching of EEGs, sleep and circadian rhythms and involved students in the empirical process from hypothesizing about the factors that affect sleep, to personal data collection, data analysis and writing in the style of a peer-reviewed manuscript. Students enrolled in Behavioral Neuroscience at Connecticut College were provided with a home-based personal EEG monitor used to collect sleep data in their natural sleep setting. Participants recorded sleep data with the use of the ZEO® Personal Sleep Coach system and completed a nightly sleep journal questionnaire for seven nights. The ZEO® system uses EEG patterns to define sleep stages including wakefulness, light, deep and REM sleep. The journal included questions about factors known to affect sleep such as stress, caffeine, academic activity, exercise and alcohol. A class data set was compiled and used by students to perform univariate correlations examining the relationships between ZEO® variables and sleep journal variables. The data set allowed students to choose specific variables to investigate, analyze and write a peer-reviewed style manuscript. Significant class-wide correlations were found between specific sleep stages and behavioral variables suggesting that the ZEO® system is sophisticated yet inexpensive enough to be used as an effective tool in the classroom setting. Overall student feedback on the exercise was positive with many students indicating that it significantly enhanced their understanding of sleep architecture and made them keenly aware of the factors that affect quality of sleep.",alcohol; bedtime stress; caffeine; daily stress; electroencephalogram (EEG); sleep architecture; sleep latency; sleep quality,,Journal Article
23626494,PMC3598181,,10,1,A58-64,Practical Experience with Age-related Dementia: Implementation and Outcomes of a Semester-long Service Learning Project in Neuropsychology.,2011-10-15,"Most neuroscience faculty share the common goal of maximizing student understanding of course material and increasing student excitement for the discipline. There is evidence that educational practices such as service learning, which is characterized by the fact that it both addresses a need in the community and meets key learning objectives in a course, can help accomplish these goals in an impactful way. This article describes the implementation of a service learning project at an assisted-living facility in an upper-level neuropsychology course. In addition, results of student self-evaluations indicate that students self-report higher understanding of course content and skills associated with working with people with disabilities. Lastly, a discussion of some benefits of implementation is provided along with advice to others wishing to implement a similar service learning project. This advice will help ensure a positive experience for students in the course as well as for residents at the assisted-living facility.",age-related dementia; alzheimer’s disease; assisted-living; neuropsychology; service learning,,Journal Article
23626493,PMC3598184,,10,1,A50-7,"""Writing in neuroscience"": a course designed for neuroscience undergraduate students.",2011-10-15,"Although neuroscience students may learn to write in a generic fashion through university writing courses, they receive little training in writing in their field. Here I describe a course that was created at the request of a Neuroscience Department with the intent to teach neuroscience students how to write well in their discipline. I explain the purpose for creating the ""Writing in Neuroscience"" course and offer a brief overview of the course curriculum, including pertinent pedagogical outcomes for such a course. I describe in depth the major assignment for the course, the literature review, and provide examples of paper titles that students wrote to fulfill the assignment. I briefly describe other relevant course assignments. I evaluate the course and include an overview of who should teach such a course, what support might be helpful, and what can be learned from formative assessment of the course. Using these insights can help others determine whether such a course is a good fit for them.",neuroscience genres; teaching writing; writing in neuroscience; writing in the disciplines,,Journal Article
23626492,PMC3598185,,10,1,A44-9,Integrating community outreach into the undergraduate neuroscience classroom.,2011-10-15,"While both federal agencies and professional associations emphasize the importance of neuroscience outreach, this goal seldom reaches the undergraduate neuroscience classroom. However, incorporating outreach into undergraduate neuroscience classes is an efficient means to reach not only future scientists, but also the future practitioners (K-12 teachers, social service workers, etc.) with whom neuroscientists hope to communicate. It also provides a vehicle for faculty members to engage in outreach activities that are typically un- or under-rewarded in faculty reviews. In this article, a Neuroscience Community Outreach Project (NCOP) is described. The project has been used in three offerings of a Cognitive Neuroscience course at a small liberal arts college, shared and applied at a large state university, and presented at a regional Society for Neuroscience meeting as an example of outreach opportunities for faculty. The NCOP assignment is a student-driven, modular activity that can be easily incorporated into existing neuroscience course frameworks. The assignment builds on student interests and connections in the community, providing a way for faculty at institutions without formal outreach programs to incorporate neuroscience outreach into the classroom and connect students to online resources. Several sample student projects are described across three broad domains (K-12 outreach, presentations to social service organizations, and media / popular press presentations). The article ends with a set of suggestions addressing common faculty concerns about incorporating community outreach into the undergraduate neuroscience classroom.",community-based learning; neuroscience; neuroscience education; outreach; pedagogy; service learning; teaching methods,,Journal Article
23626491,PMC3598191,,10,1,A37-43,Decreasing neuroscience anxiety in an introductory neuroscience course: an analysis using data from a modified science anxiety scale.,2011-10-15,"To determine whether participation in a neuroscience course reduced neuroscience anxiety, a modified version of the Science Anxiety Scale was administered to students at the beginning and end of an introductory course. Neuroscience anxiety scores were significantly reduced at the end of the course and correlated with higher final grades. Reduced neuroscience anxiety did not correlate with reduced science anxiety, suggesting that neuroscience anxiety is a distinct subtype of anxiety.",introductory neuroscience; neuroscience anxiety; teaching,,Journal Article
23626490,PMC3598182,,10,1,A24-36,Human Brains Engaged in Rat Brains: Student-driven Neuroanatomy Research in an Introductory Biology Lab Course.,2011-10-15,"Inquiry-based laboratory instruction has been shown to actively engage students in the content and skills being taught. These courses are further intended to teach students not only what is known, but also the process by which investigators come to know it. We sought to take this approach one step further and incorporate novel research questions into an inquiry-based laboratory model early in the undergraduate course of study. In this research-based introductory laboratory course, first-year students acquired basic lab skills not just for their own sake, but rather within the context of a research question of a member of the faculty. Student projects investigated potential neuroanatomical changes in animal models of dyslexia and aging and included measurements of neuron numbers and levels and distribution of neuronal proteins. Students played an active role in designing and implementing an experimental plan, explored data analysis techniques, and reflected on the results that they obtained in scholarly forms such as research papers and a departmental poster session. Student feedback on this approach has been extremely positive, and the data collected were research quality preliminary data that are being actively pursued for further study. Based on our encouraging experiences, we conclude that designing an introductory course around novel research, including some assessments modeled after scholarly practices, provides motivation and excitement for the students, instills good scientific habits, and can potentially benefit departmental research.",auditory cortex; immunohistochemistry; inquiry-based instruction; microscopy; nature of science; neuroanatomy; research-based instruction; thalamus,,Journal Article
23626489,PMC3598187,,10,1,A14-23,"The use of ""non-fiction novels"" in a sensation and perception course.",2011-10-15,"Scientific material can be difficult to relate to everyday knowledge. Textbook facts can be abstract. This Study of Teaching and Learning project examined the use of ""non-fiction novels"" (biographies and other books that read like novels but are true) in an undergraduate Sensation and Perception course in order to increase the concreteness of the reading material and to give the students a story on which to hang the facts learned in lecture. In Phase I (Fall 2009) non-fiction novels were used for half of the units and a standard textbook for the other half. In Phase II (Fall 2010) only non-fiction novels were used. The Fall 2009 class was very positive about the use of non-fiction novels, but exam scores did not mirror this enthusiasm, either on semester exam scores or on a four-month re-take of the cumulative final exam. In contrast, the Fall 2010 class missed having a textbook, but exam performance significantly improved over prior semesters, and performance on the four-month re-take of the cumulative final exam showed performance equivalent to the Fall 2009 class's four-month performance on questions from textbook units. In both semesters, the effectiveness of the instructor in stimulating student interest was significantly higher than in prior years where only the textbook was used. In addition, 68% of the students said that reading the non-fiction novels made them want to learn more about our sensory systems.",autobiography; biography; perception; sensation,,Journal Article
23626488,PMC3598190,,10,1,A1-8,Strategies for Fostering Synergy between Neuroscience Programs and Chemistry Departments.,2011-10-15,"The successful model of the Neuroscience Program at Concordia College is used as a source of illustrative examples in a presentation of strategies to foster synergy between neuroscience programs and chemistry departments. Chemistry is an increasing voice in the dialog of modern neuroscience. To be well-prepared to engage in this dialog, students must have strong chemistry training and be comfortable applying it to situations in neuroscience. The strategies presented here are designed to stimulate thought and discussion in the undergraduate neuroscience education community. Hopefully this will lead to greater interaction between chemistry and neuroscience at the undergraduate level in other institutions.",Chemistry Departments; Neurochemistry major; Neuroscience programs,,Journal Article
23495336,PMC3592721,,9,2,E8-9,Julio ramirez honored for outstanding mentorship by president obama.,2011-03-15,,,,Journal Article
23495335,PMC3592728,,9,2,E5-7,Discussing philosophy of mind in introductory neuroscience classes.,2011-03-15,,,,Journal Article
23495334,PMC3592727,,9,2,E4,"Friends, FUN, and the Future.",2011-03-15,,,,Journal Article
23494170,PMC3592726,,9,2,A62-5,Volunteerism is Key to Offering Successful Neuroscience Outreach with Limited Resources.,2011-03-15,"As sponsors of a university Society for Neuroscience (SfN) organization, we and our student members are committed to neuroscience outreach but with limited resources, it is not feasible for us to host a week-long program during National Brain Awareness Week (BAW). Hence, we decided on a half-day program wherein attendees are provided with information about the workings of the nervous system and current research in the field in a fun and interactive environment. Our volunteers - mostly undergraduate students - select hands-on activities, gather required materials, and actively engage participants of all ages. We coined the event Brain Awareness Day (BAD) and organize the annual program on a budget between $100-$300.",Brain Awareness Week (BAW); Society for Neuroscience; public education; science outreach; undergraduates,,Journal Article
23494097,PMC3592725,,9,2,A92-7,Music and the mind: a new interdisciplinary course on the science of musical experience.,2011-03-15,"In this paper the instructors describe a new team-taught transdisciplinary seminar, ""Music and Mind: The Science of Musical Experience."" The instructors, with backgrounds in music and neuroscience, valued the interdisciplinary approach as a way to capture student interest and to reflect the inherent interconnectivity of neuroscience. The course covered foundational background information about the science of hearing and musical perception and about the phenomenology of musical creation and experience. This two-credit honors course, which attracted students from eleven majors, integrated experiential learning (active listening, journaling, conducting mini-experiments) with rigorous reflection and discussion of academic research. The course culminated in student-led discussions and presentations of final projects around hot topics in the science of music, such as the 'Mozart Effect,' music and religious experience, etc. Although this course was a two-credit seminar, it could easily be expanded to a four-credit lecture or laboratory course. Student evaluations reveal that the course was successful in meeting the learning objectives, that students were intrinsically motivated to learn more about the discipline, and that the team-taught, experiential learning approach was a success.",auditory analysis; embodied cognition; music perception; team-teaching; transdisciplinary learning,,Journal Article
23494013,PMC3592724,,9,2,A84-91,Incorporating Scientific Publishing into an Undergraduate Neuroscience Course: A Case Study Using IMPULSE.,2011-03-15,"The journal IMPULSE offers undergraduates worldwide the opportunity to publish research and serve as peer reviewers for the submissions of others. Undergraduate faculty have recognized the journal's value in engaging students working in their labs in the publication process. However, integration of scientific publication into an undergraduate laboratory classroom setting has been lacking. We report here on a course at Ursinus College where 20 students taking Molecular Neurobiology were required to submit manuscripts to IMPULSE. The syllabus allowed for the laboratory research to coincide with the background research and writing of the manuscript. Students completed their projects on the impact of drugs on the Daphnia magna nervous system while producing manuscripts ready for submission by week 7 of the course. Findings from a survey completed by the students and perceptions of the faculty member teaching the course indicated that students spent much more time writing, were more focused on completing the assays, completed the assays with larger data sets, were more engaged in learning the scientific concepts and were more thorough with their revisions of the paper knowing that it might be published. Further, the professor found she was more thorough in critiquing students' papers knowing they would be externally reviewed. Incorporating journal submission into the course stimulated an in depth writing experience and allowed for a deeper exploration of the topic than students would have experienced otherwise. This case study provides evidence that IMPULSE can be successfully used as a means of incorporating scientific publication into an undergraduate laboratory science course. This approach to teaching undergraduate neuroscience allows for a larger number of students to have hands-on research and scientific publishing experience than would be possible with the current model of a few students in a faculty member's laboratory. This report illustrates that IMPULSE can be incorporated as an integral part of an academic curriculum with positive outcomes on student engagement and performance.",peer review; research; teaching; writing,,Journal Article
23493950,PMC3592723,,9,2,A75-83,"SYNAPSE, Symposium for Young Neuroscientists and Professors of the Southeast: A One-day, Regional Neuroscience Meeting Focusing on Undergraduate Research.",2011-03-15,"The Symposium for Young Neuroscientists and Professors of the Southeast (SYNAPSE; synapse.cofc.edu) was designed to encourage contacts among faculty and students interested in neuroscience. Since its inception in 2003, the SYNAPSE conference has consistently drawn faculty and undergraduate interest from the region. This unique meeting provides undergraduates with a valuable opportunity for neuroscience education; students interact with noted neuroscience faculty, present research results, obtain feedback from neuroscientists at other institutions, and form connections with other neuroscientists in the region. Additionally, SYNAPSE allows undergraduate students and faculty to attend workshops and panel discussions about issues related to professional skills and career options. The SYNAPSE conference currently travels among host institutions in the southeastern United States in two-year cycles. This article briefly describes the genesis of SYNAPSE and reviews SYNAPSE conferences from 2006 through 2010. The goal of this paper is to highlight key issues organizers have experienced launching, sustaining, and hosting this regional undergraduate neuroscience conference as well as assist faculty to develop similar conferences.",conferences; neuroscience; undergraduate education,,Journal Article
23493915,PMC3592722,,9,2,A66-70,Undergraduate Neuroscience Education in the U.S.: An Analysis using Data from the National Center for Education Statistics.,2011-03-15,"Despite an apparent increase in undergraduate neuroscience programs offered by colleges and universities, there has been little effort to document this growth. In the present report we describe our analysis of the expansion of undergraduate neuroscience programs of study over more than 20 years and detail a number of institutional characteristics of colleges and universities that offer undergraduate neuroscience programs. These data reveal more than 100 institutions with undergraduate neuroscience programs as well as over 2000 college graduates that majored in neuroscience in 2008-2009. Understanding the current number as well as growth trends of undergraduate neuroscience programs found in U.S. colleges and universities has implications for neuroscience educators as well as for the funding of neuroscience research and educational activities.",neuroscience education; undergraduate neuroscience major,,Journal Article
23493843,PMC3592720,,9,2,A71-4,An Undergraduate Laboratory Exercise to Study Weber's Law.,2011-03-15,"Weber's Law describes the relationship between actual and perceived differences in stimulus intensity. To observe the relationship described in this law, we developed an exercise for undergraduate students, as experiential learning is an integral part of scientific education. We describe the experimental methods used for determining the subject's discriminative capacity at multiple vibrotactile amplitudes. A novel four-point stimulator (designed and fabricated at the University of North Carolina) was used for the study. Features of the device, such as automated skin detection, make it feasible to perform this laboratory exercise in a reasonable lab period. At the conclusion of the lab exercise, students will thoroughly understand the principle of Weber's Law as well as fundamental quantitative sensory testing concepts. This introduction to sensory testing will provide a suitable foundation for the undergraduate neuroscience student to investigate other aspects of sensory information processing in subsequent lab exercises.",Weber’s Law; just noticeable difference; vibrotactile amplitude discrimination,,Journal Article
23495333,PMC3597429,,9,1,E2-3,Articulating the Dual Role of Undergraduate Neuroscience Education: What FUN and the Society for Neuroscience Can Do.,2010-10-15,,,,Journal Article
23495332,PMC3597431,,9,1,E1,We Are JUNE.,2010-10-15,,,,Journal Article
23495003,PMC3597430,,9,1,A36-42,Meeting the challenge of preparing undergraduates for careers in cognitive neuroscience.,2010-10-15,"Preparing students for a career in cognitive neuroscience may be especially challenging due to the expense and complexity of many types of cognitive neuroscience technologies. However, it is possible to train students in cognitive neuroscience at a primarily undergraduate university (PUI) in both the classroom and the laboratory. First, we propose specific methods that can be used in the classroom to make cognitive neuroscience material accessible. We also suggest ways to introduce cognitive neuroscience methodology through lab-based courses or activities. Second, we offer suggestions on how to conduct more complex functional magnetic resonance imaging (fMRI) and electroencephalogram (EEG) research with undergraduates at a small school. We hope that these suggestions will be a helpful guide for those wishing to prepare their students for further studies and careers in this exciting and challenging field.",Cognitive neuroscience; electroencephalogram (EEG); functional magnetic resonance imaging (fMRI); neuroscience education,,Journal Article
23494962,PMC3597428,,9,1,A1-4,Benefits of a professional training year for undergraduates on a neuroscience degree scheme.,2010-10-15,"The benefits of undergraduate students taking a professional training year (PTY) as part of their neuroscience degree have been analyzed for fifteen cohorts of students between 1994 and 2008. Those students taking the PTY scored 4.4% more in their final year aggregated total than those who did not. In addition, these students were 2.58 times more likely to gain a first class degree and 4.8 times less likely to gain a second class (division two) degree than those who did not take the placement year. Analysis of final year marks, whether or not they had taken the PTY, indicated a significantly better performance by female students. Progression onwards to postgraduate study for a PhD was almost four times higher for PTY students than for those not taking the PTY. No PTY students progressed on to a Masters scheme of postgraduate study whereas a small number of three year students did. The benefits of a PTY also extended to students' self-enhancement and maturity as judged by themselves, their peers and by academic staff. This study, the first for the relatively new undergraduate discipline of neuroscience, confirms earlier findings for other academic disciplines.",biomedical degree; industrial placement; neuroscience; professional training year; sandwich year,,Journal Article
23494920,PMC3597427,,9,1,A57-61,Neural Networks: Making Connections about the Brain and about College while Monitoring Student Engagement in Second Graders.,2010-10-15,"This article describes a neuroscience outreach program developed by college undergraduates and aimed at second graders. Over a period of four weeks, twenty-five Denison students enrolled in a non-majors course on gender and the brain visited twenty-four second grade classrooms to engage a total of 464 students. We had a mission to both promote college awareness and to specifically bring some brain science into the classroom. The desire to engage students with the brain was in part a wish to celebrate brain awareness week and in part a wish to follow a feminist tenet of bridging theory and practice via activism. The college students chose six activities: a brain puzzle, a sock content guessing game, a jelly bean olfaction and taste test, mystery noises, a message transmission game, and a version of tag. During our outreach with the second graders, my students monitored student engagement and compared engagement between male and female second graders. Engagement was high for nearly all activities but girls were more engaged than boys during the brain puzzle and jelly bean activities. Effect sizes measured as Cohen's ""d"" statistics were small to large (0.2 to 0.93). The other four activities (mystery socks, mystery noises, message transmission and neuron chain tag) showed no difference in engagement between male and female second graders. Our program benefited the Denison students as well, introducing many to community involvement and awakening in them an interest in teaching or working with kids.",brain awareness; brain puzzle; college awareness; gender and play; student engagement,,Journal Article
23494866,PMC3597426,,9,1,A43-6,Dissection of the hippocampus proper and the associated structures in preserved horse brains.,2010-10-15,The limbic system is a complicated region of the brain to teach in an undergraduate neuroanatomy course. The students often struggled with the complexity and interconnection of the structures of this system to other cortical regions. The following is a description of two dissections that used preserved horse brains to help students visualize the major components of this system and also comprehend the topographic organization of some of these structures to other regions or structures of the brain.,fimbria; fornix; hippocampus proper; limbic system; neuroanatomy specimen,,Journal Article
23494808,PMC3597425,,9,1,A15-9,A visually-induced eyelid droop illusion as a classroom demonstration of cross-modality.,2010-10-15,"Cross-modality, or the interaction between the different senses, has emerged as a fundamental concept in perceptual neuroscience and psychology. The traditional idea of five separate senses with independent neural substrates has been invalidated by both psychophysical findings of sensory integration and neurophysiological discoveries of multi-modal neurons in many areas of the brain. Even areas previously thought to be unimodal have been shown to be influenced by other senses, thus establishing multisensory integration as a key principle of perceptual neuroscience. There are several obstacles to students' understanding of the concept. First, everyday subjective experience is modal: one sees, hears, smells the world and is rarely aware that these seemingly separate impressions are in reality fully integrated with each other. Second, standard content in undergraduate classes and textbooks still emphasizes the modal model of the senses and their corresponding brain areas and rarely mentions cross-modal phenomena. Third, feasible classroom demonstrations of cross-modality are few, making it difficult to provide students with first-hand experience that would aid their understanding of the principle. This article describes an accessible and effective classroom demonstration of cross-modality between low-level vision, touch and proprioception. It consists in the illusion of eyelid droop in one eye when the other eye has been dark-adapted and when both eyes are exposed to the dark. The perceptual effect is dramatic and reliable. It illustrates cross-modality at a fundamental level of perception and might provide a means to help integrate the teaching of the concept into the standard content of undergraduate classes.",class demonstrations; cross-modality; illusions; multisensory integration,,Journal Article
23494764,PMC3597424,,9,1,A47-50,Exploring the Complexities of Experimental Design: Using an On-line Reaction Time Program as a Teaching Tool for Diverse Student Populations.,2010-10-15,"Students are rarely given an opportunity to think deeply about experimental design or asked to develop experimental protocols on their own. Without participating in these endeavors, they are often unaware of the many decisions necessary to construct a precise methodology. This article describes an on-line reaction time program, and how I have used this program as a teaching tool for students to explore experimental design. This approach can be tailored to meet the level of any undergraduate student - from non-science majors to upper-level biology/psychology/neuroscience majors, affording all students the opportunity to think like a scientist. Described is how I use the reaction time program for a whole class demonstration and discussion, as well as, how it can be used for a written assignment in which each student designs and conducts his/her own experiment outside of the classroom. Comments from several students, who did the written assignment, are included to provide a sense of their thoughts and considerations. When students are given a simple method, such as the measurement of reaction time, it allows them to focus exclusively on developing precise methodology, which taps into types of thinking that they are not often asked to exhibit in other science classes.",class demonstration; class discussion; development of methodology; experimental design; inquiry-based learning; reaction time measurement,,Journal Article
23494724,PMC3597423,,9,1,A51-6,Design and construction of a two-temperature preference behavioral assay for undergraduate neuroscience laboratories.,2010-10-15,"Behavioral assays in the undergraduate neuroscience laboratory are useful for illustrating a variety of physiological concepts. An example is homeostatic temperature regulation (thermoregulation). Many model organisms, from flies to mice, regulate internal temperatures in part by moving to suitable climates (thermotaxis). A particularly reliable method of quantifying temperature-dependent thermotactic behaviors is the two-temperature preference behavioral assay. In this preparation, an organism is free to move between two temperature-controlled surfaces, thus revealing its preferred thermal environment. Here we present the design and construction of a two-temperature preference assay chamber. The device uses Peltier-based thermoelectric modules (TECs) for heating and cooling, and is capable of precision control of temperatures from -5ºC to 60ºC. Our approach can be easily adapted for use in a variety of physiological and behavioral assays that require precise temperature control over a wide range of temperatures.",behavior; cooling; heating; peltier; physiology; temperature control; thermal preference; thermoelectric; thermoregulation; thermotaxis,,Journal Article
23494686,PMC3597422,,9,1,A5-A14,Using Neurogenetics and the Warmth-Gated Ion Channel TRPA1 to Study the Neural Basis of Behavior in Drosophila.,2010-10-15,"Here we describe a set of straightforward laboratory exercises that integrate the study of genetics, neuroanatomy, cellular physiology and animal behavior. We use genetic tools in Drosophila for visualizing and remotely activating ensembles of neurons with heat pulses. First, we show how to examine the anatomy of several neuronal populations using genetically encoded green fluorescent protein. Next we demonstrate how to use the warmth gated Drosophila TRPA1 (dTRPA1) cation channel to remotely activate neural circuits in flies. To demonstrate the cellular effects of dTRPA1 activation, we expressed dTRPA1 panneurally and recorded excitatory junctional potentials in muscles in response to warmed (29°C) saline. Finally, we present inexpensive techniques for delivering heat pulses to activate dTRPA1 in the neuronal groups we observed previously while flies are freely behaving. We suggest how to film and quantify resulting behavioral phenotypes with limited resources. Activating all neurons with dTRPA1 caused tetanic paralysis in larvae, while in adults it led to paralysis in males and continuous uncoordinated leg and wing movements in females. Activation of cholinergic neurons produced spasms and writhing in larvae while causing paralysis in adults. When a single class of nociceptive sensory neurons was activated, it caused lateral rolling in larvae, but no discernable effects in adults. Overall, these exercises illustrate principles of modern genetics, neuroanatomy, the ionic basis of neuronal excitability, and quantitative methods in neuroethology. Relatively few research studies have used dTRPA1 to activate neural circuits, so these exercises give students opportunities to test novel hypotheses and make actual contributions to the scientific record.",Behavior; Drosophila; GAL4-UAS system; Neuromuscular Junction (NMJ); TRPA1; neurogenetics,,Journal Article
23494516,PMC3597421,,9,1,A20-35,Teaching basic neurophysiology using intact earthworms.,2010-10-15,"Introductory neurobiology courses face the problem that practical exercises often require expensive equipment, dissections, and a favorable student-instructor ratio. Furthermore, the duration of an experiment might exceed available time or the level of required expertise is too high to successfully complete the experiment. As a result, neurobiological experiments are commonly replaced by models and simulations, or provide only very basic experiments, such as the frog sciatic nerve preparation, which are often time consuming and tedious. Action potential recordings in giant fibers of intact earthworms (Lumbricus terrestris) circumvent many of these problems and result in a nearly 100% success rate. Originally, these experiments were introduced as classroom exercises by Charles Drewes in 1978 using awake, moving earthworms. In 1990, Hans-Georg Heinzel described further experiments using anesthetized earthworms. In this article, we focus on the application of these experiments as teaching tools for basic neurobiology courses. We describe and extend selected experiments, focusing on specific neurobiological principles with experimental protocols optimized for classroom application. Furthermore, we discuss our experience using these experiments in animal physiology and various neurobiology courses at the University of Bonn.",action potentials; conduction velocity; earthworms; extracellular recordings; facilitation of conduction velocity; flight reflexes; giant fibers; giant motorneuron; refractory period; spatial size of action potentials; synaptic depression and facilitation; threshold,,Journal Article
23495331,PMC3592713,,8,2,E2-4,"Bryan kolb: pioneer in neuropsychology and role model for teaching, mentoring, and involving undergraduates in neuroscience research.",2010-03-15,,,,Journal Article
23493798,PMC3592719,,8,2,A122-7,Social neuroscience at the college of saint rose: the art of team teaching in emerging areas of psychological science.,2010-03-15,"Social neuroscience is a relatively new multidisciplinary field which merges the more reductionistic approaches of neuroscience with the more molar perspectives of social psychology. In this article we report the joint efforts of the authors to develop an effective team-taught course in social neuroscience at the undergraduate level. We review our experiences in developing this course, detail many of the sources currently available for social neuroscience, and provide the results of a detailed student survey of the course. In addition to providing a foundation for others interested in developing a social neuroscience course, it is our opinion that many of the experiences we describe here are applicable to any novel multidisciplinary team teaching endeavor, especially those merging psychological disciplines with neuroscience.",social neuroscience; team teaching; undergraduate education,,Journal Article
23493671,PMC3592718,,8,2,A101-7,Undergraduate neuroscience faculty: results from a survey of faculty for undergraduate neuroscience members.,2010-03-15,"A survey was presented to members of the Faculty for Undergraduate Neuroscience (FUN) to get a better idea of how neuroscience research and education is being delivered at the undergraduate level. A total of 155 individuals completed the survey, with 118 coming from faculty at traditional PUIs (primarily undergraduate institutions) and 37 from faculty at doctoral-granting institutions. The survey covered a number of different areas; including types of neuroscience programs, number of neuroscience faculty at the institution, average course loads, average number of research students, and external support for research. Results from this survey indicate that the structure of neuroscience programs vary among institutions. Course loads for faculty at PUIs averaged four to six courses per year and the total number of undergraduate students supervised in research per faculty member averaged five (± 2.8) students per year. Faculty show high success with external funding, both at PUIs and research universities. Faculty ranked FUN programs devoted to supporting both students and faculty development highly. The results of this survey provide data that can be used to determine future directions and priorities for FUN.",external support; faculty; survey; teaching loads; undergraduate neuroscience; undergraduate research,,Journal Article
23493645,PMC3592717,,8,2,A108-15,Exploration of gerontogenes in the nervous system: a multi-level neurogenomics laboratory module for an intermediate neuroscience and behavior course.,2010-03-15,"In this paper, we describe and assess a laboratory module that we introduced into an intermediate-level undergraduate course in Neuroscience and Behavior (NEUR201) in order to expose students to the new and rapidly developing neurogenomic and bioinformatics approaches to neuroscience research. The laboratory accompanies a topics-based, highly process-oriented course that explores research methodologies and integrative approaches to particular topics in the field. The laboratory comprises multi-week modules that expand upon the topics being covered in class. In the class for which this module was developed, a key topic under discussion is the role played by the nervous system in aging and/or lifespan. This laboratory module focuses on the model organism, Caenorhabditis elegans (C. elegans), which has been studied extensively. There is a large and ongoing literature elucidating a number of genes involved in determining or modulating lifespan in C. elegans. Students choose a candidate gerontogene expressed in neurons in C. elegans from a provided list for which we have mutant strains. Students use available databases to become experts on their candidate gene and design, carry out and analyze a behavioral experiment. In addition, students use available bioinformatics and genomic tools to conduct a protein sequence phylogenetic analysis of their candidate protein across at least 10 different taxa of animals. The laboratory module thus focuses on the integration of behavioral, genetic and bioinformatics approaches, as well as on the evolutionary considerations of the role played by gerontogenes in different organisms.",Caenorhabditis elegans; behavior; bioinformatics; gerontogene; neuroscience,,Journal Article
23493566,PMC3592716,,8,2,A91-A100,Narratives and neurons: stories of damaged brains.,2010-03-15,"Stories register in human memory in special ways, and stories about neurological cases can entertain and move a reader while simultaneously being an important part of any neuroscience curriculum. Here we describe a course taught in the context of the liberal arts curriculum of Baldwin-Wallace College. Students from a variety of disciplines learned basic neuroanatomy, neurophysiology and neurochemistry and then used this information to help them understand published neurological case studies, which were analyzed for their literary as well as scientific qualities. Later in the course, students were paired with a person with a neurological disorder and they investigated their cases in some depth. The capstone experience was a monograph that aimed to be both good science and good story telling. Narratives and Neurons was team taught by faculty from the Neuroscience and English departments. However, the case studies were shaped and improved by all the class participants using writing workshop methods common to creative writing classes. Assessments of this course were very favorable, suggesting that students find that the work enhanced their resourcefulness and challenged their abilities to critically evaluate and problem solve. Some of the cases have found their way into the peer-reviewed literature. Moreover, the interaction between students and individuals with neurological disorders provided a diversity of experiences that enriched the lives of all the participants.",inter-disciplinary courses; narratives; neurological case studies; neuroscience education; stories; teaching methods; undergraduate neuroscience courses,,Journal Article
23493501,PMC3592714,,8,2,A116-21,Demonstrations of neural network computations involving students.,2010-03-15,"David Marr famously proposed three levels of analysis (implementational, algorithmic, and computational) for understanding information processing systems such as the brain. While two of these levels are commonly taught in neuroscience courses (the implementational level through neurophysiology and the computational level through systems/cognitive neuroscience), the algorithmic level is typically neglected. This leaves an explanatory gap in students' understanding of how, for example, the flow of sodium ions enables cognition. Neural networks bridge these two levels by demonstrating how collections of interacting neuron-like units can give rise to more overtly cognitive phenomena. The demonstrations in this paper are intended to facilitate instructors' introduction and exploration of how neurons ""process information.""",algorithmic level; demonstration; neural network; physiology; teaching; undergraduate,,Journal Article
23493462,PMC3592712,,8,2,A86-90,Laboratory Class Project: Using a Cichlid Fish Display Tank to Teach Students about Complex Behavioral Systems.,2010-03-15,"Laboratory activities serve several important functions in undergraduate science education. For neuroscience majors, an important and sometimes underemphasized tool is the use of behavioral observations to help inform us about the consequences of changes that are occurring on a neuronal level. To help address this concern, the following laboratory exercise is presented. The current project tested the prediction that the most dominant fish in a tank of cichlids will have gained the most benefits of its position resulting in the greatest growth and hence, become the largest fish. More specifically: (1) is there evidence that a social hierarchy exists among the fish in our tank based on the number of aggressive acts among the four largest fish; (2) if so, does the apparent rank correspond to the size of the fish as predicted by previous studies? Focal sampling and behavior sampling of aggressive acts between fish were utilized in the data collection. Collectively, the data suggest a social dominance hierarchy may be in place with the following rank order from highest to lowest: Fish A > Fish B > Fish D > Fish C. While the largest (Fish A) seems to be at the top, Fish C ended up being ranked lower than Fish D despite the fact that Fish C is larger. Overall, the project was considered a success by the instructor and students. The students offered several suggestions that could improve future versions of this type of project, in particular concerning the process of constructing a poster about the project. The implications of the data and student learning outcomes are discussed.",behavioral analysis; cichlid; dominance hierarchy; laboratory group project; poster presentation,,Journal Article
23495329,PMC3592705,,8,1,A82-5,Establishing a new paradigm for diversity: a case for restructuring the academic training environment.,2009-10-15,,,,Journal Article
23495328,PMC3592693,,8,1,A3-4,Jeanne narum: a lifetime of achievement.,2009-10-15,,,,Journal Article
23495327,PMC3592699,,8,1,A1-2,"Introduction to Papers from the FUN 2008 Macalester Workshops: Proceedings of the 2008 Faculty for Undergraduate Neuroscience Workshops at Macalester College, St. Paul, MN, July 17 to July 20, 2008.",2009-10-15,,,,Journal Article
23494065,PMC3592707,,8,1,A26-31,Modular Digital Course in Undergraduate Neuroscience Education (MDCUNE): A Website Offering Free Digital Tools for Neuroscience Educators.,2009-10-15,"We are providing free digital resources for teaching neuroscience labs at http://mdcune.psych.ucla.edu/. These resources will ultimately include materials for teaching laboratories in electrophysiology of neuronal circuits (SWIMMY), a Neuroinformatics/Bioinformatics module, and two modules for investigating the effects of hormones on early CNS development-one focusing on the development of the song system and one focusing on sex differences in spinal cord motor neurons. All of these modules are inquiry based-students gain from genuine experiences in doing actual studies rather than just simulations. These materials should provide instructors the ability to provide good quality laboratory experiences regardless of resource limitations. Currently, modules on sex differences in the spinal cord and virtual neural circuits (SWIMMY) are available on our website. More will be available in summer 2009 and 2010. SWIMMY was demonstrated at the Faculty for Undergraduate Neuroscience (FUN) Workshop-The Undergraduate Neuroscience Education: Interactions, interdisciplines, and curricular best practices at Macalester College in July 2008.",QTL analysis; central pattern generators; computer assisted instruction; digital laboratories; hormonal effects on CNS; web-based instruction,,Journal Article
23493964,PMC3592706,,8,1,A21-5,A Self-Study Tutorial using the Allen Brain Explorer and Brain Atlas to Teach Concepts of Mammalian Neuroanatomy and Brain Function.,2009-10-15,"The Allen Brain Atlas is a repository of neuroanatomical data concerning the mouse brain. The core of the database is a Nissl-stained reference atlas of the brain accompanied by in situ hybridization data for essentially the entire mouse genome. This database is freely available at the Allen Institute for Brain Science website, as is an innovative tool to explore the database, the Brain Explorer. This tool is downloaded and installed on your own computer. I have developed a self-study tutorial, ""Explorations with the Allen Brain Explorer"", which uses the Brain Explorer and the Brain Atlas to teach fundamentals of mammalian neuroanatomy and brain function. In this tutorial background information and step-by-step exercises on the use of the Brain Explorer are given using PowerPoint as a platform. To do the tutorial both the PowerPoint and the Brain Explorer are opened on the computer and the students switch from one program to the other as they go, in a step-wise fashion, through the various exercises. There are two main groups of exercises, titled ""The Basics"" and ""Explorations"", with both groups accessed from a PowerPoint ""Start Menu"" by clicking on dynamic links to the appropriate exercises. Most exercises have a number of dynamic links to PowerPoint slides where background information for the exercises is given or the neuroanatomical data collected from the Brain Atlas is discussed.",Allen Brain Atlas; Brain Explorer; gene expression; hippocampus; hypothalamus; in situ hybridization; limbic system; mouse brain neuroanatomy; olfactory system; reward center,,Journal Article
23493932,PMC3592704,,8,1,A50-4,"g-PRIME: A Free, Windows Based Data Acquisition and Event Analysis Software Package for Physiology in Classrooms and Research Labs.",2009-10-15,"We present g-PRIME, a software based tool for physiology data acquisition, analysis, and stimulus generation in education and research. This software was developed in an undergraduate neurophysiology course and strongly influenced by instructor and student feedback. g-PRIME is a free, stand-alone, windows application coded and ""compiled"" in Matlab (does not require a Matlab license). g-PRIME supports many data acquisition interfaces from the PC sound card to expensive high throughput calibrated equipment. The program is designed as a software oscilloscope with standard trigger modes, multi-channel visualization controls, and data logging features. Extensive analysis options allow real time and offline filtering of signals, multi-parameter threshold-and-window based event detection, and two-dimensional display of a variety of parameters including event time, energy density, maximum FFT frequency component, max/min amplitudes, and inter-event rate and intervals. The software also correlates detected events with another simultaneously acquired source (event triggered average) in real time or offline. g-PRIME supports parameter histogram production and a variety of elegant publication quality graphics outputs. A major goal of this software is to merge powerful engineering acquisition and analysis tools with a biological approach to studies of nervous system function.",crawdad; data acquisition; data analysis; physiology software; student laboratory software,,Journal Article
23493904,PMC3592703,,8,1,A37-43,Developing a project-oriented introduction to neuroscience lab at hope college.,2009-10-15,"The Introduction to Neuroscience course at Hope College includes a three-hour laboratory period each week. Seven of the fifteen weeks of the lab are used for a lab project that is focused on understanding the effects of gonadal hormones on brain and behavior. Students perform ovariectomies and implant sham, estradiol, or testosterone capsules in rats and then carry out five experiments: 1) Sexual Behavior, 2) Spatial Learning using the Morris Water Maze, 3) The Size of the Sexually Dimorphic Nucleus, 4) Phosphorylation of NMDA Receptors, and 5) Long Term Potentiation in Hippocampal Slices. The experiments are designed to provide the students with experiences at different levels of neuroscience, while improving their skills in statistics, using the primary literature, and scientific writing. The students generate interesting and statistically significant data which they summarize in a journal style lab reports. Using a Self Assessment of Learning Gains tool, we learned that students perceive the lab project improves their ability to A) pose questions from more than one disciplinary perspective that can be addressed by collecting and evaluating scientific evidence, B) learn about complex science problems that require insight from more than one discipline, C) extract main points from a scientific article and develop a coherent summary, and D) write reports using scientific data as evidence. Based on our results, we believe an extended lab project in an introductory neuroscience course can be used to engage students in neuroscience topics and help them develop the skills and habits of neuroscientists.",NMDA receptor phosphorylation; hippocampal slice; introductory neuroscience course; lab project; liberal arts college; long-term potentiation; ovariectomy; self assessment of learning gains; sex behavior; sex steroids; sexually dimorphic nucleus; spatial learning,,Journal Article
23493842,PMC3592702,,8,1,A10-7,Vision and art: an interdisciplinary approach to neuroscience education.,2009-10-15,"Undergraduate institutions are increasingly adopting neuroscience within their curricula, although it is unclear how best to implement this material given the interdisciplinary nature of the field, which requires knowledge of basic physics, chemistry, biology and psychology. This difficulty is compounded by declines over recent decades in the amount of physics education that students receive in high school, which hinders students' ability to grasp basic principles of neuroscience. Here we discuss our experiences as teacher (BRC) and student (RLS) with an undergraduate course in Vision and Art. The course capitalizes on students' prior interest in visual art to motivate an understanding of the physiological and computational neural processes that underlie vision; our aim is that the learning strategies that students acquire as a result of the format and interdisciplinary approach of the course will increase students' critical thinking skills and benefit them as they pursue other domains of inquiry. The course includes both expert lectures on central themes of vision along with a problem-based learning (PBL) laboratory component that directly engages the students as empirical scientists. We outline the syllabus, the motivation for using PBL, and describe a number of hands-on laboratory exercises, many of which require only inexpensive and readily available equipment. We have developed a website that we hope will facilitate student-driven inquiry beyond the classroom and foster inter-institutional collaboration in this endeavor. We conclude the paper with a discussion of the potential limitations of the course and how to evaluate the success of the course and the website.",Computational Neuroscience; Physics Education; Problem-Based Learning; Systems Neuroscience; Undergraduate Science Education; Visual Neuroscience,,Journal Article
23493807,PMC3592701,,8,1,A44-9,Teaching laboratory neuroscience at bowdoin: the laboratory instructor perspective.,2009-10-15,"Bowdoin College is a small liberal arts college that offers a comprehensive Neuroscience major. The laboratory experience is an integral part of the major, and many students progress through three stages. A core course offers a survey of concepts and techniques. Four upper-level courses function to give students more intensive laboratory research experience in neurophysiology, molecular neurobiology, social behavior, and learning and memory. Finally, many majors choose to work in the individual research labs of the Neuroscience faculty. We, as laboratory instructors, are vital to the process, and are actively involved in all aspects of the lab-based courses. We provide student instruction in state of the art techniques in neuroscience research. By sharing laboratory teaching responsibilities with course professors, we help to prepare students for careers in laboratory neuroscience and also support and facilitate faculty research programs.",laboratory instruction; learning and memory; liberal arts education; molecular neurobiology; neuroanatomy; neurophysiology; social behavior,,Journal Article
23493673,PMC3592700,,8,1,A61-5,Brain awareness week and beyond: encouraging the next generation.,2009-10-15,"The field of neuroscience is generating increased public appetite for information about exciting brain research and discoveries. As stewards of the discipline, together with FUN and others, the Society for Neuroscience (SfN) embraces public outreach and education as essential to its mission of promoting understanding of the brain and nervous system. The Society looks to its members, particularly the younger generation of neuroscientists, to inspire, inform and engage citizens of all ages, and most importantly our youth, in this important endeavor. Here we review SfN programs and resources that support public outreach efforts to inform, educate and tell the story of neuroscience. We describe the important role the Brain Awareness campaign has played in achieving this goal and highlight opportunities for FUN members and students to contribute to this growing effort. We discuss specific programs that provide additional opportunities for neuroscientists to get involved with K-12 teachers and students in ways that inspire youth to pursue further studies and possible careers in science. We draw attention to SfN resources that support outreach to broader audiences. Through ongoing partnerships such as that between SfN and FUN, the neuroscience community is well positioned to pursue novel approaches and resources, including harnessing the power of the Internet. These efforts will increase science literacy among our citizens and garner more robust support for scientific research.",Brain Awareness Week (BAW); International Brain Bee; NERVE; Neuroscience Core Concepts; Neuroscientist-Teacher-Partner Program; Public Education; Science Olympiad; Wikipedia,,Journal Article
23493647,PMC3592698,,8,1,A73-7,Facilities Planning for the Neuroscience Curriculum at a Primarily Undergraduate Institution: St. Olaf College's Regents Hall of Natural and Mathematical Sciences.,2009-10-15,"Planning for new science facilities at your institution is an exciting, challenging, and rewarding endeavor. Perhaps most significantly, it also embodies a rare opportunity to provide new infrastructure to support a programmatic vision for the future. Here, we describe St. Olaf's new Regents Hall of Natural and Mathematical Sciences, beginning with an outline of the planning/design process, then an overview of the features of the building - with particular regard to the Neuroscience Program facilities - and finally a discussion of lessons learned. We hope our experiences may benefit those engaged in the facilities planning process at their own institutions.",laboratory design; neuroscience facilities; science building,,Journal Article
23493585,PMC3592697,,8,1,A18-20,Building neural networks within the academy: connecting neuroscience to other disciplines.,2009-10-15,"Never before in human history has there been a more exciting time to be studying neuroscience. By extension, the opportunities have never been greater to examine how contemporary findings in neuroscience might relate to other areas of human inquiry. Over the last two decades I have participated in a number of formal and informal attempts to connect neuroscience and psychology to other academic disciplines in the context of interdisciplinary courses. Herein lies a brief overview of my experiences with these undertakings.",interdisciplinary courses; neuroscience; undergraduate education,,Journal Article
23493514,PMC3592696,,8,1,A5-9,"Sex, Gender, and the Brain: A Non-Majors Course Linking Neuroscience and Women's Studies.",2009-10-15,"This article describes a non-majors biology class linking neuroscience and women's studies. The class had 24 students from 13 majors. We met for three classroom hours and three laboratory hours each week. We used animal and human case studies to explore issues of gender, sexuality, hormones, anatomy, biochemistry, behavior and environment to explore the differences and similarities between male and female brains. Reading focused on two major texts, Roughgarden's Evolution's Rainbow and Hines's Brain Gender, and primary literature referenced within. Student performance was assessed through exams, class participation, presentations of primary literature, and independent research projects with oral and written presentations. The cross-listing with women's studies improved the class because it led to a great richness of majors and experiences. Furthermore, these students were used to vehement discussion and careful analysis, which carried over to assessing the primary literature, to a surprising degree.",brain; feminist pedagogy; gender; inter-disciplinary; neuroscience; non-major; sex; women’s studies,,Journal Article
23493486,PMC3592695,,8,1,A32-6,Teaching Neurophysiology to Undergraduates using Neurons in Action.,2009-10-15,"Neurons in Action, a set of 25 hyperlinked tutorials and interactive simulations on CD-ROM, provides the student with a completely different approach to neurophysiology from that of textbooks. Guided by the tutorials, by their professor, by the urge to test their understanding, or simply by curiosity, students specify the parameters of a patch of membrane, an axon, a postsynaptic membrane, or a cell and run virtual experiments. Parameters include geometry, the number and type of ion channels in the membrane, the number of myelin wraps of the axon, the ion concentrations inside and out, synaptic variables, and temperature. Hyperlinked explanations, historical information, and classic papers on the CD provide the ""textbook"" material. This article describes this learning tool and details several ways in which it is being used at the undergraduate level.",action potential; cardiac action potential; laboratory; neuron; neuroscience; simulations; single channels; software; tutorials; virtual experiments,,Journal Article
23493469,PMC3592694,,8,1,A78-81,"The journal of undergraduate neuroscience education: history, challenges, and future developments.",2009-10-15,"The 'JUNE and You' sessions presented at the July 2008 Undergraduate Neuroscience Education workshop, sponsored jointly by Faculty for Undergraduate Neuroscience (FUN) and Project Kaleidoscope (PKAL), featured background information about the history and mission of the Journal of Undergraduate Neuroscience Education (JUNE), followed by an informative discussion about the challenges facing JUNE, including new ideas for future developments. This article will highlight some of the information and ideas generated and shared at this conference. Critical discussion points included the need to keep members of FUN actively engaged in submitting and reviewing articles for JUNE. Ways in which authors, reviewers, and interested faculty members could best help in promoting the mission and vision of JUNE were discussed. Concerns about recent hackings into the JUNE website were also raised, and possible solutions and measures that can be taken to minimize this in the future were discussed. In addition, ideas for expanding the role of JUNE to provide a forum to evaluate new and emerging website information that is pertinent to undergraduate neuroscience education was discussed. Ideas for future developments of JUNE included revolving postings of articles as they are accepted, providing links to several related websites, and allowing updates for articles that have been previously published in JUNE. Finally, ideas for maintaining and expanding JUNE's stature as the resource for undergraduate neuroscience education included ensuring that JUNE is listed on important search vehicles, such as PubMed.",electronic journals; innovative technologies; inter-website links; multimedia formats; search engines; website security,,Journal Article
23493419,PMC3592711,,8,1,A69-72,SOMAS-URM: The Evolution of a Mentoring and Summer Research Program.,2009-10-15,"The need to enhance recruitment and retention of students in the sciences to strengthen the economic and scientific foundation of the United States was recently underscored by the National Science Board. The SOMAS Program (Support Of Mentors And their Students) addresses this need using a two-pronged strategy: 1) Junior faculty receive mentoring and instruction in launching research programs that engage student collaborators; and 2) College students are introduced to discovery in the neurosciences by conducting original research with their professors. Junior faculty from predominantly undergraduate institutions are invited to submit applications to obtain summer research support for undergraduate students who will spend 10 weeks collaborating with the faculty member on projects of common interest. Awards cover a travel and a supply budget, summer student housing, as well as faculty and student stipends. The faculty mentors and their students are to use the travel support to attend the joint Annual Meetings of the Society for Neuroscience (SfN) and the Faculty for Undergraduate Neuroscience (FUN). Faculty Awardees are required to participate in the Survival Skills and Ethics Workshop held at the SfN Meeting to prepare them to write grants aimed at supporting their research programs. Students are to present their summer research findings at the FUN Poster Session held jointly with the SfN Meeting. Students are also required to attend Survival Skills Workshop sessions that focus on ethics in research and that provide tips on applying to graduate school. The SOMAS-URM Program presently emphasizes recruitment and retention of underrepresented groups to enhance participation in scientific discovery by the full range of the American population.",funding program; mentorship; predominantly undergraduate institution; undergraduate student,,Journal Article
23493309,PMC3592710,,8,1,A66-8,New(er) Kids on the Block - Voices of Junior FUN Faculty.,2009-10-15,"How do good teachers get that way? While practice is certainly important, good ideas are essential. The first goal of the ""New(er) Kids on the Block"" plenary session at the 2008 PKAL/FUN Workshop was to highlight the notable things junior FUN faculty are doing in the classroom and the lab. Happily, both younger and more seasoned faculty colleagues shared a multitude of pedagogical ideas, many of which are briefly described here. The second goal of the session was to provide a place for junior faculty to ask questions of senior faculty. This broader goal was less directly met, possibly because of time constraints, possibly because of the nature of the group setting. In future workshops, arranging a large session for the exchange of ideas and a smaller session for mentoring type activities might be advisable.",course planning; improving writing skills; increasing student learning; mentoring; shared wisdom,,Journal Article
23493238,PMC3592709,,8,1,A58-60,Higher Education and the Society for Neuroscience: a website proposal that helped catalyze a change in policy.,2009-10-15,"In the spring of 2007, the Society for Neuroscience (SfN) did not include support for higher education as a priority in its strategic plan. By the spring of 2009, its priorities had changed. One catalyst for that change was a proposal for a website that would list, review, and rate resources for teaching neuroscience at the graduate and undergraduate level. The proposal was sent to and accepted by SfN Council in August 2008; by spring 2009, SfN had taken initial steps to implement it. Two documents are presented here that mark the change in policy: the website proposal, and SfN Council's response.",NSDL; Society for Neuroscience; higher education; resources for teaching; web portal; website,,Journal Article
23493189,PMC3592708,,8,1,A55-7,Teaching undergraduate neuroscience in the digital age.,2009-10-15,"The Internet is enhancing and challenging traditional approaches to teaching undergraduate neuroscience. In addition to the new FUN-supported development of a Society for Neuroscience Portal for higher education, there is a wealth of available teaching resources currently housed on the web. This article discusses the current state of digital libraries and introduces a series of exemplary web-based classroom resources.",Digital Libraries; NSDL; World Wide Web,,Journal Article
23495326,PMC3592683,,7,2,E6-7,"Developing new courses and exploring new teaching approaches: the role of ""unexpected feedback"".",2009-06-15,,,,Journal Article
23495325,PMC3592689,,7,2,E3-5,Donald g. Stein: pioneer in the areas of neuroplasticity and recovery of function.,2009-06-15,,,,Journal Article
23495324,PMC3592685,,7,2,E2,A Special Time for JUNE.,2009-06-15,,,,Journal Article
23493443,PMC3592692,,7,2,A48-52,The flatworm planaria as a toxicology and behavioral pharmacology animal model in undergraduate research experiences.,2009-06-15,"In this work we describe a series of simple protocols using planaria as an animal model in toxicology and behavioral pharmacology. These procedures have proven useful to provide significant research experience to undergraduate students, including coauthorship in peer-reviewed publications. The methods described in this work have proven useful to allow students to visualize concepts related to concentration-effect curves for toxicity and behavioral experiments, without the need to consider factors that must be taken into account when working with vertebrate animals.",DMSO; behavior; caffeine; motility; pharmacology; planaria; toxicology,,Journal Article
23493377,PMC3592690,,7,2,A74-9,"Interactive Methods for Teaching Action Potentials, an Example of Teaching Innovation from Neuroscience Postdoctoral Fellows in the Fellowships in Research and Science Teaching (FIRST) Program.",2009-06-15,"Acquiring a faculty position in academia is extremely competitive and now typically requires more than just solid research skills and knowledge of one's field. Recruiting institutions currently desire new faculty that can teach effectively, but few postdoctoral positions provide any training in teaching methods. Fellowships in Research and Science Teaching (FIRST) is a successful postdoctoral training program funded by the National Institutes of Health (NIH) providing training in both research and teaching methodology. The FIRST program provides fellows with outstanding interdisciplinary biomedical research training in fields such as neuroscience. The postdoctoral research experience is integrated with a teaching program which includes a How to Teach course, instruction in classroom technology and course development and mentored teaching. During their mentored teaching experiences, fellows are encouraged to explore innovative teaching methodologies and to perform science teaching research to improve classroom learning. FIRST fellows teaching neuroscience to undergraduates have observed that many of these students have difficulty with the topic of neuroscience. Therefore, we investigated the effects of interactive teaching methods for this topic. We tested two interactive teaching methodologies to determine if they would improve learning and retention of this information when compared with standard lectures. The interactive methods for teaching action potentials increased understanding and retention. Therefore, FIRST provides excellent teaching training, partly by enhancing the ability of fellows to integrate innovative teaching methods into their instruction. This training in turn provides fellows that matriculate from this program more of the characteristics that hiring institutions desire in their new faculty.",action potential; interactive teaching; mentoring; neuroscience; pedagogy; postdoctoral fellowship,,Journal Article
23493251,PMC3592688,,7,2,A80-4,The student surgeon: a behavioral neuroendocrinology laboratory exercise in rats.,2009-06-15,"This article describes a two-part laboratory module taught at Wheaton College and provides resources to allow instructors to recreate this module at their own institutions. This module introduces students to basic surgical techniques and allows for in-depth discussion of 1) effects of hormones on behavior, 2) ethics of animal use in research, 3) psychopharmacology, 4) experimental design and 5) empirical data collection. This exercise provides students with the opportunity to replicate a classic behavioral neuroendocrinology study while developing critical thinking, experimental design and empirical data collection skills.",estrogen; hormones; lordosis; ovariectomy; proceptivity; progesterone; sexual receptivity,,Journal Article
23493230,PMC3592687,,7,2,A65-8,Northeast Under/graduate Research Organization for Neuroscience (NEURON): Our Thirteenth Conference for Neuroscience Trainees and Educators.,2009-06-15,"The Northeast Under/Graduate Research Organization for Neuroscience (NEURON) was established 12 years ago in order to foster the training, education, and research of both undergraduate and graduate neuroscience students. NEURON hosts two annual conferences (Boston in the fall; New York City in the spring) to promote and support neuroscience training, education, and research. For 12 years, the organization has promoted neuroscience by exposing neuroscience trainees to research and educational perspectives (Edinger et al., 2004, 2005; Frye and Edinger, 2004; Goyette et al., 2008; Rhodes et al., 2006, 2007, 2008). Conferences are supported by an NIH R13 grant, and serve as a valuable experience for both students and mentors with a passion for neuroscience. This paper describes the proceedings of the fall 2007 meeting at Northeastern University.",Minority Outreach; Neuroscience; Psychology; Secondary Education; Undergraduate/Graduate Education,,Journal Article
23493155,PMC3592686,,7,2,A69-73,Successful integration of interactive neuroscience simulations into a non-laboratory sensation & perception course.,2009-06-15,"Laboratory core courses in neuroscience at small liberal arts colleges are few in number and thus under great pressure to offer active laboratory explorations of a wide range of topics. Furthermore, traditional lab activities require substantial resources in terms of space, time, equipment and organization, further limiting the extent to which a school can provide students with important interactive neuroscience experiences in the classroom. Previous work has shown that interactive computer simulations can successfully replace more traditional lab activities in an introductory neuroscience laboratory (Bish and Schleidt, 2008). The present work shows that similar activities can also enhance the learning experience in a midsize, non-laboratory Sensation & Perception (S&P) course. While this course is considered a supporting or elective, rather than a core course in most neuroscience programs, its subject matter lends itself to the in-depth exploration of several key topics in cognitive neuroscience. The success of using computer-based neuroscience activities in a class like S&P might thus point to effective ways in which to distribute the interactive exploration of some neuroscience topics to supporting courses in the curriculum, thereby easing the pressure on the few core laboratory courses to cover all aspects of the field.",laboratory activities; pedagogy; web-based simulations,,Journal Article
23493111,PMC3592684,,7,2,A53-64,Every cell counts: an inquiry-based approach to address a novel research question in an undergraduate neuroscience lab.,2009-06-15,"A science-based curriculum that encourages hands-on experiences, skill development, and promotes student engagement are critical components in both successful undergraduate psychology and neuroscience programs. This lab explored an inquiry-based research project focused on microscopy skills, critical thinking, and independent research design. This lesson used a novel research question (How many serotonergic cells are located in the dorsal raphe nucleus?) to engage students in research and methodology design. The resulting lab received positive feedback from students and provided data about the serotonergic system in a previously unreported species.",inquiry-based instruction; microscopy; neuroanatomy; serotonin,,Journal Article
23495323,PMC3592679,,7,1,E1,Lessons in hope.,2008-10-15,,,,Journal Article
23494088,PMC3592680,,7,1,A13-8,Experiencing visuo-motor plasticity by prism adaptation in a classroom setting.,2008-10-15,"Neural plasticity is a key topic in the study of behavioral neuroscience, yet it can be a difficult concept to demonstrate in a classroom setting. In this report, we describe an interactive technique that can be used to demonstrate and quantify in a laboratory setting the plasticity of motor coordination to altered visual input, i.e. visuo-motor plasticity. Visual input can be easily altered by horizontally-displacing prism goggles. Open-loop motor coordination immediately after putting on these goggles is inaccurate. However, after performing a number of visuo-motor tasks wearing these goggles, coordination adapts and improves. Immediately after removing the goggles, a robust negative aftereffect resulting from adaptation to the goggles is consistently demonstrated. This negative aftereffect can be used to quantify the amount of adaptation that has taken place. We document how to create the prism goggles, how to quantify accuracy of motor coordination, what kinds of visuo-motor tasks consistently lead to significant adaptation, and the importance of active over passive adaptation conditions.",negative aftereffects; neural plasticity; prism adaptation; sensory and motor systems,,Journal Article
23493976,PMC3592678,,7,1,A9-A12,The digital microscope: a tool for teaching laboratory skills in distance learning courses.,2008-10-15,"The majority of undergraduate students studying for a science degree will at some point carry out experiments in a laboratory setting, thus developing their practical skills and understanding of experimental principles. For distance learning students, there is no laboratory setting available for them to complete such work and as such there is a risk that they will lack these key skills. The Open University has developed a computerized tool, in the form of a Digital Microscope, to allow students to collect data to investigate the effects of drugs of abuse on different regions of the rat brain. Small groups of students were set a specific hypothesis to investigate, in this instance students were looking at the differential effects of cocaine and amphetamine on the caudate putamen. Using the microscope students counted the number of Fos positive cells in the caudate putamen to contribute to a group data set. Tutors collated the data from all students in the group and returned the full set to them for analysis and interpretation. In order to evaluate the Digital Microscope we compared student data with data collected by a tutor on the course and obtained feedback questionnaires from students and tutors. We found that while student counts were substantially higher than those made by a tutor, the relationships between experimental groups were preserved. Furthermore, the majority of students and tutors felt that using the microscope had provided useful experience of a number of key practical skills including obtaining and collating data, and the potential areas of error in experiments. Both tutors and students felt that the provision of the microscope had added value to the course. In light of these positive ratings, we feel that this unique tool is useful, not only in distance learning, but also in traditional universities where animal experimentation is limited.",Fos; amphetamine; cocaine; digital microscope; laboratory skills,,Journal Article
23493937,PMC3592677,,7,1,A19-25,Virtual EEG: A Software-Based Electroencephalogram Designed for Undergraduate Neuroscience-Related Courses.,2008-10-15,"A current topic in neuroscience addresses the link between brain activity and visual awareness. The electroencephalogram (EEG), which uses non-invasive high temporal resolution scalp recordings to measure brain activity, is a common tool used to probe this question. EEG recordings, however, are difficult to implement in the curriculum of laboratory-based courses. Thus, undergraduate students often lack experience with EEG experiments. We report here an EEG program (Virtual EEG) that can be used in undergraduate courses to analyze averaged EEG data, termed Event Related Potentials (ERPs). The program was designed so that students can generate hypothesis-driven studies that address how the brain encodes categories of visual stimuli. The Virtual EEG is a large database of EEG recordings consisting of 32 channels taken from real human subjects who were shown 256 pictures of visual stimuli. The program provides a number of possible ways to group the stimuli. After selecting the appropriate stimuli, the program constructs graphs of the ERPs. The channels can be selected for statistical analysis. Because the program uses real data, students are encouraged to interpret their results in light of previously published work. Thus, students have the opportunity to discover something new about how the brain processes visual information. This article also includes a tutorial and summarizes the results of an assessment survey. Finally, we include information regarding the companion Virtual EEG website. The Virtual EEG has been used successfully for the past six years at Indiana University with over a thousand undergraduate students in a research methods course, and the assessment results illustrate its strengths and limitations.","electroencephalogram (EEG); event related potentials (ERPs); neuroscience education, laboratory course; object recognition; visual processing",,Journal Article
23493884,PMC3592676,,7,1,A26-32,"A laboratory exercise for a college-level, introductory neuroscience course demonstrating effects of housing environment on anxiety and psychostimulant sensitivity.",2008-10-15,"In this paper we describe a lab exercise developed for the Introduction to Neuroscience course at Williams College. One of a series of five labs, this exercise demonstrated several key principles of behavioral neuroscience. In this lab, students explored the effects of post-weaning housing environment on anxiety-like behavior and psychostimulant sensitivity in rodents. The exercise was intended to emphasize the importance and utility of animal models in neuroscience research and to give students hands-on experience with behavioral neuroscience research techniques. Students tested rats reared in social isolation or environmental enrichment for anxiety-like behaviors on the elevated plus maze, and for spontaneous and amphetamine-induced locomotor activity in the open field. They were then asked to analyze pooled class data and prepare a short lab report. Overall, student performance was excellent. This exercise emerged as a class favorite on course evaluations. Interestingly, the first time this exercise was conducted, the effects of environmental enrichment on anxiety-like behaviors and psychostimulant sensitivity were not consistent with those published in previous studies. Key methodological issues that may account for this discrepancy and contribute to successful implementation by other programs are discussed.",amphetamine; animal model; anxiety; elevated plus maze; environmental enrichment; open field; social isolation,,Journal Article
23493044,PMC3592682,,7,1,A33-47,"Constructing inexpensive, flexible, and versatile microdialysis probes in an undergraduate microdialysis research lab.",2008-10-15,"Several challenges await new assistant professors setting up a neuroscience lab, and obtaining sufficient research help is typically a top priority. A secondary, but no less daunting, challenge is juggling accuracy and reliability with costs and limited start-up funds. These concerns are particularly crucial for those engaging technically sophisticated measurements, such as microdialysis. We have developed straightforward procedures that our undergraduate students have utilized to successfully construct high-quality, low-cost microdialysis probes. Students mastering the various steps involved have also gained valuable insight into their use, troubleshooting, and the implications of data obtained from these constructed probes. These procedures are explained here to foster increased use in neuroscience labs that involve undergraduates, along with pointers about teaching the technique to newcomers. Students who master the techniques can pass them on to new students easily. These procedures train students in the overall research technique of microdialysis more thoroughly than when manufactured probes are used, they save money, and will eventually save the principal investigator time when students develop independence with troubleshooting and repairs.",freely-moving; in-vivo; microdialysis; probe design; undergraduate pedagogy,,Journal Article
23492869,PMC3592681,,7,1,A1-8,SWIMMY: Free Software for Teaching Neurophysiology of Neuronal Circuits.,2008-10-15,"To circumvent the many problems in teaching neurophysiology as a ""wet lab,"" we developed SWIMMY, a virtual fish that swims by moving its virtual tail by means of a virtual neural circuit. SWIMMY diminishes the need for expensive equipment, troubleshooting, and manual skills that require practice. Also, SWIMMY effectively replaces live preparations, which some students find objectionable. Using SWIMMY, students (1) review the basics of neurophysiology, (2) identify the neurons in the circuit, (3) ascertain the neurons' synaptic interconnections, (4) discover which cells generate the motor pattern of swimming, (5) discover how the rhythm is generated, and finally (6) use an animation that corresponds to the activity of the motoneurons to discover the behavioral effects produced by various lesions and explain them in terms of their neural underpinnings. SWIMMY is a genuine inquiry-based exercise producing data that requires individual thought and interpretation. It is neither a cookbook exercise nor a demonstration. We have used SWIMMY for several terms with great success. SWIMMY solidifies students' understanding of material learned in traditional lecture courses because they must apply the concepts. Student ratings of SWIMMY have been very positive, particularly ratings from students who have also been exposed to a ""wet"" neurophysiology lab. Because SWIMMY requires only computers for implementation and makes minimal demands on instructional resources, it provides for a great deal of flexibility. Instructors could use SWIMMY as part of a traditional lab course, as a classroom exercise, in distance learning, or in blended instructional formats (internet with classroom). SWIMMY is now available for free online complete with student and instructor manuals at http://mdcune.psych.ucla.edu.",Neuron; Neurophysiology; central pattern generator; neural circuit; neural oscillators; simulation; teaching neuroscience,,Journal Article
23495322,PMC3592664,,6,2,E7,New Challenges and Changes for JUNE.,2008-06-15,,,,Journal Article
23493626,PMC3592666,,6,2,A74-7,Adapting the learning-cycle to enrich undergraduate neuroscience education for all students.,2008-06-15,"A learning-cycle approach to science instruction is not new to science educators (Karplus, 1977; Kolb, 1984; Bergquist, 1991; Zollman, 1990; Allard and Barman, 1994). Somewhat less known, however, is the usefulness of this approach for creating lab activities for a broad audience of undergraduates. The following paper presents a brief overview of a laboratory activity that can be adapted for use by instructors of introductory neuroscience courses. The three-hour activity is geared towards tapping key elements of the learning-cycle approach, with a particular emphasis on the exploration phase of the model. Students work as members of small teams to explore a contemporary issue involving memory and gain hands-on experience from the outset, to which conceptual information is then added during lecture the following week. The approach is in marked contrast to the more traditional practice in the sciences where laboratory activities generally serve to punctuate already presented lecture material.",laboratory experiences; non-science majors; problem-based learning; undergraduate neuroscience education,,Journal Article
23493521,PMC3592665,,6,2,A53-9,Demonstrating cerebral vascular networks: a comparison of methods for the teaching laboratory.,2008-06-15,"One challenge of neuroscience educators is to make accessible to students as many aspects of brain structure and function as possible. The anatomy and function of the cerebrovasculature is among many topics of neuroscience that are underrepresented in undergraduate neuroscience education. Recognizing this deficit, we evaluated methods to produce archival tissue specimens of the cerebrovasculature and the ""neurovascular unit"" for instruction and demonstration in the teaching lab. An additional goal of this project was to identify the costs of each method as well as to determine which method(s) could be adapted into lab exercises, where students participate in the tissue preparation, staining, etc. In the present report, we detail several methods for demonstrating the cerebrovasculature and suggest that including this material can be a valuable addition to more traditional anatomy/physiology demonstrations and exercises.","cerebral blood flow; neurovascular unit; perivascular cells, blood vessels",,Journal Article
23493487,PMC3592663,,6,2,A68-73,Online multimedia teaching tool for Parkinson's disease.,2008-06-15,"We developed an online multimedia tool designed to enhance the student-learning environment in neurosciences through multi-sensory engagement. The combined use of scrolling text, narrations, and visual imagery engages multiple sensory modalities for effective learning, and it assists students in visualizing complex processes in the nervous system. The initial rollout of the online tool is for instruction in Parkinson's disease (PD), but its structure is flexible and can be used for teaching a variety of subjects. The instructor can access the tool online during lecture, and students can access the same information via the internet outside of class. In addition, each chapter is stand-alone and thus can be accessed online by other faculty or students to supplement other courses. Within each chapter or module, information is presented in outline format with greater detail accessible via sequential drop-down menus. This layering of related topics creates a spatial and motor-accessed path for learning. These multiple forms of engagement offer rich information representations to improve students' knowledge encoding, storing, and retrieval via multiple pathways. For instance, the tool includes student-controlled 2-D and 3-D animations, and video clip demonstrations of both patient case studies and on-campus research projects directly related to the subject material. Supplemental readings consist of current research articles (in Adobe Acrobat PDF file format) accessed within each educational topic. The teaching tool for PD is online at http://geroauen.usc.edu/Gero414_Beta/.",Adobe Flash; PD; dynamic course delivery; media-enhanced instruction; neuroscience; science education; student-centered learning,,Journal Article
23493454,PMC3592662,,6,2,A60-3,Crayfish aggression and the androgenic gland in a behavior lab for non-majors.,2008-06-15,"Male Procambarus clarkii were matched by size and largest claw length and observed interacting in pair matches before and after removal of the androgenic gland or a sham operation. Although results were not significant, trends suggested that males showed less aggression after the removal of the androgenic gland. Average bout duration did not decrease, but mean intensity of interaction decreased. This exercise was part of a student lab for non-majors. Students were positive about the lab, indicating that they learned about quantifying behavior, about hormonal involvement in aggression, and that the lab made them want to do more science.",aggression; androgenic gland; crayfish,,Journal Article
23493428,PMC3592661,,6,2,A40-52,Using a Paradigm Shift to Teach Neurobiology and the Nature of Science-a C.R.E.A.T.E.-based Approach.,2008-06-15,"Decades ago, classic experiments established the phenomenon of ""neural induction"" (Spemann and Mangold, 1924; Holtfreter, 1933). It appeared clear that amphibian ectoderm was pre-programmed to form epidermis, and that the neural phenotype was induced by a chemical signal from mesoderm. The ""ectoderm makes skin, unless induced to make nervous system"" model appeared in many textbooks. This interpretation, however, was not simply incorrect but 180 degrees out of alignment with the actual situation. As subsequently demonstrated, the default state of amphibian ectoderm is neuronal, and the expression of the epidermal phenotype requires cell signaling (Hemmati-Brivanlou and Melton, 1992; 1994; 1997). In this activity, students are presented with key experiments in a stepwise fashion. At several points, they work in groups to devise models that explain particular experimental results. The stepwise presentation of results mirrors the history of discoveries in this experimental system. Eventually, faced with seemingly contradictory data, students must revise their models substantially and in doing so, experience the paradigm shift. The lesson also examines the history of this paradigm shift. Data inconsistent with the ""epidermal default"" model were published years before the ""neural default"" model was proposed, but the significance of the surprising new data was underemphasized by the scientists who made the discovery. Discussing this situation provides insight into how science works and highlights the possibility that working scientists may become entrenched in prevailing paradigms. Such ""nature of science"" discussions emphasize research as a human activity, and help to dispel student misconceptions about science and scientists.",bone morphogenetic protein (BMP); ectoderm; epidermis; evolution; induction; models; neurons; paradigm shift; teaching; undergraduate,,Journal Article
23493318,PMC3592659,,6,2,A34-9,Undergraduate Neuroscience Education: Blueprints for the 21(st) Century.,2008-06-15,"Paralleling the explosive growth of neuroscientific knowledge over the last two decades, numerous institutions from liberal arts colleges to research universities have either implemented or begun exploring the possibility of implementing undergraduate programs in neuroscience. In 1995, Faculty for Undergraduate Neuroscience (FUN) partnered with Project Kaleidoscope (PKAL) to offer a workshop exploring how undergraduate neuroscience education should proceed. Four blueprints were created to provide direction to the burgeoning interest in developing programs in undergraduate neuroscience education: 1) Neuroscience nested in psychology; 2) Neuroscience nested in biology; 3) Neuroscience as a minor; and 4) Neuroscience as a major. In 2005, FUN again partnered with PKAL to revisit the blueprints in order to align the blueprints with modern pedagogical philosophy and technology. The original four blueprints were modified and updated. One particularly exciting outgrowth of the 2005 workshop was the introduction of a fifth curricular blueprint that strongly emphasizes the integration of the humanities and social sciences into neuroscience: Neuroscience Studies. Because of the interdisciplinary nature of neuroscience, an education in neuroscience will prepare the next generation of students to think critically, synthetically, and creatively as they confront the problems facing humanity in the 21(st) century.",blueprints; concentration; major; minor; neuroscience education; neuroscience studies; neuroscience training; undergraduate neuroscience education,,Journal Article
23493239,PMC3592658,,6,2,A64-7,Effective use of computer simulations in an introductory neuroscience laboratory.,2008-06-15,"Introductory Neuroscience courses are being offered more regularly at diverse institutions. On the other hand, the creation of an independent laboratory curriculum for introductory neuroscience courses puts a strain on financial and human resources of a small college. A solution to this situation might be presented through the use of relevant simulation software in order to eliminate the binding of resources; but nevertheless, provide sufficient, effective, and engaging education to students. This paper suggests the use of a combination of different software during Introductory Neuroscience laboratory sessions, which are finely tuned with the material presented during lecture. Two student cohorts were evaluated and compared using three types of measures: exam grades, course evaluations, and software evaluations. The results show that the use of software simulations had a positive effect on the performance of students on exams, and on the favorability of course ratings. The findings suggest the use of software simulations for Introductory Neuroscience courses to be beneficial for the learning experience of the students.",Introductory Neuroscience; computer software simulations; laboratory activities; pedagogy,,Journal Article
23495321,PMC3592667,,6,1,L1,More on literature and the history of neuroscience: using the writings of silas Weir mitchell (1829-1914) in teaching the history of neuroscience.,2007-10-15,,,,Journal Article
23495320,PMC3592670,,6,1,E2-6,Darcy kelley: pioneering the frontiers of science education.,2007-10-15,,,,Journal Article
23495319,PMC3592672,,6,1,E1,Mentorship: The Bond that Brings Us Together.,2007-10-15,,,,Journal Article
23495318,PMC3592671,,6,1,A14-20,NorthEast Under/graduate Research Organization for Neuroscience (NEURON): Our Third New York City Meeting.,2007-10-15,"The NorthEast Under/graduate Research Organization for Neuroscience (N.E.U.R.O.N.) promotes preparation, education, and undergraduate research in Neuroscience. The N.E.U.R.O.N. Conference was initially held at undergraduate institutions primarily in New England. Then, for the previous two years, to broaden its impact and increase diversity, the meeting moved to Hunter College, CUNY, New York. This year represents the first year in which two N.E.U.R.O.N. meetings were held, one in Boston and one in New York City. The following is a report of the New York City meeting which was held at Hunter College on April 28, 2007. Eminent Neuroscientist, Dr. Carol Sue Carter, of the University of Illinois at Chicago, delivered the keynote address. The meeting also included the second bestowal of the Suzannah Bliss Tieman Research Awards for outstanding poster presentations and a workshop aimed at increasing minority participation in Neuroscience research. These highlights and future plans for N.E.U.R.O.N. are discussed.",,,Journal Article
23493835,PMC3592674,,6,1,A8-A13,"Novel in silico Method for Teaching Cytoarchitecture, Cellular Diversity, and Gene Expression in the Mammalian Brain.",2007-10-15,"Neuroanatomy can be a challenging topic for undergraduates, making the development of new methods of instruction an important goal of neuroscience educators. In the present report we describe the utility and versatility of the Allen Brain Atlas as a novel tool for instruction of several important anatomical principles of the mammalian central nervous system. Using this digital database, we detail how instructors of laboratory or lecture-based courses can demonstrate cytoarchitecture, cellular diversity, and gene expression profiles of the brain.",cytoarchitecture; neuroanatomy; neuronal diversity,,Journal Article
23493818,PMC3592673,,6,1,A1-7,DataView: A Tutorial Tool for Data Analysis. Template-based Spike Sorting and Frequency Analysis.,2007-10-15,"DataView is a Windows program for viewing and analyzing digital data derived from analog signals using A/D acquisition systems. It is primarily designed for research neuroscientists, but its low (or zero) cost makes it a suitable tool for giving students hands-on experience of analysis techniques. It is supplied with many examples of pre-recorded data and also has facilities to allow tutors to use their own - or indeed their students' - experimental results as the dataset for analysis. This article illustrates the use of DataView with a brief tutorial on template-based spike sorting and frequency analysis. The DataView manual contains detailed instructions and sample datasets for a wide range of other analytical and data-manipulation techniques.","DataView; caudal photoreceptor, crayfish, spike sorting, frequency analysis; digital data analysis",,Journal Article
23493751,PMC3592669,,6,1,A21-6,Construction of a simple suction electrode for extracellular recording and stimulation.,2007-10-15,"Principles of signal transmission in nervous systems are commonly demonstrated in the undergraduate neuroscience laboratory through extracellular recording of nerve and muscle action potentials. Here we describe the construction of a simple suction electrode that we use routinely in our laboratory classes for nerve recording and stimulation. The electrode parts are relatively inexpensive, easily available from established scientific and electronic distributors and local hardware stores, and the electrode is resilient to student handling. Our undergraduate students use this electrode design for high resolution, extracellular recordings of action potentials from crayfish motor and sensory nerves and insect muscle, and for stimulation of crustacean and insect motor nerves.",action potential; crayfish; extracellular recording; suction electrode; teaching lab,,Journal Article
23493658,PMC3592668,,6,1,A27-33,Dual format course design: neuroanatomy and neurophysiology for adult learners.,2007-10-15,"Adult learners require alternative learning opportunities to enable them to work and still be able to upgrade their education. This dual format course, combining online and face-to-face components, was developed to meet the need of students to complete a prerequisite undergraduate level neuroanatomy and neurophysiology course while attending a program that included fly-in weekends (seven) and online instruction (15 weeks). A combination of online lectures and on-campus lectures were used to teach pre-requisite neuroanatomy and neurophysiology course topics. The article presents the teaching material division between online and on-campus lectures and presentation of data collected. Survey data collected included student preferred: online media presentation, online activities developed to facilitate learning of the online material, online case study discussion, and testing formats. Students also were asked to comment on whether the class should move to a 100% online format and what their concerns would be moving to an all online format. Additional qualitative data on student input related to the course, adult learning and the learning environment will be presented. Blackboard data include: student daily access patterns, media and documents access and download patterns, and case study participation. Additionally, descriptive statistics from in class quizzes versus online quizzes includes: student patterns of test taking in an unlimited retake environment, scores on retakes and final scores (highest of retakes), in-class quiz scores, and comparison of comprehensive final exam scores from online versus face-to-face lecture material and testing. Findings provide valuable information for online course formatting, revisions and additional course development.",College; graduate; online; professional; teaching neuroscience,,Journal Article
23495317,PMC3592646,,5,2,E8-E11,Evolution and the neuroscience curriculum: a call to action.,2007-06-15,,,,Journal Article
23495316,PMC3592647,,5,2,E7,Neuroscience and the liberal arts.,2007-06-15,,,,Journal Article
23495315,PMC3592651,,5,2,E6,JUNE as the Voice for Undergraduate Neuroscience Education.,2007-06-15,,,,Journal Article
23495314,PMC3592655,,5,2,E15-6,Toward a better neuroscience tomorrow: thoughts on the society for neuroscience and the undergraduate.,2007-06-15,,,,Journal Article
23495313,PMC3592657,,5,2,E14,Work through SfN - but Keep Higher Education and K-12 Separate.,2007-06-15,,,,Journal Article
23495312,PMC3592652,,5,2,E12-3,The society for neuroscience and the undergraduate.,2007-06-15,,,,Journal Article
23494173,PMC3592645,,5,2,A35-41,Use of the Pyrithiamine-Induced Thiamine Deficient Animal Model of Korsakoff's Syndrome for Exploratory Research Activities in Undergraduate Physiological Psychology.,2007-06-15,"Undergraduate neuroscience laboratory activities frequently focus on exercises that build student's wet/dry laboratory skills, foster critical thinking, and provide opportunities for hands-on experiences. Such activities are, without a doubt, extremely important, but sometimes fall short of modeling actual research and often lack the 'unknown' hypothetical nature accompanying empirical studies. In this article we report a series of research activities using an animal model of Korsakoff's syndrome in a Physiological Psychology course. The activities involve testing hypotheses regarding performance of animals with experimentally-induced Korsakoff's syndrome and the effectiveness of glucose as a memory-enhancer in this model. Students were given a set of 24 articles for use in answering a series of laboratory report questions regarding the activities. At the conclusion of the course, students were asked to complete a questionnaire designed to assess the effectiveness of the laboratory activities. Results of the laboratory exercises indicated that locomotor activity, environmental habituation, and anxiety were unaffected in the Korsakoff condition, and glucose had no effect. Results of performance in the T-maze indicated that Korsakoff animals had significantly fewer spontaneous alternations than controls, but Korsakoff animals given glucose did not reveal this difference. Results of the student assessments indicated that the activities were considered educational, challenging, and more interesting than standard laboratory activities designed to reproduce reliable phenomena.",Korsakoff’s syndrome; animal model; behavioral neuroscience; environmental habituation; exploratory research; glucose; laboratory activity; locomotor activity; physiological psychology; rats; spatial working memory; thiamine deficiency,,Journal Article
23494074,PMC3592644,,5,2,A28-34,Utility and versatility of extracellular recordings from the cockroach for neurophysiological instruction and demonstration.,2007-06-15,"The principles of neurophysiology continue to be challenging topics to teach in the context of undergraduate neuroscience education. Laboratory classes containing neurophysiological demonstrations and exercises are, therefore, an important and necessary complement for covering those subjects taught in lecture-based courses. We developed a number of simple yet very instructive exercises, described below, which make use of extracellular recordings from different sensory systems of the cockroach (Periplanta americana). The compendium we developed provides students with hands-on demonstrations of several commonly taught topics of neurophysiology including sensory coding by neural activity.",action potentials; antennae; cockroach; neurophysiology; spikes; ventral nerve cord,,Journal Article
23493190,PMC3592656,,5,2,A63-70,Teaching about the brain and reaching the community: undergraduates in the pipeline neuroscience program at the university of pennsylvania.,2007-06-15,"This article provides an overview of the University of Pennsylvania School of Medicine's Pipeline Neuroscience Program, a multi-tiered mentorship and education program for Philadelphia high school students in which University of Pennsylvania undergraduates are integrally involved. The Pipeline Neuroscience Program provides mentorship and education for students at all levels. High school students are taught by undergraduates, who learn from medical students who, in turn, are guided by neurology residents and fellows. Throughout a semester-long course, undergraduates receive instruction in neuroanatomy, neuroscience, and clinical neurology as part of the Pipeline's case-based curriculum. During weekly classes, undergraduates make the transition from students to community educators by integrating their new knowledge into lesson plans that they teach to small groups of medically and academically underrepresented Philadelphia high school students. The Pipeline program thus achieves the dual goals of educating undergraduates about neuroscience and providing them with an opportunity to perform community service.",case-based curriculum; clinical neurology; community educators; community service; mentoring; neuroanatomy; neuroscience; service learning,,Journal Article
23493154,PMC3592654,,5,2,A53-62,The use of case studies in teaching undergraduate neuroscience.,2007-06-15,"Case studies have been the cornerstone of many discoveries in neurology and continue to be an indispensable source of knowledge. Attaching a name, face, and story to the study of neurological disorders makes them more ""real"" and memorable. This article describes the value of the case study methodology and its advantages as a pedagogical approach. It also illustrates how the seminal case of H.M. can be used to highlight the advantages and disadvantages of the case study methodology. Three exercises are described for incorporating case studies into neuroscience courses. The first exercise requires students to conduct a literature review regarding their assigned case and then design an experiment to address a lingering question regarding that neurological disorder. Survey results of 90 students provide quantitative and qualitative support for this approach. The vast majority of students indicated this exercise was a valuable learning experience; sparked interest in the topic and in biopsychology; increased their knowledge and stimulated critical thinking. The second exercise discusses how students might conduct their own case studies. The third exercise emphasizes the use of case studies as a platform to examine competing hypotheses regarding neurological conditions and their treatment. A table listing case studies appropriate for undergraduate neuroscience courses is included. Cases are categorized by the type of neurological disorder and notes regarding the nature of and content of each case are provided.",H.M; case studies; classroom exercises; neuroscience education; teaching methods,,Journal Article
23493095,PMC3592653,,5,2,A42-8,"IFEL TOUR: A Description of the Introduction to FUN Electrophysiology Labs Workshop at Bowdoin College, July 27-30, and the Resultant Faculty Learning Community.",2007-06-15,"The workshop ""Introduction to FUN Electrophysiology Labs"" was organized by Patsy Dickinson (Bowdoin College), Steve Hauptman (Bowdoin College), Bruce Johnson (Cornell University), and Carol Ann Paul (Wellesley College). It took place July 27-30 2006 at Bowdoin College. There were fifteen participants, most of whom were junior faculty at college and universities around the country. This article describes the workshop content, the incorporation of lab exercises at home institutions, and the faculty learning community that has resulted from the workshop.",education; electrophysiology; faculty for undergraduate neuroscience; faculty learning community,,Journal Article
23493038,PMC3592650,,5,2,A71-7,Methods for Handling Missing Data in the Behavioral Neurosciences: Don't Throw the Baby Rat out with the Bath Water.,2007-06-15,"Missing data are a major problem in the behavioral neurosciences, particularly when data collection is costly. Often researchers exclude cases with missing data, which can result in biased estimates and reduced power. Trying to avoid the deletion of a case because of a missing data point can be conducted, but implementing a naïve missing data method can result in distorted estimates and incorrect conclusions. New approaches for handling missing data have been developed but these techniques are not typically included in undergraduate research methods texts. The topic of missing data techniques would be useful for teaching research methods and for helping students with their research projects. This paper aimed to illustrate that estimating missing data is often more efficacious than complete case analysis, otherwise known as listwise deletion. Longitudinal data was obtained from an experiment examining the effects of an anorectic drug on food consumption in a small sample (n=17) of rats. The complete dataset was degraded by removing a percentage of datapoints (1-5%, 10%). Four missing data techniques: listwise deletion, mean substitution, regression, and expectation-maximization (EM) were applied to all six datasets to ensure that each approach was applied to the same missing data points. P-values, effect sizes, and Bayes factors were computed. Results demonstrated listwise deletion was the least effective method. EM and regression imputation were the preferred methods when more than 5% of the data were missing. Based on these findings it is recommended that researchers avoid using listwise deletion and consider alternative missing data techniques.",expectation maximization; imputation; listwise deletion; mean substitution; missing data; regression,,Journal Article
23492858,PMC3592648,,5,2,A49-52,An undergraduate neuroscience seminar based on the annual meeting of the society for neuroscience.,2007-06-15,"We have recently planned and taught an advanced undergraduate seminar at our respective institutions that uses a unique mechanism to explore topics that are on the cutting edge of neuroscience. The course material is centered on the topics of presentations scheduled for the Annual Meeting of the Society for Neuroscience held each fall. The instructor and students (∼15) select several topics that are the subject of special lectures, panels, and keynote addresses included in the Program for the Annual Meeting. Each week the class reads and discusses several articles on the topic of one of the lectures, panels or addresses. By the time the Annual Meeting is held, the class is intimately familiar with the content of the planned presentations. The class then travels to the Annual Meeting and attends these presentations along with events of personal interest and keeps a journal of what they learn. Upon returning from the Annual Meeting, the students discuss the assigned presentations and also prepare and deliver their own presentation on a neuroscience topic of personal interest using information obtained at the meeting. Students also prepare an in-depth final paper on their presentation topic in the form of a Current Opinions in Neurobiology review article. The outcomes for the students are many fold: Students explore topics on the cutting edge of neuroscience through the review of primary literature and experience a major scientific conference first hand, which is attended by over 30,000 neuroscientists from around the world. This experience helps neuroscience ""come alive"" for the students and provides them with valuable opportunities to meet world-renowned researchers, prospective graduate mentors, and possibly future employers. Students also have the chance to develop important professional skills through critical evaluation of research, exposure to different presentation styles, and preparation of an in-depth research paper and oral presentation.",Society for Neuroscience; annual meeting; current research; scientific skills; seminar,,Journal Article
23495311,PMC3592639,,5,1,R7-8,"The neuron connection: modeling Parkinson's disease: by rose feor, nicole mah, donna molinek, mur muchane, tuti penev, and julio ramirez.",2006-10-15,,,,Journal Article
23495310,PMC3592636,,5,1,R1-6,Resources for teaching Mammalian neuroanatomy using sheep brains: a review.,2006-10-15,,,,Journal Article
23495309,PMC3592642,,5,1,E5,Literature and the history of neuroscience.,2006-10-15,,,,Journal Article
23495308,PMC3592638,,5,1,E1-4,"Neuroethologist ron hoy on college, careers, and crawdads.",2006-10-15,,,,Journal Article
23493990,PMC3592643,,5,1,R11-4,Data Acquisition and Display for Electrophysiology: PC Oscilloscopes.,2006-10-15,"The PC oscilloscope, an external data acquisition unit connected to a laptop computer, is an option worth considering for neuroscience teaching labs that include electrophysiology. This article describes the available technology and reviews products on the market as of mid-2006.",A/D conversion; USB devices; digital oscilloscope,,Journal Article
23493947,PMC3592640,,5,1,A1-5,Using biographies to illustrate the intrapersonal and interpersonal dynamics of science.,2006-10-15,"We describe using biographies in teaching a course about the intrapersonal and interpersonal dynamics of science, with an emphasis on the professional and personal experiences of women in science. In our course, Life of a Psychologist: Experiences of Women in Science, students examine biographies and scientific research written by female psychologists across the main research areas of psychology. Biographies by these female psychologists and research on the experiences of women scientists are used to highlight the intrapersonal and interpersonal dynamics of science. Intrapersonal dynamics refer to the changes that occur within a person, such as developing an identity as a scientist, having a voice, and achieving success. Interpersonal dynamics refer to exchanges between people, such as collaborating on research, mentorship, and balancing personal and professional lives. Qualitative data support using biographies in teaching about the dynamics of science. Suggestions for using biographies in other courses are provided.",biography; pedagogy; personal development; psychologists; psychology; science; scientists; social context; social interaction; women,,Journal Article
23493857,PMC3592637,,5,1,A6-A13,"Cultivation of an interdisciplinary, research-based neuroscience minor at hope college.",2006-10-15,"Hope College is an undergraduate liberal arts college with an enrollment of approximately 3,000 students. In the spring of 2005, we began to offer an interdisciplinary neuroscience minor program that is open to all students. The objective of this program is to introduce students to the field of neuroscience, and to do so in such a way as to broaden students' disciplinary perspectives, enhance communication and quantitative skills, and increase higher-level reasoning skills by encouraging collaboration among students who have different disciplinary backgrounds. This is a research-based program that culminates in a one-year capstone research course. Here we present the story of the program development at Hope College, including a description of our newly developed curriculum, our initial assessment data, and the lessons we have learned in developing this program.","curriculum development, interdisciplinary; liberal arts college, Crawdad; neuroscience minor; undergraduate curriculum",,Journal Article
23493811,PMC3592635,,5,1,A14-21,Collaborative Research in Teaching: Collaboration between Laboratory Courses at Neighboring Institutions.,2006-10-15,"The concept of collaboration is central to many scientific endeavors. Here we present a model for collaborative research between laboratory courses in behavioral neuroscience at different institutions (or for that matter, multiple classrooms at a single institution). This course design engages undergraduate students in novel scientific research inside the classroom, and in discussion of that research between classrooms. In addition to exposing students to scientific collaboration, teaching these courses in tandem allows for the sharing of a number of resources while allowing collection of potentially publishable data and training students to conduct continuing independent research. For the 2003 and 2004 school years, we have run in collaboration the Laboratory in Brain and Behavior course at Colby College and the Laboratory in Behavioral Neuroscience: Learning and Memory course at Bowdoin College. The students enrolled in these courses have conducted primary, novel research projects designed by the instructors using animal subjects. Students learn experimental design, and surgery, behavioral testing, and histological techniques. Enrollments are limited in these courses, so having both groups of students perform the same protocols increases the number of subjects in these studies, and therefore, the statistical power of the experiment. The physical distance between the schools requires that technology be used to bring students in the two courses together. We have used threaded discussion groups accessible to students at both schools for everyday exchange of methodological information and have used videoconferencing for ""lab meetings"" addressing methodological issues and data analysis.",collaborative research; scientific communication; student laboratories; videoconferencing,,Journal Article
23493760,PMC3592634,,5,1,A22-7,Functional Magnetic Resonance Imaging (fMRI): A Brief Exercise for an Undergraduate Laboratory Course.,2006-10-15,"Functional neuroimaging represents an important technique for the study of the brain. However, the skills necessary for collecting, processing, and analyzing functional magnetic resonance imaging (fMRI) data sets are complex and relatively few undergraduate programs offer students an opportunity to acquire these skills or to observe functional neuroimaging. We report here on our experiences working with functional neuroimaging in an undergraduate laboratory course and suggest resources for the implementation of a similar exercise in a comparable setting. This exercise is structured so that four class meetings are devoted to functional neuroimaging. During these sessions, we discuss the basics of fMRI, study design, the advantages and disadvantages of this technique for the study of brain function as well as a general overview of data processing and analysis. Due to the college's proximity to a medical school, we are able to offer students an opportunity to observe functional neuroimaging sessions (however, this component is not critical for the completion of this exercise). Two final class sessions are devoted to data processing and presentation as well as writing up the experimental results. The exercise culminates in a paper based on the American Psychological Association format for a small number of subjects. At the conclusion of the exercise, students were surveyed to assess their impressions of the lab sessions. The results from these surveys indicate that students found this portion of the laboratory course to be a very positive experience. While this lab exercise does require some initial set up, we believe it stimulates the development of critical thinking skills with a technique that is used increasingly in neuroscience research. Both print and online resources are suggested to assist faculty in setting up a similar exercise.",behavioral neuroscience; functional magnetic resonance imaging (fMRI); laboratory course; neuroinformatics,,Journal Article
23495307,PMC3592628,,4,2,E18-20,Nature or nurture - is a successful neuroscientist born or created? Interview with rusty gage.,2006-06-15,,,,Journal Article
23495306,PMC3592633,,4,2,E11-3,Neuro Now!: Should Neuroscience be a Department or a Program?,2006-06-15,,,,Journal Article
23493661,PMC3592632,,4,2,A60-7,An undergraduate course on publishing in neuroscience.,2006-06-15,"While scientific publishing is not typically taught to undergraduate students, we believe that an in-depth exposure to this topic might prove useful to those contemplating careers in neuroscience research or scientific writing and publishing. Here we describe a course designed to introduce students to most aspects of online publishing, from the details of editing to the ethics of scientific communication, from the specifics of how an online website works to the general debate between open-access and for-profit publishing. By having students learn about the theoretical issues in refereeing while actually reviewing submissions for the journal IMPULSE, the students gain practical knowledge about scientific publishing, a deeper understanding of the contemporary research environment, and intellectual confidence.",peer review; science writing; scientific publishing; teaching publishing syllabus; undergraduate neuroscience journals,,Journal Article
23493644,PMC3592631,,4,2,A40-52,Teaching basic principles of neuroscience with computer simulations.,2006-06-15,"It is generally believed that students learn best through activities that require their direct participation. By using simulations as a tool for learning neuroscience, students are directly engaged in the activity and obtain immediate feedback and reinforcement. This paper describes a series of biophysical models and computer simulations that can be used by educators and students to explore a variety of basic principles in neuroscience. The paper also suggests 'virtual laboratory' exercises that students may conduct to further examine biophysical processes underlying neural function. First, the Hodgkin and Huxley (HH) model is presented. The HH model is used to illustrate the action potential, threshold phenomena, and nonlinear dynamical properties of neurons (e.g., oscillations, postinhibitory rebound excitation). Second, the Morris-Lecar (ML) model is presented. The ML model is used to develop a model of a bursting neuron and to illustrate modulation of neuronal activity by intracellular ions. Lastly, principles of synaptic transmission are presented in small neural networks, which illustrate oscillatory behavior, excitatory and inhibitory postsynaptic potentials, and temporal summation.",Hodgkin-Huxley; SNNAP; graduate; modeling; neural networks; neurons; synapses; undergraduate,,Journal Article
23493564,PMC3592630,,4,2,A68-73,Using Extracellular Single-unit Electrophysiological Data as a Substrate for Investigative Laboratory Exercises.,2006-06-15,"Desirable objectives for laboratory-based science courses include fostering skills in problem solving and reasoning, enhancing data fluency, and encouraging consideration of science as an integrative enterprise. An effective means of reaching these objectives is to structure learning experiences around interesting problems in our own research. In this article, we explore the idea of using extracellular single-unit electrophysiological data as a substrate for student investigatory exercises as a means of achieving many of these objectives. In the article, we provide an overview of extracellular single-unit recording techniques and discuss the organization of single-unit data files. In addition, we describe a multi-week module recently administered in an intermediate-level laboratory course and provide suggestions both for more limited exercises and for more advanced projects. Finally, we describe a companion website that provides to instructors considering implementing similar exercises access to a variety of resources, including software, sample data, and additional information.",data fluency; neurophysiology; neuroscience education; problem-based learning,,Journal Article
23493497,PMC3592629,,4,2,E14-7,Funding Undergraduate Neuroscience Education: CCLI Yesterday and Today.,2006-06-15,"For over 20 years, the Division of Undergraduate Education (DUE) at the National Science Foundation (NSF) has been supporting undergraduate curricula in the sciences, including neuroscience. NSF's priorities in undergraduate education, however, have evolved during that period, and the competition for grants has increased. This history and overview of the current Course, Curriculum and Laboratory Improvement program (CCLI) illustrates the changing philosophy of DUE with regard to its curricular programs. It is hoped that understanding the current emphasis on assessing the outcomes of curricular changes and disseminating their results will help interested science faculty write better proposals and compete more effectively for funds.",CCLI; NSF; curricular change,,Journal Article
23493471,PMC3592626,,4,2,A53-9,Responses to sounds in the central auditory system of the frog: an advanced electrophysiology laboratory in sensory processing.,2006-06-15,"Frogs rely upon vocal communication to advertise for potential mates, to defend territory and to alarm neighbors of danger. Cells in the auditory midbrain of an awake frog display tuning to the spectral energy present in calls based upon discharge rate and encode the temporal properties of calls in the timing of their discharges. This laboratory experiment is designed to allow students to explore the relationship between stimulus amplitude or frequency and response rate, and how the timing of responses can also be used to encode behaviorally relevant features of the stimulus. Action potentials in the midbrain auditory nucleus, the torus semicularis, are evoked by delivery of free field sounds and recorded. Most cells are broadly tuned to frequency, yet some can be fairly precise in preserving periodic structure. The use of a comparative model of study should help students understand principles common among all sensory systems, and an appreciation that the architecture of each system is adaptively matched to the ethological task at hand.",Rana; comparative model; sensory coding; undergraduate neuroscience,,Journal Article
23493427,PMC3592625,,4,2,A74-82,MATLAB-based Simulation of Whole-Cell and Single-Channel Currents.,2006-06-15,"Mathematical models of electrophysiological data are used to investigate biophysical mechanisms that underlie electrical excitability. Although the resources and time required for obtaining experimental data to create these models may not be available to undergraduates enrolled in a biophysics course, computational tools that simulate cellular or single-channel responses to electrophysiological stimuli can be utilized to provide these data. We have developed two MATLAB-based simulation packages that are being used in a cellular electrophysiology course for upper-level undergraduate engineering students to demonstrate the design of electrophysiological stimuli, and the analysis and modeling of ionic currents in excitable tissues. The first package simulates a Hodgkin-Huxley style voltage-gated current elicited during voltage-clamp experiments. Users specify the duration and magnitude of a voltage waveform; the model returns a simulated whole-cell current traces with superimposed noise, and various measurements including peak current, steady state current, and time constants from exponential fits of the current time course. The second package simulates a voltage- or ligand-gated single-channel current as a stochastic process using a state transition matrix. Users specify the membrane voltage, ligand concentration, and number of trials; the model returns simulated single-channel current traces with superimposed noise, and various measurements including amplitude and dwell time histograms. This software has been used during lectures to demonstrate various principles in class, and for class projects in which students derive kinetic models that underlie currents obtained during whole-cell and single-channel recordings. These software packages are freely available and can be downloaded at www.eng.utoledo.edu/∼smolitor/download.htm.",Hodgkin-Huxley; MATLAB; modeling; single-channel recording; state transition; voltage clamp; whole-cell recording,,Journal Article
23495305,PMC3592623,,4,1,E6-E10,There's a Pony in Here Somewhere! Reflections on Integrating Teaching and Research at Predominantly Undergraduate Institutions.,2005-10-15,,,,Journal Article
23495304,PMC3592619,,4,1,E3-5,An interview with neurogeneticist rudolph tanzi.,2005-10-15,,,,Journal Article
23495303,PMC3592618,,4,1,E1-2,Blueprints for undergraduate neuroscience curricula: roadmaps to what end?,2005-10-15,,,,Journal Article
23493337,PMC3592624,,4,1,A1-A11,Get the rhythm: modeling neuronal activity.,2005-10-15,"The simulation system NEURON is a common research tool for constructing structurally and functionally realistic models of neuronal systems. NEURON allows the development of simulations at any level of complexity, from subcellular components to single cells, cellular networks, and system-level models. Focusing on an in vitro cell model of a single, acutely isolated thalamic neuron, we used the simulation environment to address and to discuss the following questions in an undergraduate course: (i) Which parts are required to design a single compartment with passive electrical properties? (ii) Which components are necessary to model a single action potential or a train of action potentials? (iii) What can we learn from voltage-clamp and current-clamp experiments? (iv) What kind of cellular parameters are accessible from the modeling data? (v) What are the differences between single-compartment models and multi-compartment models? (vi) What are the advantages and disadvantages of artificial cell models? (vii) Can realistic modeling open up new strategies to discover the way that neurons process information?",NEURON; cellular parameters; computational models; current-clamp; ion channels; neurons; simulation; voltage-clamp,,Journal Article
23493247,PMC3592621,,4,1,A34-9,Writing to learn: an evaluation of the calibrated peer review™ program in two neuroscience courses.,2005-10-15,"Although the majority of scientific information is communicated in written form, and peer review is the primary process by which it is validated, undergraduate students may receive little direct training in science writing or peer review. Here, I describe the use of Calibrated Peer Review™ (CPR), a free, web-based writing and peer review program designed to alleviate instructor workload, in two undergraduate neuroscience courses: an upper- level sensation and perception course (41 students, three assignments) and an introductory neuroscience course (50 students; two assignments). Using CPR online, students reviewed primary research articles on assigned 'hot' topics, wrote short essays in response to specific guiding questions, reviewed standard 'calibration' essays, and provided anonymous quantitative and qualitative peer reviews. An automated grading system calculated the final scores based on a student's essay quality (as determined by the average of three peer reviews) and his or her accuracy in evaluating 1) three standard calibration essays, 2) three anonymous peer reviews, and 3) his or her self review. Thus, students were assessed not only on their skill at constructing logical, evidence-based arguments, but also on their ability to accurately evaluate their peers' writing. According to both student self-reports and instructor observation, students' writing and peer review skills improved over the course of the semester. Student evaluation of the CPR program was mixed; while some students felt like the peer review process enhanced their understanding of the material and improved their writing, others felt as though the process was biased and required too much time. Despite student critiques of the program, I still recommend the CPR program as an excellent and free resource for incorporating more writing, peer review, and critical thinking into an undergraduate neuroscience curriculum.","Calibrated Peer Review; learning technology; peer review, writing to learn; web-based learning",,Journal Article
23493164,PMC3592620,,4,1,A27-33,Demonstrating the temperature sensitivity of synaptic transmission in a Drosophila mutant.,2005-10-15,"We describe exercises that illustrate the temperature sensitivity of synaptic transmission. The temperature dependence of synaptic transmission is demonstrated by cooling the larval Drosophila melanogaster preparation and recording excitatory junction potentials. Vesicle recycling is explored by utilizing a mutation of the shibire gene. This shibire mutant shows a robust reduction in synaptic vesicle recycling when temperature exceeds a known threshold (∼29° C). Students gain proficiency with the Drosophila larval neuromuscular junction preparation while investigating principles of vesicle release, vesicle recycling, synaptic facilitation and synaptic depression. We show that the viability of the larval preparation is prolonged in vitro with moderate cooling, which is particularly important when introducing the preparation as a novel exercise.",Drosophila; excitatory junction potential (ejp); neuromuscular junction (NMJ); shibireTS1 mutant,,Journal Article
23493108,PMC3592617,,4,1,A22-6,Tools for physiology labs: an inexpensive means of temperature control.,2005-10-15,"We describe a simple means of modulating preparation temperature, which may be useful in undergraduate physiology laboratories. The device was developed in an effort to make teaching exercises that involve temperature modulation accessible at low cost. Although we were interested in using the device specifically with the larval fruit fly preparation, it is applicable to many preparations and temperature sensitive phenomena. Feedback driven thermoregulators offer superior precision in experiments requiring temperature control, but can be prohibitively expensive, require power supplies and circuitry, and often generate large switching transients (artifacts) during physiological recording. Moreover, many interesting exercises involving temperature control can be carried out with a slightly reduced level of temperature precision.",Q10; cooling; heating; physiology exercises; temperature control,,Journal Article
23493055,PMC3592616,,4,1,A17-21,An Investigative Laboratory Exercise Examining the Cell Signaling and Regulatory Properties of Neurons in the Regenerating Forelimbs of the Axolotl Ambystoma mexicanum.,2005-10-15,"Many students understand the electrical properties of neurons and can adequately describe the creation and transmission of electrical impulses. However, students often have difficulty when it comes to understanding how neurons have an equally important role in cell signaling. This latter function is crucial in the establishment of proper cell fate during regeneration. I have devised a lab that includes in its goals: 1) an investigation into the cell signaling role of neurons, 2) experience with non-lethal invasive surgery, 3) an opportunity for student-collected data, and 4) the chance to work with charismatic animals. In addition, the exercise provides insight into development because development and regeneration follow similar pathways. The lab also introduces the topic of stem cells. Finally, the eventual regeneration of the denervated limb can provide an opportunity to discuss the mechanisms of nerve repair. A critical event in urodele limb regeneration is the formation of a blastema. This event requires an intact nerve supply. Nerves secrete a substance called the neurotrophic growth factor(s) that appear to stimulate the reentry of blastema cells into the cell cycle, through a complex series of signaling events. In this laboratory exercise, students examine this effect by amputating both front limbs, but denervating only one. They then compare limb regeneration under and exempt from nerve control within the same animal. Students control for denervation using a behavioral assay, and monitor limb growth for six weeks. All sixteen of the surgeries were successful, and all showed the expected difference between the denervated and the control limb.",axolotl; blastema; dedifferentiation; glial growth factor; neurotrophic factor; regeneration,,Journal Article
21289866,PMC3031121,,4,1,A12-A16,A Rationale and Outline for an Undergraduate Course on the Philosophy and History of Science for Life Science Students.,2005,"There are compelling reasons for teaching a philosophy of science course to undergraduate life science students. The main reason is to help them understand that modern science is not based upon a single, consistent philosophical system; nor is it based upon common sense, or a method, set of rules or formulas that can be used to make unerring predictions. Rather, science is a dynamic process that is constantly being modified and refined to reflect and encompass an ever-expanding set of hypotheses, observations, and theories. To illustrate these points, we developed a course that examined the history and philosophical underpinnings of modern science, and we discussed famous experiments that challenged the prevailing norm and led to Kuhnian revolutions in scientific thought. Building upon this knowledge, students investigated how different philosophical systems address controversial social issues in the biological sciences. They examined the teaching of intelligent design and creationism in public schools, the implications of legalized abortion and physician-assisted suicide, the potential impact of DNA fingerprinting on human rights and racism, the promise and pitfalls of stem cell research, and the neurobiological basis of consciousness and its relevance to mental health therapies and the animal rights movement. We believe undergraduate life science students should be exposed to these issues and have an opportunity to develop informed opinions about them before they graduate from college. Exploration of such topics will help them become better prepared for the inevitable public debates that they will face as science educators, researchers, and leaders of society.",,,Journal Article
23495302,PMC3592611,,3,2,R3-4,Brief reviews of resources for undergraduate neuroscience educators.,2005-06-15,,,,Journal Article
23495301,PMC3592607,,3,2,E4-5,An Interview with Carla Shatz - Harvard's First Female Neurobiology Chair.,2005-06-15,,,,Journal Article
23495300,PMC3592610,,3,2,E3,Preparing the next generation of neuroscience educators.,2005-06-15,,,,Journal Article
23494163,PMC3592609,,3,2,A53-8,A Laboratory Exercise Demonstrating the Limited Circumstances in which the Cerebral Cortex is Engaged in Over Ground Locomotion.,2005-06-15,"For neuroscience, memorable demonstrations of principles in action are crucial. Neural control of walking is particularly difficult to understand because the interaction of the cerebral cortex with a central pattern generator (CPG) makes the mode of control context-dependent. Beginning students tend to consider corticospinal control the basis of all movement, so they may not distinguish the limited circumstances in which the cerebral cortex bypasses the CPG to control leg movements directly for walking. The demonstration described here is designed to show that cortical involvement in normal walking is minimal unless visual control of foot placement is required. Cortical involvement in motor control is assessed by probing for spare attention while a student volunteer performs three different tasks: sitting, walking down a hallway, and walking through an obstacle course. Simple math quizzes with 20 oral questions are the probes. The class observes the demonstration and discusses the results. To evaluate learning, a multiple-choice question was administered two months after the demonstration, as well as 14 months later to cohorts from the previous year's class. The demonstration succeeded: quiz scores were similar for sitting and level walking, but lower for the obstacle course. Two months later, 86% of students correctly answered the multiple choice question; 42% of the previous year's cohorts answered correctly after 14 months. The demonstration shows that the cortex is engaged by walking through an obstacle course, not walking on a flat indoor surface. Initially, most students learned this distinction well, but after a year, many reverted to the idea that the corticospinal tract controls details of leg movements during walking. Thus this result emphasizes the need for review of advanced concepts. Overall, the experience was fun and could easily fit into basic or clinical neuroscience courses.",central pattern generation; cerebral cortex; corticospinal tract; dual task; locomotion; motor control; voluntary movement,,Journal Article
23494100,PMC3592608,,3,2,A42-52,The clinical neuroscience course: viewing mental health from neurobiological perspectives.,2005-06-15,"Although the field of neuroscience is booming, a challenge for researchers in mental health disciplines is the integration of basic research findings into applied clinical approaches leading to effective therapies. Recently the National Institute of Mental Health called for translational research grants to encourage collaboration between neuroscientists and mental health professionals. In order for this ""clinical neuroscience"" to emerge and thrive, an important first step is the provision of appropriate course offerings so that future neuroscience researchers and mental health practitioners will have a common neurobiological base from which to make informed decisions about the most efficacious treatments for mental illnesses. Accordingly, an integrative course, Clinical Neuroscience, was developed to address these issues. After reviewing the historical origins of this emerging discipline, students are exposed to fundamental overviews of neuroanatomy, neurochemistry, and neural development before approaching the neurobiological components of several disorders (e.g., schizophrenia, depression, Tourette's syndrome, drug abuse, obsessive compulsive disorder). Finally, the maintenance of mental health is emphasized as topics such as psychoneuroimmunology, coping with stress, and eating regulation are discussed. Important themes emphasized in this course include (1) the consideration of only empirically based evidence, (2) the view that mental illness represents a disruption of neurobiological homeostasis, (3) the acknowledgement that, because the brain is a plastic organ, the clinical relevance of environmental and behavioral influences is difficult to overestimate, and (4) the recognition of the value of ecologically relevant animal models in the investigation of various aspects of mental illness. Because of the importance of stress maintenance in mental health, exercises have been developed to increase students' awareness of their own coping strategies. Finally, several books and movies are incorporated to provide additional points of view of the topics discussed in the course.",clinical neuroscience; mental illness; neurobiological homeostasis; stress response,,Journal Article
23493970,PMC3592606,,3,2,A59-62,Use of the Herb Gymnema sylvestre to Illustrate the Principles of Gustatory Sensation: An Undergraduate Neuroscience Laboratory Exercise.,2005-06-15,"The Indian herb Gymnema sylvestre has been used in traditional Ayurvedic medicine for 2000 years, most recently for the treatment of diabetes. Loose leaf Gymnema sylvestre can be prepared as a tea and will impair the ability to taste sugar by blocking sweet receptors on the tongue. This report describes a laboratory exercise easily applied to an undergraduate neuroscience course that can be used to illustrate the principles of gustatory sensation. Combined with a preceding lecture on the primary taste sensations, students experience and appreciate how the primary tastes are combined to produce overall taste. In addition, the exercises outlined here expand upon previously published demonstrations employing Gymnema sylvestre to include illustrations of the different sensory transduction mechanisms associated with each of the four or five primary taste modalities. Students compare their qualitative primary taste experiences to salt, sugar, aspartame, chocolate, and sweet-sour candy prior to and following exposure to Gymnema sylvestre. The herb's impairment of sweet sensation is profound and dramatically alters the perception of sweetness in sugar, chocolate, and candy without altering the perception of the other primary tastes. The exercise has an indelible effect on students because the herb's intense effect compels students to rely on their unique personal experiences to highlight the principles of gustatory sensation.",gustation; sensory transduction; taste; tongue,,Journal Article
23492882,PMC3592614,,3,2,A36-41,Column chromatography analysis of brain tissue: an advanced laboratory exercise for neuroscience majors.,2005-06-15,"Neurochemical analysis of discrete brain structures in experimental animals provides important information on synthesis, release, and metabolism changes following behavioral or pharmacological experimental manipulations. Quantitation of neurotransmitters and their metabolites following unilateral drug injections can be carried out using standard chromatographic equipment typically found in most undergraduate analytical laboratories. This article describes an experiment done in a six session (four hours each) component of a neuroscience research methods course. The experiment provides advanced neuroscience students experience in brain structure dissection, sample preparation, and quantitation of catecholamines using high performance liquid chromatography (HPLC) and protein analysis using ultraviolet spectroscopic methods. The students are exposed to useful laboratory techniques such as standard solution preparation and calibration curve construction, centrifugation, quantitative pipetting, and data evaluation and graphical presentation. Typically, only students that participate in independent neuroscience research are familiar with these types of quantitative skills. The usefulness of this type of experimental design for understanding behavioral or pharmacological effects on neurotransmitter systems is emphasized through a final report requiring a comprehensive literature search.",HPLC; brain dissection; catecholamines; neuroscience experiments; neurotransmitters; protein assays; quantitation; undergraduate neuroscience,,Journal Article
23492841,PMC3592612,,3,2,A63-9,Promoting information competency in biological psychology.,2005-06-15,"Information competency refers to skills that allow a student to identify appropriate sources of information, evaluate information critically, and use it ethically. Although the sudden increase of information available in electronic form has stimulated interest in information competency, the basic principles apply to all sources of information, including print. Information competency is especially critical in biological psychology. New discoveries in the neurosciences are featured every day by the mainstream media. As a society, we are being asked to make informed decisions about increasingly complex concepts, as in the case of the recent California proposition regarding stem cell research. Ideally, our students will become community leaders who will help shape these and other policy decisions, but the assumption of this role requires skills that extend long after the completion of a particular course or degree. Because of the perceived complexity of biological psychology, students new to the discipline may be reluctant to venture out into the experimental literature. A variety of activities are presented here that will build student confidence and shape information competency. Although these exercises can be used in a variety of disciplines, they are particularly well suited to biological psychology. The various exercises lend themselves to different levels of student expertise. Many of the exercises are quite appropriate for all levels and abilities, including graduate level students. As a bonus, these activities involve students in writing about biological psychology, providing a foundation for the writing of formal term papers or research reports.",biological psychology; critical thinking; information competency; writing,,Journal Article
23495299,PMC3592601,,3,1,E1-2,Developing graduate-undergraduate neuroscience connections.,2004-10-15,,,,Journal Article
23493939,PMC3592605,,3,1,A16-23,"Emotional arousal, blood glucose levels, and memory modulation: three laboratory exercises in cognitive neuroscience.",2004-10-15,"The relationships between emotional arousal and cognition in humans represent an important field in cognitive neuroscience. Studies examining the characteristics of emotion-induced memory enhancement and the mechanisms through which these effects occur are becoming increasingly common. This article describes three affordable laboratory exercises of relevance to the growing interest in this field. Specifically, Experiment one reviews a protocol for examining memory, hypermnesia, reminiscence, and primacy/recency effects for emotional and neutral words. Experiments two and three provide opportunities to examine the relationships between blood glucose level and memory for either a list of pictures or the spatial location of pictures. Each laboratory exercise contains a certain amount of flexibility and is malleable to the specific needs of the instructor. For example, the use of blood glucose monitoring may be of value to a variety of different exercises examining stress and/or emotional arousal and the stimuli used in each of the protocols may be varied, creating opportunities for a number of different novel exercises. A series of questions have been provided at the end of each exercise in order to help stimulate inclass discussion. The potential application of this line of research in cognitive neuroscience is conveyed through a list of references where glucose has been used to attenuate cognitive deficits in Alzheimer's disease, age-related cognitive decline, and other neuropsychological conditions.",blood sugar; emotional arousal; glucose; humans; memory; memory modulation; neuroscience education; teaching methods,,Journal Article
23493858,PMC3592604,,3,1,A4-8,Helping students get into graduate school.,2004-10-15,"The process of selecting and gaining admission to a graduate program can seem daunting to undergraduates. They may not understand what steps are involved or even what factors they should consider. In this article, we outline the major issues involved in applying, visiting, and choosing among institutions. Moreover, if a student's potential is higher than their current grade point average might suggest to an admissions committee, we provide some suggestions they can use to improve their application.",education; graduate school; training,,Journal Article
23493817,PMC3592603,,3,1,A30-5,Tools for physiology labs: inexpensive equipment for physiological stimulation.,2004-10-15,"We describe the design of inexpensive equipment and software for physiological stimulation in the neurobiology teaching laboratory. The core component is a stimulus isolation unit (SIU) that uses DC-DC converters, rather than expensive high-voltage batteries, to generate isolated power at high voltage. The SIU has no offset when inactive and produces pulses up to 100 V with moderately fast (50 μs) rise times. We also describe two methods of stimulus timing control. The first is a simplified conventional, stand-alone analog pulse generator. The second uses a digital microcontroller interfaced with a personal computer. The SIU has performed well and withstood intensive use in our undergraduate physiology laboratory. This project is part of our ongoing effort to make reliable low-cost physiology equipment available for both student teaching and faculty research laboratories.",stimulus isolation; timing control,,Journal Article
23493745,PMC3592602,,3,1,A24-8,Allegheny college hosts neuroscience and humanities summer institute.,2004-10-15,"The Neuroscience and Humanities Summer Institute, hosted by Allegheny College, opened doors of opportunity, perception, and creativity for faculty and students across the nation. Offered first in 2002, and a second time in June of 2004, this weeklong event was designed to provide a medium for fostering development of interdisciplinary courses linking neuroscience and the humanities (e.g., the fine arts, philosophy and language). During the Institute, participants attended presentations by Allegheny faculty introducing the six courses of this type that they have developed starting in 2000, lectures by guest speakers, workshops, and discussion modules. Participants were encouraged to gather ideas about Allegheny's neuroscience and humanities courses and formulate specific plans to take back to their schools. These opportunities and experiences resulted in the formation of valuable connections and the development of ideas around the links between neuroscience and humanities.",humanities; workshop,,Journal Article
23493654,PMC3592600,,3,1,A9-A15,Reconstructing the paradigm: teaching across the disciplines.,2004-10-15,"In this article, Caroline Brown, a literature professor who focuses on American and African Diasporic writing, and Alexia Pollack, a biology professor with expertise in neuropharmacology, recount their experiences teaching across the disciplines in one another's respective classrooms, finding points of intersection and divergence, and creating classroom dialogues from the resultant encounters. Central to this process is permitting students to enter discipline-specific discourses from other disciplinary perspectives. In Caroline Brown's first year general education seminar, Examining Consciousness, a course constructed around the study of the representation of the brain through the reading of scientific writings, popular essays, personal narratives, fiction, and poetry, Alexia Pollack presented scientific lectures on neurotransmission, brain organization and structure, with an emphasis on how the brain is affected by drug addiction and organic disease. In Alexia Pollack's undergraduate and graduate courses, Neurobiology and Biology of Learning and Memory, Caroline Brown lectured on the intersection of artistry and science in American literature, tracing the depiction of learning and memory in Realistic, Modern, and Post-Modern novels, and how scientific developments influenced their representation. During these encounters the students were introduced to discipline-specific approaches, which were distinct from the perspectives of their respective classrooms. As a result, larger classroom discussions were created, allowing students to perceive intersecting dimensions of very different disciplines. This conceptual flexibility permitted students to ""think outside the box"" in order to develop a more complete appreciation of their particular discipline and to recognize its place in the world at large.",cross disciplinary learning; diversity in education; interdisciplinary classrooms; intersection in science and humanities; neuroscience classroom; non-hierarchical pedagogy; teaching strategies,,Journal Article
23493616,PMC3592599,,3,1,A1-3,An inexpensive alternative to commercial infrared sensors.,2004-10-15,"Infrared sensors, commonly used to detect the position of an animal subject in a maze or runway, are reliable and unobtrusive, but expensive if purchased commercially. I describe a functional equivalent to commercial sensors, available at a fraction of the cost. With only a few inexpensive components and the ability to solder, an investigator can create inexpensive sensors that work with commonly used commercial equipment.",behavioral neuroscience; infrared detectors; photodarlingtons,,Journal Article
23495298,PMC3592597,,2,2,R3-5,A comparison of two programs for the control of behavioral experiments.,2004-06-15,"Two of the most widely used programs for the control of behavioral experiments are Med Associates' MedState Notation and Coulbourn Instruments' Graphic State 2. The two systems vary considerably in their approach to programming and data recording, with Graphic State 2 using a point-and-click interface that appeals to non-programmers while MedState Notation requires the typing of programming code. Graphic State 2 provides many data analysis routines, while MedState Notation allows the user to embed simple data analysis within the behavioral protocol. Graphic State 2 is simpler to use, but MedState Notation is more versatile.",,,Journal Article
23495297,PMC3592598,,2,2,E4-5,The road from damascas: an interview with huda akil.,2004-06-15,,,,Journal Article
23495296,PMC3592589,,2,2,E2,Privatization of public education: the real weapons of mass destruction.,2004-06-15,,,,Journal Article
23495295,PMC3592593,,2,2,A36-40,"Northeast Under/graduate Organization for Neuroscience, A Regional Neuroscience Meeting for Undergraduates, Graduate Students, and Faculty.",2004-06-15,"The Northeast Under/graduate Organization for Neuroscience (N.E.U.R.O.N.) was established in 1996 to provide a forum for undergraduate and graduate students and faculty in neuroscience to interact with each other. N.E.U.R.O.N. organizes a yearly one-day conference in the Northeast. While scientific meetings exist that serve the purpose of enhancing undergraduate research or neuroscience research, N.E.U.R.O.N. is unique in that it is a small, local conference, aimed specifically at undergraduates looking to pursue careers in neuroscience. During the conference, participants attend workshops, poster sessions, and a keynote address that provide them with information about current topics in neuroscience. Trainees gain valuable experience presenting scientific research in poster sessions and make connections with colleagues.",,,Journal Article
23493518,PMC3592595,,2,2,A41-9,Measuring salivary cortisol in the behavioral neuroscience laboratory.,2004-06-15,"It is often difficult for instructors teaching laboratory courses in behavioral neuroscience to find appropriate experiments that can ethically examine biological parameters in human participants. In most instances, the default experiments that allow students to act as both experimenter and subject tend to be electrophysiological in nature (e.g., EEG, GSR, etc.). We report here the use of an experiment module that utilizes an easily-obtained enzyme immunoassay (EIA) kit to measure human salivary cortisol. Cortisol is a hormone of the adrenal cortex that can be used as a peripheral indicator of hypothalamic neural activity. Plasma (and salivary) cortisol levels rise due to circadian influences as well as perturbations in the organism's environment (i.e., stressors). The involvement of the hypothalamic-pituitary-adrenal (HPA) axis in the pathophysiology of depression makes this an appealing module to students in behavioral neuroscience laboratories. Measurement of salivary cortisol takes advantage of a simple, painless, non-invasive sampling procedure. The assay can be performed successfully by anyone with access to a plate reader, a shaker or rotary mixer, and a few commonly used pipettors. A single plate assay can be completed in two to three hours. Students in our behavioral neuroscience laboratory class have utilized this kit successfully to examine the circadian cortisol rhythm as well as the effect of stress/relaxation on cortisol levels.",anxiety; circadian rhythm; cortisol; depression; glucocorticoids; neuroscience education; stress; teaching methods,,Journal Article
23493490,PMC3592594,,2,2,A50-61,Ultrasonic Courtship Vocalizations of Adult Male Mice: A Laboratory Exercise Illustrating Comparable Activation by either Estradiol or Testosterone.,2004-06-15,"The importance of testosterone (T) in maintaining full expression of male mammal reproductive behavior is well documented and widely acknowledged. However, the role of estradiol (E2) in the regulation of male reproductive behaviors is much less widely recognized or appreciated. Indeed, T can be enzymatically converted to E2 via aromatase. Many regions within the brain of males and females are rich in aromatase, thereby offering the possibility that many of T's actions in the brain require conversion to E2. According to this aromatization hypothesis, full expression of male reproductive behaviors is mediated via the action of E2 in the brain. This paper describes a laboratory exercise that illustrates this phenomenon as it relates to 70 kHz ultrasonic courtship vocalizations by male mice in response to either a female conspecific or the odor of female urine. The results indicate that while castration reduces male vocalizations to either female stimulus, subcutaneous implants of estradiol benzoate (EB) or testosterone propionate (TP) are equivalent in maintaining high levels of vocalization. I find this exercise extremely useful in illustrating to students why the characterization of hormones as either masculine or feminine is erroneous. Background information is presented that will help guide class discussions. Modifications to the laboratory exercise are described that do not require surgical castration or the use of controlled substances.",androgen; copulatory behavior; dihydrotestosterone; estrogen; hormone replacement; pheromones; rodent,,Journal Article
23493464,PMC3592590,,2,2,A62-4,Distributing digital video to multiple computers.,2004-06-15,"Video is an effective teaching tool, and live video microscopy is especially helpful in teaching dissection techniques and the anatomy of small neural structures. Digital video equipment is more affordable now and allows easy conversion from older analog video devices. I here describe a simple technique for bringing digital video from one camera to all of the computers in a single room. This technique allows students to view and record the video from a single camera on a microscope.",FireWire; IEEE1394; Macintosh computer; digital video (DV); i.Link; mega bits per second (Mbps); peer-to-peer networking,,Journal Article
23495294,PMC3597418,,2,1,E1-2,Attaining goals through partnerships.,2003-10-15,,,,Journal Article
23494208,PMC3597420,,2,1,A28-35,Sex differences and organizational effects of androgen in spinal cord motor nuclei.,2003-10-15,"This article describes a laboratory module taught at UCLA and offers digitized microscope images that will allow instructors to recreate this module at their home institutions with only a computer required. This module allows for 1) an exploration of the effects of hormones on neural development, 2) the demonstration of sex differences in the nervous system, 3) the production of robust and statistically significant data by novice undergraduates, 4) the discussion of sophisticated statistical analyses (ANOVAs with significant main effects and an interaction), and 5) the understanding of at least some of the neuroanatomy of the spinal cord. Specifically, this module both replicates and extends a previously published experiment on sexually dimorphic neurons in the spinal cord of rats (Grisham et al., 1992), which examined the effect of antiandrogen exposure (Flutamide) in utero on sexually dimorphic spinal motoneurons in male and female rats.",CNS development; hormones; organizational effects; sex differences; spinal cord; spinal nucleus bulbocavernosus,,Journal Article
23494130,PMC3597419,,2,1,A23-7,Evaluation of an undergraduate neuroscience research program at the university of kentucky.,2003-10-15,"For the past 12 years the Department of Anatomy and Neurobiology at the University of Kentucky has run an interdisciplinary neuroscience research experience for undergraduates. Over the years the programs funding sources and participant numbers have steadily increased, to a total of 16 undergraduates in the summer of 2003, supported with internal funds, state funds, and a Research Experience for Undergraduates site grant from the National Science Foundation. The goals of the UK summer research program include: 1) provide an interactive environment for faculty, graduate students and postdoctoral scholars where undergraduates from non-tier one research universities are exposed to the many facets of a graduate career, 2) inform undergraduate students of the career opportunities available in the field of neuroscience, 3) increase the numbers of underrepresented minorities, first generation college students and students from non-tier-1 colleges and universities admitted to graduate programs in the biomedical sciences, and 4) immerse undergraduate students in a research project of their own choosing in departmental and non-departmental faculty laboratories that cover a wide range of neuroscience research. Student placement in academic medicine graduate programs, student satisfaction surveys, return students, high numbers of women and minority participants, and an ever-increasing national interest in the program are all indicators of the programs success.",academic-medicine; interdisciplinary neuroscience; research experience for undergraduates; summer program; undergraduate,,Journal Article
23494073,PMC3597417,,2,1,A16-22,An online lab manual for neurophysiology.,2003-10-15,"A combination of student interest, a grant for computers, and a suggestion from a colleague led me to convert the printed lab manual for my neurophysiology course into an online version. The web-based version incorporates videos of procedures, color photos, diagrams, links to articles, and other supplementary materials. This paper discusses designing for the web, retaining compatibility with print, layering information, making videos in digital format, and sharing self-published resources. The labs themselves (appendix) are traditional ""wet"" experiments with crayfish that have been used in many neurobiology courses.",QuickTime; crayfish; online; video; web,,Journal Article
23493962,PMC3597416,,2,1,A8-A15,An online multimedia resource in behavioral neuroscience.,2003-10-15,"The advance of web-based technology has stimulated innovation in education. This paper discusses the development and evaluation of an online multimedia resource for undergraduate-level behavioral neuroscience education. This resource surveys four major subject areas: language, attention and perception, thinking, and autism. It employs audio and video streaming, online demonstration experiments, computer simulation, and internet links. This online resource has two distinct advantages over a paper textbook. First, a considerable proportion of the content is conveyed using multimedia, thus making the learning experience more vivid and dynamic. Second, its interactive components provide opportunities for students to participate in the various experimental tasks introduced in the text and to compare their own performance with those of others. This hands-on experience not only enables students to gain in-depth procedural knowledge of the tasks but also has positive effects on their motivation. Feedback from three undergraduate classes that used this resource as supplementary material showed that students were highly positive about its pedagogical values. This free resource is available on the web at http://psych.rice.edu/mmtbn/.",aphasia; autism; computer simulation; multimedia; online demonstration; parallel distributed processing (PDP); streaming audio; streaming video; visual search,,Journal Article
23493933,PMC3597414,,2,1,A1-7,"Experimental methods in neuroscience: an undergraduate neuroscience laboratory course for teaching ethical issues, laboratory techniques, experimental design, and analysis.",2003-10-15,"We have developed and recently taught a 200 level undergraduate course entitled, 'Experimental Methods in Neuroscience'. This is a required course in an increasingly popular Neuroscience major at Smith College. Students are introduced initially to issues of animal ethics and experimentation, and are familiarized with our Animal Care Facility. Using an open field and rotarod apparatus, and the elevated plus and Barnes mazes, they conduct behavioral testing of two strains of mice, C57/BL/6J and 129S1/SvImJ, known to exhibit distinct behavioral traits. The group then employs histological techniques to prepare brain sections for observing neuroanatomical variation between strains (for example, 129S1/SvImJ mice are occasionally acallosal). In the final laboratory exercise, they assay the acetylcholinesterase activity in fore- and hindbrains from each strain. The experiments enable the students to gain confidence in collecting data, compiling large data sets, handling spreadsheets and graphing, applying appropriate statistics, and writing accurate and concise scientific reports in journal article format. The course concludes with pairs of students conducting self-designed independent projects using the acquired behavioral, histological or neurochemical techniques. Experimental Methods in Neuroscience is proving particularly successful as it is relatively straightforward for students to design interesting experiments, gain experience in neuroscience experimentation without excessive use of animals, gather substantial data sets, and develop skills in scientific report writing and presentation at an early stage in their neuroscience curricula. Furthermore, the course has emerged as a centralizing focus for our neuroscience program and is suitable for transfer to and adaptation by other institutions.",Experimental methods; behavioral neuroscience; data acquisition and analysis; histology; independent projects; laboratory course; neurochemistry,,Journal Article
23741204,PMC3670784,,1,2,R9,Synaptic transmission: a four step process by betty zimmerberg.,2003-06-15,,,,Journal Article
23741203,PMC3670789,,1,2,E4-9,Research jobs for recent college graduates: A comparison between traditional lab technician positions and NIH's postbaccalaureate IRTA fellowship.,2003-06-15,"The features that distinguish the Postbaccalaureate IRTA experience from a normal lab tech job are the enhanced educational opportunities, greater independence, more organized social outlets and networking opportunities, life in the DC Metro area, and the NIH itself. Also, research experience looks great on a CV when applying for research jobs or graduate schools, and the NIH name and Postbaccalaureate IRTA fellowship are impressive to potential employers and admissions committees. On the other hand, lab tech jobs often require fewer commitments outside of a normal 9-to-5 work day and usually have better pay and benefits than the Postbaccalaureate IRTA fellowship. In addition, working at a specific university often carries the benefit of being closer to one's family, friends, and/or significant others. Someone who does not like cities can choose to work at a university that has ready access to the beach, mountains, or regions of the country that are more personally appealing than the Washington, DC, area. Lab tech jobs also usually require at least a two year commitment, whereas the Postbac IRTA fellowship is generally a one year commitment (possibly two). Regardless of which option you choose, you should be active in searching for a job that lets you fulfill the goals you set for yourself in the years between graduating and starting graduate or medical school. Whether those goals are to publish, get experience, save money, or just enjoy yourself, with careful questioning and circumspection, you should be able to maximize the possibility that you will meet your goals.",IRTA; NIH; employment; fellowship; intramural research training award; job; lab technicican; postbaccalaureate; training award,,Journal Article
23741202,PMC3670786,,1,2,E2-3,"Introductory neuroscience-courses in an evolving concept, teaching that which is yet to be truly defined.",2003-06-15,,,,Journal Article
23741201,PMC3670788,,1,2,A47-52,Integrated undergraduate research experience for the study of brain injury.,2003-06-15,"We developed a series of hands-on laboratory exercises on ""Brain Injury"" designed around several pedagogical goals that included the development of: 1) knowledge of the scientific method, 2) student problem solving skills by testing cause and effect relationships, 3) student analytical and critical thinking skills by evaluating and interpreting data, identifying alternative explanations for data, and identifying confounding variables, and 4) student writing skills by reporting their findings in manuscript form. Students, facilitated by the instructor, developed a testable hypothesis on short-term effects of brain injury by analyzing lesion size and astrocytic activity. Four sequential laboratory exercises were used to present and practice ablation techniques, histological processing, microscopic visualization and image-capture, and computer aided image analysis. This exercise culminated in a laboratory report that mimicked a research article. The effectiveness of the laboratory sequence was assessed by measuring the acquisition of 1) content on anatomical, physiological, and cellular responses of the brain to traumatic brain injury, and 2) laboratory skills and methods of data-collection and analysis using surgical procedures, histology, microscopy, and image analysis. Post-course test scores, significantly greater than pre-course test scores and greater than scores from a similar but unstructured laboratory class, indicated that this hands-on approach to teaching an undergraduate research laboratory was successful. Potential variations in the integrated laboratory exercise, including multidisciplinary collaborations, are also noted.",brain injury; experimental design; histology; image analysis; microscopy; neuroanatomy,,Journal Article
23741200,PMC3670791,,1,2,A41-7,Testing the relationship between levels of endogenous testosterone and physiological responses to facial expressions in men: an experiment conducted by students in an undergraduate behavioral neuroscience class.,2003-06-15,"To determine if endogenous testosterone (T) is related to physiological responses to aggressive stimuli in human males, students in a behavioral neuroscience laboratory class conducted an experiment that determined if levels of salivary T in adult males are correlated with autonomic and/or somatic responses to angry facial expressions. Each student collected a saliva sample from one subject and, within 30 minutes of collecting the sample, measured heart rate (HR), skin conductance (SC), and corrugator supercilii electromyographic (EMG) responses to emotionally neutral, happy, and angry male facial expressions. Salivary T levels were analyzed by an enzyme-linked immunoassay. A significant, positive correlation was found between levels of salivary T and HR responses to angry and happy, but not neutral, male facial expressions. This laboratory experience not only provided students with the opportunity to design and conduct a scientific experiment, but it also generated preliminary data suggesting that levels of salivary T collected within 30 minutes of testing are related to autonomic responses to emotional social stimuli in humans. If verified by future experiments, this finding would be consistent with the hypothesis that fluctuations in circulating T might influence ongoing social behavior in human males by rapidly modulating autonomic responses to emotional social stimuli. The potential significance of such a general mechanism for the regulation of aggressive behavior is discussed.",aggression; angry; autonomic; human; testosterone,,Journal Article
23741199,PMC3670785,,1,2,A36-40,Teaching neuroscience at a religious institution: pedagogical models for handling neuroscience and theology.,2003-06-15,"The interdisciplinary nature of neuroscience makes it one of the most fascinating and complex subjects to address in the classroom. This can be compounded, however, by the addition of theology or a faith-related context at a religious institution (RI). The addition of theology and faith can enrich student appreciation and understanding of neuroscience and stimulate discussion in the classroom. This provides a practical way to make the course content relevant to students who may see neuroscience as antagonistic towards their faith. Over the past century questions of human experience and personhood that were long held to be under the authority of religion now can be addressed from findings in neuroscience. While there has been debate on a variety of topics which range from positions on origins to ethical questions about the nature of research (i.e. stem cells, cloning), it is important that teaching faculty at RIs be prepared to deal with the hard questions faced by students of faith. Recommendations for faculty are given including: self assessment of personal position on matters of faith and science, framing a number of models for the integration of neuroscience and theology, 'Worldviews', and mentoring students who are struggling with reconciling their faith with neuroscience. While this paper is designed for teachers at RIs, it may also aid teaching faculty at other institutions who may benefit from an awareness of this framework and aid in teaching students of faith in a secular setting.",creation science; evolution; intelligent design; teaching methods; theology; worldview,,Journal Article
23741198,PMC3670787,,1,2,A28-35,Mentoring undergraduate students in neuroscience research: a model system at baldwin-wallace college.,2003-06-15,"As neuroscience research and discovery undergoes phenomenal growth worldwide, undergraduate students are seeking complete laboratory experiences that go beyond the classic classroom curriculum and provide mentoring in all aspects of science. Stock, in-class, laboratory experiences with known outcomes are less desirable than discovery-based projects in which students become full partners with faculty in the design, conduct and documentation of experiments that find their way into the peer-reviewed literature. The challenges of providing such experiences in the context of a primarily undergraduate institution (PUI) can be daunting. Faculty teaching loads are high, and student time is spread over a variety of courses and co-curricular activities. In this context, undergraduates are often reluctant, or ill equipped, to take individual initiative to generate and perform empirical studies. They are more likely to become involved in a sustained, faculty-initiated research program. This paper describes such a program at Baldwin-Wallace College. Students frequently start their laboratory activities in the freshman or sophomore year and enter into a system of faculty and peer mentoring that leads them to experience all aspects of the research enterprise. Students begin with learning basic laboratory tasks and may eventually achieve the status of ""Senior Laboratory Associate"" (SLA). SLAs become involved in laboratory management, training of less-experienced students, manuscript preparation, and grant proposal writing. The system described here provides a structured, but encouraging, community in which talented undergraduates can develop and mature as they are mentored in the context of a modern neuroscience laboratory. Retention is very good - as most students continue their work in the laboratory for 2-3 years. Student self-reports regarding their growth and satisfaction with the experiences in the laboratory have been excellent and our neuroscience students' acceptance rate in graduate, medical and veterinary schools has been well above the College average. The system also fosters faculty productivity and satisfaction in the context of the typical challenges of conducting research at a PUI.",Baldwin-Wallace College; Interdisciplinary studies; Neuroscience education; Neuroscience pedagogy,,Journal Article
23495292,PMC3592582,,1,1,E1,Introducing The Journal of Undergraduate Neuroscience (JUNE).,2002-10-15,,,,Journal Article
23493448,PMC3592587,,1,1,A1-3,The Emergence of Non-Match-to-Sample Behavior in the Developing Rat Pup.,2002-10-15,"Between 15 and 18 days of age, rat pups develop an alternation strategy in a spatial non-match-to-sample task. Adapting the rat pups to the apparatus by housing them in it overnight, the difference in behavioral patterns can readily be observed in a single laboratory session. The opportunity of the pups to ""nipple attach"" to an anesthetized dam serves as the reinforcer. Discussion questions are formulated that encourage students to analyze the behaviors structurally, functionally and developmentally.",alternation; hippocampus; non-match-to-sample; working memory,,Journal Article
23493389,PMC3592585,,1,1,A23-7,Action potentials in a giant algal cell: a comparative approach to mechanisms and evolution of excitability.,2002-10-15,"The giant alga Chara corallina generates action potentials (APs) in response to mechanical stimulation, injury, or direct electrical stimulation. Students examine the waveform characteristics of these APs using standard intracellular recording techniques. Intracellular recording is easier than with neurons because of the large size of the Chara cell. Students observe very negative resting potentials (up to -250 mV), large AP amplitudes with depolarizing peaks approaching 0 mV, AP durations of seconds, and refractory periods up to several minutes. Students calculate Nernst potentials for the ions distributed across the Chara cell membrane to hypothesize the ions responsible for the resting potential and for the depolarizing phase of the AP. These calculations suggest that K(+) is responsible for the resting potential and that Ca(2+) influx and Ca(2+)-activated Cl(-) efflux are responsible for depolarizing phases of the AP, which they are. Comparison of the Chara AP characteristics with animal neuron and muscle APs reinforces understanding of mechanisms of excitability in animals, demonstrates that multiple solutions exist for action potential generation, and leads to discussion of the evolution of ion channels and excitability.",Chara; action potential; evolution; excitability,,Journal Article
23493254,PMC3592584,,1,1,A18-22,Exploring neurogenesis in crustaceans.,2002-10-15,"Plasticity, learning and memory, and neurological disease are exciting topics for students. Discussion around these subjects often results in the consideration of the role of neurogenesis in development, or its involvement in a potential cure for some diseases. We have therefore designed a lab that allows students to experimentally examine how the rate of neurogenesis can be altered by environmental factors. Neuronal cell division in crayfish is identified with fluorescently-labeled BrdU and quantified using conventional or confocal microscopy. Recent studies indicate a conservation of mechanisms that control neurogenesis from insects and crustaceans to mammals. Yet the use of invertebrate models such as crayfish or lobsters has advantages over mammalian models. Invertebrate nervous systems have a simpler organization and larger, identifiable neurons - qualities that make such preparations easier for students to manage. This lab offers many opportunities for student designed experiments and discovery-oriented learning by exploring factors that regulate neurogenesis such as environment, hormones and light. This article illustrates our first experience with the lab, using an experiment designed by our students. We include ideas for expansion of this model and suggestions for avoiding potential pitfalls. It is written in the form of a scientific paper, reporting on a single student experiment, to aid as a teaching tool for future classes.",BrdU; bromodeoxyuridine; crustacean; neurogenesis; neuroscience,,Journal Article
23493171,PMC3592583,,1,1,A4-A17,And the winner is: inviting hollywood into the neuroscience classroom.,2002-10-15,"Both short excerpts from, and full-length presentation of feature films have been used with success in undergraduate instruction. Studies of such use of films has revealed that incorporation of film viewing within courses can promote both content mastery and the development of critical thinking skills. This article discusses and provides examples of successful use of two methods that may be used to incorporate a variety of full-length feature films into neuroscience instruction. One, the ""neuro-cinema"" pairs the presentation of a film featuring extensive neuroscience content with primary literature reading assignments, group discussion and writing exercises. The second, a neuroscience film series, features group discussion of movies of perhaps more limited relevance to neuroscience. An additional goal of this article is provide the reader with initial resources for the selection of potential film titles for use in neuroscience education. Three extensive tables are included to provide a wide range of title suggestions appropriate for use in activities such as the neuro-cinema, the neuroscience film series, or for more limited use as short ""clips"" in classroom instruction.",Motion Pictures; films; movies; neuroscience education; teaching methods,,Journal Article
